======================================================================
ML EXPERIMENT DETAILED REPORT
======================================================================

RO ALGORITHMS SUMMARY TABLE
----------------------------------------
| Algorithm                | Best Val Loss | # Func Evals | Wall Time |
|--------------------------|---------|-------|-----------|
| Randomized Hill Climbing |  9.3483 |  4193 |  9011.53s |
| Simulated Annealing      |  9.3483 |   252 |   539.50s |
| Genetic Algorithm        | 16.4985 | 10000 | 21666.99s |


KEY METRICS
----------------------------------------
Restart 1 Best Loss: 9.348275891056767
Restart 2 Best Loss: 11.628856063519835
Restart 3 Best Loss: 11.203385489327568
Restart 4 Best Loss: 13.268611312543273
Restart 5 Best Loss: 15.18252016501452

SYSTEM INFORMATION
------------------------------
Platform: win32
Python Version: 3.12.10
CPU Cores: 16
Total Memory: 15.77 GB
Process ID: 176944

EXPERIMENT CONFIGURATION
----------------------------------------
Dataset: accidents
Target: Duration_Seconds
Method: regression
Subsample: 0.8
DATA ANALYSIS
------------------------------
Initial Rows: 965,860
Rows After Cleaning: 965,860
Training Set: 579516 samples x 28 features
Validation Set: 193172 samples x 28 features
Test Set: 193172 samples x 28 features
Memory Before Cleaning: Used cashed memory
Memory After Cleaning: 217.3833465576172 MB
Memory Reduction: 0.0%

DETAILED STEP ANALYSIS
------------------------------
1. LOAD DATA
   Status: SUCCESS
   Timestamp: 2025-10-14T10:54:29.800511
   Duration: 0.4789 seconds
   Memory Change: +327.00 MB
   Peak Memory: 482.51 MB
   Performance: Fast
   Step Details:
     Used Cached Df: True
     Used Cached Df: True
     N Loaded Rows: 965860
     N Loaded Rows: 965860
     N Cleaned Rows: 965860
     N Cleaned Rows: 965860
     Train Shape: 579516 samples x 28 features
     Validation Shape: 193172 samples x 28 features
     Test Shape: 193172 samples x 28 features
     Split Pct:
       train: 0
       val: 0
       test: 0
     Memory Before Clean: Used cashed memory
     Memory After Clean: 217.3833465576172 MB
     Memory Reduction: 0.0%
     Restart 1 Best Loss: 9.3483
     Restart 1 Evals: 3187
     Restart 1 Evals: 3187
     Restart 2 Best Loss: 11.6289
     Restart 2 Evals: 250
     Restart 2 Evals: 250
     Restart 3 Best Loss: 11.2034
     Restart 3 Evals: 250
     Restart 3 Evals: 250
     Restart 4 Best Loss: 13.2686
     Restart 4 Evals: 250
     Restart 4 Evals: 250
     Restart 5 Best Loss: 15.1825
     Restart 5 Evals: 250
     Restart 5 Evals: 250

2. RANDOMIZED HILL CLIMBING
   Status: SUCCESS
   Timestamp: 2025-10-14T13:24:41.465482
   Duration: 9008.4772 seconds
   Memory Change: -10.08 MB
   Peak Memory: 443.41 MB
   Performance: Slow
   Step Details:
     Parameters: 40449
     Parameters: 40449
     Restarts: 5
     Restarts: 5
     Max Evals: 10000
     Max Evals: 10000
     Initial Perturb Scale: 0.1000
     Decay Rate: 0.9950
     Plateau Threshold: 250
     Plateau Threshold: 250
     Min Delta: 0.0000
     Initial Loss: 70.7413
     Best Loss: 9.3483
     Evals: 4193
     Evals: 4193
     Wall Clock Time: 9,011.5261
     History: 4193 items
     Restart Losses: 5 items
     Learning Curve Points:
       algo: rhc
       evals: [1, 2, 3, 4, 5, 6, 7, 8, 9, 10, 11, 12, 13, 14, 15, 16, 17, 18, 19, 20, 21, 22, 23, 24, 25, 26, 27, 28, 29, 30, 31, 32, 33, 34, 35, 36, 37, 38, 39, 40, 41, 42, 43, 44, 45, 46, 47, 48, 49, 50, 51, 52, 53, 54, 55, 56, 57, 58, 59, 60, 61, 62, 63, 64, 65, 66, 67, 68, 69, 70, 71, 72, 73, 74, 75, 76, 77, 78, 79, 80, 81, 82, 83, 84, 85, 86, 87, 88, 89, 90, 91, 92, 93, 94, 95, 96, 97, 98, 99, 100, 101, 102, 103, 104, 105, 106, 107, 108, 109, 110, 111, 112, 113, 114, 115, 116, 117, 118, 119, 120, 121, 122, 123, 124, 125, 126, 127, 128, 129, 130, 131, 132, 133, 134, 135, 136, 137, 138, 139, 140, 141, 142, 143, 144, 145, 146, 147, 148, 149, 150, 151, 152, 153, 154, 155, 156, 157, 158, 159, 160, 161, 162, 163, 164, 165, 166, 167, 168, 169, 170, 171, 172, 173, 174, 175, 176, 177, 178, 179, 180, 181, 182, 183, 184, 185, 186, 187, 188, 189, 190, 191, 192, 193, 194, 195, 196, 197, 198, 199, 200, 201, 202, 203, 204, 205, 206, 207, 208, 209, 210, 211, 212, 213, 214, 215, 216, 217, 218, 219, 220, 221, 222, 223, 224, 225, 226, 227, 228, 229, 230, 231, 232, 233, 234, 235, 236, 237, 238, 239, 240, 241, 242, 243, 244, 245, 246, 247, 248, 249, 250, 251, 252, 253, 254, 255, 256, 257, 258, 259, 260, 261, 262, 263, 264, 265, 266, 267, 268, 269, 270, 271, 272, 273, 274, 275, 276, 277, 278, 279, 280, 281, 282, 283, 284, 285, 286, 287, 288, 289, 290, 291, 292, 293, 294, 295, 296, 297, 298, 299, 300, 301, 302, 303, 304, 305, 306, 307, 308, 309, 310, 311, 312, 313, 314, 315, 316, 317, 318, 319, 320, 321, 322, 323, 324, 325, 326, 327, 328, 329, 330, 331, 332, 333, 334, 335, 336, 337, 338, 339, 340, 341, 342, 343, 344, 345, 346, 347, 348, 349, 350, 351, 352, 353, 354, 355, 356, 357, 358, 359, 360, 361, 362, 363, 364, 365, 366, 367, 368, 369, 370, 371, 372, 373, 374, 375, 376, 377, 378, 379, 380, 381, 382, 383, 384, 385, 386, 387, 388, 389, 390, 391, 392, 393, 394, 395, 396, 397, 398, 399, 400, 401, 402, 403, 404, 405, 406, 407, 408, 409, 410, 411, 412, 413, 414, 415, 416, 417, 418, 419, 420, 421, 422, 423, 424, 425, 426, 427, 428, 429, 430, 431, 432, 433, 434, 435, 436, 437, 438, 439, 440, 441, 442, 443, 444, 445, 446, 447, 448, 449, 450, 451, 452, 453, 454, 455, 456, 457, 458, 459, 460, 461, 462, 463, 464, 465, 466, 467, 468, 469, 470, 471, 472, 473, 474, 475, 476, 477, 478, 479, 480, 481, 482, 483, 484, 485, 486, 487, 488, 489, 490, 491, 492, 493, 494, 495, 496, 497, 498, 499, 500, 501, 502, 503, 504, 505, 506, 507, 508, 509, 510, 511, 512, 513, 514, 515, 516, 517, 518, 519, 520, 521, 522, 523, 524, 525, 526, 527, 528, 529, 530, 531, 532, 533, 534, 535, 536, 537, 538, 539, 540, 541, 542, 543, 544, 545, 546, 547, 548, 549, 550, 551, 552, 553, 554, 555, 556, 557, 558, 559, 560, 561, 562, 563, 564, 565, 566, 567, 568, 569, 570, 571, 572, 573, 574, 575, 576, 577, 578, 579, 580, 581, 582, 583, 584, 585, 586, 587, 588, 589, 590, 591, 592, 593, 594, 595, 596, 597, 598, 599, 600, 601, 602, 603, 604, 605, 606, 607, 608, 609, 610, 611, 612, 613, 614, 615, 616, 617, 618, 619, 620, 621, 622, 623, 624, 625, 626, 627, 628, 629, 630, 631, 632, 633, 634, 635, 636, 637, 638, 639, 640, 641, 642, 643, 644, 645, 646, 647, 648, 649, 650, 651, 652, 653, 654, 655, 656, 657, 658, 659, 660, 661, 662, 663, 664, 665, 666, 667, 668, 669, 670, 671, 672, 673, 674, 675, 676, 677, 678, 679, 680, 681, 682, 683, 684, 685, 686, 687, 688, 689, 690, 691, 692, 693, 694, 695, 696, 697, 698, 699, 700, 701, 702, 703, 704, 705, 706, 707, 708, 709, 710, 711, 712, 713, 714, 715, 716, 717, 718, 719, 720, 721, 722, 723, 724, 725, 726, 727, 728, 729, 730, 731, 732, 733, 734, 735, 736, 737, 738, 739, 740, 741, 742, 743, 744, 745, 746, 747, 748, 749, 750, 751, 752, 753, 754, 755, 756, 757, 758, 759, 760, 761, 762, 763, 764, 765, 766, 767, 768, 769, 770, 771, 772, 773, 774, 775, 776, 777, 778, 779, 780, 781, 782, 783, 784, 785, 786, 787, 788, 789, 790, 791, 792, 793, 794, 795, 796, 797, 798, 799, 800, 801, 802, 803, 804, 805, 806, 807, 808, 809, 810, 811, 812, 813, 814, 815, 816, 817, 818, 819, 820, 821, 822, 823, 824, 825, 826, 827, 828, 829, 830, 831, 832, 833, 834, 835, 836, 837, 838, 839, 840, 841, 842, 843, 844, 845, 846, 847, 848, 849, 850, 851, 852, 853, 854, 855, 856, 857, 858, 859, 860, 861, 862, 863, 864, 865, 866, 867, 868, 869, 870, 871, 872, 873, 874, 875, 876, 877, 878, 879, 880, 881, 882, 883, 884, 885, 886, 887, 888, 889, 890, 891, 892, 893, 894, 895, 896, 897, 898, 899, 900, 901, 902, 903, 904, 905, 906, 907, 908, 909, 910, 911, 912, 913, 914, 915, 916, 917, 918, 919, 920, 921, 922, 923, 924, 925, 926, 927, 928, 929, 930, 931, 932, 933, 934, 935, 936, 937, 938, 939, 940, 941, 942, 943, 944, 945, 946, 947, 948, 949, 950, 951, 952, 953, 954, 955, 956, 957, 958, 959, 960, 961, 962, 963, 964, 965, 966, 967, 968, 969, 970, 971, 972, 973, 974, 975, 976, 977, 978, 979, 980, 981, 982, 983, 984, 985, 986, 987, 988, 989, 990, 991, 992, 993, 994, 995, 996, 997, 998, 999, 1000, 1001, 1002, 1003, 1004, 1005, 1006, 1007, 1008, 1009, 1010, 1011, 1012, 1013, 1014, 1015, 1016, 1017, 1018, 1019, 1020, 1021, 1022, 1023, 1024, 1025, 1026, 1027, 1028, 1029, 1030, 1031, 1032, 1033, 1034, 1035, 1036, 1037, 1038, 1039, 1040, 1041, 1042, 1043, 1044, 1045, 1046, 1047, 1048, 1049, 1050, 1051, 1052, 1053, 1054, 1055, 1056, 1057, 1058, 1059, 1060, 1061, 1062, 1063, 1064, 1065, 1066, 1067, 1068, 1069, 1070, 1071, 1072, 1073, 1074, 1075, 1076, 1077, 1078, 1079, 1080, 1081, 1082, 1083, 1084, 1085, 1086, 1087, 1088, 1089, 1090, 1091, 1092, 1093, 1094, 1095, 1096, 1097, 1098, 1099, 1100, 1101, 1102, 1103, 1104, 1105, 1106, 1107, 1108, 1109, 1110, 1111, 1112, 1113, 1114, 1115, 1116, 1117, 1118, 1119, 1120, 1121, 1122, 1123, 1124, 1125, 1126, 1127, 1128, 1129, 1130, 1131, 1132, 1133, 1134, 1135, 1136, 1137, 1138, 1139, 1140, 1141, 1142, 1143, 1144, 1145, 1146, 1147, 1148, 1149, 1150, 1151, 1152, 1153, 1154, 1155, 1156, 1157, 1158, 1159, 1160, 1161, 1162, 1163, 1164, 1165, 1166, 1167, 1168, 1169, 1170, 1171, 1172, 1173, 1174, 1175, 1176, 1177, 1178, 1179, 1180, 1181, 1182, 1183, 1184, 1185, 1186, 1187, 1188, 1189, 1190, 1191, 1192, 1193, 1194, 1195, 1196, 1197, 1198, 1199, 1200, 1201, 1202, 1203, 1204, 1205, 1206, 1207, 1208, 1209, 1210, 1211, 1212, 1213, 1214, 1215, 1216, 1217, 1218, 1219, 1220, 1221, 1222, 1223, 1224, 1225, 1226, 1227, 1228, 1229, 1230, 1231, 1232, 1233, 1234, 1235, 1236, 1237, 1238, 1239, 1240, 1241, 1242, 1243, 1244, 1245, 1246, 1247, 1248, 1249, 1250, 1251, 1252, 1253, 1254, 1255, 1256, 1257, 1258, 1259, 1260, 1261, 1262, 1263, 1264, 1265, 1266, 1267, 1268, 1269, 1270, 1271, 1272, 1273, 1274, 1275, 1276, 1277, 1278, 1279, 1280, 1281, 1282, 1283, 1284, 1285, 1286, 1287, 1288, 1289, 1290, 1291, 1292, 1293, 1294, 1295, 1296, 1297, 1298, 1299, 1300, 1301, 1302, 1303, 1304, 1305, 1306, 1307, 1308, 1309, 1310, 1311, 1312, 1313, 1314, 1315, 1316, 1317, 1318, 1319, 1320, 1321, 1322, 1323, 1324, 1325, 1326, 1327, 1328, 1329, 1330, 1331, 1332, 1333, 1334, 1335, 1336, 1337, 1338, 1339, 1340, 1341, 1342, 1343, 1344, 1345, 1346, 1347, 1348, 1349, 1350, 1351, 1352, 1353, 1354, 1355, 1356, 1357, 1358, 1359, 1360, 1361, 1362, 1363, 1364, 1365, 1366, 1367, 1368, 1369, 1370, 1371, 1372, 1373, 1374, 1375, 1376, 1377, 1378, 1379, 1380, 1381, 1382, 1383, 1384, 1385, 1386, 1387, 1388, 1389, 1390, 1391, 1392, 1393, 1394, 1395, 1396, 1397, 1398, 1399, 1400, 1401, 1402, 1403, 1404, 1405, 1406, 1407, 1408, 1409, 1410, 1411, 1412, 1413, 1414, 1415, 1416, 1417, 1418, 1419, 1420, 1421, 1422, 1423, 1424, 1425, 1426, 1427, 1428, 1429, 1430, 1431, 1432, 1433, 1434, 1435, 1436, 1437, 1438, 1439, 1440, 1441, 1442, 1443, 1444, 1445, 1446, 1447, 1448, 1449, 1450, 1451, 1452, 1453, 1454, 1455, 1456, 1457, 1458, 1459, 1460, 1461, 1462, 1463, 1464, 1465, 1466, 1467, 1468, 1469, 1470, 1471, 1472, 1473, 1474, 1475, 1476, 1477, 1478, 1479, 1480, 1481, 1482, 1483, 1484, 1485, 1486, 1487, 1488, 1489, 1490, 1491, 1492, 1493, 1494, 1495, 1496, 1497, 1498, 1499, 1500, 1501, 1502, 1503, 1504, 1505, 1506, 1507, 1508, 1509, 1510, 1511, 1512, 1513, 1514, 1515, 1516, 1517, 1518, 1519, 1520, 1521, 1522, 1523, 1524, 1525, 1526, 1527, 1528, 1529, 1530, 1531, 1532, 1533, 1534, 1535, 1536, 1537, 1538, 1539, 1540, 1541, 1542, 1543, 1544, 1545, 1546, 1547, 1548, 1549, 1550, 1551, 1552, 1553, 1554, 1555, 1556, 1557, 1558, 1559, 1560, 1561, 1562, 1563, 1564, 1565, 1566, 1567, 1568, 1569, 1570, 1571, 1572, 1573, 1574, 1575, 1576, 1577, 1578, 1579, 1580, 1581, 1582, 1583, 1584, 1585, 1586, 1587, 1588, 1589, 1590, 1591, 1592, 1593, 1594, 1595, 1596, 1597, 1598, 1599, 1600, 1601, 1602, 1603, 1604, 1605, 1606, 1607, 1608, 1609, 1610, 1611, 1612, 1613, 1614, 1615, 1616, 1617, 1618, 1619, 1620, 1621, 1622, 1623, 1624, 1625, 1626, 1627, 1628, 1629, 1630, 1631, 1632, 1633, 1634, 1635, 1636, 1637, 1638, 1639, 1640, 1641, 1642, 1643, 1644, 1645, 1646, 1647, 1648, 1649, 1650, 1651, 1652, 1653, 1654, 1655, 1656, 1657, 1658, 1659, 1660, 1661, 1662, 1663, 1664, 1665, 1666, 1667, 1668, 1669, 1670, 1671, 1672, 1673, 1674, 1675, 1676, 1677, 1678, 1679, 1680, 1681, 1682, 1683, 1684, 1685, 1686, 1687, 1688, 1689, 1690, 1691, 1692, 1693, 1694, 1695, 1696, 1697, 1698, 1699, 1700, 1701, 1702, 1703, 1704, 1705, 1706, 1707, 1708, 1709, 1710, 1711, 1712, 1713, 1714, 1715, 1716, 1717, 1718, 1719, 1720, 1721, 1722, 1723, 1724, 1725, 1726, 1727, 1728, 1729, 1730, 1731, 1732, 1733, 1734, 1735, 1736, 1737, 1738, 1739, 1740, 1741, 1742, 1743, 1744, 1745, 1746, 1747, 1748, 1749, 1750, 1751, 1752, 1753, 1754, 1755, 1756, 1757, 1758, 1759, 1760, 1761, 1762, 1763, 1764, 1765, 1766, 1767, 1768, 1769, 1770, 1771, 1772, 1773, 1774, 1775, 1776, 1777, 1778, 1779, 1780, 1781, 1782, 1783, 1784, 1785, 1786, 1787, 1788, 1789, 1790, 1791, 1792, 1793, 1794, 1795, 1796, 1797, 1798, 1799, 1800, 1801, 1802, 1803, 1804, 1805, 1806, 1807, 1808, 1809, 1810, 1811, 1812, 1813, 1814, 1815, 1816, 1817, 1818, 1819, 1820, 1821, 1822, 1823, 1824, 1825, 1826, 1827, 1828, 1829, 1830, 1831, 1832, 1833, 1834, 1835, 1836, 1837, 1838, 1839, 1840, 1841, 1842, 1843, 1844, 1845, 1846, 1847, 1848, 1849, 1850, 1851, 1852, 1853, 1854, 1855, 1856, 1857, 1858, 1859, 1860, 1861, 1862, 1863, 1864, 1865, 1866, 1867, 1868, 1869, 1870, 1871, 1872, 1873, 1874, 1875, 1876, 1877, 1878, 1879, 1880, 1881, 1882, 1883, 1884, 1885, 1886, 1887, 1888, 1889, 1890, 1891, 1892, 1893, 1894, 1895, 1896, 1897, 1898, 1899, 1900, 1901, 1902, 1903, 1904, 1905, 1906, 1907, 1908, 1909, 1910, 1911, 1912, 1913, 1914, 1915, 1916, 1917, 1918, 1919, 1920, 1921, 1922, 1923, 1924, 1925, 1926, 1927, 1928, 1929, 1930, 1931, 1932, 1933, 1934, 1935, 1936, 1937, 1938, 1939, 1940, 1941, 1942, 1943, 1944, 1945, 1946, 1947, 1948, 1949, 1950, 1951, 1952, 1953, 1954, 1955, 1956, 1957, 1958, 1959, 1960, 1961, 1962, 1963, 1964, 1965, 1966, 1967, 1968, 1969, 1970, 1971, 1972, 1973, 1974, 1975, 1976, 1977, 1978, 1979, 1980, 1981, 1982, 1983, 1984, 1985, 1986, 1987, 1988, 1989, 1990, 1991, 1992, 1993, 1994, 1995, 1996, 1997, 1998, 1999, 2000, 2001, 2002, 2003, 2004, 2005, 2006, 2007, 2008, 2009, 2010, 2011, 2012, 2013, 2014, 2015, 2016, 2017, 2018, 2019, 2020, 2021, 2022, 2023, 2024, 2025, 2026, 2027, 2028, 2029, 2030, 2031, 2032, 2033, 2034, 2035, 2036, 2037, 2038, 2039, 2040, 2041, 2042, 2043, 2044, 2045, 2046, 2047, 2048, 2049, 2050, 2051, 2052, 2053, 2054, 2055, 2056, 2057, 2058, 2059, 2060, 2061, 2062, 2063, 2064, 2065, 2066, 2067, 2068, 2069, 2070, 2071, 2072, 2073, 2074, 2075, 2076, 2077, 2078, 2079, 2080, 2081, 2082, 2083, 2084, 2085, 2086, 2087, 2088, 2089, 2090, 2091, 2092, 2093, 2094, 2095, 2096, 2097, 2098, 2099, 2100, 2101, 2102, 2103, 2104, 2105, 2106, 2107, 2108, 2109, 2110, 2111, 2112, 2113, 2114, 2115, 2116, 2117, 2118, 2119, 2120, 2121, 2122, 2123, 2124, 2125, 2126, 2127, 2128, 2129, 2130, 2131, 2132, 2133, 2134, 2135, 2136, 2137, 2138, 2139, 2140, 2141, 2142, 2143, 2144, 2145, 2146, 2147, 2148, 2149, 2150, 2151, 2152, 2153, 2154, 2155, 2156, 2157, 2158, 2159, 2160, 2161, 2162, 2163, 2164, 2165, 2166, 2167, 2168, 2169, 2170, 2171, 2172, 2173, 2174, 2175, 2176, 2177, 2178, 2179, 2180, 2181, 2182, 2183, 2184, 2185, 2186, 2187, 2188, 2189, 2190, 2191, 2192, 2193, 2194, 2195, 2196, 2197, 2198, 2199, 2200, 2201, 2202, 2203, 2204, 2205, 2206, 2207, 2208, 2209, 2210, 2211, 2212, 2213, 2214, 2215, 2216, 2217, 2218, 2219, 2220, 2221, 2222, 2223, 2224, 2225, 2226, 2227, 2228, 2229, 2230, 2231, 2232, 2233, 2234, 2235, 2236, 2237, 2238, 2239, 2240, 2241, 2242, 2243, 2244, 2245, 2246, 2247, 2248, 2249, 2250, 2251, 2252, 2253, 2254, 2255, 2256, 2257, 2258, 2259, 2260, 2261, 2262, 2263, 2264, 2265, 2266, 2267, 2268, 2269, 2270, 2271, 2272, 2273, 2274, 2275, 2276, 2277, 2278, 2279, 2280, 2281, 2282, 2283, 2284, 2285, 2286, 2287, 2288, 2289, 2290, 2291, 2292, 2293, 2294, 2295, 2296, 2297, 2298, 2299, 2300, 2301, 2302, 2303, 2304, 2305, 2306, 2307, 2308, 2309, 2310, 2311, 2312, 2313, 2314, 2315, 2316, 2317, 2318, 2319, 2320, 2321, 2322, 2323, 2324, 2325, 2326, 2327, 2328, 2329, 2330, 2331, 2332, 2333, 2334, 2335, 2336, 2337, 2338, 2339, 2340, 2341, 2342, 2343, 2344, 2345, 2346, 2347, 2348, 2349, 2350, 2351, 2352, 2353, 2354, 2355, 2356, 2357, 2358, 2359, 2360, 2361, 2362, 2363, 2364, 2365, 2366, 2367, 2368, 2369, 2370, 2371, 2372, 2373, 2374, 2375, 2376, 2377, 2378, 2379, 2380, 2381, 2382, 2383, 2384, 2385, 2386, 2387, 2388, 2389, 2390, 2391, 2392, 2393, 2394, 2395, 2396, 2397, 2398, 2399, 2400, 2401, 2402, 2403, 2404, 2405, 2406, 2407, 2408, 2409, 2410, 2411, 2412, 2413, 2414, 2415, 2416, 2417, 2418, 2419, 2420, 2421, 2422, 2423, 2424, 2425, 2426, 2427, 2428, 2429, 2430, 2431, 2432, 2433, 2434, 2435, 2436, 2437, 2438, 2439, 2440, 2441, 2442, 2443, 2444, 2445, 2446, 2447, 2448, 2449, 2450, 2451, 2452, 2453, 2454, 2455, 2456, 2457, 2458, 2459, 2460, 2461, 2462, 2463, 2464, 2465, 2466, 2467, 2468, 2469, 2470, 2471, 2472, 2473, 2474, 2475, 2476, 2477, 2478, 2479, 2480, 2481, 2482, 2483, 2484, 2485, 2486, 2487, 2488, 2489, 2490, 2491, 2492, 2493, 2494, 2495, 2496, 2497, 2498, 2499, 2500, 2501, 2502, 2503, 2504, 2505, 2506, 2507, 2508, 2509, 2510, 2511, 2512, 2513, 2514, 2515, 2516, 2517, 2518, 2519, 2520, 2521, 2522, 2523, 2524, 2525, 2526, 2527, 2528, 2529, 2530, 2531, 2532, 2533, 2534, 2535, 2536, 2537, 2538, 2539, 2540, 2541, 2542, 2543, 2544, 2545, 2546, 2547, 2548, 2549, 2550, 2551, 2552, 2553, 2554, 2555, 2556, 2557, 2558, 2559, 2560, 2561, 2562, 2563, 2564, 2565, 2566, 2567, 2568, 2569, 2570, 2571, 2572, 2573, 2574, 2575, 2576, 2577, 2578, 2579, 2580, 2581, 2582, 2583, 2584, 2585, 2586, 2587, 2588, 2589, 2590, 2591, 2592, 2593, 2594, 2595, 2596, 2597, 2598, 2599, 2600, 2601, 2602, 2603, 2604, 2605, 2606, 2607, 2608, 2609, 2610, 2611, 2612, 2613, 2614, 2615, 2616, 2617, 2618, 2619, 2620, 2621, 2622, 2623, 2624, 2625, 2626, 2627, 2628, 2629, 2630, 2631, 2632, 2633, 2634, 2635, 2636, 2637, 2638, 2639, 2640, 2641, 2642, 2643, 2644, 2645, 2646, 2647, 2648, 2649, 2650, 2651, 2652, 2653, 2654, 2655, 2656, 2657, 2658, 2659, 2660, 2661, 2662, 2663, 2664, 2665, 2666, 2667, 2668, 2669, 2670, 2671, 2672, 2673, 2674, 2675, 2676, 2677, 2678, 2679, 2680, 2681, 2682, 2683, 2684, 2685, 2686, 2687, 2688, 2689, 2690, 2691, 2692, 2693, 2694, 2695, 2696, 2697, 2698, 2699, 2700, 2701, 2702, 2703, 2704, 2705, 2706, 2707, 2708, 2709, 2710, 2711, 2712, 2713, 2714, 2715, 2716, 2717, 2718, 2719, 2720, 2721, 2722, 2723, 2724, 2725, 2726, 2727, 2728, 2729, 2730, 2731, 2732, 2733, 2734, 2735, 2736, 2737, 2738, 2739, 2740, 2741, 2742, 2743, 2744, 2745, 2746, 2747, 2748, 2749, 2750, 2751, 2752, 2753, 2754, 2755, 2756, 2757, 2758, 2759, 2760, 2761, 2762, 2763, 2764, 2765, 2766, 2767, 2768, 2769, 2770, 2771, 2772, 2773, 2774, 2775, 2776, 2777, 2778, 2779, 2780, 2781, 2782, 2783, 2784, 2785, 2786, 2787, 2788, 2789, 2790, 2791, 2792, 2793, 2794, 2795, 2796, 2797, 2798, 2799, 2800, 2801, 2802, 2803, 2804, 2805, 2806, 2807, 2808, 2809, 2810, 2811, 2812, 2813, 2814, 2815, 2816, 2817, 2818, 2819, 2820, 2821, 2822, 2823, 2824, 2825, 2826, 2827, 2828, 2829, 2830, 2831, 2832, 2833, 2834, 2835, 2836, 2837, 2838, 2839, 2840, 2841, 2842, 2843, 2844, 2845, 2846, 2847, 2848, 2849, 2850, 2851, 2852, 2853, 2854, 2855, 2856, 2857, 2858, 2859, 2860, 2861, 2862, 2863, 2864, 2865, 2866, 2867, 2868, 2869, 2870, 2871, 2872, 2873, 2874, 2875, 2876, 2877, 2878, 2879, 2880, 2881, 2882, 2883, 2884, 2885, 2886, 2887, 2888, 2889, 2890, 2891, 2892, 2893, 2894, 2895, 2896, 2897, 2898, 2899, 2900, 2901, 2902, 2903, 2904, 2905, 2906, 2907, 2908, 2909, 2910, 2911, 2912, 2913, 2914, 2915, 2916, 2917, 2918, 2919, 2920, 2921, 2922, 2923, 2924, 2925, 2926, 2927, 2928, 2929, 2930, 2931, 2932, 2933, 2934, 2935, 2936, 2937, 2938, 2939, 2940, 2941, 2942, 2943, 2944, 2945, 2946, 2947, 2948, 2949, 2950, 2951, 2952, 2953, 2954, 2955, 2956, 2957, 2958, 2959, 2960, 2961, 2962, 2963, 2964, 2965, 2966, 2967, 2968, 2969, 2970, 2971, 2972, 2973, 2974, 2975, 2976, 2977, 2978, 2979, 2980, 2981, 2982, 2983, 2984, 2985, 2986, 2987, 2988, 2989, 2990, 2991, 2992, 2993, 2994, 2995, 2996, 2997, 2998, 2999, 3000, 3001, 3002, 3003, 3004, 3005, 3006, 3007, 3008, 3009, 3010, 3011, 3012, 3013, 3014, 3015, 3016, 3017, 3018, 3019, 3020, 3021, 3022, 3023, 3024, 3025, 3026, 3027, 3028, 3029, 3030, 3031, 3032, 3033, 3034, 3035, 3036, 3037, 3038, 3039, 3040, 3041, 3042, 3043, 3044, 3045, 3046, 3047, 3048, 3049, 3050, 3051, 3052, 3053, 3054, 3055, 3056, 3057, 3058, 3059, 3060, 3061, 3062, 3063, 3064, 3065, 3066, 3067, 3068, 3069, 3070, 3071, 3072, 3073, 3074, 3075, 3076, 3077, 3078, 3079, 3080, 3081, 3082, 3083, 3084, 3085, 3086, 3087, 3088, 3089, 3090, 3091, 3092, 3093, 3094, 3095, 3096, 3097, 3098, 3099, 3100, 3101, 3102, 3103, 3104, 3105, 3106, 3107, 3108, 3109, 3110, 3111, 3112, 3113, 3114, 3115, 3116, 3117, 3118, 3119, 3120, 3121, 3122, 3123, 3124, 3125, 3126, 3127, 3128, 3129, 3130, 3131, 3132, 3133, 3134, 3135, 3136, 3137, 3138, 3139, 3140, 3141, 3142, 3143, 3144, 3145, 3146, 3147, 3148, 3149, 3150, 3151, 3152, 3153, 3154, 3155, 3156, 3157, 3158, 3159, 3160, 3161, 3162, 3163, 3164, 3165, 3166, 3167, 3168, 3169, 3170, 3171, 3172, 3173, 3174, 3175, 3176, 3177, 3178, 3179, 3180, 3181, 3182, 3183, 3184, 3185, 3186, 3187, 3188, 3189, 3190, 3191, 3192, 3193, 3194, 3195, 3196, 3197, 3198, 3199, 3200, 3201, 3202, 3203, 3204, 3205, 3206, 3207, 3208, 3209, 3210, 3211, 3212, 3213, 3214, 3215, 3216, 3217, 3218, 3219, 3220, 3221, 3222, 3223, 3224, 3225, 3226, 3227, 3228, 3229, 3230, 3231, 3232, 3233, 3234, 3235, 3236, 3237, 3238, 3239, 3240, 3241, 3242, 3243, 3244, 3245, 3246, 3247, 3248, 3249, 3250, 3251, 3252, 3253, 3254, 3255, 3256, 3257, 3258, 3259, 3260, 3261, 3262, 3263, 3264, 3265, 3266, 3267, 3268, 3269, 3270, 3271, 3272, 3273, 3274, 3275, 3276, 3277, 3278, 3279, 3280, 3281, 3282, 3283, 3284, 3285, 3286, 3287, 3288, 3289, 3290, 3291, 3292, 3293, 3294, 3295, 3296, 3297, 3298, 3299, 3300, 3301, 3302, 3303, 3304, 3305, 3306, 3307, 3308, 3309, 3310, 3311, 3312, 3313, 3314, 3315, 3316, 3317, 3318, 3319, 3320, 3321, 3322, 3323, 3324, 3325, 3326, 3327, 3328, 3329, 3330, 3331, 3332, 3333, 3334, 3335, 3336, 3337, 3338, 3339, 3340, 3341, 3342, 3343, 3344, 3345, 3346, 3347, 3348, 3349, 3350, 3351, 3352, 3353, 3354, 3355, 3356, 3357, 3358, 3359, 3360, 3361, 3362, 3363, 3364, 3365, 3366, 3367, 3368, 3369, 3370, 3371, 3372, 3373, 3374, 3375, 3376, 3377, 3378, 3379, 3380, 3381, 3382, 3383, 3384, 3385, 3386, 3387, 3388, 3389, 3390, 3391, 3392, 3393, 3394, 3395, 3396, 3397, 3398, 3399, 3400, 3401, 3402, 3403, 3404, 3405, 3406, 3407, 3408, 3409, 3410, 3411, 3412, 3413, 3414, 3415, 3416, 3417, 3418, 3419, 3420, 3421, 3422, 3423, 3424, 3425, 3426, 3427, 3428, 3429, 3430, 3431, 3432, 3433, 3434, 3435, 3436, 3437, 3438, 3439, 3440, 3441, 3442, 3443, 3444, 3445, 3446, 3447, 3448, 3449, 3450, 3451, 3452, 3453, 3454, 3455, 3456, 3457, 3458, 3459, 3460, 3461, 3462, 3463, 3464, 3465, 3466, 3467, 3468, 3469, 3470, 3471, 3472, 3473, 3474, 3475, 3476, 3477, 3478, 3479, 3480, 3481, 3482, 3483, 3484, 3485, 3486, 3487, 3488, 3489, 3490, 3491, 3492, 3493, 3494, 3495, 3496, 3497, 3498, 3499, 3500, 3501, 3502, 3503, 3504, 3505, 3506, 3507, 3508, 3509, 3510, 3511, 3512, 3513, 3514, 3515, 3516, 3517, 3518, 3519, 3520, 3521, 3522, 3523, 3524, 3525, 3526, 3527, 3528, 3529, 3530, 3531, 3532, 3533, 3534, 3535, 3536, 3537, 3538, 3539, 3540, 3541, 3542, 3543, 3544, 3545, 3546, 3547, 3548, 3549, 3550, 3551, 3552, 3553, 3554, 3555, 3556, 3557, 3558, 3559, 3560, 3561, 3562, 3563, 3564, 3565, 3566, 3567, 3568, 3569, 3570, 3571, 3572, 3573, 3574, 3575, 3576, 3577, 3578, 3579, 3580, 3581, 3582, 3583, 3584, 3585, 3586, 3587, 3588, 3589, 3590, 3591, 3592, 3593, 3594, 3595, 3596, 3597, 3598, 3599, 3600, 3601, 3602, 3603, 3604, 3605, 3606, 3607, 3608, 3609, 3610, 3611, 3612, 3613, 3614, 3615, 3616, 3617, 3618, 3619, 3620, 3621, 3622, 3623, 3624, 3625, 3626, 3627, 3628, 3629, 3630, 3631, 3632, 3633, 3634, 3635, 3636, 3637, 3638, 3639, 3640, 3641, 3642, 3643, 3644, 3645, 3646, 3647, 3648, 3649, 3650, 3651, 3652, 3653, 3654, 3655, 3656, 3657, 3658, 3659, 3660, 3661, 3662, 3663, 3664, 3665, 3666, 3667, 3668, 3669, 3670, 3671, 3672, 3673, 3674, 3675, 3676, 3677, 3678, 3679, 3680, 3681, 3682, 3683, 3684, 3685, 3686, 3687, 3688, 3689, 3690, 3691, 3692, 3693, 3694, 3695, 3696, 3697, 3698, 3699, 3700, 3701, 3702, 3703, 3704, 3705, 3706, 3707, 3708, 3709, 3710, 3711, 3712, 3713, 3714, 3715, 3716, 3717, 3718, 3719, 3720, 3721, 3722, 3723, 3724, 3725, 3726, 3727, 3728, 3729, 3730, 3731, 3732, 3733, 3734, 3735, 3736, 3737, 3738, 3739, 3740, 3741, 3742, 3743, 3744, 3745, 3746, 3747, 3748, 3749, 3750, 3751, 3752, 3753, 3754, 3755, 3756, 3757, 3758, 3759, 3760, 3761, 3762, 3763, 3764, 3765, 3766, 3767, 3768, 3769, 3770, 3771, 3772, 3773, 3774, 3775, 3776, 3777, 3778, 3779, 3780, 3781, 3782, 3783, 3784, 3785, 3786, 3787, 3788, 3789, 3790, 3791, 3792, 3793, 3794, 3795, 3796, 3797, 3798, 3799, 3800, 3801, 3802, 3803, 3804, 3805, 3806, 3807, 3808, 3809, 3810, 3811, 3812, 3813, 3814, 3815, 3816, 3817, 3818, 3819, 3820, 3821, 3822, 3823, 3824, 3825, 3826, 3827, 3828, 3829, 3830, 3831, 3832, 3833, 3834, 3835, 3836, 3837, 3838, 3839, 3840, 3841, 3842, 3843, 3844, 3845, 3846, 3847, 3848, 3849, 3850, 3851, 3852, 3853, 3854, 3855, 3856, 3857, 3858, 3859, 3860, 3861, 3862, 3863, 3864, 3865, 3866, 3867, 3868, 3869, 3870, 3871, 3872, 3873, 3874, 3875, 3876, 3877, 3878, 3879, 3880, 3881, 3882, 3883, 3884, 3885, 3886, 3887, 3888, 3889, 3890, 3891, 3892, 3893, 3894, 3895, 3896, 3897, 3898, 3899, 3900, 3901, 3902, 3903, 3904, 3905, 3906, 3907, 3908, 3909, 3910, 3911, 3912, 3913, 3914, 3915, 3916, 3917, 3918, 3919, 3920, 3921, 3922, 3923, 3924, 3925, 3926, 3927, 3928, 3929, 3930, 3931, 3932, 3933, 3934, 3935, 3936, 3937, 3938, 3939, 3940, 3941, 3942, 3943, 3944, 3945, 3946, 3947, 3948, 3949, 3950, 3951, 3952, 3953, 3954, 3955, 3956, 3957, 3958, 3959, 3960, 3961, 3962, 3963, 3964, 3965, 3966, 3967, 3968, 3969, 3970, 3971, 3972, 3973, 3974, 3975, 3976, 3977, 3978, 3979, 3980, 3981, 3982, 3983, 3984, 3985, 3986, 3987, 3988, 3989, 3990, 3991, 3992, 3993, 3994, 3995, 3996, 3997, 3998, 3999, 4000, 4001, 4002, 4003, 4004, 4005, 4006, 4007, 4008, 4009, 4010, 4011, 4012, 4013, 4014, 4015, 4016, 4017, 4018, 4019, 4020, 4021, 4022, 4023, 4024, 4025, 4026, 4027, 4028, 4029, 4030, 4031, 4032, 4033, 4034, 4035, 4036, 4037, 4038, 4039, 4040, 4041, 4042, 4043, 4044, 4045, 4046, 4047, 4048, 4049, 4050, 4051, 4052, 4053, 4054, 4055, 4056, 4057, 4058, 4059, 4060, 4061, 4062, 4063, 4064, 4065, 4066, 4067, 4068, 4069, 4070, 4071, 4072, 4073, 4074, 4075, 4076, 4077, 4078, 4079, 4080, 4081, 4082, 4083, 4084, 4085, 4086, 4087, 4088, 4089, 4090, 4091, 4092, 4093, 4094, 4095, 4096, 4097, 4098, 4099, 4100, 4101, 4102, 4103, 4104, 4105, 4106, 4107, 4108, 4109, 4110, 4111, 4112, 4113, 4114, 4115, 4116, 4117, 4118, 4119, 4120, 4121, 4122, 4123, 4124, 4125, 4126, 4127, 4128, 4129, 4130, 4131, 4132, 4133, 4134, 4135, 4136, 4137, 4138, 4139, 4140, 4141, 4142, 4143, 4144, 4145, 4146, 4147, 4148, 4149, 4150, 4151, 4152, 4153, 4154, 4155, 4156, 4157, 4158, 4159, 4160, 4161, 4162, 4163, 4164, 4165, 4166, 4167, 4168, 4169, 4170, 4171, 4172, 4173, 4174, 4175, 4176, 4177, 4178, 4179, 4180, 4181, 4182, 4183, 4184, 4185, 4186, 4187, 4188, 4189, 4190, 4191, 4192, 4193]
       raw_losses: [70.74132323895813, 70.85389007083954, 64.9187477757691, 66.83273440567905, 66.84066760350787, 73.26730060072803, 72.48284201647239, 73.52405039469402, 62.33117994681868, 58.5836948414959, 75.50736918777385, 51.750387464250835, 44.320195193013184, 49.21749958664021, 86.65429748050751, 37.14756031137295, 49.74191189316846, 30.629777756948318, 32.184944183107405, 91.17364053877573, 76.72364637586806, 40.8624134971982, 76.40052950823748, 73.06123360124215, 60.55208801592469, 77.27104073983652, 45.03443252724945, 53.94571693864449, 50.60031731418832, 59.20638256981259, 69.15000784334052, 60.03457116828394, 37.70180356061017, 63.317477675342055, 37.52554535235047, 51.3405626690577, 58.16790482859132, 32.394706574697345, 105.98935869004991, 47.5970780307023, 48.39606116562293, 63.62523083964353, 55.55696511647058, 46.524984904697966, 48.312262499773944, 34.752467432980815, 38.39565253888488, 40.67920770594683, 128.9431113187598, 42.42366144896815, 42.22853649482525, 67.48356148048684, 62.715368220415066, 41.93214349898081, 39.875628698439826, 55.74709479518668, 51.94716670525768, 71.06787565523985, 37.83408897642105, 53.83413663995329, 35.227739253372114, 59.350440777168075, 74.16121047892898, 47.361760416989604, 81.6592155940949, 40.01317302764408, 36.99697182670472, 37.796602703276136, 30.514728899355287, 43.323643114200976, 63.06322814295532, 32.988179696300044, 53.340590683871476, 79.31848197008567, 49.97993973827867, 56.305406721811444, 72.14588074457077, 44.147348353471706, 41.19337846866991, 51.369700658889045, 38.7892661119895, 49.13268691774399, 37.90712041703482, 49.33399587964255, 58.53040788034913, 36.16791403230536, 31.640871724123677, 63.27776952269216, 65.69596233065167, 54.632988359562304, 41.01325842438551, 51.61942204470357, 35.022504312020764, 38.32790759253123, 24.982896401137904, 33.3131746060003, 32.58883431853441, 28.953123173385702, 47.56849660318365, 29.362361423552983, 28.796008599498286, 33.67801529011398, 38.63149726706207, 32.16370216248527, 34.82626462865759, 26.581050065459397, 44.39014860688063, 47.2146571729549, 32.54677807843244, 28.25140753246489, 46.433294265989275, 42.563232421875, 53.858163662057706, 31.285827626626958, 38.15055393037342, 52.86651803072167, 32.22796784254609, 39.91006324404762, 38.804272404423465, 35.24308897956969, 25.572007123755398, 38.595868529466095, 57.835745190817214, 26.1544552152119, 42.26119294746843, 26.821210851114262, 33.409154074532644, 29.64252115683581, 27.672227768670943, 44.183807736351376, 34.21063574533614, 36.48341688529524, 35.96086512166987, 35.77531995218267, 32.0368843482285, 27.995645553346666, 24.87012830865446, 30.763136101778223, 37.474468917443005, 28.034139279966002, 32.99965138914724, 30.16192118326823, 38.796977956459, 27.03855041221336, 31.285323904935645, 29.86229642232259, 34.274242078185715, 33.28443658414972, 32.60577926433906, 33.06467039118368, 29.916484994232338, 40.429015931628996, 31.097058704921178, 26.026565016892853, 31.565849344566384, 31.887710218076354, 39.60165314447312, 25.369057105331823, 31.03626580213113, 29.02380897885277, 70.19647297531209, 29.138786467294846, 32.59415631571775, 34.27514036874923, 24.189991703739874, 34.103050605329884, 31.708400504298943, 52.40159760328828, 29.627257907201372, 29.790160991527415, 37.31319100516183, 26.423191918267143, 28.566643286003636, 28.906039737519762, 33.823685338257484, 28.033614072850142, 25.92269072961555, 43.73751679677812, 27.782855382041326, 30.40241576502563, 27.21828488950376, 26.461746256187478, 29.38809100156108, 24.623632491581024, 26.88195806836325, 29.29891740708124, 31.446590877714613, 25.114544883606925, 31.948538492596338, 30.698987577327344, 27.565797089268923, 42.04188436679739, 32.41997040642632, 34.371230735980646, 25.21892400267263, 27.229825337727863, 27.113974041408962, 27.52173182573268, 23.86524239797441, 28.700228302567094, 26.366703659138352, 34.50647401557398, 27.233537361104652, 24.929114407332484, 26.43773763141935, 28.01262222774445, 33.94961680054034, 29.47795933516568, 28.294474939820628, 34.12932729973364, 22.886820000946205, 24.326613663365602, 28.831752393611524, 27.983038281637526, 40.76686178944098, 28.572915243724037, 22.749407934764076, 25.803964029544247, 26.58081332211772, 24.13932493502501, 26.36134608838924, 28.303844381261754, 26.440103510700204, 27.686875227267148, 25.325864085444696, 27.138016231476314, 24.85742105756487, 25.632624802766024, 23.39771878277814, 25.304319502815368, 23.273888270060223, 26.345243342969784, 27.376634506952193, 31.419311240867334, 28.226197439526754, 26.62393492239493, 27.181133098703214, 28.226439925097914, 26.890846968958616, 27.48302312376638, 26.83034973548203, 23.82574386193008, 24.19829459417434, 26.72098366671769, 27.81314685357311, 22.53428008064391, 21.487083162580216, 25.480539039329248, 27.295957888244953, 24.971845273618346, 25.01007149711488, 26.929273292501136, 29.888081000595495, 33.97150100223602, 21.90178782347018, 22.211180782822705, 24.72982467166961, 23.004018117511084, 27.72783329877904, 23.619273120133336, 23.47881814664003, 26.106165265280104, 27.60172890355347, 23.21421353779142, 25.125982728584734, 22.278403852351758, 27.453982227063054, 24.30845401905201, 19.5189596004587, 21.42561215193814, 24.062270946603604, 21.345983808002774, 22.962061392567144, 21.24972721887013, 22.888349603723597, 23.25087830881593, 20.704486645087993, 21.73067300786417, 19.872945260749294, 21.585958198264795, 20.292259408052637, 20.968415174534712, 23.435553747510152, 21.632509847166677, 20.735870886101292, 22.07952208746047, 23.15296733190143, 21.22473794442636, 20.256144407565, 20.13331515196139, 19.637381780715216, 21.56426328830618, 20.57188989750292, 21.801719039836257, 23.426051245795357, 21.810570792546347, 24.53726583813864, 22.12188543087591, 22.331815104005198, 20.68448457263765, 21.76238599908415, 20.671220254645778, 24.636806467853525, 20.48008876376682, 21.8236408940068, 19.40371635477379, 19.822830745152064, 25.772194544474285, 21.954119505705656, 20.817148703115958, 20.025852031808682, 22.50329318374553, 21.684608035617405, 22.883663056388734, 22.915415042291873, 22.426751807883935, 20.947897461987047, 19.805642778911288, 20.130096667658083, 21.087064884327077, 22.76341898479159, 21.446067416478716, 19.895752760468337, 19.422519310441597, 21.20770506884055, 18.55007640394584, 21.312058554755318, 20.672254774305557, 19.013148010092436, 20.57883548231983, 20.665130948263503, 23.984004974365234, 21.64062132658782, 20.2903809320359, 19.924639585787656, 19.216466091297292, 19.22868782628781, 18.586290965004572, 18.912618450386816, 20.14613235312164, 19.126489972311354, 23.094140007382347, 18.76218149901698, 19.480334953025537, 19.533765540551887, 21.48753370052923, 18.36338041699122, 18.552363032386417, 19.675430439136647, 18.418095951988583, 22.306905524440545, 18.7289240700858, 19.31935426419374, 19.172054008201318, 20.43293920648161, 18.872679352129577, 19.62571706216802, 18.885756613716246, 20.080618903750466, 19.302196835714675, 18.095810400745854, 19.158576491017822, 19.367979584547577, 18.868679722780904, 18.38593409301112, 19.574663222782196, 19.755497987938938, 19.201875949032093, 19.771636332153644, 19.711692053174215, 20.273520646271884, 18.99948264429809, 19.771985018694842, 18.54476261138916, 19.19176655723935, 19.192907293006858, 17.55895614119434, 17.945084294314107, 18.998145925935614, 18.67024956556855, 17.031753479488312, 18.88101676658348, 17.65610041441741, 18.26899742449402, 18.036326791874316, 18.29585069323343, 18.42632111039742, 17.061493469924525, 19.023301280995526, 17.208071506843364, 17.442416423212283, 17.715878274705673, 18.996102661052078, 17.618470010303316, 17.29920618874686, 16.96929088471428, 17.783750206074387, 17.0427238777201, 17.810639159389275, 17.947560890641792, 17.29143841556771, 17.0082084060346, 17.957604332575723, 18.202556468822337, 18.481733231317428, 17.46166038008594, 18.008504494157417, 17.105294126682182, 16.923271330576096, 17.379074535672626, 18.34720429920015, 17.445540529079537, 17.034337154771915, 17.778991598300834, 17.123597160218253, 17.038705835897456, 17.661637432360774, 17.148247143578907, 17.028662792589298, 17.119485617945433, 16.544646525509144, 16.3812244909781, 16.701999684490225, 16.808446904338858, 17.397302678022434, 17.32400586365392, 17.192933062396982, 17.45890601223739, 16.629418721274725, 17.03620150228026, 16.87580728278589, 17.515385905270854, 16.55379244385573, 16.157695023471085, 17.873093125681397, 16.09199909936814, 17.068672457700053, 16.194056460466335, 16.855205066620357, 16.219240375296778, 16.544391990338685, 16.72637546377838, 15.961694217863537, 16.662859997421346, 16.061027688324135, 16.356967789786204, 16.852177453419518, 15.783152797234752, 16.462525281956587, 16.014032661599458, 17.20643989623539, 16.428718511389675, 16.398242375207325, 16.61621722973213, 16.894407534725453, 16.215138828943648, 16.100557776355238, 16.231671535148823, 16.005851821293906, 16.01730656497693, 15.954483299659042, 16.19389509776282, 15.864835784548806, 16.142523165102357, 15.815613479210587, 17.08273709009564, 15.36264283316476, 16.0253253916584, 15.546187587516018, 15.239894624740359, 15.82862563360305, 15.376625530303471, 15.757678657612473, 15.359075606815399, 15.501837099670734, 15.860749128634337, 16.160928938123917, 15.344650319013645, 15.689248201077577, 15.65151909924058, 15.351295218896613, 15.536152854798333, 15.701245963888825, 15.995004568150435, 15.132601399901052, 15.549445606413341, 15.931884089474956, 15.761488551185245, 17.81159529610286, 15.179122505995332, 15.377278671062813, 15.674593496574927, 15.004677787659661, 16.570544843320494, 15.255452610197521, 15.827679654277821, 15.4939217996345, 15.503812219730762, 15.024025099618095, 14.976387266128782, 14.797020286479324, 15.750587740903178, 14.87401230120785, 15.243469424979397, 15.409842617297299, 14.901149381405462, 15.211126468799732, 14.770881223930884, 14.702150940264344, 15.004674543148626, 14.851697513035365, 15.356579124612152, 15.020271190259823, 14.630002329589198, 15.062885703233183, 14.73828783489409, 14.634490992026354, 15.060312639468561, 14.789311969091022, 14.472882008426405, 14.563054281567771, 14.61687139480833, 14.724926050377901, 14.99078516480784, 14.80992875780378, 14.557623424227275, 14.680150763698355, 15.062571576032688, 14.76655748155382, 14.5756541408559, 14.350326709646396, 14.642788851702655, 14.631261295742458, 14.356582081507122, 14.390766416277204, 14.455255917140416, 14.381362294393872, 14.44500073932466, 14.460755938575382, 14.623170605412236, 14.399189146738204, 14.486454469186288, 14.645694535876077, 14.496443349848349, 14.334974596740077, 14.406646743653313, 14.508279790323247, 14.66284590928012, 14.412143202685805, 14.279146401339737, 14.507440753714748, 13.981519689004887, 14.627650649459273, 14.774297012853875, 14.141508067095721, 14.110280884636772, 14.014245986938477, 13.816985972974667, 13.892713612349576, 14.052750314985003, 14.152227225127044, 14.068462815865008, 14.117752362811377, 14.041633676599574, 14.144565637780245, 13.686137658578378, 13.746398340457331, 13.613733695297645, 13.776859046290161, 13.63301905879268, 13.73727399331552, 13.669171393863738, 13.837025501109936, 13.664997166426724, 13.740429585572905, 13.995884249450038, 13.63311729733906, 14.00514358944363, 13.849817018660287, 13.7174985068185, 13.907664707728795, 13.512868644068481, 13.373538168649825, 13.567252315541424, 13.4208005874876, 13.5950717169141, 13.54901199744492, 13.547365889978156, 13.368379592895508, 13.503355086795867, 13.67044798028532, 13.482820132422068, 13.40125347823693, 13.561728033439191, 13.194303250186659, 13.358191631458423, 13.34072391065971, 13.297381052895197, 13.194533509552164, 13.128984622854404, 13.23851853829843, 13.062393546735168, 13.2133338766754, 13.005934251048577, 12.993129054074565, 12.822234400996456, 12.877068469133327, 12.829552463753513, 12.77962539309547, 12.892112181930946, 12.846875942573346, 12.839712692946984, 12.828305844907407, 12.769178582246973, 12.768464522386985, 13.054019907794933, 12.786409413373029, 12.897208289494591, 12.798701654666315, 12.809725736184095, 12.9039621857739, 12.757978903553473, 12.922120987422883, 12.85998420614414, 12.786097990772712, 12.722773874878254, 12.741533244097674, 12.773928818879304, 12.746405172600317, 12.765874923221649, 12.660764865774325, 12.7921915407534, 12.802490688505626, 13.010967289959943, 12.689223789033436, 12.884136901330695, 12.741524191760512, 12.634483453457948, 12.511852158440483, 12.483176049732027, 12.696958824440285, 12.57907018711958, 12.628737394141142, 12.334452013490061, 12.372930713431545, 12.345276398633523, 12.500847680228096, 12.333406034600797, 12.371660040799902, 12.527617580676205, 12.52545582302033, 12.450016667603185, 12.41587465276163, 12.34783161506451, 12.431486715084661, 12.314125015622093, 12.45141787756057, 12.158790220028509, 12.317525591169085, 12.14715664979642, 12.191886503229696, 12.182600515860099, 12.19117496127174, 12.3308188221442, 12.22724679916624, 12.180293724019691, 12.195381729691118, 12.20642025256283, 12.209584054492769, 12.200885686924849, 12.100058404226152, 12.212403943298986, 12.12054877811008, 12.11792948889354, 12.150637036278134, 12.144962810334706, 12.214672517524194, 12.07956544179765, 11.991884579734197, 12.09653383588034, 11.981505883433831, 12.03372514310968, 12.102042314236757, 12.110763938338668, 11.97997680542961, 11.983209458608476, 12.168922570647386, 12.00936544509161, 11.988098961966378, 11.90991668600254, 11.950575727634329, 11.97524085372844, 11.931177739743832, 11.854046200949048, 11.91463907938155, 11.837275131669625, 11.855186714697137, 11.775136205885145, 11.870308083831949, 11.832225744055693, 11.730983542386817, 11.64747085773125, 11.69659075661311, 11.703717660651636, 11.776046990086792, 11.736355932932051, 11.680130913144065, 11.676847225774534, 11.599802062624978, 11.61798526622631, 11.59913353188328, 11.693219058728092, 11.647945631118048, 11.644416057243548, 11.694883119492303, 11.685370006258525, 11.617541363630345, 11.632000902973155, 11.551955223083496, 11.606715853252108, 11.602840342849651, 11.57318975559618, 11.58918701656281, 11.545264905091948, 11.567875478633496, 11.576864626041797, 11.642519491690177, 11.503829274858747, 11.548212359191249, 11.564496736677865, 11.517857127719456, 11.467837056154927, 11.478157583367887, 11.488554106818306, 11.497682470493215, 11.43316713464323, 11.422205274067228, 11.417159342891955, 11.410720739415083, 11.41835532112727, 11.50659732213096, 11.5549895725553, 11.480541552185382, 11.504075988890632, 11.45565385162515, 11.469320610086754, 11.324225491316861, 11.2607744408663, 11.267967920454721, 11.29998235349302, 11.325394453825774, 11.19210427904886, 11.228382166100557, 11.177872360068024, 11.19864450686823, 11.143671141730415, 11.159928205782775, 11.15969278446581, 11.118430374791382, 11.204199634531818, 11.119979681792083, 11.143032861134362, 11.174600752573165, 11.140579435560438, 11.120024711366684, 11.085395979502845, 11.072871541220044, 10.996969117058647, 11.08359813185596, 10.98654227786594, 11.015994591687722, 11.017460767554228, 11.028317426247572, 10.994569349541235, 10.993092203897143, 10.98196428793448, 11.015221545305202, 10.932479399221915, 11.00276111421131, 10.932349926580198, 10.936080912433605, 10.97430887171831, 10.986396199180966, 10.938540453633303, 10.888333345847155, 10.932049892566821, 10.86339475238134, 10.846900263791362, 10.888895226534082, 10.890934040937474, 10.805802158577732, 10.847701602511936, 10.761683115883478, 10.816942507627779, 10.752809544719716, 10.743282419033152, 10.742521074083117, 10.757076949669571, 10.737273564414373, 10.710652396792458, 10.693357957103265, 10.71277685518618, 10.718074531151505, 10.64725748193327, 10.603806626859797, 10.623936532035707, 10.606740966675774, 10.641660276544156, 10.675457712203738, 10.708114916685396, 10.621153826436037, 10.584101142075957, 10.60889753715071, 10.611584370729155, 10.576701477091149, 10.609229617648655, 10.58255802638947, 10.57627560348107, 10.600884144899076, 10.623884226279284, 10.562465465888776, 10.589216681384535, 10.570507493599383, 10.57596341895048, 10.560480617341542, 10.573799370457886, 10.595507778187908, 10.542788707390033, 10.589460534393472, 10.53868414359118, 10.516965487646678, 10.495373630019092, 10.543966374069294, 10.490277012819966, 10.525377046494256, 10.485170803372823, 10.493588609039469, 10.504235499750369, 10.46644626597248, 10.475395999888264, 10.46996823063603, 10.443807147798085, 10.458209416222951, 10.436949452395162, 10.453606302776034, 10.47459253179964, 10.43519144714194, 10.42781058821098, 10.418523828819316, 10.457986584416142, 10.457822355643781, 10.39647855708208, 10.366973185665392, 10.358287533755025, 10.337731971942558, 10.356682696670452, 10.337136132376534, 10.282635542450759, 10.317113548359544, 10.319689215806426, 10.274241699743524, 10.28177400114675, 10.28752161459948, 10.293154681170428, 10.320965252225362, 10.26514826880561, 10.287042930643395, 10.29101577133098, 10.256172346690345, 10.25195188370962, 10.227977782960922, 10.256396661990534, 10.243885514597414, 10.209377132395588, 10.24037674495152, 10.195269297039697, 10.19776297372485, 10.19594787416004, 10.193864776974632, 10.207740586901467, 10.2008839208613, 10.197940831461912, 10.204580337282211, 10.212458216954792, 10.198170500457602, 10.187739225922439, 10.213691837573178, 10.196920642146358, 10.199705638582744, 10.193944804882877, 10.182829150447139, 10.187210547230231, 10.19629192352295, 10.186143476496298, 10.198885367660926, 10.187799161073393, 10.20387278158198, 10.180486356139813, 10.141011439933978, 10.149870065154222, 10.145020313363858, 10.13692480924899, 10.159815833682107, 10.112233908718856, 10.1257916909677, 10.11280238943756, 10.111798513503302, 10.122772822304377, 10.11656462452399, 10.102264903840565, 10.092486426943825, 10.088664665424004, 10.094561526384304, 10.097412058916042, 10.10284613553809, 10.08148293268113, 10.09432965737802, 10.089003860635101, 10.075365122033174, 10.112777351702332, 10.059896438840836, 10.051543750460185, 10.04507295921366, 10.056435615297348, 10.028520291444487, 10.026518216208807, 10.034326629033165, 10.038985333114704, 10.031579431402621, 10.034695019797674, 10.047377939577457, 10.020396131687063, 10.02830671885657, 10.032363634260873, 10.037142607270095, 10.01519326305894, 10.014685994102841, 10.008836191167276, 10.004097499544658, 10.001553510231947, 10.023866981425613, 10.001110445254694, 10.00159982650999, 9.991982833418266, 9.991366295587449, 9.999269601529237, 9.991949172247024, 9.982199028055504, 9.981629674396817, 9.99477892073374, 10.00918913139868, 9.996326350661182, 9.995392032401272, 10.013911560098961, 9.987303718687995, 9.977171231829931, 9.991781618229297, 9.977128371990547, 9.989802410993626, 10.001967293875557, 9.978208763889535, 9.987271894222845, 9.969417057340108, 9.975328268828216, 9.984425978685813, 9.980072657267252, 9.97666698536545, 9.966839073827026, 9.971938466268872, 9.964936680263943, 9.96326174054827, 9.963311175189952, 9.962930109135058, 9.977444260208696, 9.972144530563758, 9.950416095673091, 9.95546817779541, 9.929228202375786, 9.945129031226749, 9.936451109628829, 9.930976595197405, 9.926948996448012, 9.916141111383993, 9.930613073722395, 9.909428949709293, 9.882362310217802, 9.875846065541424, 9.868212321447947, 9.86621687651942, 9.877012389046806, 9.87908896693477, 9.859622107611763, 9.859991366270357, 9.864080600637607, 9.878204845246815, 9.85920270284017, 9.867161917308021, 9.854019709995814, 9.85015730378489, 9.849340963615942, 9.857212838672456, 9.848994754609608, 9.846969468252999, 9.846290028284466, 9.838210090758308, 9.830820694171562, 9.829601837844445, 9.826905179906774, 9.823812595750919, 9.82454877681833, 9.818425017059164, 9.81937426107901, 9.821081943612882, 9.815217608497257, 9.811933007820574, 9.806830098389318, 9.81411043802897, 9.816789939920739, 9.80644733186752, 9.809894102591056, 9.811907324210676, 9.80668269767963, 9.81159729932351, 9.806911357496151, 9.810572200351292, 9.801003102903012, 9.794003527000468, 9.804123227558438, 9.796348279115385, 9.795340502703631, 9.808000615034153, 9.796186285674887, 9.795860850621784, 9.788822895635374, 9.807864522177075, 9.802516654685691, 9.790081387474423, 9.784622207520501, 9.78580149393233, 9.780845021444653, 9.795441233922565, 9.789427343499723, 9.778580988525714, 9.778541125948466, 9.781537641293157, 9.782760695805626, 9.78454412228216, 9.768801012997905, 9.760457694845856, 9.758203834452956, 9.76292249891493, 9.756257001685087, 9.759128817805538, 9.754837359070148, 9.74637996330463, 9.741418051341224, 9.745700528381994, 9.744005183063488, 9.743943769465048, 9.747170458395015, 9.746282633019502, 9.743598322388987, 9.752801925416977, 9.745593035662615, 9.742467915570295, 9.745038612809761, 9.728396133140281, 9.743512093074738, 9.732358947632806, 9.724313367611517, 9.723792242625404, 9.716022940539808, 9.718905226894156, 9.70635738070049, 9.709535740039966, 9.703406924293155, 9.709516126642782, 9.698917146713015, 9.700959543702464, 9.700388388658958, 9.703460314917185, 9.703857633802626, 9.707584593031141, 9.699204929291255, 9.707680126977346, 9.701688322440656, 9.700974625885172, 9.703532193703627, 9.693942322302117, 9.69545809427897, 9.685893321163439, 9.684007225843965, 9.686145984306537, 9.69166318197099, 9.677969438058359, 9.686482888680917, 9.682686386915742, 9.692858322587593, 9.671829279137667, 9.68284741659013, 9.678007181359346, 9.677907802440503, 9.677072232362455, 9.667176983343861, 9.675148085942345, 9.67489981272864, 9.670457148678087, 9.671948856777615, 9.677804336346016, 9.662446728459111, 9.665122516571529, 9.666453911513878, 9.659818674521471, 9.66018035929039, 9.662894844378114, 9.658451509223413, 9.66027749278558, 9.663089202194618, 9.656314143428096, 9.654830458302976, 9.655222675787709, 9.652945846476882, 9.65019570204316, 9.654652661116666, 9.656190932743133, 9.655663692131244, 9.64318245176285, 9.638315907231084, 9.637989261162975, 9.644349855089944, 9.641504116159268, 9.645997037332524, 9.641873218395093, 9.641905280017347, 9.641951969691686, 9.639181177452128, 9.639742180153176, 9.636213615457848, 9.62576087568172, 9.618654649724405, 9.623514447893415, 9.614063782666726, 9.617845192157402, 9.61836330474369, 9.608120343041799, 9.610239018838872, 9.60958877442375, 9.60599662134887, 9.604292309473431, 9.610971612274332, 9.6069114422672, 9.612358239592698, 9.606358815753271, 9.604391345271358, 9.608600243058785, 9.610800672460485, 9.598656725000453, 9.601395738187922, 9.600377027319853, 9.593492174905444, 9.595917161810336, 9.593001673461268, 9.594538350584646, 9.592448224466313, 9.59695915948777, 9.594392731076194, 9.592712866566169, 9.589120299727828, 9.585029158011945, 9.589793346546314, 9.58603123760728, 9.586369549786603, 9.58716608986022, 9.590001701677918, 9.58793750641838, 9.582809014295144, 9.583893659884337, 9.581929363270916, 9.579964960693683, 9.580778086626971, 9.58328161290083, 9.579510729148906, 9.579959829017598, 9.57610666688788, 9.575577645074754, 9.57271559276278, 9.567995687010427, 9.572972100878518, 9.566028998642372, 9.570982675703744, 9.565457707359677, 9.561321122305733, 9.562568755376907, 9.558291157717427, 9.558074184195705, 9.558290441200215, 9.568292481558663, 9.559707646647459, 9.55400674305265, 9.552275617286641, 9.551261155062882, 9.552083439297146, 9.55204463635803, 9.5479799603659, 9.54901988418014, 9.550162961243322, 9.548031741349154, 9.5495992488962, 9.542537820402277, 9.549744696844192, 9.542138331781619, 9.539297129111315, 9.537393307559705, 9.535476790534126, 9.5377949406861, 9.534374918256487, 9.534641048895619, 9.536889540455329, 9.537345169713257, 9.529664756129028, 9.533434575196928, 9.532350383738361, 9.528417668014606, 9.528701857915001, 9.528008839440725, 9.52937657997091, 9.533371067551709, 9.53104917334501, 9.531038687973426, 9.528697997804672, 9.524592863819587, 9.527359992738754, 9.524852470115379, 9.527810808212038, 9.526271058138086, 9.527352186737868, 9.525504616833238, 9.527106163993714, 9.527462308368985, 9.522963100009495, 9.52352041920657, 9.526545585147918, 9.52161592655081, 9.525186286401496, 9.52417884301887, 9.520854213250377, 9.522241622682602, 9.519741209726485, 9.522042955671038, 9.520722066283856, 9.522288499055085, 9.519384116722794, 9.517513063218859, 9.517685330103314, 9.518464083394045, 9.517681656691133, 9.517091327243381, 9.514818892907844, 9.51451316207805, 9.513970173225202, 9.515130825143643, 9.514820633741914, 9.51550458474134, 9.516733194785143, 9.514665618775384, 9.514833208114382, 9.510552481999474, 9.512849656362382, 9.506701620798262, 9.505923932191557, 9.505971802605522, 9.50764331615791, 9.507195619048264, 9.508098163301982, 9.505669760325599, 9.503437693156894, 9.501633982179026, 9.499934246931126, 9.498713296557229, 9.502185135291366, 9.498370680228742, 9.500089473825284, 9.497814400486215, 9.497483384672297, 9.499211195284728, 9.495616968346651, 9.496209876247184, 9.494632357642764, 9.495627574819736, 9.491716662411967, 9.490362096715856, 9.491922676247894, 9.488455182030087, 9.486531161757373, 9.485521361941384, 9.482957875287092, 9.48053326682439, 9.479599972881337, 9.480521964017676, 9.47999272523103, 9.47939797557851, 9.47785531402265, 9.478933142606543, 9.47701101959067, 9.476801493811228, 9.476309544194944, 9.475734448306776, 9.480671640426394, 9.475731915267056, 9.477453231811523, 9.476997910353242, 9.476993636479454, 9.479470323633265, 9.47903856650862, 9.472211519877115, 9.473653778197273, 9.47015354116127, 9.470006256507187, 9.474069857723498, 9.470591600609835, 9.470280622048353, 9.470853644073324, 9.471569273206923, 9.469087333275528, 9.467821196904259, 9.4685416398225, 9.467751851157537, 9.466471323891291, 9.46492186046782, 9.464616149821609, 9.465595260499017, 9.463830302001307, 9.463502540790214, 9.46640297723195, 9.465063150597627, 9.462148959043795, 9.463692755926223, 9.463258082273775, 9.460787641939032, 9.458696284622112, 9.459318625233161, 9.457528613862538, 9.454771526276119, 9.455584092114968, 9.455746241978236, 9.454304649716331, 9.455735988717862, 9.454415503002348, 9.453872806811459, 9.453548744242028, 9.455130143140359, 9.453428147331117, 9.454598270396076, 9.45587485681766, 9.455870855422248, 9.450493646046471, 9.451518351438814, 9.44880700994421, 9.45007001786005, 9.448418102567159, 9.44869005112421, 9.447459569053045, 9.447830457536002, 9.445962487074434, 9.444233152601454, 9.445375028741422, 9.444660761999705, 9.44473319583469, 9.445388309539311, 9.445692738527974, 9.444795482373111, 9.444475663402093, 9.443979172479539, 9.443688680255224, 9.445107096717472, 9.443549014903882, 9.444624022831993, 9.443578392109544, 9.444977351597377, 9.445827196514795, 9.444128889255422, 9.443673482016912, 9.443235382201179, 9.444768597840001, 9.44159121740432, 9.441852892517414, 9.441600395888878, 9.443348849261248, 9.440179153724953, 9.441221090851638, 9.439866525155526, 9.438129636976454, 9.437363074570106, 9.438248079289835, 9.43619341068167, 9.435516544120022, 9.43785178976715, 9.436048028330324, 9.435757152617924, 9.434175607388612, 9.431833675929479, 9.429159174520503, 9.430690614003984, 9.429041166154166, 9.428603086522017, 9.428587555254579, 9.429058407980298, 9.429687262842895, 9.428444347684346, 9.428659252388767, 9.430307141056767, 9.42806291832495, 9.428414213594305, 9.429660524640765, 9.428701092957189, 9.427830433719373, 9.427764948082979, 9.426247833897827, 9.425985598690295, 9.426331681549234, 9.425796463375999, 9.425989443662935, 9.4267996782979, 9.42802835393835, 9.424547932135365, 9.425095966884069, 9.424207798387638, 9.42373066352158, 9.423224691360716, 9.423920919024756, 9.423927609882657, 9.422522121005589, 9.421655861788956, 9.422614632460176, 9.421613980853369, 9.422184510205788, 9.419071656686288, 9.420506179648102, 9.418794626912112, 9.417793223466823, 9.417271901690771, 9.41660426407264, 9.416230549888006, 9.416132609049479, 9.415708900128722, 9.418139921925055, 9.415934582866688, 9.415773452274383, 9.414865165791184, 9.413838482407666, 9.413160631896327, 9.41341817946661, 9.413867218784555, 9.413047407039258, 9.412703559512185, 9.41199788088521, 9.41149574865109, 9.410768362580153, 9.409360951216764, 9.408854741898795, 9.408054604101434, 9.408455778051305, 9.40718336963149, 9.407634028682002, 9.406602491146673, 9.406850229495417, 9.405492500022605, 9.404443957818248, 9.40427365378728, 9.404499462672643, 9.404701500342636, 9.404858912109699, 9.403322356087822, 9.402239163716635, 9.402005700207262, 9.402617943980706, 9.401707957030604, 9.401307893177819, 9.40107426819978, 9.400346256437755, 9.398259319325604, 9.39864337759674, 9.398471943285099, 9.398860790111401, 9.398381692391855, 9.398796288424698, 9.39831844713322, 9.397612808873413, 9.398234407737773, 9.397433649295222, 9.397479693094889, 9.397422851078094, 9.397294826608487, 9.39741047854146, 9.396859375888077, 9.396896791205835, 9.397135482263312, 9.396852730443237, 9.397251769979164, 9.396669498827091, 9.395542942026935, 9.395705742810769, 9.39566473986106, 9.395092817841384, 9.395470346723284, 9.395296091755862, 9.394145334839191, 9.393348012651716, 9.39209087815865, 9.392045500417234, 9.391539634220184, 9.392060905537278, 9.391519097424059, 9.390687412685818, 9.390484042899319, 9.3902821566062, 9.390235027938923, 9.389009839012509, 9.38901879547765, 9.390081158390752, 9.389482533490217, 9.388598734739595, 9.388132029740268, 9.388603250816386, 9.388391171813641, 9.387953299063224, 9.388020343881436, 9.387774220219365, 9.387702881343781, 9.387499385409885, 9.386707361413057, 9.386574033706907, 9.387168374641863, 9.38650996596725, 9.386352024381123, 9.386939134547319, 9.386602901277088, 9.386961210341681, 9.385797056571516, 9.385197664694811, 9.385059977334643, 9.38529405644331, 9.385680390413476, 9.384929253310753, 9.38463581428326, 9.38462476377134, 9.384616660062598, 9.385462528814084, 9.384787680610778, 9.38352480388823, 9.383384159633092, 9.383824964049001, 9.383884672134641, 9.383794027661521, 9.38339894915384, 9.38302470515014, 9.382333745401372, 9.382742351955837, 9.38220942461932, 9.382722819292987, 9.382189029108279, 9.382247970217751, 9.38121413175391, 9.381318268952546, 9.381494269799934, 9.380735114768699, 9.380492255801247, 9.380123103106463, 9.379940961403822, 9.379690412491087, 9.380007052547716, 9.379448143893448, 9.37932185016612, 9.379582354631374, 9.379656751319844, 9.37961252908858, 9.379256985174916, 9.379631602574909, 9.37913753872826, 9.379482678004674, 9.3797025680542, 9.379683267502557, 9.380041586658942, 9.37933249700637, 9.379527313999398, 9.37905783375735, 9.378157867956414, 9.378246726182402, 9.378307645283048, 9.378443985389023, 9.378628735819822, 9.378576379604441, 9.378416500394307, 9.378822932167658, 9.379028814810294, 9.377205783097201, 9.377279362350544, 9.377634164517518, 9.377174337074239, 9.377111394569356, 9.37708216874057, 9.377256923251682, 9.377788261131004, 9.376703257283205, 9.376075976740115, 9.376549756085431, 9.376183383679264, 9.375794461164524, 9.375905026834477, 9.375705602938536, 9.3761535220676, 9.375821562671156, 9.375626786045297, 9.375088394003571, 9.374976102637236, 9.374562107065998, 9.37485244286754, 9.375028610229492, 9.375119658374281, 9.37404825321581, 9.374679388823333, 9.37427306805969, 9.374748563009595, 9.37395536836493, 9.373715441062968, 9.37329898814045, 9.373439576890734, 9.372883039807517, 9.372924214317685, 9.372750897886892, 9.373243518607326, 9.373032877684901, 9.372074566190205, 9.371669739011734, 9.371222995576405, 9.37090107751271, 9.37102004459926, 9.370659167173677, 9.370124529278467, 9.370400312716368, 9.370294419545976, 9.370504853586672, 9.370459006576942, 9.369773350064717, 9.369671428014362, 9.370026048529086, 9.369670484431836, 9.36958223171335, 9.369674541332104, 9.369393560621473, 9.369194404158012, 9.369385588106024, 9.369090559621336, 9.3693738109851, 9.369255858123617, 9.369244625959446, 9.369079912781086, 9.36915433974493, 9.368733406066895, 9.368873747568282, 9.36873886572621, 9.368419732997026, 9.368383937411839, 9.368703953172794, 9.368610836210705, 9.368829994605331, 9.368629082170113, 9.368963645248817, 9.368126763237846, 9.368167574443515, 9.368202406262595, 9.368273507981073, 9.367878464794664, 9.368140336697694, 9.368278770850448, 9.36781605715474, 9.368099565859195, 9.367790898318013, 9.367581084922508, 9.367320136418419, 9.367645006331186, 9.367428083268424, 9.367738602653382, 9.367272896741433, 9.366951049320281, 9.36711793223386, 9.367170828360099, 9.367062462700737, 9.366842643293754, 9.366872126463228, 9.366433289946702, 9.366131207299611, 9.366550879503684, 9.366323778868983, 9.366099695680003, 9.366530307386288, 9.366427603222075, 9.366235844041935, 9.366280868570641, 9.365724392038175, 9.365604541919849, 9.36573905036563, 9.365740034315321, 9.365887934568697, 9.366004242468133, 9.36535986642989, 9.365799929099108, 9.365449809523486, 9.365215548762569, 9.365023542333532, 9.365206264314198, 9.364865661298156, 9.365134829566593, 9.364884149460565, 9.364471132793124, 9.36468257601299, 9.364402912281177, 9.364079672192771, 9.363913389740798, 9.363877755624276, 9.364157262933317, 9.364287754845998, 9.363864368862576, 9.363600377683285, 9.363609046532364, 9.363162974201183, 9.363246226436877, 9.36317872748804, 9.363108766142023, 9.362798327491397, 9.362726403291894, 9.362703585750841, 9.362432646372962, 9.362366484586524, 9.36227837315312, 9.362499862751633, 9.362290548899818, 9.362168120328711, 9.36217564375943, 9.362054506937662, 9.362168301980962, 9.361918363621626, 9.36210471360141, 9.361770443184666, 9.3617118603338, 9.361857616081439, 9.36135492375288, 9.361562400898606, 9.361550694420224, 9.361509873122765, 9.361663096796267, 9.361501295099814, 9.361072257713035, 9.361107896875453, 9.36122064741831, 9.361151331946964, 9.3610972500352, 9.360994217887757, 9.361196174823418, 9.36082175925926, 9.361027959793333, 9.360876254934482, 9.360835569876212, 9.360954436044844, 9.360536978989051, 9.360493155383558, 9.360286869069256, 9.360182777283685, 9.360389189745383, 9.36020975264292, 9.360359555199032, 9.360424258721569, 9.360069264810551, 9.360190754845028, 9.35996169135684, 9.359897679122037, 9.359691685469693, 9.359768367948986, 9.359601767605575, 9.359533743883567, 9.359469201829699, 9.359299089542773, 9.35940605748898, 9.359425307581665, 9.359208833603631, 9.359243337439482, 9.359566617895055, 9.359184436697177, 9.359295617966424, 9.35932847179433, 9.359211664351205, 9.359437331951485, 9.359296102372427, 9.359217406580688, 9.358929770333427, 9.35903510340938, 9.35895186631137, 9.35905097275184, 9.359162037965483, 9.359188892223218, 9.358769689287458, 9.358678509949376, 9.35869726049837, 9.358639025814318, 9.358749692402188, 9.35855959836768, 9.358487421873384, 9.358345026692385, 9.358422016971327, 9.358310633866244, 9.358297464078065, 9.358211355865317, 9.358199543423122, 9.358141752777907, 9.35809961450163, 9.357975248306516, 9.357801311230533, 9.357906028707191, 9.357637990719427, 9.35787443635325, 9.357566828450198, 9.357589979020377, 9.357611757106882, 9.357437613149168, 9.357659349996577, 9.357631420963026, 9.357374786699891, 9.357409219893198, 9.357416596992937, 9.357255320069651, 9.357259740274419, 9.357144779629177, 9.357195410148176, 9.357204391842796, 9.357217490988434, 9.357051344775648, 9.356983230227517, 9.356978184331663, 9.357161229249662, 9.357014948728853, 9.357101748229335, 9.356886071502847, 9.356830637290996, 9.35676945075787, 9.356746305233587, 9.356756967211526, 9.356916281281325, 9.356767180104734, 9.356872286115374, 9.356873421441941, 9.357027815763281, 9.35678254485761, 9.356627762002288, 9.356686037053507, 9.356673957178833, 9.356699903175313, 9.356601669674827, 9.356691622860216, 9.356415355016315, 9.356498733399407, 9.356332107826516, 9.356394530604126, 9.356091630521906, 9.356237820216588, 9.356163827199785, 9.35617227907534, 9.356098503032058, 9.355984445602175, 9.355994976386823, 9.355793518994851, 9.355778981768896, 9.355892352956943, 9.356030025179424, 9.355948644971091, 9.355704580034528, 9.355591279489023, 9.355474451862316, 9.355544579722894, 9.355466509622241, 9.355460903631947, 9.355483983559584, 9.355281844971673, 9.355320335065246, 9.355197003278782, 9.355017995077466, 9.355013892764138, 9.355303532232053, 9.355092719749168, 9.354996428918586, 9.354993779823262, 9.355007166584963, 9.354900107812629, 9.354836675855848, 9.354880741664342, 9.354757616759608, 9.354749104333303, 9.354882613691704, 9.354865760399552, 9.35462400648329, 9.354715811512458, 9.354591041645676, 9.354600119212318, 9.354494417785968, 9.35472779551511, 9.354536611567099, 9.354415293093082, 9.354406271031294, 9.354388771864473, 9.354489664552073, 9.354271252950033, 9.354210772842327, 9.354232253220976, 9.354244570252757, 9.354170733658725, 9.35416562721212, 9.354090554373604, 9.354018867331208, 9.354101357636628, 9.35406113175488, 9.354059673490978, 9.354031951339156, 9.3540322641847, 9.353935559590658, 9.353971622608325, 9.35388618045383, 9.353838431141364, 9.35383684168417, 9.353889969921617, 9.353789006591473, 9.353720649840339, 9.353559166035325, 9.353577982180964, 9.353585793227746, 9.353445406313297, 9.353438912245332, 9.353384769782819, 9.3534099841244, 9.353361588937265, 9.353272760986652, 9.3533264947316, 9.353230047478247, 9.353238792015762, 9.353308955197612, 9.353210176740374, 9.353171848115467, 9.353184402304352, 9.353114223984814, 9.353138419055433, 9.35317434078802, 9.353056630129537, 9.353035800671451, 9.352959622781743, 9.35309393948348, 9.352871672817008, 9.352785019647508, 9.352836861181512, 9.35277617923797, 9.352803497718124, 9.352840191472776, 9.35282846481081, 9.352747937358876, 9.352878151747285, 9.35284119560605, 9.352785554512469, 9.352832188681951, 9.352728551027006, 9.352772238393309, 9.352702080257355, 9.352634773052559, 9.352715795002286, 9.35265203001638, 9.352615255527395, 9.352511865121347, 9.352528698229916, 9.352575620015463, 9.352483678747106, 9.3525195903879, 9.352498629736521, 9.35235253591386, 9.352368380026842, 9.352313576551973, 9.352319000890015, 9.352324359631412, 9.352324990368395, 9.352398367785902, 9.352322346318967, 9.352328704147743, 9.352330954617294, 9.352251623042676, 9.352260291891755, 9.352317360973863, 9.352247364306576, 9.352212159091202, 9.352242994560767, 9.352146895474228, 9.352104848024076, 9.352130844479515, 9.352105831973768, 9.352057416603047, 9.352049595464475, 9.352090240155578, 9.352121782050562, 9.35206520242035, 9.352091582363876, 9.351989069943706, 9.352035900903127, 9.351899328685942, 9.351878746476753, 9.351821722807708, 9.351796558925084, 9.351766889057462, 9.351849308720341, 9.35177015375208, 9.351768675304594, 9.35173036686327, 9.351811590648833, 9.351805777776809, 9.35157918677759, 9.351637683848224, 9.351551469671664, 9.351503336871112, 9.351444597597476, 9.35144745357453, 9.351471154147355, 9.351581336329224, 9.351475579398018, 9.351365331619505, 9.351434712687498, 9.35141058825942, 9.35135366550829, 9.351343836103167, 9.351361027470341, 9.351305562983114, 9.351299734973402, 9.351276801376747, 9.351312813935456, 9.351268223353795, 9.351223198825089, 9.351227326367898, 9.351241591115476, 9.351253131079295, 9.351247731970732, 9.351240844322891, 9.351209670778305, 9.351181529817127, 9.351184860108392, 9.351221710285813, 9.35115785447378, 9.351147167266362, 9.351155235653831, 9.351132302057175, 9.351145618176334, 9.351049569548753, 9.35103578416128, 9.351031555700555, 9.351055659945049, 9.35103067266878, 9.351054060396063, 9.351042126852368, 9.351018360682897, 9.350963950787902, 9.35094839933688, 9.350938680941466, 9.350959707189489, 9.350934507985594, 9.350859843864642, 9.350870480613104, 9.350847718576906, 9.350933629999716, 9.350857477339487, 9.350858309912303, 9.350854364021746, 9.350812160148822, 9.350849984184144, 9.350758396128498, 9.350747249744556, 9.350728090477999, 9.350743525873416, 9.350738853373855, 9.350654470857489, 9.350685558621846, 9.350647315777168, 9.350653052960753, 9.35062762164565, 9.350578953980138, 9.350582985650925, 9.350581088394085, 9.350604647681827, 9.350545807490272, 9.350476739267824, 9.350472510807098, 9.350487143905074, 9.350452544197204, 9.350460032306652, 9.350455672652632, 9.350488677857415, 9.350448956565252, 9.350483460401101, 9.350448790050688, 9.350487275098367, 9.35045380062527, 9.350433147773542, 9.350407600402832, 9.350376199792933, 9.350396464110682, 9.3503630956014, 9.35036171807183, 9.35031840410182, 9.350336140425748, 9.350317480702879, 9.350313065544007, 9.350287311291568, 9.350271674060316, 9.35025541113798, 9.350218197656057, 9.350216154068235, 9.350217783892596, 9.350200829682526, 9.350218873806101, 9.350138861035544, 9.350081373144079, 9.350062794155544, 9.350026428384124, 9.350056259720414, 9.350022669191715, 9.350015130623309, 9.350049331705407, 9.350025076084036, 9.350015271908392, 9.350019843490035, 9.349982594686841, 9.349977760718613, 9.349976282271127, 9.349982418080486, 9.349973118494427, 9.349981358442356, 9.350012764098151, 9.349969399669183, 9.349984335520912, 9.349994528230535, 9.349964969372623, 9.349987771775988, 9.349958979894245, 9.349934572895998, 9.349923547613558, 9.349913703070747, 9.34988652082978, 9.349888307076913, 9.349847041740619, 9.349838403166917, 9.349824799431694, 9.349832771947144, 9.349800432800617, 9.349817755361082, 9.349773235421964, 9.349768477142172, 9.34978470474324, 9.349750892195122, 9.349734265968282, 9.349759101867676, 9.349708658046824, 9.349695952481063, 9.349723962248948, 9.349703480957677, 9.349726798042418, 9.34969400981116, 9.34972859942724, 9.349699353414868, 9.349690205205686, 9.349694115774971, 9.349690104287768, 9.349706947488128, 9.349658269730826, 9.349641184327464, 9.349648127480158, 9.34962482048721, 9.34962772692322, 9.34961463282348, 9.349597360721972, 9.349619532388354, 9.349633408601953, 9.349583302856121, 9.349597956137682, 9.349576950073242, 9.349585195067068, 9.349589716189753, 9.349563164685769, 9.349551458207388, 9.349542173759016, 9.349558446773145, 9.349588742331854, 9.349568745446584, 9.349553289867583, 9.349560586232988, 9.349573367487185, 9.349545221480112, 9.349583388636352, 9.34953921181815, 9.349557144932016, 9.349546119649574, 9.34954842562398, 9.349530442051156, 9.349523867248859, 9.349525925974367, 9.349506544688392, 9.349449410009637, 9.349452977458006, 9.349438122340612, 9.34942999340239, 9.349424387412096, 9.349426143383853, 9.349424357136721, 9.349437981055527, 9.349386078970772, 9.349380851422668, 9.349377046817194, 9.349392628543592, 9.349382733541821, 9.349341967749217, 9.349366283921338, 9.349354138450018, 9.349347129700677, 9.349352548992822, 9.349357307272614, 9.349307368041346, 9.349315264868357, 9.349307191434992, 9.349352927435012, 9.349315597897483, 9.3492878303326, 9.349290782181674, 9.349293295037809, 9.349267116930118, 9.349273757329064, 9.349281129382906, 9.349267682070455, 9.349291412918657, 9.349264765542651, 9.349283334439393, 9.349251353551471, 9.349247816378478, 9.349245167283154, 9.349241640201953, 9.349229817667966, 9.349256616420847, 9.349243486999836, 9.349212308409353, 9.34920913454086, 9.349229550235487, 9.34922449424784, 9.349208110224001, 9.34923126079418, 9.349227032333454, 9.349203372127795, 9.349191211518788, 9.349212818044833, 9.349201010648535, 9.349184692221344, 9.349191418400517, 9.349189556464948, 9.349184132126904, 9.349184424788863, 9.349185862869183, 9.349184424788863, 9.349194738599989, 9.349177582554086, 9.349198800546151, 9.349163247163965, 9.349157737045692, 9.349161274218686, 9.349149381042157, 9.349126507996251, 9.349128198371362, 9.349112929490508, 9.349091136266315, 9.349097968409302, 9.349096999597297, 9.349101147323688, 9.349074348570808, 9.349091126174523, 9.349092100032422, 9.349090510575229, 9.34910008768556, 9.349085585780875, 9.349084223388996, 9.349088941301618, 9.349069050380162, 9.349070967820586, 9.349068343954743, 9.34904620760963, 9.34903627728659, 9.349032523140075, 9.349031594695237, 9.349037064446343, 9.349027956604328, 9.349010664319236, 9.349009604681106, 9.34901370194854, 9.348999755092398, 9.349020826753485, 9.349001985378367, 9.349022466669638, 9.349006234022676, 9.349000113351005, 9.349007253293637, 9.348989320179772, 9.348988023384539, 9.348980525183299, 9.348977684343934, 9.348979864170943, 9.348982785744642, 9.34897840590704, 9.348987276591952, 9.34897110449574, 9.348996591315698, 9.34896663887791, 9.348956188827595, 9.348960548481614, 9.348970201280382, 9.34893535936951, 9.348929041907901, 9.348922673987333, 9.348919944157677, 9.34892141251337, 9.348908540433046, 9.34891718909854, 9.348900012869052, 9.348897802766668, 9.348882352233563, 9.348887897673107, 9.348893690361548, 9.34888634858308, 9.348876317342123, 9.348882291682813, 9.348882432967898, 9.348867996659859, 9.348862748928171, 9.348878981575133, 9.348859645702221, 9.348855659444496, 9.348862365440086, 9.348852329153232, 9.348857475967003, 9.348853736958176, 9.348855235589244, 9.348849599323575, 9.348861679198249, 9.348843725900801, 9.348851203918457, 9.348832185936983, 9.348825707006707, 9.34881851155922, 9.348822240476254, 9.348808959678367, 9.348829935467432, 9.348809116101139, 9.348811316111732, 9.348812986303258, 9.348802344508902, 9.348796551820463, 9.348804589932557, 9.348812587677486, 9.348788054531845, 9.348783942126722, 9.34878069761569, 9.348786152229108, 9.348779506784268, 9.348766796172612, 9.348765277357959, 9.348766442959901, 9.348765544790439, 9.34875911631912, 9.348761669542423, 9.348769778297061, 9.348772053996091, 9.348773522351784, 9.348764404417976, 9.348768900311182, 9.348756426856632, 9.348762204407384, 9.348760852107295, 9.348763087439158, 9.348754842445333, 9.348760539261752, 9.34875515024498, 9.348742974498284, 9.34873432583279, 9.348727090018135, 9.348726075793069, 9.348723684038434, 9.348723290458558, 9.348727433139054, 9.348716170699507, 9.348719586771, 9.348712315635076, 9.348718239516808, 9.348724012021664, 9.34872016200313, 9.34871125095105, 9.348708622039311, 9.348720802831902, 9.34870755230939, 9.34871345600754, 9.348702491275848, 9.348706714690678, 9.348697359599765, 9.348711134895446, 9.348683998067543, 9.348680844382635, 9.34867777143206, 9.348678144828352, 9.348681343926323, 9.348675036556505, 9.348662830534435, 9.348676373718908, 9.348657098396746, 9.34865614472243, 9.348664056687127, 9.348655337379093, 9.348651108918366, 9.348661331903367, 9.348659459876005, 9.348654207098422, 9.348650846531783, 9.34864799055473, 9.348642959796562, 9.348641385477055, 9.348644105214921, 9.348638620326128, 9.348633231309355, 9.34863786344175, 9.348634634068404, 9.34863983638703, 9.348637091419684, 9.348635194162844, 9.348629613402029, 9.348622216118706, 9.348611594507934, 9.348607118798311, 9.348609873857448, 9.348604207316404, 9.348598666922756, 9.348600009131053, 9.348603198137234, 9.348597748569711, 9.348603278871567, 9.348592571480564, 9.348594847179594, 9.348593797633256, 9.348588378341109, 9.348588761829195, 9.34859177422902, 9.348585502180473, 9.348587808154878, 9.348578432880382, 9.348576237915685, 9.348582858131046, 9.348581152618246, 9.34855964196422, 9.34855801213986, 9.348559389669429, 9.348546532726793, 9.348541723988044, 9.348538777184865, 9.348538595532615, 9.348544388221054, 9.348531268891835, 9.348530234483183, 9.348524204637638, 9.34852297343905, 9.348517912405509, 9.348525193633225, 9.348523992710012, 9.348517503687944, 9.348523997755908, 9.348520748198979, 9.348513421558199, 9.348509399979203, 9.34851012154231, 9.34850902658291, 9.348507028408152, 9.34850896603216, 9.348496053584668, 9.348501351775315, 9.34850022654054, 9.348494302658807, 9.348493364122179, 9.348499822868872, 9.34849325311247, 9.34848955447081, 9.348485714544065, 9.348482641593488, 9.348482268197197, 9.348480456720583, 9.34848340856966, 9.348472206680864, 9.34847600624044, 9.348464849764708, 9.348471485117756, 9.34846560160319, 9.348465162610252, 9.348472125946529, 9.348464557102748, 9.348464355266914, 9.34847056676471, 9.348463351133638, 9.348465677291628, 9.348467271794718, 9.348460212586419, 9.348463396546702, 9.348458739184828, 9.348461474060382, 9.34845898138783, 9.348458199273972, 9.34846022267821, 9.348461993787655, 9.348456746055966, 9.34845771486797, 9.348457139635842, 9.34845603458465, 9.348454959808834, 9.348452583191888, 9.34845368824308, 9.348451639609362, 9.348450065289855, 9.3484485515211, 9.348456165777943, 9.348455499719691, 9.348446144628777, 9.34844997446373, 9.348447835003888, 9.348438313398411, 9.348441098732923, 9.348435220264253, 9.348434246406354, 9.348437445504326, 9.348438106516682, 9.348437147796469, 9.348437662477847, 9.34844021570115, 9.34843472576646, 9.348435820725859, 9.348434771179523, 9.348435851001234, 9.348437278989762, 9.348430451892671, 9.348441255155695, 9.348431617494613, 9.348433186768224, 9.348426465634946, 9.348429478034772, 9.34842535553786, 9.348425920678194, 9.348427257840596, 9.348424311037418, 9.348424664250127, 9.348425385813234, 9.348422726626119, 9.348423877090374, 9.348418967433707, 9.348414622917376, 9.348414365576689, 9.348418614220998, 9.34841570273909, 9.348413638967685, 9.348412715568744, 9.348416182099196, 9.348417100452242, 9.3484130132766, 9.348411948592574, 9.348409006835292, 9.34840754857139, 9.348406640310136, 9.348405696727612, 9.348404061857355, 9.348400035232464, 9.348402618731141, 9.348400327894423, 9.34839860219804, 9.348397517330431, 9.348395761358676, 9.348393848964147, 9.34839248152637, 9.348389489310128, 9.34839050858109, 9.348384912682588, 9.348384286991504, 9.348381875053285, 9.348381910374556, 9.348382697534309, 9.348381849823806, 9.348380825506947, 9.348384347542254, 9.348384044788501, 9.348383237445166, 9.348379261279232, 9.34837676860668, 9.348374452540483, 9.348370723623447, 9.348369926371902, 9.348372146566078, 9.348375825024156, 9.348373281892645, 9.348374270888232, 9.348370880046218, 9.348371344268637, 9.34836692406387, 9.34836698461462, 9.348369078661399, 9.348369583250983, 9.348365541488405, 9.348365662589906, 9.348365067174194, 9.348367479112413, 9.34836520845928, 9.34836503689882, 9.34836513277084, 9.348366989660516, 9.348366258005617, 9.348363679552834, 9.348364426345421, 9.348365581855573, 9.348367176358662, 9.348362170829974, 9.348360868988845, 9.348367585076225, 9.348363785516648, 9.348361131375428, 9.348362534134477, 9.348358759804377, 9.348356852455744, 9.348358265306583, 9.348355802909406, 9.348356933190079, 9.348357513468102, 9.348355394191843, 9.348355802909406, 9.348362135508705, 9.348353774459273, 9.348353290053272, 9.348353809780544, 9.34835609052547, 9.348352921702874, 9.348353113446917, 9.348351589586368, 9.34835256344427, 9.3483521597726, 9.348353855193608, 9.348354672628735, 9.34835077215124, 9.348353002437207, 9.348350338204197, 9.34834796158725, 9.348345620291573, 9.348347068463683, 9.34834628130393, 9.34834444459784, 9.348344929003842, 9.348351458393077, 9.348343940008254, 9.348344182211255, 9.348346543690514, 9.348345024875863, 9.348345706071804, 9.348348077642855, 9.348344293220965, 9.348345191390425, 9.34834222944956, 9.348341321188306, 9.348341043664034, 9.348340170724052, 9.348339610629612, 9.348340503753178, 9.348335044093863, 9.348333353718752, 9.348336653734641, 9.34833318720419, 9.348335594096511, 9.348334478953529, 9.348330775265971, 9.348329907371884, 9.348331098203305, 9.348330270676385, 9.34833036150251, 9.3483336615184, 9.34833161793058, 9.348331244534286, 9.348330931688743, 9.348332147749643, 9.348331315176827, 9.348329019294214, 9.348327727544875, 9.348329306910278, 9.348329125258028, 9.34832920599236, 9.348328938559881, 9.348327000935873, 9.348325512396595, 9.348324099545756, 9.348320895401889, 9.348320375674616, 9.348319780258905, 9.348321334394829, 9.348315435742576, 9.348315869689618, 9.348315445834366, 9.348316243085911, 9.348316308682557, 9.348315874735514, 9.34831256967373, 9.34830840680965, 9.34830860359959, 9.348307342125626, 9.348304824223595, 9.348304814131803, 9.348305162298617, 9.348305444868783, 9.34830391596234, 9.348302740268606, 9.348303275133567, 9.348301393014413, 9.348299193003822, 9.348300797598702, 9.348297689326856, 9.34829892557134, 9.348299147590758, 9.348297492536918, 9.348295938400994, 9.348297134278313, 9.348299137498966, 9.348296927396582, 9.348298572358631, 9.348295151241242, 9.348297290701083, 9.348296432898788, 9.348296781065603, 9.348295938400994, 9.34829820905413, 9.348295009956159, 9.348297578317148, 9.348296861799936, 9.348293652610174, 9.348295448949097, 9.348297593454836, 9.34829505536922, 9.348295812253598, 9.348293763619882, 9.348293889767278, 9.348293637472485, 9.348292663614586, 9.348293768665778, 9.348295040231534, 9.34829590812562, 9.348293370040006, 9.348294147107968, 9.348296130145037, 9.348296074640183, 9.348294782890845, 9.34829430353074, 9.34829135672756, 9.348292754440712, 9.348291114524558, 9.348291760399228, 9.348292315447772, 9.348292703981754, 9.34829387462959, 9.34829377875757, 9.34829277967019, 9.34829038286966, 9.34829127094733, 9.34829089250514, 9.348291871408938, 9.348290579659599, 9.348292981506024, 9.348289560388636, 9.348289217267718, 9.348289656260658, 9.348290367731972, 9.348292683798169, 9.348290826908496, 9.348290241584577, 9.348289050753154, 9.348289121395696, 9.348290579659599, 9.3482920379235, 9.348290034702845, 9.348288263593401, 9.348288914513967, 9.348289474608405, 9.34828973699499, 9.348290352594285, 9.348287647994107, 9.348287077807875, 9.348286295694018, 9.348287708544857, 9.348288783320674, 9.348287536984397, 9.348287249368335, 9.348288747999403, 9.34828928791026, 9.348287118175042, 9.348287723682544, 9.34828970167372, 9.348286093858183, 9.348288248455713, 9.348286457162686, 9.34828568514062, 9.348289207175926, 9.348285241101784, 9.348287602581044, 9.348285942481308, 9.348286336061186, 9.3482858314716, 9.348285917251829, 9.34828684065077, 9.348287759003815, 9.348284332840532, 9.348283686965862, 9.34828565991114, 9.348285377340973, 9.348284151188281, 9.348286103949976, 9.34828483238422, 9.348284847521908, 9.348284019994988, 9.348283757608403, 9.34828562458987, 9.348284847521908, 9.348285195688723, 9.348283646598695, 9.34828489293497, 9.348282405308314, 9.34828252136392, 9.348283328707256, 9.348282516318024, 9.348283010815818, 9.34828237503294, 9.348283046137087, 9.34828305622888, 9.348281285119436, 9.348281355761976, 9.348279811717846, 9.348281794754916, 9.348280997503371, 9.348281310348915, 9.348280311261535, 9.348280397041766, 9.348281123650768, 9.34828255668519, 9.348279776396575, 9.348279009420406, 9.348280568602224, 9.34828197136127, 9.348278449325965, 9.348278706666655, 9.348279069971156, 9.348277631890836, 9.348278525014402, 9.34827933235774, 9.348279423183865, 9.348278933731967, 9.34827798005765, 9.348278989236821, 9.348279201164447, 9.34827811629684, 9.348278227306547, 9.34827812638863, 9.348278863089424, 9.348279302082364, 9.34827903969578, 9.34827850483082, 9.348279069971156, 9.34827900437451, 9.348278822722259, 9.348277773175921, 9.348278171801693, 9.34827944336745, 9.348278434188277, 9.348278938777863, 9.348277647028524, 9.348278146572214, 9.348278272719611, 9.348278646115903, 9.348278620886424, 9.348279554377157, 9.348279589698429, 9.348277722716961, 9.348276905281834, 9.348277303907606, 9.348277435100899, 9.348277813543088, 9.348277263540439, 9.34827622913179, 9.348277833726671, 9.348277783267713, 9.348277490605753, 9.34827738464194, 9.348277248402752, 9.348277248402752, 9.348276042433643, 9.348277162622523, 9.348277147484835, 9.348276647941145, 9.348276208948207, 9.34827741996321, 9.348277561248295, 9.348276658032937, 9.348277843818463, 9.348277475468066, 9.348276577298604, 9.34827661766577, 9.348277102071773, 9.348276748859062, 9.348276996107959, 9.348277752992338, 9.34827740987142, 9.348277223173273, 9.348276481426582, 9.348277435100899, 9.348276905281834, 9.348277066750502, 9.348277233265064, 9.348277344274774, 9.348276304820228, 9.348277414917316, 9.348277182806106, 9.348277515835232, 9.348276632803458, 9.348276753904958, 9.348277147484835, 9.34827626445306, 9.348276986016167, 9.348276340141497, 9.348277011245647, 9.348276784180333, 9.348277127301252, 9.348276491518375, 9.348277621799046, 9.348275845643705, 9.348276612619875, 9.34827626445306, 9.34827519472314, 9.348276516747854, 9.348276698400104, 9.348276133259768, 9.348275891056767, 9.348275119034701, 9.348276430967623, 9.348275088759326, 9.348275537844058, 9.348275275457473, 9.348276158489247, 9.348275663991453, 9.348275845643705, 9.348276077754914, 9.348275593348912, 9.348276123167976, 9.348275371329494, 9.34827676399675, 9.348275447017931, 9.348276234177685, 9.348275820414225, 9.34827582546012, 9.348276784180333, 9.348276950694897, 9.348275658945559, 9.348275578211224, 9.34827653188554, 9.348276637849354, 9.348275906194456, 9.348275769955267, 9.348275537844058, 9.348275452063827, 9.348275623624287, 9.348276254361268, 9.348276491518375, 9.348276380508665, 9.348275981882892, 9.348276002066475, 9.348276259407164, 9.34827599702058, 9.348274856648118, 9.348275785092953, 9.348275441972037, 9.348275633716078, 9.348275386467181, 9.348275951607517, 9.34827587591908, 9.348276037387746, 9.348275795184746, 9.348275578211224, 9.34827576490937, 9.348275714450413, 9.348275290595161, 9.348275694266828, 9.348276658032937, 9.34827582546012, 9.348275628670184, 9.34827647133479, 9.348275558027641, 9.348276733721375, 9.348275487385099, 9.3482760928926, 9.348275855735496, 9.348275749771684, 9.34827603234185, 9.34827593646983, 9.348275855735496, 9.348275527752266, 9.348275941515725, 9.348275744725788, 9.348275951607517, 9.348275447017931, 9.348276027295956, 9.348275886010871, 9.348275714450413, 9.348275694266828, 9.348275477293306, 9.348275830506017, 9.348276067663122, 9.348276259407164, 9.348275830506017, 9.34827584059781, 9.348275739679892, 9.348276153443352, 9.34827570435862, 9.34827546215562, 9.348275800230642, 9.348276148397456, 9.348275759863474, 9.348275976836996, 9.348275891056767, 9.348275759863474, 9.348275310778744, 9.34827603234185, 9.348275815368329, 9.34827543692614, 9.34827582546012, 9.34827546215562, 9.34827608280081, 9.348275603440703, 9.348275724542203, 9.34827546215562, 9.348275638761974, 9.348275406650766, 9.348275845643705, 9.348275775001163, 9.348275573165328, 9.348275598394808, 9.348275633716078, 9.348275744725788, 9.34827582546012, 9.348275724542203, 9.34827540160487, 9.34827591124035, 9.348275628670184, 9.348275966745206, 9.348276370416873, 9.348276017204164, 9.348275780047059, 9.34827626445306, 9.348276314912018, 9.348276501610165, 9.348275280503369, 9.348275780047059, 9.34827576490937, 9.348275759863474, 9.348275472247412, 9.348276148397456, 9.348276178672831, 9.348276496564269, 9.348276299774332, 9.34827622913179, 9.348276057571331, 9.348276047479539, 9.348275628670184, 9.348275699312724, 9.348275855735496, 9.348275699312724, 9.348276113076185, 9.348275815368329, 9.348275674083245, 9.348275805276538, 9.34827596169931, 9.34827570435862, 9.348276254361268, 9.348276097938497, 9.348275981882892, 9.348275795184746, 9.348275598394808, 9.348276128213872, 9.34827576490937, 9.348275295641056, 9.348275684175038, 9.34827590114856, 9.348276163535143, 9.34827641078404, 9.348276128213872, 9.348275658945559, 9.348275880964975, 9.348275658945559, 9.348275815368329, 9.348275608486599, 9.348275991974685, 9.348276239223582, 9.348275941515725, 9.348275800230642, 9.348275542889953, 9.34827591124035, 9.348275880964975, 9.348275860781392, 9.348275684175038, 9.348275679129141, 9.34827576490937, 9.348275986928789, 9.348275795184746, 9.348276178672831, 9.348276047479539, 9.348275991974685, 9.3482759717911, 9.348276118122081, 9.348275981882892, 9.348276128213872, 9.348275780047059, 9.348275870873184, 9.348276239223582, 9.34827587591908, 9.348275739679892, 9.348275810322434, 9.348276128213872, 9.348276017204164, 9.348275780047059, 9.34827587591908, 9.348275991974685, 9.34827590114856, 9.348275956653413, 9.348276037387746, 9.348275780047059, 9.348275810322434, 9.348275270411577, 9.348275921332142, 9.348275891056767, 9.348275891056767, 9.34827582546012, 9.348275916286246, 9.348276198856414, 9.348275613532495, 9.348275623624287, 9.348275941515725, 9.348275991974685, 9.348276077754914, 9.348275991974685, 9.348275679129141, 9.348276087846706, 9.34827587591908, 9.348275966745206, 9.348276012158268, 9.348275830506017, 9.3482757295881, 9.348275805276538, 9.348275487385099, 9.348275845643705, 9.348275966745206, 9.3482758506896, 9.348275795184746, 9.348276113076185, 9.348275734633996, 9.348275800230642, 9.34827582546012, 9.34827603234185, 9.348275891056767, 9.34827576490937, 9.348275906194456, 9.348275694266828, 9.348275870873184, 9.348275815368329, 9.348276027295956, 9.348275754817578, 9.348275931423935, 9.348275623624287, 9.34827616858104, 9.348275921332142, 9.348275880964975, 9.348275780047059, 9.348276042433643, 9.348275724542203, 9.3482759717911, 9.34827579013885, 9.348275891056767, 226.6528476129764, 21.42739600731582, 84.62897188701326, 58.8877441164047, 55.88209497360956, 110.7770920607148, 43.5388548714774, 53.57859313803375, 64.11420923061472, 41.418592180524556, 57.47392230563693, 51.93912144817372, 39.52448783349739, 75.08356516197244, 51.68495729234483, 75.90737717239945, 70.18161053127713, 31.40589750380743, 25.912418718691224, 37.90515470757055, 74.15073168719256, 73.79109987127718, 49.371818098441636, 35.27049794272771, 30.063577520784246, 34.91567855915695, 43.61190230758102, 56.264601672137225, 33.37927826371773, 30.075993169552433, 65.35804940279199, 45.83087668847786, 33.1123937778372, 33.28604222857763, 35.92817059269658, 138.19934174875735, 28.32519139688482, 35.92465800330753, 39.85956847983063, 24.35249167144614, 41.80093510945638, 64.33678682519015, 32.24534785558307, 27.3110734949667, 62.74613647864609, 27.955097289312455, 40.81261096934162, 58.63929568901264, 53.46310786090831, 44.50195235802383, 40.67741341565652, 31.548411142258416, 18.043272326232263, 39.049689459422275, 32.76767980989325, 30.003329039881468, 53.18297369013388, 29.53207477186092, 46.34569567725772, 52.156511054467906, 26.07237398056757, 39.392542016569266, 61.964614948898394, 25.79246835859995, 27.265678436037096, 35.95480635304931, 31.21542977025269, 27.0716267944013, 30.8877890248778, 23.615863598212993, 32.18486868641364, 36.81223476753033, 19.430289979964968, 23.879606206581077, 21.20174819704086, 21.272372089365803, 24.455512980304697, 21.626884510908177, 35.83096296320517, 19.31471368497011, 24.83943138929902, 22.639404044580207, 20.086767973723234, 26.34749246022058, 37.98270133689598, 17.55119189509639, 41.39270302101418, 25.443077208503844, 16.674639161932404, 22.82642897348555, 23.962786013487154, 25.588437832221782, 19.25992675054641, 17.27633261302161, 22.36239654803402, 22.33325143844362, 25.61631639672335, 21.805363357382475, 21.822350264857054, 18.759416812311404, 33.56734929765974, 24.789430537551798, 21.729736893265336, 36.163943961814596, 38.44042094800838, 22.221532599635857, 21.24421371984734, 24.124777223698047, 40.09548120650034, 16.978270051340576, 22.428546804599662, 37.908617736170534, 33.65110683945752, 27.94640864013995, 24.63439823332287, 16.05795875428215, 34.307403029588166, 18.686012671738073, 19.064476770067973, 17.610368880014573, 17.387847597636874, 45.06710078728893, 21.085438592093332, 16.381550884751416, 19.012744217322616, 21.78874505260003, 22.05861479138571, 17.204081015612083, 19.84513425070142, 20.777559492323135, 21.18164587273169, 17.38546898251488, 17.825167666036617, 14.354734012058803, 23.53383251977345, 16.89908384393763, 18.43672479901995, 26.95869616352061, 21.322033624800426, 15.804441896065203, 19.399910921772953, 14.895026262475069, 26.54186043915925, 22.668202899751208, 17.465974711867236, 22.33400428610504, 15.928846172554783, 17.47305199456593, 29.043587437382453, 17.572691160535054, 15.270160241101784, 14.729294070491084, 19.665986192289484, 15.22518525804792, 15.153279793956292, 14.22577949806496, 15.774666559128534, 22.890184664852406, 15.365796225411552, 15.919585974758895, 21.099673256041513, 29.010528291974747, 13.288464606754363, 15.411706475353746, 17.718196041369563, 13.98889266120063, 15.513656338686665, 14.550600011512715, 20.829258933899894, 14.184797902586599, 27.69502492430349, 17.461135839028334, 16.725227911005575, 13.488684129462671, 18.30056621914818, 16.194939991784473, 14.567535864613044, 15.50814089699397, 14.839737180679563, 15.824715089545679, 20.13073820285696, 13.564836335560631, 14.357782459763623, 17.19093907068646, 16.34710617670937, 26.126271686856708, 29.157656694846178, 17.5171639629142, 12.991111059037467, 13.35960900342023, 14.84336818715252, 18.864784462742072, 12.565388407026019, 23.949854593428356, 13.750249716339919, 11.672425048061148, 13.716513098863066, 17.51219976515997, 12.624126590748943, 12.855168665527668, 12.214249111357189, 21.35524648837942, 13.813922054553158, 14.096297587036457, 14.321777580907105, 15.29752570863754, 14.03112730904231, 12.392726918376942, 14.23017584079157, 14.716388006058951, 12.770262854439872, 11.717275745654232, 14.478159399890394, 16.521979745733674, 12.605066470998935, 15.272826603480748, 15.407104472003917, 15.782894729937196, 13.480886444212898, 16.159634151155988, 13.472961678076043, 12.04020444678251, 12.7287759528589, 12.186330578314564, 16.838308006367356, 13.765259384478211, 13.272567340305873, 11.846687140288177, 13.635408194607528, 13.760769495888361, 13.261467676314096, 17.061221627331285, 15.876771740181736, 11.69941804270265, 11.68861999208965, 13.106106389767278, 11.135313730391244, 17.178884839254714, 10.996015795954952, 12.764861404580413, 14.127935621473524, 13.867148061278005, 11.110659150219469, 13.338799123410825, 14.255484626406716, 12.495980504959348, 13.06622822070248, 12.326493929302881, 12.913436380012957, 10.891464465509646, 11.628856063519835, 1142.2458531616858, 104.75458934319713, 59.52205328966575, 57.83547012894242, 49.1883030038662, 30.706634067353747, 51.26349520809436, 41.71784076993428, 62.93740009126209, 59.885082830196964, 87.30226696357525, 26.585428459934455, 34.51816756637008, 39.75301052275158, 66.1384575455277, 41.33706537882487, 35.773503046187145, 28.405132858841508, 30.241246834003107, 68.11688813709077, 40.11465758873672, 31.67417314317491, 47.443380830149174, 37.19135080569636, 39.902033649424396, 35.670728007321635, 31.601354185235564, 25.255556863451762, 50.23526866852291, 37.940005610228845, 46.09582553843342, 32.07312240802422, 25.214681060225875, 24.635632025501714, 34.26791083118903, 50.46020005241273, 30.396369116646902, 25.16515486580985, 30.209103538876487, 26.194388273531796, 25.932185531293275, 23.73664192926316, 34.617872339077095, 32.11419522320783, 41.604456765311106, 48.43990711434178, 42.56286944031085, 27.280779217916823, 27.831699916294642, 24.691301376100572, 36.04326385417313, 33.457657506226234, 24.12621798843303, 27.15852241919785, 22.898223170527704, 35.916385892837766, 29.338195962249916, 22.425120520213294, 26.5657388192636, 31.11232490135879, 39.61880077382244, 24.812242851055487, 24.348092376870454, 52.752770358292516, 32.9577777902916, 33.05751845950172, 29.852811096837282, 65.83668203202505, 34.12665766761417, 26.17961512166987, 22.030412260186736, 23.497267092346515, 20.64035762807049, 34.50785025339278, 21.53230916381513, 27.802071283734033, 30.63411208056899, 21.548794923005282, 24.83986837397177, 73.48123923811332, 21.362127818758527, 22.819099618013574, 32.91197376150303, 21.9856532667049, 23.551165353684198, 28.0615493633129, 27.163156519491206, 24.297206414439692, 31.743774323236373, 16.42412778561708, 23.184527523303156, 38.71753995380704, 25.473614657366717, 27.54670153219233, 16.794408222985645, 19.63081138853043, 24.752128954286928, 17.847266812803884, 17.575879959833053, 20.143030095983434, 18.613090787615096, 17.20995250076213, 28.850041899100813, 20.432536604543213, 18.05693937230993, 22.804703414755522, 16.31424080884015, 24.230333519991113, 25.7762062940648, 26.46188073940378, 23.665364048468373, 39.89852379491089, 21.047080398236634, 38.650794256301154, 18.08014277301768, 17.590203653567684, 18.12796043214344, 20.437782711452908, 15.184115445172345, 17.1601752326602, 19.38135408472132, 26.331969669887, 24.012797865287336, 20.859287847286808, 27.316359373627517, 24.87218711489723, 18.151568397643075, 15.848089571352359, 20.29498852119244, 18.817661537695184, 14.44673530639164, 20.405240437341114, 21.655083812733807, 16.520220973504284, 21.073950712012234, 35.48628648626741, 17.367253384262167, 18.100153413399187, 16.50275615914158, 16.843342014090723, 28.503027567787775, 20.900970509443333, 15.405580227967924, 19.16221713515186, 32.39728819630133, 23.1004061825061, 19.308101078820606, 25.2173429620329, 22.467064660692973, 14.128937161158001, 24.460306096959997, 14.64727133291739, 18.690354942644714, 14.858478869079914, 13.612025306338357, 14.3627994174049, 26.50643024747334, 18.49898699604014, 15.038401613790523, 14.20732124772652, 13.12150814419701, 27.29265667143322, 18.650742081738024, 14.79320365158969, 25.003356711574334, 14.565096007453072, 14.348440508363108, 17.952725037065132, 13.979565620422363, 15.168748300542276, 31.798083219578658, 16.077776918966304, 16.743795939854213, 14.063447967408196, 12.964652253206445, 13.430914858661632, 15.63906532368332, 14.015077989568155, 15.59414403400724, 15.520522985508833, 16.295104874504936, 17.375786079931512, 14.504655010485775, 13.95896224874668, 15.361243338811965, 13.276129858834404, 12.442363511948358, 17.221470580529914, 12.10082482030152, 12.817817188444591, 15.536726522697974, 11.102394936576722, 14.348755962634213, 13.779052663732458, 24.85476185026623, 15.082140806490782, 13.622552811153351, 13.418020228229503, 15.465888548149634, 20.293192828143084, 16.4801251749513, 13.290975050951438, 11.612106550307502, 13.064532885475764, 13.197319232597552, 13.721534688636739, 13.76638584036045, 15.068423584024742, 11.595419550698901, 11.543826658258993, 14.636985264127217, 13.03847785223098, 13.393908707553116, 12.863365889857056, 11.605918526018739, 15.451729057957886, 17.37718846558263, 19.010655726074543, 16.31582962520539, 14.039599534695741, 13.16669489845397, 13.056783176603771, 12.708067444897203, 13.90714224558028, 16.861466644932985, 15.39042537931412, 14.917289017369507, 14.901564224687203, 12.196531517795785, 16.141113811069065, 13.187227577128738, 12.451018444444767, 12.018358881511386, 12.621955533507009, 20.70908742228513, 10.792203242185884, 13.221145655112291, 16.585815505375937, 12.09919668631579, 14.833999462228604, 12.956412557571653, 11.607803647480313, 14.350536371665026, 13.323761167980376, 11.012432996558134, 11.66850225761454, 11.29524242058002, 10.412014032797838, 12.97473307513686, 19.251655467603573, 11.203385489327568, 3155.511944806134, 38.11758139272216, 37.610563066270615, 29.12284640155772, 78.65089368063306, 28.456242425101145, 32.18612815211059, 33.45561687530033, 33.8935854775565, 82.48352579591136, 30.562806861110467, 34.71598577751684, 32.263579131434206, 35.83465595346279, 36.416001718511026, 39.74149419390966, 45.716267459606996, 42.46009122253095, 32.14944925257769, 41.564272946150844, 41.527330832506614, 36.78572435732241, 31.537220879206583, 58.645992803825905, 29.18927671038915, 38.506671229367534, 36.86889349720465, 31.7860784076509, 44.22917956397647, 46.31114687238421, 58.72020874830781, 33.59610399115022, 49.27897619822669, 40.463582235669335, 44.73302165036479, 27.260057782369948, 37.11031754307015, 27.255581013109317, 25.905283670576793, 28.168546585809615, 42.6631836664109, 45.40756827056723, 30.172681495626136, 52.43867851943566, 80.15074543221287, 29.5067259167868, 35.60187279231965, 30.609716829168732, 30.864714869746454, 51.09057730215567, 23.693227757852544, 63.13545616593941, 37.70714939460552, 25.490401222592308, 41.951929667639355, 28.445289238420113, 24.248868649598784, 26.691964538009078, 34.54372387840634, 32.33488544080623, 28.46559359030749, 24.832542207505966, 22.816246991435055, 88.13177445830492, 27.20110694441215, 24.643008196795428, 26.409635553915034, 23.289329771011595, 26.91499499164561, 19.588448216675452, 31.662128256742285, 28.785756116190914, 21.37622945270841, 21.124386792460445, 26.82488511100648, 25.868337580766628, 46.44367623707605, 21.1416081322564, 50.69829010332703, 40.14350047439495, 21.390369788679497, 25.02522280859569, 20.187249087782764, 33.62328700918369, 43.431238467100435, 37.21967903016105, 21.779757080885467, 21.72723523901884, 25.623654663247407, 28.503103700264422, 25.92129071553548, 31.840939324999614, 21.973898943139133, 17.244568915594193, 17.963401415991406, 17.794004172875137, 22.559963428154195, 26.357412974039715, 19.01634759751577, 38.48724900099336, 20.406058861465052, 36.45296974787637, 22.623822096163632, 19.551190028114924, 37.47269895846251, 27.326278020465185, 23.364715989935334, 45.049481568513094, 17.872595015026274, 18.457619369345366, 15.31130143322011, 19.340494589830833, 22.746811014003853, 22.271639485838552, 19.353339735162322, 22.858513443558305, 25.448581554271556, 18.522351845231636, 19.24339485168457, 23.663959836202956, 16.226521335581623, 31.482155411331743, 23.259355878073073, 15.893728912192048, 15.74821163863732, 20.08559609468652, 21.299555783549312, 14.87173760631097, 46.29136690008577, 16.398377186406858, 19.0208416489697, 19.444973456165776, 14.645117184472463, 15.089197259731394, 15.509384059401416, 18.74307514372326, 16.245089929570597, 17.734141369976065, 40.736628174151065, 18.47153281156348, 16.657761583883296, 19.463220636680642, 16.978118507950395, 21.20635157792026, 15.839483104685627, 15.136479357563, 33.785888570957084, 13.919440012129526, 16.898521277008864, 17.434499912161044, 17.20294655693902, 13.61192970174961, 17.416092756564023, 25.486416993317782, 16.45802340431819, 15.982397795984985, 21.543633718339223, 22.36692268129379, 14.154146527487134, 20.855268427934597, 14.347766543191577, 13.594577022330471, 14.745882039347654, 30.002903408474392, 15.864481557613958, 22.20962242853074, 12.564780094005444, 14.083991181913508, 18.59850516647258, 11.580235011993892, 13.78159286862328, 13.994527069979874, 20.57101543365963, 16.038330633173544, 13.459328056012511, 15.748092146777601, 18.74339939299084, 18.14154566406573, 14.684816496712822, 13.608386423221972, 12.428327636113243, 16.745505898087114, 19.376430198629066, 12.499844551086426, 16.42425463943885, 28.495243728476225, 16.729978768283097, 24.3941531105647, 13.508663273362256, 18.033248467420144, 13.859936855457446, 16.285766964867, 14.348145384006399, 13.6817562466576, 13.940659745029672, 17.416237679738845, 12.758797246943075, 16.56125467794913, 11.965881806832773, 12.877664086679934, 14.086260709813033, 16.67874023397133, 14.304274523699725, 13.058905137279046, 18.856877261368687, 13.880106840184126, 12.012563397644689, 14.100632097355273, 14.451813950109734, 13.588784490312849, 13.903067659448695, 12.887411829025027, 13.214668072089948, 13.84697511461046, 12.159491660102965, 14.062245520334395, 12.563854727164777, 14.252147351623211, 15.307335152197137, 16.888635060143848, 14.6677877738993, 19.402857003388583, 15.953925334587298, 11.531622049039003, 14.62685243919413, 11.511427904562975, 11.646968730543026, 13.488583781731823, 11.448345608181423, 11.677809609307182, 12.417748955822496, 12.253175129966131, 15.939357474998191, 16.560292677904563, 11.549521673293341, 12.933484304518927, 11.453672050799012, 14.233899040827675, 12.384450776236397, 14.173320593657317, 12.436205757988823, 12.69543436343077, 11.926908306343845, 10.991993732553311, 11.549449501844942, 11.071340979722441, 11.121736359974694, 11.342088245210194, 14.632344947290168, 11.91440200805664, 13.268611312543273, 17382.16579861111, 48.342956522785165, 80.3916856473085, 55.87611984575867, 66.55649110501406, 40.371979042335795, 50.97938440716456, 124.01218886602493, 48.83101956806485, 86.93185566089771, 39.659345616739266, 34.56271763957997, 64.43651611085922, 45.16728315403852, 50.88574426640909, 39.246820803041814, 49.48655307103717, 32.78501005021353, 47.57305349117864, 41.810406740380344, 35.151147398368394, 83.46910850080863, 28.334291337028382, 31.021390359868448, 38.66733203867756, 36.01872542043212, 38.72199899178964, 45.8735425838087, 41.41293030188828, 95.15223516232122, 33.45919434481828, 53.29569609707625, 28.907868218800377, 48.59553210949772, 32.39429495069716, 36.69798233395531, 75.88494533962674, 46.10246309149202, 24.69979726195966, 23.288342269009384, 25.094973205889342, 25.450616089755265, 28.950963852897523, 30.07111434331016, 27.642693302618763, 35.163685440386416, 34.25238899957566, 24.305638187146062, 32.26112670494766, 34.7154014022262, 23.840243859265847, 37.26840689321044, 26.116154120712682, 34.78702222228681, 33.80061534094432, 79.91594732375373, 22.130594485651248, 34.12508908024541, 39.012843540736604, 29.322420634920636, 70.93651288148587, 27.285391358471422, 28.732287200039657, 24.19908267228061, 15.02139157592935, 25.635268640265895, 35.2148009103442, 31.16619506714836, 22.16719578939771, 23.635827503507098, 28.291819264649085, 20.347629335191513, 25.489020685670237, 20.75032809424022, 17.473557507550275, 24.349589857474836, 20.190143877867037, 24.508904300669514, 21.940262496786772, 23.798700645487145, 47.18063586603397, 25.348468275927992, 40.406469456102485, 29.166578857987016, 27.820092498940767, 17.90411802826735, 21.05719214141684, 22.79957613869319, 28.333841293577162, 20.348198249857262, 20.038608379464932, 27.823217987383483, 18.080905737700284, 18.290705070293768, 20.669049167128467, 15.853619903483718, 15.743286430520355, 18.668373632683323, 19.261836884513734, 21.859729020053116, 47.00451878138951, 16.086149710196036, 46.33486645814603, 53.60513263278537, 22.5952413750704, 15.900835829437094, 22.031504373701793, 14.881949924287342, 15.126094686921942, 19.460242518672235, 18.06564055548774, 17.681913017595885, 27.340570369094767, 23.653880780336088, 20.568169114450928, 20.02938350294002, 17.90739817846389, 17.06498823720942, 24.99956724378798, 20.289744392273917, 17.147541212657142, 24.15554317090877, 15.823542398119729, 19.95860077590539, 20.225043927550946, 24.042824023615115, 17.994029988687505, 32.530653635660805, 17.786596343630837, 17.209087497973567, 17.485627391350963, 17.09800597094985, 18.373413610710667, 17.622022255387886, 20.961593981142396, 18.426134977391158, 17.872030909099276, 16.9614602245351, 16.781099526339737, 17.346272619943772, 14.782024958777049, 21.90589501113488, 34.021153041294646, 15.200549837142702, 15.77674294022656, 15.927678653172084, 31.05118415469215, 30.402990896235067, 15.045055838489027, 21.409045002447865, 18.944703056698753, 17.879475800448624, 15.122496145742911, 17.106234040840594, 26.06085205078125, 13.740575472513834, 16.95278914012606, 13.580443442813934, 18.141713041477104, 17.456096926694194, 26.427168376862056, 13.359520811252493, 17.53683373789308, 14.785960268091273, 13.256823221842447, 15.305053125613581, 17.62799020797487, 13.052464934253187, 15.543295436435276, 16.36853827118243, 13.750585434928773, 23.86302665427879, 15.227275429579317, 15.346681609986321, 13.773006171776505, 18.0844301798987, 14.828490474236705, 20.41598856890643, 14.250779747332215, 13.853916238855433, 16.945643127279936, 15.105287173437693, 13.382420837563812, 13.430106576788363, 28.28089962308369, 15.625039696062684, 16.78613907950265, 16.10748155785616, 15.609019334984835, 17.75913363159018, 20.197723852894292, 12.635208780803378, 12.481276623155704, 22.608764759447208, 12.936823496742853, 23.376313971463965, 13.508530460337482, 18.58845417083256, 14.98736679238617, 18.18941994823476, 15.513054287622845, 15.194978658484404, 19.686784779583967, 12.843679412962898, 42.38830320166532, 14.965841903888359, 13.197651464472372, 15.607516253436053, 11.03014360155378, 11.765566038706947, 14.642884521888046, 13.82644083134081, 13.165612710216058, 12.900279140977002, 13.557016589654186, 17.547642505988872, 11.622939473106747, 13.912670544215612, 14.952123737839795, 12.651853556355471, 11.80541655121657, 12.234074809563854, 14.666394465814822, 12.674770446050735, 13.626068423034022, 12.572766556310906, 12.763466713920472, 11.178840566564489, 12.2058735902978, 16.93895051845167, 14.873959077098382, 11.483024637535136, 12.945791234415044, 12.814734161215485, 12.78741747235495, 11.684525918708276, 11.62271416881097, 10.810817774010713, 13.558136748258399, 12.847512749767809, 12.00031997539379, 12.727283795674643, 11.734243882396234, 16.450173297256388, 16.6252197992234, 11.117957710589051, 12.130635362453562, 11.154042380196708, 11.451313099533161, 13.897337519933307, 15.18252016501452]
       best_so_far: [70.74132323895813, 70.74132323895813, 64.9187477757691, 64.9187477757691, 64.9187477757691, 64.9187477757691, 64.9187477757691, 64.9187477757691, 62.33117994681868, 58.5836948414959, 58.5836948414959, 51.750387464250835, 44.320195193013184, 44.320195193013184, 44.320195193013184, 37.14756031137295, 37.14756031137295, 30.629777756948318, 30.629777756948318, 30.629777756948318, 30.629777756948318, 30.629777756948318, 30.629777756948318, 30.629777756948318, 30.629777756948318, 30.629777756948318, 30.629777756948318, 30.629777756948318, 30.629777756948318, 30.629777756948318, 30.629777756948318, 30.629777756948318, 30.629777756948318, 30.629777756948318, 30.629777756948318, 30.629777756948318, 30.629777756948318, 30.629777756948318, 30.629777756948318, 30.629777756948318, 30.629777756948318, 30.629777756948318, 30.629777756948318, 30.629777756948318, 30.629777756948318, 30.629777756948318, 30.629777756948318, 30.629777756948318, 30.629777756948318, 30.629777756948318, 30.629777756948318, 30.629777756948318, 30.629777756948318, 30.629777756948318, 30.629777756948318, 30.629777756948318, 30.629777756948318, 30.629777756948318, 30.629777756948318, 30.629777756948318, 30.629777756948318, 30.629777756948318, 30.629777756948318, 30.629777756948318, 30.629777756948318, 30.629777756948318, 30.629777756948318, 30.629777756948318, 30.514728899355287, 30.514728899355287, 30.514728899355287, 30.514728899355287, 30.514728899355287, 30.514728899355287, 30.514728899355287, 30.514728899355287, 30.514728899355287, 30.514728899355287, 30.514728899355287, 30.514728899355287, 30.514728899355287, 30.514728899355287, 30.514728899355287, 30.514728899355287, 30.514728899355287, 30.514728899355287, 30.514728899355287, 30.514728899355287, 30.514728899355287, 30.514728899355287, 30.514728899355287, 30.514728899355287, 30.514728899355287, 30.514728899355287, 24.982896401137904, 24.982896401137904, 24.982896401137904, 24.982896401137904, 24.982896401137904, 24.982896401137904, 24.982896401137904, 24.982896401137904, 24.982896401137904, 24.982896401137904, 24.982896401137904, 24.982896401137904, 24.982896401137904, 24.982896401137904, 24.982896401137904, 24.982896401137904, 24.982896401137904, 24.982896401137904, 24.982896401137904, 24.982896401137904, 24.982896401137904, 24.982896401137904, 24.982896401137904, 24.982896401137904, 24.982896401137904, 24.982896401137904, 24.982896401137904, 24.982896401137904, 24.982896401137904, 24.982896401137904, 24.982896401137904, 24.982896401137904, 24.982896401137904, 24.982896401137904, 24.982896401137904, 24.982896401137904, 24.982896401137904, 24.982896401137904, 24.982896401137904, 24.982896401137904, 24.982896401137904, 24.982896401137904, 24.87012830865446, 24.87012830865446, 24.87012830865446, 24.87012830865446, 24.87012830865446, 24.87012830865446, 24.87012830865446, 24.87012830865446, 24.87012830865446, 24.87012830865446, 24.87012830865446, 24.87012830865446, 24.87012830865446, 24.87012830865446, 24.87012830865446, 24.87012830865446, 24.87012830865446, 24.87012830865446, 24.87012830865446, 24.87012830865446, 24.87012830865446, 24.87012830865446, 24.87012830865446, 24.87012830865446, 24.87012830865446, 24.87012830865446, 24.87012830865446, 24.87012830865446, 24.189991703739874, 24.189991703739874, 24.189991703739874, 24.189991703739874, 24.189991703739874, 24.189991703739874, 24.189991703739874, 24.189991703739874, 24.189991703739874, 24.189991703739874, 24.189991703739874, 24.189991703739874, 24.189991703739874, 24.189991703739874, 24.189991703739874, 24.189991703739874, 24.189991703739874, 24.189991703739874, 24.189991703739874, 24.189991703739874, 24.189991703739874, 24.189991703739874, 24.189991703739874, 24.189991703739874, 24.189991703739874, 24.189991703739874, 24.189991703739874, 24.189991703739874, 24.189991703739874, 24.189991703739874, 24.189991703739874, 24.189991703739874, 24.189991703739874, 24.189991703739874, 23.86524239797441, 23.86524239797441, 23.86524239797441, 23.86524239797441, 23.86524239797441, 23.86524239797441, 23.86524239797441, 23.86524239797441, 23.86524239797441, 23.86524239797441, 23.86524239797441, 23.86524239797441, 22.886820000946205, 22.886820000946205, 22.886820000946205, 22.886820000946205, 22.886820000946205, 22.886820000946205, 22.749407934764076, 22.749407934764076, 22.749407934764076, 22.749407934764076, 22.749407934764076, 22.749407934764076, 22.749407934764076, 22.749407934764076, 22.749407934764076, 22.749407934764076, 22.749407934764076, 22.749407934764076, 22.749407934764076, 22.749407934764076, 22.749407934764076, 22.749407934764076, 22.749407934764076, 22.749407934764076, 22.749407934764076, 22.749407934764076, 22.749407934764076, 22.749407934764076, 22.749407934764076, 22.749407934764076, 22.749407934764076, 22.749407934764076, 22.749407934764076, 22.749407934764076, 22.749407934764076, 22.53428008064391, 21.487083162580216, 21.487083162580216, 21.487083162580216, 21.487083162580216, 21.487083162580216, 21.487083162580216, 21.487083162580216, 21.487083162580216, 21.487083162580216, 21.487083162580216, 21.487083162580216, 21.487083162580216, 21.487083162580216, 21.487083162580216, 21.487083162580216, 21.487083162580216, 21.487083162580216, 21.487083162580216, 21.487083162580216, 21.487083162580216, 21.487083162580216, 21.487083162580216, 19.5189596004587, 19.5189596004587, 19.5189596004587, 19.5189596004587, 19.5189596004587, 19.5189596004587, 19.5189596004587, 19.5189596004587, 19.5189596004587, 19.5189596004587, 19.5189596004587, 19.5189596004587, 19.5189596004587, 19.5189596004587, 19.5189596004587, 19.5189596004587, 19.5189596004587, 19.5189596004587, 19.5189596004587, 19.5189596004587, 19.5189596004587, 19.5189596004587, 19.5189596004587, 19.5189596004587, 19.5189596004587, 19.5189596004587, 19.5189596004587, 19.5189596004587, 19.5189596004587, 19.5189596004587, 19.5189596004587, 19.5189596004587, 19.5189596004587, 19.5189596004587, 19.5189596004587, 19.5189596004587, 19.5189596004587, 19.40371635477379, 19.40371635477379, 19.40371635477379, 19.40371635477379, 19.40371635477379, 19.40371635477379, 19.40371635477379, 19.40371635477379, 19.40371635477379, 19.40371635477379, 19.40371635477379, 19.40371635477379, 19.40371635477379, 19.40371635477379, 19.40371635477379, 19.40371635477379, 19.40371635477379, 19.40371635477379, 19.40371635477379, 19.40371635477379, 18.55007640394584, 18.55007640394584, 18.55007640394584, 18.55007640394584, 18.55007640394584, 18.55007640394584, 18.55007640394584, 18.55007640394584, 18.55007640394584, 18.55007640394584, 18.55007640394584, 18.55007640394584, 18.55007640394584, 18.55007640394584, 18.55007640394584, 18.55007640394584, 18.55007640394584, 18.55007640394584, 18.55007640394584, 18.55007640394584, 18.55007640394584, 18.36338041699122, 18.36338041699122, 18.36338041699122, 18.36338041699122, 18.36338041699122, 18.36338041699122, 18.36338041699122, 18.36338041699122, 18.36338041699122, 18.36338041699122, 18.36338041699122, 18.36338041699122, 18.36338041699122, 18.36338041699122, 18.095810400745854, 18.095810400745854, 18.095810400745854, 18.095810400745854, 18.095810400745854, 18.095810400745854, 18.095810400745854, 18.095810400745854, 18.095810400745854, 18.095810400745854, 18.095810400745854, 18.095810400745854, 18.095810400745854, 18.095810400745854, 18.095810400745854, 18.095810400745854, 17.55895614119434, 17.55895614119434, 17.55895614119434, 17.55895614119434, 17.031753479488312, 17.031753479488312, 17.031753479488312, 17.031753479488312, 17.031753479488312, 17.031753479488312, 17.031753479488312, 17.031753479488312, 17.031753479488312, 17.031753479488312, 17.031753479488312, 17.031753479488312, 17.031753479488312, 17.031753479488312, 17.031753479488312, 16.96929088471428, 16.96929088471428, 16.96929088471428, 16.96929088471428, 16.96929088471428, 16.96929088471428, 16.96929088471428, 16.96929088471428, 16.96929088471428, 16.96929088471428, 16.96929088471428, 16.96929088471428, 16.96929088471428, 16.923271330576096, 16.923271330576096, 16.923271330576096, 16.923271330576096, 16.923271330576096, 16.923271330576096, 16.923271330576096, 16.923271330576096, 16.923271330576096, 16.923271330576096, 16.923271330576096, 16.923271330576096, 16.544646525509144, 16.3812244909781, 16.3812244909781, 16.3812244909781, 16.3812244909781, 16.3812244909781, 16.3812244909781, 16.3812244909781, 16.3812244909781, 16.3812244909781, 16.3812244909781, 16.3812244909781, 16.3812244909781, 16.157695023471085, 16.157695023471085, 16.09199909936814, 16.09199909936814, 16.09199909936814, 16.09199909936814, 16.09199909936814, 16.09199909936814, 16.09199909936814, 15.961694217863537, 15.961694217863537, 15.961694217863537, 15.961694217863537, 15.961694217863537, 15.783152797234752, 15.783152797234752, 15.783152797234752, 15.783152797234752, 15.783152797234752, 15.783152797234752, 15.783152797234752, 15.783152797234752, 15.783152797234752, 15.783152797234752, 15.783152797234752, 15.783152797234752, 15.783152797234752, 15.783152797234752, 15.783152797234752, 15.783152797234752, 15.783152797234752, 15.783152797234752, 15.783152797234752, 15.36264283316476, 15.36264283316476, 15.36264283316476, 15.239894624740359, 15.239894624740359, 15.239894624740359, 15.239894624740359, 15.239894624740359, 15.239894624740359, 15.239894624740359, 15.239894624740359, 15.239894624740359, 15.239894624740359, 15.239894624740359, 15.239894624740359, 15.239894624740359, 15.239894624740359, 15.239894624740359, 15.132601399901052, 15.132601399901052, 15.132601399901052, 15.132601399901052, 15.132601399901052, 15.132601399901052, 15.132601399901052, 15.132601399901052, 15.004677787659661, 15.004677787659661, 15.004677787659661, 15.004677787659661, 15.004677787659661, 15.004677787659661, 15.004677787659661, 14.976387266128782, 14.797020286479324, 14.797020286479324, 14.797020286479324, 14.797020286479324, 14.797020286479324, 14.797020286479324, 14.797020286479324, 14.770881223930884, 14.702150940264344, 14.702150940264344, 14.702150940264344, 14.702150940264344, 14.702150940264344, 14.630002329589198, 14.630002329589198, 14.630002329589198, 14.630002329589198, 14.630002329589198, 14.630002329589198, 14.472882008426405, 14.472882008426405, 14.472882008426405, 14.472882008426405, 14.472882008426405, 14.472882008426405, 14.472882008426405, 14.472882008426405, 14.472882008426405, 14.472882008426405, 14.472882008426405, 14.350326709646396, 14.350326709646396, 14.350326709646396, 14.350326709646396, 14.350326709646396, 14.350326709646396, 14.350326709646396, 14.350326709646396, 14.350326709646396, 14.350326709646396, 14.350326709646396, 14.350326709646396, 14.350326709646396, 14.350326709646396, 14.334974596740077, 14.334974596740077, 14.334974596740077, 14.334974596740077, 14.334974596740077, 14.279146401339737, 14.279146401339737, 13.981519689004887, 13.981519689004887, 13.981519689004887, 13.981519689004887, 13.981519689004887, 13.981519689004887, 13.816985972974667, 13.816985972974667, 13.816985972974667, 13.816985972974667, 13.816985972974667, 13.816985972974667, 13.816985972974667, 13.816985972974667, 13.686137658578378, 13.686137658578378, 13.613733695297645, 13.613733695297645, 13.613733695297645, 13.613733695297645, 13.613733695297645, 13.613733695297645, 13.613733695297645, 13.613733695297645, 13.613733695297645, 13.613733695297645, 13.613733695297645, 13.613733695297645, 13.613733695297645, 13.613733695297645, 13.512868644068481, 13.373538168649825, 13.373538168649825, 13.373538168649825, 13.373538168649825, 13.373538168649825, 13.373538168649825, 13.368379592895508, 13.368379592895508, 13.368379592895508, 13.368379592895508, 13.368379592895508, 13.368379592895508, 13.194303250186659, 13.194303250186659, 13.194303250186659, 13.194303250186659, 13.194303250186659, 13.128984622854404, 13.128984622854404, 13.062393546735168, 13.062393546735168, 13.005934251048577, 12.993129054074565, 12.822234400996456, 12.822234400996456, 12.822234400996456, 12.77962539309547, 12.77962539309547, 12.77962539309547, 12.77962539309547, 12.77962539309547, 12.769178582246973, 12.768464522386985, 12.768464522386985, 12.768464522386985, 12.768464522386985, 12.768464522386985, 12.768464522386985, 12.768464522386985, 12.757978903553473, 12.757978903553473, 12.757978903553473, 12.757978903553473, 12.722773874878254, 12.722773874878254, 12.722773874878254, 12.722773874878254, 12.722773874878254, 12.660764865774325, 12.660764865774325, 12.660764865774325, 12.660764865774325, 12.660764865774325, 12.660764865774325, 12.660764865774325, 12.634483453457948, 12.511852158440483, 12.483176049732027, 12.483176049732027, 12.483176049732027, 12.483176049732027, 12.334452013490061, 12.334452013490061, 12.334452013490061, 12.334452013490061, 12.333406034600797, 12.333406034600797, 12.333406034600797, 12.333406034600797, 12.333406034600797, 12.333406034600797, 12.333406034600797, 12.333406034600797, 12.314125015622093, 12.314125015622093, 12.158790220028509, 12.158790220028509, 12.14715664979642, 12.14715664979642, 12.14715664979642, 12.14715664979642, 12.14715664979642, 12.14715664979642, 12.14715664979642, 12.14715664979642, 12.14715664979642, 12.14715664979642, 12.14715664979642, 12.100058404226152, 12.100058404226152, 12.100058404226152, 12.100058404226152, 12.100058404226152, 12.100058404226152, 12.100058404226152, 12.07956544179765, 11.991884579734197, 11.991884579734197, 11.981505883433831, 11.981505883433831, 11.981505883433831, 11.981505883433831, 11.97997680542961, 11.97997680542961, 11.97997680542961, 11.97997680542961, 11.97997680542961, 11.90991668600254, 11.90991668600254, 11.90991668600254, 11.90991668600254, 11.854046200949048, 11.854046200949048, 11.837275131669625, 11.837275131669625, 11.775136205885145, 11.775136205885145, 11.775136205885145, 11.730983542386817, 11.64747085773125, 11.64747085773125, 11.64747085773125, 11.64747085773125, 11.64747085773125, 11.64747085773125, 11.64747085773125, 11.599802062624978, 11.599802062624978, 11.59913353188328, 11.59913353188328, 11.59913353188328, 11.59913353188328, 11.59913353188328, 11.59913353188328, 11.59913353188328, 11.59913353188328, 11.551955223083496, 11.551955223083496, 11.551955223083496, 11.551955223083496, 11.551955223083496, 11.545264905091948, 11.545264905091948, 11.545264905091948, 11.545264905091948, 11.503829274858747, 11.503829274858747, 11.503829274858747, 11.503829274858747, 11.467837056154927, 11.467837056154927, 11.467837056154927, 11.467837056154927, 11.43316713464323, 11.422205274067228, 11.417159342891955, 11.410720739415083, 11.410720739415083, 11.410720739415083, 11.410720739415083, 11.410720739415083, 11.410720739415083, 11.410720739415083, 11.410720739415083, 11.324225491316861, 11.2607744408663, 11.2607744408663, 11.2607744408663, 11.2607744408663, 11.19210427904886, 11.19210427904886, 11.177872360068024, 11.177872360068024, 11.143671141730415, 11.143671141730415, 11.143671141730415, 11.118430374791382, 11.118430374791382, 11.118430374791382, 11.118430374791382, 11.118430374791382, 11.118430374791382, 11.118430374791382, 11.085395979502845, 11.072871541220044, 10.996969117058647, 10.996969117058647, 10.98654227786594, 10.98654227786594, 10.98654227786594, 10.98654227786594, 10.98654227786594, 10.98654227786594, 10.98196428793448, 10.98196428793448, 10.932479399221915, 10.932479399221915, 10.932349926580198, 10.932349926580198, 10.932349926580198, 10.932349926580198, 10.932349926580198, 10.888333345847155, 10.888333345847155, 10.86339475238134, 10.846900263791362, 10.846900263791362, 10.846900263791362, 10.805802158577732, 10.805802158577732, 10.761683115883478, 10.761683115883478, 10.752809544719716, 10.743282419033152, 10.742521074083117, 10.742521074083117, 10.737273564414373, 10.710652396792458, 10.693357957103265, 10.693357957103265, 10.693357957103265, 10.64725748193327, 10.603806626859797, 10.603806626859797, 10.603806626859797, 10.603806626859797, 10.603806626859797, 10.603806626859797, 10.603806626859797, 10.584101142075957, 10.584101142075957, 10.584101142075957, 10.576701477091149, 10.576701477091149, 10.576701477091149, 10.57627560348107, 10.57627560348107, 10.57627560348107, 10.562465465888776, 10.562465465888776, 10.562465465888776, 10.562465465888776, 10.560480617341542, 10.560480617341542, 10.560480617341542, 10.542788707390033, 10.542788707390033, 10.53868414359118, 10.516965487646678, 10.495373630019092, 10.495373630019092, 10.490277012819966, 10.490277012819966, 10.485170803372823, 10.485170803372823, 10.485170803372823, 10.46644626597248, 10.46644626597248, 10.46644626597248, 10.443807147798085, 10.443807147798085, 10.436949452395162, 10.436949452395162, 10.436949452395162, 10.43519144714194, 10.42781058821098, 10.418523828819316, 10.418523828819316, 10.418523828819316, 10.39647855708208, 10.366973185665392, 10.358287533755025, 10.337731971942558, 10.337731971942558, 10.337136132376534, 10.282635542450759, 10.282635542450759, 10.282635542450759, 10.274241699743524, 10.274241699743524, 10.274241699743524, 10.274241699743524, 10.274241699743524, 10.26514826880561, 10.26514826880561, 10.26514826880561, 10.256172346690345, 10.25195188370962, 10.227977782960922, 10.227977782960922, 10.227977782960922, 10.209377132395588, 10.209377132395588, 10.195269297039697, 10.195269297039697, 10.195269297039697, 10.193864776974632, 10.193864776974632, 10.193864776974632, 10.193864776974632, 10.193864776974632, 10.193864776974632, 10.193864776974632, 10.187739225922439, 10.187739225922439, 10.187739225922439, 10.187739225922439, 10.187739225922439, 10.182829150447139, 10.182829150447139, 10.182829150447139, 10.182829150447139, 10.182829150447139, 10.182829150447139, 10.182829150447139, 10.180486356139813, 10.141011439933978, 10.141011439933978, 10.141011439933978, 10.13692480924899, 10.13692480924899, 10.112233908718856, 10.112233908718856, 10.112233908718856, 10.111798513503302, 10.111798513503302, 10.111798513503302, 10.102264903840565, 10.092486426943825, 10.088664665424004, 10.088664665424004, 10.088664665424004, 10.088664665424004, 10.08148293268113, 10.08148293268113, 10.08148293268113, 10.075365122033174, 10.075365122033174, 10.059896438840836, 10.051543750460185, 10.04507295921366, 10.04507295921366, 10.028520291444487, 10.026518216208807, 10.026518216208807, 10.026518216208807, 10.026518216208807, 10.026518216208807, 10.026518216208807, 10.020396131687063, 10.020396131687063, 10.020396131687063, 10.020396131687063, 10.01519326305894, 10.014685994102841, 10.008836191167276, 10.004097499544658, 10.001553510231947, 10.001553510231947, 10.001110445254694, 10.001110445254694, 9.991982833418266, 9.991366295587449, 9.991366295587449, 9.991366295587449, 9.982199028055504, 9.981629674396817, 9.981629674396817, 9.981629674396817, 9.981629674396817, 9.981629674396817, 9.981629674396817, 9.981629674396817, 9.977171231829931, 9.977171231829931, 9.977128371990547, 9.977128371990547, 9.977128371990547, 9.977128371990547, 9.977128371990547, 9.969417057340108, 9.969417057340108, 9.969417057340108, 9.969417057340108, 9.969417057340108, 9.966839073827026, 9.966839073827026, 9.964936680263943, 9.96326174054827, 9.96326174054827, 9.962930109135058, 9.962930109135058, 9.962930109135058, 9.950416095673091, 9.950416095673091, 9.929228202375786, 9.929228202375786, 9.929228202375786, 9.929228202375786, 9.926948996448012, 9.916141111383993, 9.916141111383993, 9.909428949709293, 9.882362310217802, 9.875846065541424, 9.868212321447947, 9.86621687651942, 9.86621687651942, 9.86621687651942, 9.859622107611763, 9.859622107611763, 9.859622107611763, 9.859622107611763, 9.85920270284017, 9.85920270284017, 9.854019709995814, 9.85015730378489, 9.849340963615942, 9.849340963615942, 9.848994754609608, 9.846969468252999, 9.846290028284466, 9.838210090758308, 9.830820694171562, 9.829601837844445, 9.826905179906774, 9.823812595750919, 9.823812595750919, 9.818425017059164, 9.818425017059164, 9.818425017059164, 9.815217608497257, 9.811933007820574, 9.806830098389318, 9.806830098389318, 9.806830098389318, 9.80644733186752, 9.80644733186752, 9.80644733186752, 9.80644733186752, 9.80644733186752, 9.80644733186752, 9.80644733186752, 9.801003102903012, 9.794003527000468, 9.794003527000468, 9.794003527000468, 9.794003527000468, 9.794003527000468, 9.794003527000468, 9.794003527000468, 9.788822895635374, 9.788822895635374, 9.788822895635374, 9.788822895635374, 9.784622207520501, 9.784622207520501, 9.780845021444653, 9.780845021444653, 9.780845021444653, 9.778580988525714, 9.778541125948466, 9.778541125948466, 9.778541125948466, 9.778541125948466, 9.768801012997905, 9.760457694845856, 9.758203834452956, 9.758203834452956, 9.756257001685087, 9.756257001685087, 9.754837359070148, 9.74637996330463, 9.741418051341224, 9.741418051341224, 9.741418051341224, 9.741418051341224, 9.741418051341224, 9.741418051341224, 9.741418051341224, 9.741418051341224, 9.741418051341224, 9.741418051341224, 9.741418051341224, 9.728396133140281, 9.728396133140281, 9.728396133140281, 9.724313367611517, 9.723792242625404, 9.716022940539808, 9.716022940539808, 9.70635738070049, 9.70635738070049, 9.703406924293155, 9.703406924293155, 9.698917146713015, 9.698917146713015, 9.698917146713015, 9.698917146713015, 9.698917146713015, 9.698917146713015, 9.698917146713015, 9.698917146713015, 9.698917146713015, 9.698917146713015, 9.698917146713015, 9.693942322302117, 9.693942322302117, 9.685893321163439, 9.684007225843965, 9.684007225843965, 9.684007225843965, 9.677969438058359, 9.677969438058359, 9.677969438058359, 9.677969438058359, 9.671829279137667, 9.671829279137667, 9.671829279137667, 9.671829279137667, 9.671829279137667, 9.667176983343861, 9.667176983343861, 9.667176983343861, 9.667176983343861, 9.667176983343861, 9.667176983343861, 9.662446728459111, 9.662446728459111, 9.662446728459111, 9.659818674521471, 9.659818674521471, 9.659818674521471, 9.658451509223413, 9.658451509223413, 9.658451509223413, 9.656314143428096, 9.654830458302976, 9.654830458302976, 9.652945846476882, 9.65019570204316, 9.65019570204316, 9.65019570204316, 9.65019570204316, 9.64318245176285, 9.638315907231084, 9.637989261162975, 9.637989261162975, 9.637989261162975, 9.637989261162975, 9.637989261162975, 9.637989261162975, 9.637989261162975, 9.637989261162975, 9.637989261162975, 9.636213615457848, 9.62576087568172, 9.618654649724405, 9.618654649724405, 9.614063782666726, 9.614063782666726, 9.614063782666726, 9.608120343041799, 9.608120343041799, 9.608120343041799, 9.60599662134887, 9.604292309473431, 9.604292309473431, 9.604292309473431, 9.604292309473431, 9.604292309473431, 9.604292309473431, 9.604292309473431, 9.604292309473431, 9.598656725000453, 9.598656725000453, 9.598656725000453, 9.593492174905444, 9.593492174905444, 9.593001673461268, 9.593001673461268, 9.592448224466313, 9.592448224466313, 9.592448224466313, 9.592448224466313, 9.589120299727828, 9.585029158011945, 9.585029158011945, 9.585029158011945, 9.585029158011945, 9.585029158011945, 9.585029158011945, 9.585029158011945, 9.582809014295144, 9.582809014295144, 9.581929363270916, 9.579964960693683, 9.579964960693683, 9.579964960693683, 9.579510729148906, 9.579510729148906, 9.57610666688788, 9.575577645074754, 9.57271559276278, 9.567995687010427, 9.567995687010427, 9.566028998642372, 9.566028998642372, 9.565457707359677, 9.561321122305733, 9.561321122305733, 9.558291157717427, 9.558074184195705, 9.558074184195705, 9.558074184195705, 9.558074184195705, 9.55400674305265, 9.552275617286641, 9.551261155062882, 9.551261155062882, 9.551261155062882, 9.5479799603659, 9.5479799603659, 9.5479799603659, 9.5479799603659, 9.5479799603659, 9.542537820402277, 9.542537820402277, 9.542138331781619, 9.539297129111315, 9.537393307559705, 9.535476790534126, 9.535476790534126, 9.534374918256487, 9.534374918256487, 9.534374918256487, 9.534374918256487, 9.529664756129028, 9.529664756129028, 9.529664756129028, 9.528417668014606, 9.528417668014606, 9.528008839440725, 9.528008839440725, 9.528008839440725, 9.528008839440725, 9.528008839440725, 9.528008839440725, 9.524592863819587, 9.524592863819587, 9.524592863819587, 9.524592863819587, 9.524592863819587, 9.524592863819587, 9.524592863819587, 9.524592863819587, 9.524592863819587, 9.522963100009495, 9.522963100009495, 9.522963100009495, 9.52161592655081, 9.52161592655081, 9.52161592655081, 9.520854213250377, 9.520854213250377, 9.519741209726485, 9.519741209726485, 9.519741209726485, 9.519741209726485, 9.519384116722794, 9.517513063218859, 9.517513063218859, 9.517513063218859, 9.517513063218859, 9.517091327243381, 9.514818892907844, 9.51451316207805, 9.513970173225202, 9.513970173225202, 9.513970173225202, 9.513970173225202, 9.513970173225202, 9.513970173225202, 9.513970173225202, 9.510552481999474, 9.510552481999474, 9.506701620798262, 9.505923932191557, 9.505923932191557, 9.505923932191557, 9.505923932191557, 9.505923932191557, 9.505669760325599, 9.503437693156894, 9.501633982179026, 9.499934246931126, 9.498713296557229, 9.498713296557229, 9.498370680228742, 9.498370680228742, 9.497814400486215, 9.497483384672297, 9.497483384672297, 9.495616968346651, 9.495616968346651, 9.494632357642764, 9.494632357642764, 9.491716662411967, 9.490362096715856, 9.490362096715856, 9.488455182030087, 9.486531161757373, 9.485521361941384, 9.482957875287092, 9.48053326682439, 9.479599972881337, 9.479599972881337, 9.479599972881337, 9.47939797557851, 9.47785531402265, 9.47785531402265, 9.47701101959067, 9.476801493811228, 9.476309544194944, 9.475734448306776, 9.475734448306776, 9.475731915267056, 9.475731915267056, 9.475731915267056, 9.475731915267056, 9.475731915267056, 9.475731915267056, 9.472211519877115, 9.472211519877115, 9.47015354116127, 9.470006256507187, 9.470006256507187, 9.470006256507187, 9.470006256507187, 9.470006256507187, 9.470006256507187, 9.469087333275528, 9.467821196904259, 9.467821196904259, 9.467751851157537, 9.466471323891291, 9.46492186046782, 9.464616149821609, 9.464616149821609, 9.463830302001307, 9.463502540790214, 9.463502540790214, 9.463502540790214, 9.462148959043795, 9.462148959043795, 9.462148959043795, 9.460787641939032, 9.458696284622112, 9.458696284622112, 9.457528613862538, 9.454771526276119, 9.454771526276119, 9.454771526276119, 9.454304649716331, 9.454304649716331, 9.454304649716331, 9.453872806811459, 9.453548744242028, 9.453548744242028, 9.453428147331117, 9.453428147331117, 9.453428147331117, 9.453428147331117, 9.450493646046471, 9.450493646046471, 9.44880700994421, 9.44880700994421, 9.448418102567159, 9.448418102567159, 9.447459569053045, 9.447459569053045, 9.445962487074434, 9.444233152601454, 9.444233152601454, 9.444233152601454, 9.444233152601454, 9.444233152601454, 9.444233152601454, 9.444233152601454, 9.444233152601454, 9.443979172479539, 9.443688680255224, 9.443688680255224, 9.443549014903882, 9.443549014903882, 9.443549014903882, 9.443549014903882, 9.443549014903882, 9.443549014903882, 9.443549014903882, 9.443235382201179, 9.443235382201179, 9.44159121740432, 9.44159121740432, 9.44159121740432, 9.44159121740432, 9.440179153724953, 9.440179153724953, 9.439866525155526, 9.438129636976454, 9.437363074570106, 9.437363074570106, 9.43619341068167, 9.435516544120022, 9.435516544120022, 9.435516544120022, 9.435516544120022, 9.434175607388612, 9.431833675929479, 9.429159174520503, 9.429159174520503, 9.429041166154166, 9.428603086522017, 9.428587555254579, 9.428587555254579, 9.428587555254579, 9.428444347684346, 9.428444347684346, 9.428444347684346, 9.42806291832495, 9.42806291832495, 9.42806291832495, 9.42806291832495, 9.427830433719373, 9.427764948082979, 9.426247833897827, 9.425985598690295, 9.425985598690295, 9.425796463375999, 9.425796463375999, 9.425796463375999, 9.425796463375999, 9.424547932135365, 9.424547932135365, 9.424207798387638, 9.42373066352158, 9.423224691360716, 9.423224691360716, 9.423224691360716, 9.422522121005589, 9.421655861788956, 9.421655861788956, 9.421613980853369, 9.421613980853369, 9.419071656686288, 9.419071656686288, 9.418794626912112, 9.417793223466823, 9.417271901690771, 9.41660426407264, 9.416230549888006, 9.416132609049479, 9.415708900128722, 9.415708900128722, 9.415708900128722, 9.415708900128722, 9.414865165791184, 9.413838482407666, 9.413160631896327, 9.413160631896327, 9.413160631896327, 9.413047407039258, 9.412703559512185, 9.41199788088521, 9.41149574865109, 9.410768362580153, 9.409360951216764, 9.408854741898795, 9.408054604101434, 9.408054604101434, 9.40718336963149, 9.40718336963149, 9.406602491146673, 9.406602491146673, 9.405492500022605, 9.404443957818248, 9.40427365378728, 9.40427365378728, 9.40427365378728, 9.40427365378728, 9.403322356087822, 9.402239163716635, 9.402005700207262, 9.402005700207262, 9.401707957030604, 9.401307893177819, 9.40107426819978, 9.400346256437755, 9.398259319325604, 9.398259319325604, 9.398259319325604, 9.398259319325604, 9.398259319325604, 9.398259319325604, 9.398259319325604, 9.397612808873413, 9.397612808873413, 9.397433649295222, 9.397433649295222, 9.397422851078094, 9.397294826608487, 9.397294826608487, 9.396859375888077, 9.396859375888077, 9.396859375888077, 9.396852730443237, 9.396852730443237, 9.396669498827091, 9.395542942026935, 9.395542942026935, 9.395542942026935, 9.395092817841384, 9.395092817841384, 9.395092817841384, 9.394145334839191, 9.393348012651716, 9.39209087815865, 9.392045500417234, 9.391539634220184, 9.391539634220184, 9.391519097424059, 9.390687412685818, 9.390484042899319, 9.3902821566062, 9.390235027938923, 9.389009839012509, 9.389009839012509, 9.389009839012509, 9.389009839012509, 9.388598734739595, 9.388132029740268, 9.388132029740268, 9.388132029740268, 9.387953299063224, 9.387953299063224, 9.387774220219365, 9.387702881343781, 9.387499385409885, 9.386707361413057, 9.386574033706907, 9.386574033706907, 9.38650996596725, 9.386352024381123, 9.386352024381123, 9.386352024381123, 9.386352024381123, 9.385797056571516, 9.385197664694811, 9.385059977334643, 9.385059977334643, 9.385059977334643, 9.384929253310753, 9.38463581428326, 9.38462476377134, 9.384616660062598, 9.384616660062598, 9.384616660062598, 9.38352480388823, 9.383384159633092, 9.383384159633092, 9.383384159633092, 9.383384159633092, 9.383384159633092, 9.38302470515014, 9.382333745401372, 9.382333745401372, 9.38220942461932, 9.38220942461932, 9.382189029108279, 9.382189029108279, 9.38121413175391, 9.38121413175391, 9.38121413175391, 9.380735114768699, 9.380492255801247, 9.380123103106463, 9.379940961403822, 9.379690412491087, 9.379690412491087, 9.379448143893448, 9.37932185016612, 9.37932185016612, 9.37932185016612, 9.37932185016612, 9.379256985174916, 9.379256985174916, 9.37913753872826, 9.37913753872826, 9.37913753872826, 9.37913753872826, 9.37913753872826, 9.37913753872826, 9.37913753872826, 9.37905783375735, 9.378157867956414, 9.378157867956414, 9.378157867956414, 9.378157867956414, 9.378157867956414, 9.378157867956414, 9.378157867956414, 9.378157867956414, 9.378157867956414, 9.377205783097201, 9.377205783097201, 9.377205783097201, 9.377174337074239, 9.377111394569356, 9.37708216874057, 9.37708216874057, 9.37708216874057, 9.376703257283205, 9.376075976740115, 9.376075976740115, 9.376075976740115, 9.375794461164524, 9.375794461164524, 9.375705602938536, 9.375705602938536, 9.375705602938536, 9.375626786045297, 9.375088394003571, 9.374976102637236, 9.374562107065998, 9.374562107065998, 9.374562107065998, 9.374562107065998, 9.37404825321581, 9.37404825321581, 9.37404825321581, 9.37404825321581, 9.37395536836493, 9.373715441062968, 9.37329898814045, 9.37329898814045, 9.372883039807517, 9.372883039807517, 9.372750897886892, 9.372750897886892, 9.372750897886892, 9.372074566190205, 9.371669739011734, 9.371222995576405, 9.37090107751271, 9.37090107751271, 9.370659167173677, 9.370124529278467, 9.370124529278467, 9.370124529278467, 9.370124529278467, 9.370124529278467, 9.369773350064717, 9.369671428014362, 9.369671428014362, 9.369670484431836, 9.36958223171335, 9.36958223171335, 9.369393560621473, 9.369194404158012, 9.369194404158012, 9.369090559621336, 9.369090559621336, 9.369090559621336, 9.369090559621336, 9.369079912781086, 9.369079912781086, 9.368733406066895, 9.368733406066895, 9.368733406066895, 9.368419732997026, 9.368383937411839, 9.368383937411839, 9.368383937411839, 9.368383937411839, 9.368383937411839, 9.368383937411839, 9.368126763237846, 9.368126763237846, 9.368126763237846, 9.368126763237846, 9.367878464794664, 9.367878464794664, 9.367878464794664, 9.36781605715474, 9.36781605715474, 9.367790898318013, 9.367581084922508, 9.367320136418419, 9.367320136418419, 9.367320136418419, 9.367320136418419, 9.367272896741433, 9.366951049320281, 9.366951049320281, 9.366951049320281, 9.366951049320281, 9.366842643293754, 9.366842643293754, 9.366433289946702, 9.366131207299611, 9.366131207299611, 9.366131207299611, 9.366099695680003, 9.366099695680003, 9.366099695680003, 9.366099695680003, 9.366099695680003, 9.365724392038175, 9.365604541919849, 9.365604541919849, 9.365604541919849, 9.365604541919849, 9.365604541919849, 9.36535986642989, 9.36535986642989, 9.36535986642989, 9.365215548762569, 9.365023542333532, 9.365023542333532, 9.364865661298156, 9.364865661298156, 9.364865661298156, 9.364471132793124, 9.364471132793124, 9.364402912281177, 9.364079672192771, 9.363913389740798, 9.363877755624276, 9.363877755624276, 9.363877755624276, 9.363864368862576, 9.363600377683285, 9.363600377683285, 9.363162974201183, 9.363162974201183, 9.363162974201183, 9.363108766142023, 9.362798327491397, 9.362726403291894, 9.362703585750841, 9.362432646372962, 9.362366484586524, 9.36227837315312, 9.36227837315312, 9.36227837315312, 9.362168120328711, 9.362168120328711, 9.362054506937662, 9.362054506937662, 9.361918363621626, 9.361918363621626, 9.361770443184666, 9.3617118603338, 9.3617118603338, 9.36135492375288, 9.36135492375288, 9.36135492375288, 9.36135492375288, 9.36135492375288, 9.36135492375288, 9.361072257713035, 9.361072257713035, 9.361072257713035, 9.361072257713035, 9.361072257713035, 9.360994217887757, 9.360994217887757, 9.36082175925926, 9.36082175925926, 9.36082175925926, 9.36082175925926, 9.36082175925926, 9.360536978989051, 9.360493155383558, 9.360286869069256, 9.360182777283685, 9.360182777283685, 9.360182777283685, 9.360182777283685, 9.360182777283685, 9.360069264810551, 9.360069264810551, 9.35996169135684, 9.359897679122037, 9.359691685469693, 9.359691685469693, 9.359601767605575, 9.359533743883567, 9.359469201829699, 9.359299089542773, 9.359299089542773, 9.359299089542773, 9.359208833603631, 9.359208833603631, 9.359208833603631, 9.359184436697177, 9.359184436697177, 9.359184436697177, 9.359184436697177, 9.359184436697177, 9.359184436697177, 9.359184436697177, 9.358929770333427, 9.358929770333427, 9.358929770333427, 9.358929770333427, 9.358929770333427, 9.358929770333427, 9.358769689287458, 9.358678509949376, 9.358678509949376, 9.358639025814318, 9.358639025814318, 9.35855959836768, 9.358487421873384, 9.358345026692385, 9.358345026692385, 9.358310633866244, 9.358297464078065, 9.358211355865317, 9.358199543423122, 9.358141752777907, 9.35809961450163, 9.357975248306516, 9.357801311230533, 9.357801311230533, 9.357637990719427, 9.357637990719427, 9.357566828450198, 9.357566828450198, 9.357566828450198, 9.357437613149168, 9.357437613149168, 9.357437613149168, 9.357374786699891, 9.357374786699891, 9.357374786699891, 9.357255320069651, 9.357255320069651, 9.357144779629177, 9.357144779629177, 9.357144779629177, 9.357144779629177, 9.357051344775648, 9.356983230227517, 9.356978184331663, 9.356978184331663, 9.356978184331663, 9.356978184331663, 9.356886071502847, 9.356830637290996, 9.35676945075787, 9.356746305233587, 9.356746305233587, 9.356746305233587, 9.356746305233587, 9.356746305233587, 9.356746305233587, 9.356746305233587, 9.356746305233587, 9.356627762002288, 9.356627762002288, 9.356627762002288, 9.356627762002288, 9.356601669674827, 9.356601669674827, 9.356415355016315, 9.356415355016315, 9.356332107826516, 9.356332107826516, 9.356091630521906, 9.356091630521906, 9.356091630521906, 9.356091630521906, 9.356091630521906, 9.355984445602175, 9.355984445602175, 9.355793518994851, 9.355778981768896, 9.355778981768896, 9.355778981768896, 9.355778981768896, 9.355704580034528, 9.355591279489023, 9.355474451862316, 9.355474451862316, 9.355466509622241, 9.355460903631947, 9.355460903631947, 9.355281844971673, 9.355281844971673, 9.355197003278782, 9.355017995077466, 9.355013892764138, 9.355013892764138, 9.355013892764138, 9.354996428918586, 9.354993779823262, 9.354993779823262, 9.354900107812629, 9.354836675855848, 9.354836675855848, 9.354757616759608, 9.354749104333303, 9.354749104333303, 9.354749104333303, 9.35462400648329, 9.35462400648329, 9.354591041645676, 9.354591041645676, 9.354494417785968, 9.354494417785968, 9.354494417785968, 9.354415293093082, 9.354406271031294, 9.354388771864473, 9.354388771864473, 9.354271252950033, 9.354210772842327, 9.354210772842327, 9.354210772842327, 9.354170733658725, 9.35416562721212, 9.354090554373604, 9.354018867331208, 9.354018867331208, 9.354018867331208, 9.354018867331208, 9.354018867331208, 9.354018867331208, 9.353935559590658, 9.353935559590658, 9.35388618045383, 9.353838431141364, 9.35383684168417, 9.35383684168417, 9.353789006591473, 9.353720649840339, 9.353559166035325, 9.353559166035325, 9.353559166035325, 9.353445406313297, 9.353438912245332, 9.353384769782819, 9.353384769782819, 9.353361588937265, 9.353272760986652, 9.353272760986652, 9.353230047478247, 9.353230047478247, 9.353230047478247, 9.353210176740374, 9.353171848115467, 9.353171848115467, 9.353114223984814, 9.353114223984814, 9.353114223984814, 9.353056630129537, 9.353035800671451, 9.352959622781743, 9.352959622781743, 9.352871672817008, 9.352785019647508, 9.352785019647508, 9.35277617923797, 9.35277617923797, 9.35277617923797, 9.35277617923797, 9.352747937358876, 9.352747937358876, 9.352747937358876, 9.352747937358876, 9.352747937358876, 9.352728551027006, 9.352728551027006, 9.352702080257355, 9.352634773052559, 9.352634773052559, 9.352634773052559, 9.352615255527395, 9.352511865121347, 9.352511865121347, 9.352511865121347, 9.352483678747106, 9.352483678747106, 9.352483678747106, 9.35235253591386, 9.35235253591386, 9.352313576551973, 9.352313576551973, 9.352313576551973, 9.352313576551973, 9.352313576551973, 9.352313576551973, 9.352313576551973, 9.352313576551973, 9.352251623042676, 9.352251623042676, 9.352251623042676, 9.352247364306576, 9.352212159091202, 9.352212159091202, 9.352146895474228, 9.352104848024076, 9.352104848024076, 9.352104848024076, 9.352057416603047, 9.352049595464475, 9.352049595464475, 9.352049595464475, 9.352049595464475, 9.352049595464475, 9.351989069943706, 9.351989069943706, 9.351899328685942, 9.351878746476753, 9.351821722807708, 9.351796558925084, 9.351766889057462, 9.351766889057462, 9.351766889057462, 9.351766889057462, 9.35173036686327, 9.35173036686327, 9.35173036686327, 9.35157918677759, 9.35157918677759, 9.351551469671664, 9.351503336871112, 9.351444597597476, 9.351444597597476, 9.351444597597476, 9.351444597597476, 9.351444597597476, 9.351365331619505, 9.351365331619505, 9.351365331619505, 9.35135366550829, 9.351343836103167, 9.351343836103167, 9.351305562983114, 9.351299734973402, 9.351276801376747, 9.351276801376747, 9.351268223353795, 9.351223198825089, 9.351223198825089, 9.351223198825089, 9.351223198825089, 9.351223198825089, 9.351223198825089, 9.351209670778305, 9.351181529817127, 9.351181529817127, 9.351181529817127, 9.35115785447378, 9.351147167266362, 9.351147167266362, 9.351132302057175, 9.351132302057175, 9.351049569548753, 9.35103578416128, 9.351031555700555, 9.351031555700555, 9.35103067266878, 9.35103067266878, 9.35103067266878, 9.351018360682897, 9.350963950787902, 9.35094839933688, 9.350938680941466, 9.350938680941466, 9.350934507985594, 9.350859843864642, 9.350859843864642, 9.350847718576906, 9.350847718576906, 9.350847718576906, 9.350847718576906, 9.350847718576906, 9.350812160148822, 9.350812160148822, 9.350758396128498, 9.350747249744556, 9.350728090477999, 9.350728090477999, 9.350728090477999, 9.350654470857489, 9.350654470857489, 9.350647315777168, 9.350647315777168, 9.35062762164565, 9.350578953980138, 9.350578953980138, 9.350578953980138, 9.350578953980138, 9.350545807490272, 9.350476739267824, 9.350472510807098, 9.350472510807098, 9.350452544197204, 9.350452544197204, 9.350452544197204, 9.350452544197204, 9.350448956565252, 9.350448956565252, 9.350448790050688, 9.350448790050688, 9.350448790050688, 9.350433147773542, 9.350407600402832, 9.350376199792933, 9.350376199792933, 9.3503630956014, 9.35036171807183, 9.35031840410182, 9.35031840410182, 9.350317480702879, 9.350313065544007, 9.350287311291568, 9.350271674060316, 9.35025541113798, 9.350218197656057, 9.350216154068235, 9.350216154068235, 9.350200829682526, 9.350200829682526, 9.350138861035544, 9.350081373144079, 9.350062794155544, 9.350026428384124, 9.350026428384124, 9.350022669191715, 9.350015130623309, 9.350015130623309, 9.350015130623309, 9.350015130623309, 9.350015130623309, 9.349982594686841, 9.349977760718613, 9.349976282271127, 9.349976282271127, 9.349973118494427, 9.349973118494427, 9.349973118494427, 9.349969399669183, 9.349969399669183, 9.349969399669183, 9.349964969372623, 9.349964969372623, 9.349958979894245, 9.349934572895998, 9.349923547613558, 9.349913703070747, 9.34988652082978, 9.34988652082978, 9.349847041740619, 9.349838403166917, 9.349824799431694, 9.349824799431694, 9.349800432800617, 9.349800432800617, 9.349773235421964, 9.349768477142172, 9.349768477142172, 9.349750892195122, 9.349734265968282, 9.349734265968282, 9.349708658046824, 9.349695952481063, 9.349695952481063, 9.349695952481063, 9.349695952481063, 9.34969400981116, 9.34969400981116, 9.34969400981116, 9.349690205205686, 9.349690205205686, 9.349690104287768, 9.349690104287768, 9.349658269730826, 9.349641184327464, 9.349641184327464, 9.34962482048721, 9.34962482048721, 9.34961463282348, 9.349597360721972, 9.349597360721972, 9.349597360721972, 9.349583302856121, 9.349583302856121, 9.349576950073242, 9.349576950073242, 9.349576950073242, 9.349563164685769, 9.349551458207388, 9.349542173759016, 9.349542173759016, 9.349542173759016, 9.349542173759016, 9.349542173759016, 9.349542173759016, 9.349542173759016, 9.349542173759016, 9.349542173759016, 9.34953921181815, 9.34953921181815, 9.34953921181815, 9.34953921181815, 9.349530442051156, 9.349523867248859, 9.349523867248859, 9.349506544688392, 9.349449410009637, 9.349449410009637, 9.349438122340612, 9.34942999340239, 9.349424387412096, 9.349424387412096, 9.349424357136721, 9.349424357136721, 9.349386078970772, 9.349380851422668, 9.349377046817194, 9.349377046817194, 9.349377046817194, 9.349341967749217, 9.349341967749217, 9.349341967749217, 9.349341967749217, 9.349341967749217, 9.349341967749217, 9.349307368041346, 9.349307368041346, 9.349307191434992, 9.349307191434992, 9.349307191434992, 9.3492878303326, 9.3492878303326, 9.3492878303326, 9.349267116930118, 9.349267116930118, 9.349267116930118, 9.349267116930118, 9.349267116930118, 9.349264765542651, 9.349264765542651, 9.349251353551471, 9.349247816378478, 9.349245167283154, 9.349241640201953, 9.349229817667966, 9.349229817667966, 9.349229817667966, 9.349212308409353, 9.34920913454086, 9.34920913454086, 9.34920913454086, 9.349208110224001, 9.349208110224001, 9.349208110224001, 9.349203372127795, 9.349191211518788, 9.349191211518788, 9.349191211518788, 9.349184692221344, 9.349184692221344, 9.349184692221344, 9.349184132126904, 9.349184132126904, 9.349184132126904, 9.349184132126904, 9.349184132126904, 9.349177582554086, 9.349177582554086, 9.349163247163965, 9.349157737045692, 9.349157737045692, 9.349149381042157, 9.349126507996251, 9.349126507996251, 9.349112929490508, 9.349091136266315, 9.349091136266315, 9.349091136266315, 9.349091136266315, 9.349074348570808, 9.349074348570808, 9.349074348570808, 9.349074348570808, 9.349074348570808, 9.349074348570808, 9.349074348570808, 9.349074348570808, 9.349069050380162, 9.349069050380162, 9.349068343954743, 9.34904620760963, 9.34903627728659, 9.349032523140075, 9.349031594695237, 9.349031594695237, 9.349027956604328, 9.349010664319236, 9.349009604681106, 9.349009604681106, 9.348999755092398, 9.348999755092398, 9.348999755092398, 9.348999755092398, 9.348999755092398, 9.348999755092398, 9.348999755092398, 9.348989320179772, 9.348988023384539, 9.348980525183299, 9.348977684343934, 9.348977684343934, 9.348977684343934, 9.348977684343934, 9.348977684343934, 9.34897110449574, 9.34897110449574, 9.34896663887791, 9.348956188827595, 9.348956188827595, 9.348956188827595, 9.34893535936951, 9.348929041907901, 9.348922673987333, 9.348919944157677, 9.348919944157677, 9.348908540433046, 9.348908540433046, 9.348900012869052, 9.348897802766668, 9.348882352233563, 9.348882352233563, 9.348882352233563, 9.348882352233563, 9.348876317342123, 9.348876317342123, 9.348876317342123, 9.348867996659859, 9.348862748928171, 9.348862748928171, 9.348859645702221, 9.348855659444496, 9.348855659444496, 9.348852329153232, 9.348852329153232, 9.348852329153232, 9.348852329153232, 9.348849599323575, 9.348849599323575, 9.348843725900801, 9.348843725900801, 9.348832185936983, 9.348825707006707, 9.34881851155922, 9.34881851155922, 9.348808959678367, 9.348808959678367, 9.348808959678367, 9.348808959678367, 9.348808959678367, 9.348802344508902, 9.348796551820463, 9.348796551820463, 9.348796551820463, 9.348788054531845, 9.348783942126722, 9.34878069761569, 9.34878069761569, 9.348779506784268, 9.348766796172612, 9.348765277357959, 9.348765277357959, 9.348765277357959, 9.34875911631912, 9.34875911631912, 9.34875911631912, 9.34875911631912, 9.34875911631912, 9.34875911631912, 9.34875911631912, 9.348756426856632, 9.348756426856632, 9.348756426856632, 9.348756426856632, 9.348754842445333, 9.348754842445333, 9.348754842445333, 9.348742974498284, 9.34873432583279, 9.348727090018135, 9.348726075793069, 9.348723684038434, 9.348723290458558, 9.348723290458558, 9.348716170699507, 9.348716170699507, 9.348712315635076, 9.348712315635076, 9.348712315635076, 9.348712315635076, 9.34871125095105, 9.348708622039311, 9.348708622039311, 9.34870755230939, 9.34870755230939, 9.348702491275848, 9.348702491275848, 9.348697359599765, 9.348697359599765, 9.348683998067543, 9.348680844382635, 9.34867777143206, 9.34867777143206, 9.34867777143206, 9.348675036556505, 9.348662830534435, 9.348662830534435, 9.348657098396746, 9.34865614472243, 9.34865614472243, 9.348655337379093, 9.348651108918366, 9.348651108918366, 9.348651108918366, 9.348651108918366, 9.348650846531783, 9.34864799055473, 9.348642959796562, 9.348641385477055, 9.348641385477055, 9.348638620326128, 9.348633231309355, 9.348633231309355, 9.348633231309355, 9.348633231309355, 9.348633231309355, 9.348633231309355, 9.348629613402029, 9.348622216118706, 9.348611594507934, 9.348607118798311, 9.348607118798311, 9.348604207316404, 9.348598666922756, 9.348598666922756, 9.348598666922756, 9.348597748569711, 9.348597748569711, 9.348592571480564, 9.348592571480564, 9.348592571480564, 9.348588378341109, 9.348588378341109, 9.348588378341109, 9.348585502180473, 9.348585502180473, 9.348578432880382, 9.348576237915685, 9.348576237915685, 9.348576237915685, 9.34855964196422, 9.34855801213986, 9.34855801213986, 9.348546532726793, 9.348541723988044, 9.348538777184865, 9.348538595532615, 9.348538595532615, 9.348531268891835, 9.348530234483183, 9.348524204637638, 9.34852297343905, 9.348517912405509, 9.348517912405509, 9.348517912405509, 9.348517503687944, 9.348517503687944, 9.348517503687944, 9.348513421558199, 9.348509399979203, 9.348509399979203, 9.34850902658291, 9.348507028408152, 9.348507028408152, 9.348496053584668, 9.348496053584668, 9.348496053584668, 9.348494302658807, 9.348493364122179, 9.348493364122179, 9.34849325311247, 9.34848955447081, 9.348485714544065, 9.348482641593488, 9.348482268197197, 9.348480456720583, 9.348480456720583, 9.348472206680864, 9.348472206680864, 9.348464849764708, 9.348464849764708, 9.348464849764708, 9.348464849764708, 9.348464849764708, 9.348464557102748, 9.348464355266914, 9.348464355266914, 9.348463351133638, 9.348463351133638, 9.348463351133638, 9.348460212586419, 9.348460212586419, 9.348458739184828, 9.348458739184828, 9.348458739184828, 9.348458199273972, 9.348458199273972, 9.348458199273972, 9.348456746055966, 9.348456746055966, 9.348456746055966, 9.34845603458465, 9.348454959808834, 9.348452583191888, 9.348452583191888, 9.348451639609362, 9.348450065289855, 9.3484485515211, 9.3484485515211, 9.3484485515211, 9.348446144628777, 9.348446144628777, 9.348446144628777, 9.348438313398411, 9.348438313398411, 9.348435220264253, 9.348434246406354, 9.348434246406354, 9.348434246406354, 9.348434246406354, 9.348434246406354, 9.348434246406354, 9.348434246406354, 9.348434246406354, 9.348434246406354, 9.348434246406354, 9.348434246406354, 9.348430451892671, 9.348430451892671, 9.348430451892671, 9.348430451892671, 9.348426465634946, 9.348426465634946, 9.34842535553786, 9.34842535553786, 9.34842535553786, 9.348424311037418, 9.348424311037418, 9.348424311037418, 9.348422726626119, 9.348422726626119, 9.348418967433707, 9.348414622917376, 9.348414365576689, 9.348414365576689, 9.348414365576689, 9.348413638967685, 9.348412715568744, 9.348412715568744, 9.348412715568744, 9.348412715568744, 9.348411948592574, 9.348409006835292, 9.34840754857139, 9.348406640310136, 9.348405696727612, 9.348404061857355, 9.348400035232464, 9.348400035232464, 9.348400035232464, 9.34839860219804, 9.348397517330431, 9.348395761358676, 9.348393848964147, 9.34839248152637, 9.348389489310128, 9.348389489310128, 9.348384912682588, 9.348384286991504, 9.348381875053285, 9.348381875053285, 9.348381875053285, 9.348381849823806, 9.348380825506947, 9.348380825506947, 9.348380825506947, 9.348380825506947, 9.348379261279232, 9.34837676860668, 9.348374452540483, 9.348370723623447, 9.348369926371902, 9.348369926371902, 9.348369926371902, 9.348369926371902, 9.348369926371902, 9.348369926371902, 9.348369926371902, 9.34836692406387, 9.34836692406387, 9.34836692406387, 9.34836692406387, 9.348365541488405, 9.348365541488405, 9.348365067174194, 9.348365067174194, 9.348365067174194, 9.34836503689882, 9.34836503689882, 9.34836503689882, 9.34836503689882, 9.348363679552834, 9.348363679552834, 9.348363679552834, 9.348363679552834, 9.348362170829974, 9.348360868988845, 9.348360868988845, 9.348360868988845, 9.348360868988845, 9.348360868988845, 9.348358759804377, 9.348356852455744, 9.348356852455744, 9.348355802909406, 9.348355802909406, 9.348355802909406, 9.348355394191843, 9.348355394191843, 9.348355394191843, 9.348353774459273, 9.348353290053272, 9.348353290053272, 9.348353290053272, 9.348352921702874, 9.348352921702874, 9.348351589586368, 9.348351589586368, 9.348351589586368, 9.348351589586368, 9.348351589586368, 9.34835077215124, 9.34835077215124, 9.348350338204197, 9.34834796158725, 9.348345620291573, 9.348345620291573, 9.348345620291573, 9.34834444459784, 9.34834444459784, 9.34834444459784, 9.348343940008254, 9.348343940008254, 9.348343940008254, 9.348343940008254, 9.348343940008254, 9.348343940008254, 9.348343940008254, 9.348343940008254, 9.34834222944956, 9.348341321188306, 9.348341043664034, 9.348340170724052, 9.348339610629612, 9.348339610629612, 9.348335044093863, 9.348333353718752, 9.348333353718752, 9.34833318720419, 9.34833318720419, 9.34833318720419, 9.348330775265971, 9.348329907371884, 9.348329907371884, 9.348329907371884, 9.348329907371884, 9.348329907371884, 9.348329907371884, 9.348329907371884, 9.348329907371884, 9.348329907371884, 9.348329907371884, 9.348329019294214, 9.348327727544875, 9.348327727544875, 9.348327727544875, 9.348327727544875, 9.348327727544875, 9.348327000935873, 9.348325512396595, 9.348324099545756, 9.348320895401889, 9.348320375674616, 9.348319780258905, 9.348319780258905, 9.348315435742576, 9.348315435742576, 9.348315435742576, 9.348315435742576, 9.348315435742576, 9.348315435742576, 9.34831256967373, 9.34830840680965, 9.34830840680965, 9.348307342125626, 9.348304824223595, 9.348304814131803, 9.348304814131803, 9.348304814131803, 9.34830391596234, 9.348302740268606, 9.348302740268606, 9.348301393014413, 9.348299193003822, 9.348299193003822, 9.348297689326856, 9.348297689326856, 9.348297689326856, 9.348297492536918, 9.348295938400994, 9.348295938400994, 9.348295938400994, 9.348295938400994, 9.348295938400994, 9.348295151241242, 9.348295151241242, 9.348295151241242, 9.348295151241242, 9.348295151241242, 9.348295151241242, 9.348295009956159, 9.348295009956159, 9.348295009956159, 9.348293652610174, 9.348293652610174, 9.348293652610174, 9.348293652610174, 9.348293652610174, 9.348293652610174, 9.348293652610174, 9.348293637472485, 9.348292663614586, 9.348292663614586, 9.348292663614586, 9.348292663614586, 9.348292663614586, 9.348292663614586, 9.348292663614586, 9.348292663614586, 9.348292663614586, 9.348292663614586, 9.34829135672756, 9.34829135672756, 9.348291114524558, 9.348291114524558, 9.348291114524558, 9.348291114524558, 9.348291114524558, 9.348291114524558, 9.348291114524558, 9.34829038286966, 9.34829038286966, 9.34829038286966, 9.34829038286966, 9.34829038286966, 9.34829038286966, 9.348289560388636, 9.348289217267718, 9.348289217267718, 9.348289217267718, 9.348289217267718, 9.348289217267718, 9.348289217267718, 9.348289050753154, 9.348289050753154, 9.348289050753154, 9.348289050753154, 9.348289050753154, 9.348288263593401, 9.348288263593401, 9.348288263593401, 9.348288263593401, 9.348288263593401, 9.348287647994107, 9.348287077807875, 9.348286295694018, 9.348286295694018, 9.348286295694018, 9.348286295694018, 9.348286295694018, 9.348286295694018, 9.348286295694018, 9.348286295694018, 9.348286295694018, 9.348286295694018, 9.348286093858183, 9.348286093858183, 9.348286093858183, 9.34828568514062, 9.34828568514062, 9.348285241101784, 9.348285241101784, 9.348285241101784, 9.348285241101784, 9.348285241101784, 9.348285241101784, 9.348285241101784, 9.348285241101784, 9.348284332840532, 9.348283686965862, 9.348283686965862, 9.348283686965862, 9.348283686965862, 9.348283686965862, 9.348283686965862, 9.348283686965862, 9.348283686965862, 9.348283686965862, 9.348283686965862, 9.348283686965862, 9.348283686965862, 9.348283646598695, 9.348283646598695, 9.348282405308314, 9.348282405308314, 9.348282405308314, 9.348282405308314, 9.348282405308314, 9.34828237503294, 9.34828237503294, 9.34828237503294, 9.348281285119436, 9.348281285119436, 9.348279811717846, 9.348279811717846, 9.348279811717846, 9.348279811717846, 9.348279811717846, 9.348279811717846, 9.348279811717846, 9.348279811717846, 9.348279776396575, 9.348279009420406, 9.348279009420406, 9.348279009420406, 9.348278449325965, 9.348278449325965, 9.348278449325965, 9.348277631890836, 9.348277631890836, 9.348277631890836, 9.348277631890836, 9.348277631890836, 9.348277631890836, 9.348277631890836, 9.348277631890836, 9.348277631890836, 9.348277631890836, 9.348277631890836, 9.348277631890836, 9.348277631890836, 9.348277631890836, 9.348277631890836, 9.348277631890836, 9.348277631890836, 9.348277631890836, 9.348277631890836, 9.348277631890836, 9.348277631890836, 9.348277631890836, 9.348277631890836, 9.348277631890836, 9.348277631890836, 9.348277631890836, 9.348277631890836, 9.348277631890836, 9.348277631890836, 9.348277631890836, 9.348277631890836, 9.348276905281834, 9.348276905281834, 9.348276905281834, 9.348276905281834, 9.348276905281834, 9.34827622913179, 9.34827622913179, 9.34827622913179, 9.34827622913179, 9.34827622913179, 9.34827622913179, 9.34827622913179, 9.348276042433643, 9.348276042433643, 9.348276042433643, 9.348276042433643, 9.348276042433643, 9.348276042433643, 9.348276042433643, 9.348276042433643, 9.348276042433643, 9.348276042433643, 9.348276042433643, 9.348276042433643, 9.348276042433643, 9.348276042433643, 9.348276042433643, 9.348276042433643, 9.348276042433643, 9.348276042433643, 9.348276042433643, 9.348276042433643, 9.348276042433643, 9.348276042433643, 9.348276042433643, 9.348276042433643, 9.348276042433643, 9.348276042433643, 9.348276042433643, 9.348276042433643, 9.348276042433643, 9.348276042433643, 9.348276042433643, 9.348276042433643, 9.348276042433643, 9.348276042433643, 9.348276042433643, 9.348276042433643, 9.348276042433643, 9.348276042433643, 9.348276042433643, 9.348275845643705, 9.348275845643705, 9.348275845643705, 9.34827519472314, 9.34827519472314, 9.34827519472314, 9.34827519472314, 9.34827519472314, 9.348275119034701, 9.348275119034701, 9.348275088759326, 9.348275088759326, 9.348275088759326, 9.348275088759326, 9.348275088759326, 9.348275088759326, 9.348275088759326, 9.348275088759326, 9.348275088759326, 9.348275088759326, 9.348275088759326, 9.348275088759326, 9.348275088759326, 9.348275088759326, 9.348275088759326, 9.348275088759326, 9.348275088759326, 9.348275088759326, 9.348275088759326, 9.348275088759326, 9.348275088759326, 9.348275088759326, 9.348275088759326, 9.348275088759326, 9.348275088759326, 9.348275088759326, 9.348275088759326, 9.348275088759326, 9.348275088759326, 9.348275088759326, 9.348275088759326, 9.348275088759326, 9.348275088759326, 9.348274856648118, 9.348274856648118, 9.348274856648118, 9.348274856648118, 9.348274856648118, 9.348274856648118, 9.348274856648118, 9.348274856648118, 9.348274856648118, 9.348274856648118, 9.348274856648118, 9.348274856648118, 9.348274856648118, 9.348274856648118, 9.348274856648118, 9.348274856648118, 9.348274856648118, 9.348274856648118, 9.348274856648118, 9.348274856648118, 9.348274856648118, 9.348274856648118, 9.348274856648118, 9.348274856648118, 9.348274856648118, 9.348274856648118, 9.348274856648118, 9.348274856648118, 9.348274856648118, 9.348274856648118, 9.348274856648118, 9.348274856648118, 9.348274856648118, 9.348274856648118, 9.348274856648118, 9.348274856648118, 9.348274856648118, 9.348274856648118, 9.348274856648118, 9.348274856648118, 9.348274856648118, 9.348274856648118, 9.348274856648118, 9.348274856648118, 9.348274856648118, 9.348274856648118, 9.348274856648118, 9.348274856648118, 9.348274856648118, 9.348274856648118, 9.348274856648118, 9.348274856648118, 9.348274856648118, 9.348274856648118, 9.348274856648118, 9.348274856648118, 9.348274856648118, 9.348274856648118, 9.348274856648118, 9.348274856648118, 9.348274856648118, 9.348274856648118, 9.348274856648118, 9.348274856648118, 9.348274856648118, 9.348274856648118, 9.348274856648118, 9.348274856648118, 9.348274856648118, 9.348274856648118, 9.348274856648118, 9.348274856648118, 9.348274856648118, 9.348274856648118, 9.348274856648118, 9.348274856648118, 9.348274856648118, 9.348274856648118, 9.348274856648118, 9.348274856648118, 9.348274856648118, 9.348274856648118, 9.348274856648118, 9.348274856648118, 9.348274856648118, 9.348274856648118, 9.348274856648118, 9.348274856648118, 9.348274856648118, 9.348274856648118, 9.348274856648118, 9.348274856648118, 9.348274856648118, 9.348274856648118, 9.348274856648118, 9.348274856648118, 9.348274856648118, 9.348274856648118, 9.348274856648118, 9.348274856648118, 9.348274856648118, 9.348274856648118, 9.348274856648118, 9.348274856648118, 9.348274856648118, 9.348274856648118, 9.348274856648118, 9.348274856648118, 9.348274856648118, 9.348274856648118, 9.348274856648118, 9.348274856648118, 9.348274856648118, 9.348274856648118, 9.348274856648118, 9.348274856648118, 9.348274856648118, 9.348274856648118, 9.348274856648118, 9.348274856648118, 9.348274856648118, 9.348274856648118, 9.348274856648118, 9.348274856648118, 9.348274856648118, 9.348274856648118, 9.348274856648118, 9.348274856648118, 9.348274856648118, 9.348274856648118, 9.348274856648118, 9.348274856648118, 9.348274856648118, 9.348274856648118, 9.348274856648118, 9.348274856648118, 9.348274856648118, 9.348274856648118, 9.348274856648118, 9.348274856648118, 9.348274856648118, 9.348274856648118, 9.348274856648118, 9.348274856648118, 9.348274856648118, 9.348274856648118, 9.348274856648118, 9.348274856648118, 9.348274856648118, 9.348274856648118, 9.348274856648118, 9.348274856648118, 9.348274856648118, 9.348274856648118, 9.348274856648118, 9.348274856648118, 9.348274856648118, 9.348274856648118, 9.348274856648118, 9.348274856648118, 9.348274856648118, 9.348274856648118, 9.348274856648118, 9.348274856648118, 9.348274856648118, 9.348274856648118, 9.348274856648118, 9.348274856648118, 9.348274856648118, 9.348274856648118, 9.348274856648118, 9.348274856648118, 9.348274856648118, 9.348274856648118, 9.348274856648118, 9.348274856648118, 9.348274856648118, 9.348274856648118, 9.348274856648118, 9.348274856648118, 9.348274856648118, 9.348274856648118, 9.348274856648118, 9.348274856648118, 9.348274856648118, 9.348274856648118, 9.348274856648118, 9.348274856648118, 9.348274856648118, 9.348274856648118, 9.348274856648118, 9.348274856648118, 9.348274856648118, 9.348274856648118, 9.348274856648118, 9.348274856648118, 9.348274856648118, 9.348274856648118, 9.348274856648118, 9.348274856648118, 9.348274856648118, 9.348274856648118, 9.348274856648118, 9.348274856648118, 9.348274856648118, 9.348274856648118, 9.348274856648118, 9.348274856648118, 9.348274856648118, 9.348274856648118, 9.348274856648118, 9.348274856648118, 9.348274856648118, 9.348274856648118, 9.348274856648118, 9.348274856648118, 9.348274856648118, 9.348274856648118, 9.348274856648118, 9.348274856648118, 9.348274856648118, 9.348274856648118, 9.348274856648118, 9.348274856648118, 9.348274856648118, 9.348274856648118, 9.348274856648118, 9.348274856648118, 9.348274856648118, 9.348274856648118, 9.348274856648118, 9.348274856648118, 9.348274856648118, 9.348274856648118, 9.348274856648118, 9.348274856648118, 9.348274856648118, 9.348274856648118, 9.348274856648118, 9.348274856648118, 9.348274856648118, 9.348274856648118, 9.348274856648118, 9.348274856648118, 9.348274856648118, 9.348274856648118, 9.348274856648118, 9.348274856648118, 9.348274856648118, 9.348274856648118, 9.348274856648118, 9.348274856648118, 9.348274856648118, 9.348274856648118, 9.348274856648118, 9.348274856648118, 9.348274856648118, 9.348274856648118, 9.348274856648118, 9.348274856648118, 9.348274856648118, 9.348274856648118, 9.348274856648118, 9.348274856648118, 9.348274856648118, 9.348274856648118, 9.348274856648118, 9.348274856648118, 9.348274856648118, 9.348274856648118, 9.348274856648118, 9.348274856648118, 9.348274856648118, 9.348274856648118, 9.348274856648118, 9.348274856648118, 9.348274856648118, 9.348274856648118, 9.348274856648118, 9.348274856648118, 9.348274856648118, 9.348274856648118, 9.348274856648118, 9.348274856648118, 9.348274856648118, 9.348274856648118, 9.348274856648118, 9.348274856648118, 9.348274856648118, 9.348274856648118, 9.348274856648118, 9.348274856648118, 9.348274856648118, 9.348274856648118, 9.348274856648118, 9.348274856648118, 9.348274856648118, 9.348274856648118, 9.348274856648118, 9.348274856648118, 9.348274856648118, 9.348274856648118, 9.348274856648118, 9.348274856648118, 9.348274856648118, 9.348274856648118, 9.348274856648118, 9.348274856648118, 9.348274856648118, 9.348274856648118, 9.348274856648118, 9.348274856648118, 9.348274856648118, 9.348274856648118, 9.348274856648118, 9.348274856648118, 9.348274856648118, 9.348274856648118, 9.348274856648118, 9.348274856648118, 9.348274856648118, 9.348274856648118, 9.348274856648118, 9.348274856648118, 9.348274856648118, 9.348274856648118, 9.348274856648118, 9.348274856648118, 9.348274856648118, 9.348274856648118, 9.348274856648118, 9.348274856648118, 9.348274856648118, 9.348274856648118, 9.348274856648118, 9.348274856648118, 9.348274856648118, 9.348274856648118, 9.348274856648118, 9.348274856648118, 9.348274856648118, 9.348274856648118, 9.348274856648118, 9.348274856648118, 9.348274856648118, 9.348274856648118, 9.348274856648118, 9.348274856648118, 9.348274856648118, 9.348274856648118, 9.348274856648118, 9.348274856648118, 9.348274856648118, 9.348274856648118, 9.348274856648118, 9.348274856648118, 9.348274856648118, 9.348274856648118, 9.348274856648118, 9.348274856648118, 9.348274856648118, 9.348274856648118, 9.348274856648118, 9.348274856648118, 9.348274856648118, 9.348274856648118, 9.348274856648118, 9.348274856648118, 9.348274856648118, 9.348274856648118, 9.348274856648118, 9.348274856648118, 9.348274856648118, 9.348274856648118, 9.348274856648118, 9.348274856648118, 9.348274856648118, 9.348274856648118, 9.348274856648118, 9.348274856648118, 9.348274856648118, 9.348274856648118, 9.348274856648118, 9.348274856648118, 9.348274856648118, 9.348274856648118, 9.348274856648118, 9.348274856648118, 9.348274856648118, 9.348274856648118, 9.348274856648118, 9.348274856648118, 9.348274856648118, 9.348274856648118, 9.348274856648118, 9.348274856648118, 9.348274856648118, 9.348274856648118, 9.348274856648118, 9.348274856648118, 9.348274856648118, 9.348274856648118, 9.348274856648118, 9.348274856648118, 9.348274856648118, 9.348274856648118, 9.348274856648118, 9.348274856648118, 9.348274856648118, 9.348274856648118, 9.348274856648118, 9.348274856648118, 9.348274856648118, 9.348274856648118, 9.348274856648118, 9.348274856648118, 9.348274856648118, 9.348274856648118, 9.348274856648118, 9.348274856648118, 9.348274856648118, 9.348274856648118, 9.348274856648118, 9.348274856648118, 9.348274856648118, 9.348274856648118, 9.348274856648118, 9.348274856648118, 9.348274856648118, 9.348274856648118, 9.348274856648118, 9.348274856648118, 9.348274856648118, 9.348274856648118, 9.348274856648118, 9.348274856648118, 9.348274856648118, 9.348274856648118, 9.348274856648118, 9.348274856648118, 9.348274856648118, 9.348274856648118, 9.348274856648118, 9.348274856648118, 9.348274856648118, 9.348274856648118, 9.348274856648118, 9.348274856648118, 9.348274856648118, 9.348274856648118, 9.348274856648118, 9.348274856648118, 9.348274856648118, 9.348274856648118, 9.348274856648118, 9.348274856648118, 9.348274856648118, 9.348274856648118, 9.348274856648118, 9.348274856648118, 9.348274856648118, 9.348274856648118, 9.348274856648118, 9.348274856648118, 9.348274856648118, 9.348274856648118, 9.348274856648118, 9.348274856648118, 9.348274856648118, 9.348274856648118, 9.348274856648118, 9.348274856648118, 9.348274856648118, 9.348274856648118, 9.348274856648118, 9.348274856648118, 9.348274856648118, 9.348274856648118, 9.348274856648118, 9.348274856648118, 9.348274856648118, 9.348274856648118, 9.348274856648118, 9.348274856648118, 9.348274856648118, 9.348274856648118, 9.348274856648118, 9.348274856648118, 9.348274856648118, 9.348274856648118, 9.348274856648118, 9.348274856648118, 9.348274856648118, 9.348274856648118, 9.348274856648118, 9.348274856648118, 9.348274856648118, 9.348274856648118, 9.348274856648118, 9.348274856648118, 9.348274856648118, 9.348274856648118, 9.348274856648118, 9.348274856648118, 9.348274856648118, 9.348274856648118, 9.348274856648118, 9.348274856648118, 9.348274856648118, 9.348274856648118, 9.348274856648118, 9.348274856648118, 9.348274856648118, 9.348274856648118, 9.348274856648118, 9.348274856648118, 9.348274856648118, 9.348274856648118, 9.348274856648118, 9.348274856648118, 9.348274856648118, 9.348274856648118, 9.348274856648118, 9.348274856648118, 9.348274856648118, 9.348274856648118, 9.348274856648118, 9.348274856648118, 9.348274856648118, 9.348274856648118, 9.348274856648118, 9.348274856648118, 9.348274856648118, 9.348274856648118, 9.348274856648118, 9.348274856648118, 9.348274856648118, 9.348274856648118, 9.348274856648118, 9.348274856648118, 9.348274856648118, 9.348274856648118, 9.348274856648118, 9.348274856648118, 9.348274856648118, 9.348274856648118, 9.348274856648118, 9.348274856648118, 9.348274856648118, 9.348274856648118, 9.348274856648118, 9.348274856648118, 9.348274856648118, 9.348274856648118, 9.348274856648118, 9.348274856648118, 9.348274856648118, 9.348274856648118, 9.348274856648118, 9.348274856648118, 9.348274856648118, 9.348274856648118, 9.348274856648118, 9.348274856648118, 9.348274856648118, 9.348274856648118, 9.348274856648118, 9.348274856648118, 9.348274856648118, 9.348274856648118, 9.348274856648118, 9.348274856648118, 9.348274856648118, 9.348274856648118, 9.348274856648118, 9.348274856648118, 9.348274856648118, 9.348274856648118, 9.348274856648118, 9.348274856648118, 9.348274856648118, 9.348274856648118, 9.348274856648118, 9.348274856648118, 9.348274856648118, 9.348274856648118, 9.348274856648118, 9.348274856648118, 9.348274856648118, 9.348274856648118, 9.348274856648118, 9.348274856648118, 9.348274856648118, 9.348274856648118, 9.348274856648118, 9.348274856648118, 9.348274856648118, 9.348274856648118, 9.348274856648118, 9.348274856648118, 9.348274856648118, 9.348274856648118, 9.348274856648118, 9.348274856648118, 9.348274856648118, 9.348274856648118, 9.348274856648118, 9.348274856648118, 9.348274856648118, 9.348274856648118, 9.348274856648118, 9.348274856648118, 9.348274856648118, 9.348274856648118, 9.348274856648118, 9.348274856648118, 9.348274856648118, 9.348274856648118, 9.348274856648118, 9.348274856648118, 9.348274856648118, 9.348274856648118, 9.348274856648118, 9.348274856648118, 9.348274856648118, 9.348274856648118, 9.348274856648118, 9.348274856648118, 9.348274856648118, 9.348274856648118, 9.348274856648118, 9.348274856648118, 9.348274856648118, 9.348274856648118, 9.348274856648118, 9.348274856648118, 9.348274856648118, 9.348274856648118, 9.348274856648118, 9.348274856648118, 9.348274856648118, 9.348274856648118, 9.348274856648118, 9.348274856648118, 9.348274856648118, 9.348274856648118, 9.348274856648118, 9.348274856648118, 9.348274856648118, 9.348274856648118, 9.348274856648118, 9.348274856648118, 9.348274856648118, 9.348274856648118, 9.348274856648118, 9.348274856648118, 9.348274856648118, 9.348274856648118, 9.348274856648118, 9.348274856648118, 9.348274856648118, 9.348274856648118, 9.348274856648118, 9.348274856648118, 9.348274856648118, 9.348274856648118, 9.348274856648118, 9.348274856648118, 9.348274856648118, 9.348274856648118, 9.348274856648118, 9.348274856648118, 9.348274856648118, 9.348274856648118, 9.348274856648118, 9.348274856648118, 9.348274856648118, 9.348274856648118, 9.348274856648118, 9.348274856648118, 9.348274856648118, 9.348274856648118, 9.348274856648118, 9.348274856648118, 9.348274856648118, 9.348274856648118, 9.348274856648118, 9.348274856648118, 9.348274856648118, 9.348274856648118, 9.348274856648118, 9.348274856648118, 9.348274856648118, 9.348274856648118, 9.348274856648118, 9.348274856648118, 9.348274856648118, 9.348274856648118, 9.348274856648118, 9.348274856648118, 9.348274856648118, 9.348274856648118, 9.348274856648118, 9.348274856648118, 9.348274856648118, 9.348274856648118, 9.348274856648118, 9.348274856648118, 9.348274856648118, 9.348274856648118, 9.348274856648118, 9.348274856648118, 9.348274856648118, 9.348274856648118, 9.348274856648118, 9.348274856648118, 9.348274856648118, 9.348274856648118, 9.348274856648118, 9.348274856648118, 9.348274856648118, 9.348274856648118, 9.348274856648118, 9.348274856648118, 9.348274856648118, 9.348274856648118, 9.348274856648118, 9.348274856648118, 9.348274856648118, 9.348274856648118, 9.348274856648118, 9.348274856648118, 9.348274856648118, 9.348274856648118, 9.348274856648118, 9.348274856648118, 9.348274856648118, 9.348274856648118, 9.348274856648118, 9.348274856648118, 9.348274856648118, 9.348274856648118, 9.348274856648118, 9.348274856648118, 9.348274856648118, 9.348274856648118, 9.348274856648118, 9.348274856648118, 9.348274856648118, 9.348274856648118, 9.348274856648118, 9.348274856648118, 9.348274856648118, 9.348274856648118, 9.348274856648118, 9.348274856648118, 9.348274856648118, 9.348274856648118, 9.348274856648118, 9.348274856648118, 9.348274856648118, 9.348274856648118, 9.348274856648118, 9.348274856648118, 9.348274856648118, 9.348274856648118, 9.348274856648118, 9.348274856648118, 9.348274856648118, 9.348274856648118, 9.348274856648118, 9.348274856648118, 9.348274856648118, 9.348274856648118, 9.348274856648118, 9.348274856648118, 9.348274856648118, 9.348274856648118, 9.348274856648118, 9.348274856648118, 9.348274856648118, 9.348274856648118, 9.348274856648118, 9.348274856648118, 9.348274856648118, 9.348274856648118, 9.348274856648118, 9.348274856648118, 9.348274856648118, 9.348274856648118, 9.348274856648118, 9.348274856648118, 9.348274856648118, 9.348274856648118, 9.348274856648118, 9.348274856648118, 9.348274856648118, 9.348274856648118, 9.348274856648118, 9.348274856648118, 9.348274856648118, 9.348274856648118, 9.348274856648118, 9.348274856648118, 9.348274856648118, 9.348274856648118, 9.348274856648118, 9.348274856648118, 9.348274856648118, 9.348274856648118, 9.348274856648118, 9.348274856648118, 9.348274856648118, 9.348274856648118, 9.348274856648118, 9.348274856648118, 9.348274856648118, 9.348274856648118, 9.348274856648118, 9.348274856648118, 9.348274856648118, 9.348274856648118, 9.348274856648118, 9.348274856648118, 9.348274856648118, 9.348274856648118, 9.348274856648118, 9.348274856648118, 9.348274856648118, 9.348274856648118, 9.348274856648118, 9.348274856648118, 9.348274856648118, 9.348274856648118, 9.348274856648118, 9.348274856648118, 9.348274856648118, 9.348274856648118, 9.348274856648118, 9.348274856648118, 9.348274856648118, 9.348274856648118, 9.348274856648118, 9.348274856648118, 9.348274856648118, 9.348274856648118, 9.348274856648118, 9.348274856648118, 9.348274856648118, 9.348274856648118, 9.348274856648118, 9.348274856648118, 9.348274856648118, 9.348274856648118, 9.348274856648118, 9.348274856648118, 9.348274856648118, 9.348274856648118, 9.348274856648118, 9.348274856648118, 9.348274856648118, 9.348274856648118, 9.348274856648118, 9.348274856648118, 9.348274856648118, 9.348274856648118, 9.348274856648118, 9.348274856648118, 9.348274856648118, 9.348274856648118, 9.348274856648118, 9.348274856648118, 9.348274856648118, 9.348274856648118, 9.348274856648118, 9.348274856648118, 9.348274856648118, 9.348274856648118, 9.348274856648118, 9.348274856648118, 9.348274856648118, 9.348274856648118, 9.348274856648118, 9.348274856648118, 9.348274856648118, 9.348274856648118, 9.348274856648118, 9.348274856648118, 9.348274856648118, 9.348274856648118, 9.348274856648118, 9.348274856648118, 9.348274856648118, 9.348274856648118, 9.348274856648118, 9.348274856648118, 9.348274856648118, 9.348274856648118, 9.348274856648118, 9.348274856648118, 9.348274856648118, 9.348274856648118, 9.348274856648118, 9.348274856648118, 9.348274856648118, 9.348274856648118, 9.348274856648118, 9.348274856648118, 9.348274856648118, 9.348274856648118, 9.348274856648118, 9.348274856648118, 9.348274856648118, 9.348274856648118, 9.348274856648118, 9.348274856648118, 9.348274856648118, 9.348274856648118, 9.348274856648118, 9.348274856648118, 9.348274856648118, 9.348274856648118, 9.348274856648118, 9.348274856648118, 9.348274856648118, 9.348274856648118, 9.348274856648118, 9.348274856648118, 9.348274856648118, 9.348274856648118, 9.348274856648118, 9.348274856648118, 9.348274856648118, 9.348274856648118, 9.348274856648118, 9.348274856648118, 9.348274856648118, 9.348274856648118, 9.348274856648118, 9.348274856648118, 9.348274856648118, 9.348274856648118, 9.348274856648118, 9.348274856648118, 9.348274856648118, 9.348274856648118, 9.348274856648118, 9.348274856648118, 9.348274856648118, 9.348274856648118, 9.348274856648118, 9.348274856648118, 9.348274856648118, 9.348274856648118, 9.348274856648118, 9.348274856648118, 9.348274856648118, 9.348274856648118, 9.348274856648118, 9.348274856648118, 9.348274856648118, 9.348274856648118, 9.348274856648118, 9.348274856648118, 9.348274856648118, 9.348274856648118, 9.348274856648118, 9.348274856648118, 9.348274856648118, 9.348274856648118, 9.348274856648118, 9.348274856648118, 9.348274856648118, 9.348274856648118, 9.348274856648118, 9.348274856648118, 9.348274856648118, 9.348274856648118, 9.348274856648118, 9.348274856648118, 9.348274856648118, 9.348274856648118, 9.348274856648118, 9.348274856648118, 9.348274856648118, 9.348274856648118, 9.348274856648118, 9.348274856648118, 9.348274856648118, 9.348274856648118, 9.348274856648118, 9.348274856648118, 9.348274856648118, 9.348274856648118, 9.348274856648118, 9.348274856648118, 9.348274856648118, 9.348274856648118, 9.348274856648118, 9.348274856648118, 9.348274856648118, 9.348274856648118, 9.348274856648118, 9.348274856648118, 9.348274856648118, 9.348274856648118, 9.348274856648118, 9.348274856648118, 9.348274856648118, 9.348274856648118, 9.348274856648118, 9.348274856648118, 9.348274856648118, 9.348274856648118, 9.348274856648118, 9.348274856648118, 9.348274856648118, 9.348274856648118, 9.348274856648118, 9.348274856648118, 9.348274856648118, 9.348274856648118, 9.348274856648118, 9.348274856648118, 9.348274856648118, 9.348274856648118, 9.348274856648118, 9.348274856648118, 9.348274856648118, 9.348274856648118, 9.348274856648118, 9.348274856648118, 9.348274856648118, 9.348274856648118, 9.348274856648118, 9.348274856648118, 9.348274856648118, 9.348274856648118, 9.348274856648118, 9.348274856648118, 9.348274856648118, 9.348274856648118, 9.348274856648118, 9.348274856648118, 9.348274856648118, 9.348274856648118, 9.348274856648118, 9.348274856648118, 9.348274856648118, 9.348274856648118, 9.348274856648118, 9.348274856648118, 9.348274856648118, 9.348274856648118, 9.348274856648118, 9.348274856648118, 9.348274856648118, 9.348274856648118, 9.348274856648118, 9.348274856648118, 9.348274856648118, 9.348274856648118, 9.348274856648118, 9.348274856648118, 9.348274856648118, 9.348274856648118, 9.348274856648118, 9.348274856648118, 9.348274856648118, 9.348274856648118, 9.348274856648118, 9.348274856648118, 9.348274856648118, 9.348274856648118, 9.348274856648118, 9.348274856648118, 9.348274856648118, 9.348274856648118, 9.348274856648118, 9.348274856648118, 9.348274856648118, 9.348274856648118, 9.348274856648118, 9.348274856648118, 9.348274856648118, 9.348274856648118, 9.348274856648118, 9.348274856648118, 9.348274856648118, 9.348274856648118, 9.348274856648118, 9.348274856648118, 9.348274856648118, 9.348274856648118, 9.348274856648118, 9.348274856648118, 9.348274856648118, 9.348274856648118, 9.348274856648118, 9.348274856648118, 9.348274856648118, 9.348274856648118, 9.348274856648118, 9.348274856648118, 9.348274856648118, 9.348274856648118, 9.348274856648118, 9.348274856648118, 9.348274856648118, 9.348274856648118, 9.348274856648118, 9.348274856648118, 9.348274856648118, 9.348274856648118, 9.348274856648118, 9.348274856648118, 9.348274856648118, 9.348274856648118, 9.348274856648118, 9.348274856648118, 9.348274856648118, 9.348274856648118, 9.348274856648118, 9.348274856648118, 9.348274856648118, 9.348274856648118, 9.348274856648118, 9.348274856648118, 9.348274856648118, 9.348274856648118, 9.348274856648118, 9.348274856648118, 9.348274856648118, 9.348274856648118, 9.348274856648118, 9.348274856648118, 9.348274856648118, 9.348274856648118, 9.348274856648118, 9.348274856648118, 9.348274856648118, 9.348274856648118, 9.348274856648118, 9.348274856648118, 9.348274856648118, 9.348274856648118, 9.348274856648118, 9.348274856648118, 9.348274856648118, 9.348274856648118, 9.348274856648118, 9.348274856648118, 9.348274856648118, 9.348274856648118, 9.348274856648118, 9.348274856648118, 9.348274856648118, 9.348274856648118, 9.348274856648118, 9.348274856648118, 9.348274856648118, 9.348274856648118, 9.348274856648118, 9.348274856648118, 9.348274856648118, 9.348274856648118, 9.348274856648118, 9.348274856648118, 9.348274856648118, 9.348274856648118, 9.348274856648118, 9.348274856648118, 9.348274856648118, 9.348274856648118, 9.348274856648118, 9.348274856648118, 9.348274856648118, 9.348274856648118, 9.348274856648118, 9.348274856648118, 9.348274856648118, 9.348274856648118, 9.348274856648118, 9.348274856648118, 9.348274856648118, 9.348274856648118, 9.348274856648118, 9.348274856648118, 9.348274856648118, 9.348274856648118, 9.348274856648118, 9.348274856648118, 9.348274856648118, 9.348274856648118, 9.348274856648118, 9.348274856648118, 9.348274856648118, 9.348274856648118, 9.348274856648118, 9.348274856648118, 9.348274856648118, 9.348274856648118, 9.348274856648118, 9.348274856648118, 9.348274856648118, 9.348274856648118, 9.348274856648118, 9.348274856648118, 9.348274856648118, 9.348274856648118, 9.348274856648118, 9.348274856648118]
     Rhc Test Loss: 9.2489

3. SIMULATED ANNEALING
   Status: SUCCESS
   Timestamp: 2025-10-14T13:33:43.351607
   Duration: 537.3362 seconds
   Memory Change: -1.36 MB
   Peak Memory: 441.55 MB
   Performance: Slow
   Step Details:
     Parameters: 40449
     Parameters: 40449
     Max Evals: 10000
     Max Evals: 10000
     Initial Temp: 1.0000
     Min Temp: 0.0010
     Cooling Rate: 0.0030
     Plateau Threshold: 250
     Plateau Threshold: 250
     Min Delta: 0.0000
     Initial Loss: 9.3483
     Best Loss: 9.3483
     Evals: 252
     Evals: 252
     Wall Clock Time: 539.5030
     History: 252 items
     Final Temp: 0.4704
     Learning Curve Points:
       algo: sa
       evals: [1, 2, 3, 4, 5, 6, 7, 8, 9, 10, 11, 12, 13, 14, 15, 16, 17, 18, 19, 20, 21, 22, 23, 24, 25, 26, 27, 28, 29, 30, 31, 32, 33, 34, 35, 36, 37, 38, 39, 40, 41, 42, 43, 44, 45, 46, 47, 48, 49, 50, 51, 52, 53, 54, 55, 56, 57, 58, 59, 60, 61, 62, 63, 64, 65, 66, 67, 68, 69, 70, 71, 72, 73, 74, 75, 76, 77, 78, 79, 80, 81, 82, 83, 84, 85, 86, 87, 88, 89, 90, 91, 92, 93, 94, 95, 96, 97, 98, 99, 100, 101, 102, 103, 104, 105, 106, 107, 108, 109, 110, 111, 112, 113, 114, 115, 116, 117, 118, 119, 120, 121, 122, 123, 124, 125, 126, 127, 128, 129, 130, 131, 132, 133, 134, 135, 136, 137, 138, 139, 140, 141, 142, 143, 144, 145, 146, 147, 148, 149, 150, 151, 152, 153, 154, 155, 156, 157, 158, 159, 160, 161, 162, 163, 164, 165, 166, 167, 168, 169, 170, 171, 172, 173, 174, 175, 176, 177, 178, 179, 180, 181, 182, 183, 184, 185, 186, 187, 188, 189, 190, 191, 192, 193, 194, 195, 196, 197, 198, 199, 200, 201, 202, 203, 204, 205, 206, 207, 208, 209, 210, 211, 212, 213, 214, 215, 216, 217, 218, 219, 220, 221, 222, 223, 224, 225, 226, 227, 228, 229, 230, 231, 232, 233, 234, 235, 236, 237, 238, 239, 240, 241, 242, 243, 244, 245, 246, 247, 248, 249, 250, 251, 252]
       raw_losses: [9.348275845643705, 44.312221224345855, 52.52622668957584, 43.60748143675466, 27.878975469599325, 43.60826472125987, 32.90809972450216, 37.216128980041184, 36.435236774424396, 40.57289283994644, 74.32189315715164, 70.43292761101294, 49.38717150814319, 69.6937695255986, 55.220746216950594, 112.03947569831969, 34.54169380349457, 55.01688110513031, 43.61386812805499, 37.95767729622977, 128.26363053902116, 62.361538982895944, 49.51109788279054, 36.774584452311196, 51.95352566431439, 37.92683313763331, 78.31094477416346, 29.735412284810707, 117.95564657544332, 54.830971046730326, 39.80735803028894, 56.96877026431775, 51.55111773051913, 68.3402269958819, 83.85526085909082, 82.60076375486989, 52.4968004983569, 73.2878310793922, 51.720559761006996, 33.78142490084209, 46.444488929062295, 40.43469670209935, 38.68810300473814, 30.9965754614936, 36.696095522118625, 43.89763962276398, 47.289076850527806, 50.49911279022378, 45.684273068867036, 31.775777231448544, 57.222392147811, 84.13254361430174, 55.695443572190705, 55.934265156902335, 44.499997860540155, 60.33790826545191, 48.58966476198227, 60.6196938973886, 39.615012173930175, 41.20209331613369, 43.58073546394469, 48.677212548634365, 52.534721233226634, 38.36006243266757, 35.561003619400914, 31.686920095373083, 60.864934608419105, 41.88992874710648, 31.65966992655759, 42.032393400000515, 33.908658153796324, 69.05254398325764, 38.49294507061994, 57.60517495775979, 38.0686934536727, 50.18586658296131, 40.345995786959534, 47.65689950771433, 56.80659151834155, 76.90992845807757, 49.64153586493598, 48.89487414889865, 38.17904366387261, 42.89403671183914, 48.0018754787546, 73.86230256822374, 54.78610935917607, 43.787927395452265, 37.08448783430473, 34.872451842777316, 48.93420549422976, 28.331559085341357, 109.17795752469824, 41.584691708680815, 92.97566570302166, 39.30336924961635, 90.70497522909174, 135.51372754132305, 62.56528719140108, 40.66254004221114, 46.124633405574414, 54.883092547219896, 43.3371904564913, 45.52146954006619, 34.0144039335705, 40.28836729665282, 46.405125088161896, 34.10462993036502, 89.29607984754774, 46.467620970710875, 44.32003344177569, 59.17236404822617, 52.76061010613012, 33.04157842403997, 55.57725210038443, 65.29147112811053, 40.51261582954851, 36.27151756690293, 37.36777736522533, 71.95543412304428, 59.97740784902421, 29.340187728720366, 31.747479807132137, 39.559922011441024, 130.8173881813332, 36.51993467946532, 38.89412396547025, 45.885963601410076, 39.7318431712963, 62.595685060692844, 56.449619071193474, 43.9880116780599, 63.46428712713655, 66.44298825945172, 63.12541707356771, 61.26285926374809, 33.8901804061163, 47.737221753155744, 40.549178512008105, 32.624985316443066, 38.82821529126041, 45.78625108829882, 32.72464098249163, 59.77651135883634, 42.759735389992045, 60.319289454707395, 34.14404763115777, 30.07756314958845, 58.993291461278524, 37.239691931103906, 134.10191062644677, 54.63194862244621, 44.82440770870794, 39.597082915129484, 52.06399053745169, 91.90921512987248, 64.98128475209393, 50.88288578659138, 35.114832661139275, 42.37846352309777, 111.72476474822514, 73.3092403714619, 30.8895654325132, 33.27148197315358, 46.16236808817223, 33.76842307035255, 109.11946352196749, 66.71837228441996, 117.1282400302786, 122.50784600474847, 55.862906360121634, 56.238340347532244, 54.976119934566434, 59.98561996379227, 50.42448279971168, 28.966044733764, 66.5203842889695, 40.63975298846209, 187.22254943847656, 53.015071828529315, 175.100992192667, 93.48407955270595, 40.47736197173911, 43.129014696393696, 53.55024666760964, 108.58526801053809, 171.46471417139446, 37.549669366664986, 29.139182449017884, 66.18135888235909, 35.587516098426136, 40.90377353486561, 64.55362140312397, 75.55385775288576, 49.80482656488974, 73.42651928291119, 28.58157185145787, 39.24721466548859, 36.96857395878545, 43.77714802979162, 51.08421892842288, 84.67007317114128, 96.29105966557901, 29.700932447241726, 42.15791290525406, 45.432616016852165, 37.99377677554176, 95.822022453187, 52.69186316596137, 54.522750047148854, 25.40705019834811, 31.343092116098557, 40.05083374750046, 63.539852021232484, 33.150465919857936, 56.86520416017563, 47.56448083706003, 28.57346338948245, 31.69325120108468, 43.83888416189365, 34.28639231283198, 37.564440813014116, 162.08477831643725, 54.00670599558997, 38.20207690688037, 38.19866311613214, 44.09954565542716, 27.94291518478797, 38.18222522231006, 35.56545260595897, 44.78195208594913, 62.816492817389275, 59.213923580432066, 36.59836521855107, 38.59357399915261, 38.639440445672896, 80.91470288473462, 92.99363304824425, 34.096663712193724, 35.0749149019756, 66.01383756203626, 39.553687282340235, 45.035637769749556, 31.059519197575, 60.93621529473199, 32.44898262225762, 38.96743520100912, 57.66339557385319, 65.36035941391395, 40.52972288989516, 55.94684055873326, 141.7864975702195]
       best_so_far: [9.348275845643705, 9.348275845643705, 9.348275845643705, 9.348275845643705, 9.348275845643705, 9.348275845643705, 9.348275845643705, 9.348275845643705, 9.348275845643705, 9.348275845643705, 9.348275845643705, 9.348275845643705, 9.348275845643705, 9.348275845643705, 9.348275845643705, 9.348275845643705, 9.348275845643705, 9.348275845643705, 9.348275845643705, 9.348275845643705, 9.348275845643705, 9.348275845643705, 9.348275845643705, 9.348275845643705, 9.348275845643705, 9.348275845643705, 9.348275845643705, 9.348275845643705, 9.348275845643705, 9.348275845643705, 9.348275845643705, 9.348275845643705, 9.348275845643705, 9.348275845643705, 9.348275845643705, 9.348275845643705, 9.348275845643705, 9.348275845643705, 9.348275845643705, 9.348275845643705, 9.348275845643705, 9.348275845643705, 9.348275845643705, 9.348275845643705, 9.348275845643705, 9.348275845643705, 9.348275845643705, 9.348275845643705, 9.348275845643705, 9.348275845643705, 9.348275845643705, 9.348275845643705, 9.348275845643705, 9.348275845643705, 9.348275845643705, 9.348275845643705, 9.348275845643705, 9.348275845643705, 9.348275845643705, 9.348275845643705, 9.348275845643705, 9.348275845643705, 9.348275845643705, 9.348275845643705, 9.348275845643705, 9.348275845643705, 9.348275845643705, 9.348275845643705, 9.348275845643705, 9.348275845643705, 9.348275845643705, 9.348275845643705, 9.348275845643705, 9.348275845643705, 9.348275845643705, 9.348275845643705, 9.348275845643705, 9.348275845643705, 9.348275845643705, 9.348275845643705, 9.348275845643705, 9.348275845643705, 9.348275845643705, 9.348275845643705, 9.348275845643705, 9.348275845643705, 9.348275845643705, 9.348275845643705, 9.348275845643705, 9.348275845643705, 9.348275845643705, 9.348275845643705, 9.348275845643705, 9.348275845643705, 9.348275845643705, 9.348275845643705, 9.348275845643705, 9.348275845643705, 9.348275845643705, 9.348275845643705, 9.348275845643705, 9.348275845643705, 9.348275845643705, 9.348275845643705, 9.348275845643705, 9.348275845643705, 9.348275845643705, 9.348275845643705, 9.348275845643705, 9.348275845643705, 9.348275845643705, 9.348275845643705, 9.348275845643705, 9.348275845643705, 9.348275845643705, 9.348275845643705, 9.348275845643705, 9.348275845643705, 9.348275845643705, 9.348275845643705, 9.348275845643705, 9.348275845643705, 9.348275845643705, 9.348275845643705, 9.348275845643705, 9.348275845643705, 9.348275845643705, 9.348275845643705, 9.348275845643705, 9.348275845643705, 9.348275845643705, 9.348275845643705, 9.348275845643705, 9.348275845643705, 9.348275845643705, 9.348275845643705, 9.348275845643705, 9.348275845643705, 9.348275845643705, 9.348275845643705, 9.348275845643705, 9.348275845643705, 9.348275845643705, 9.348275845643705, 9.348275845643705, 9.348275845643705, 9.348275845643705, 9.348275845643705, 9.348275845643705, 9.348275845643705, 9.348275845643705, 9.348275845643705, 9.348275845643705, 9.348275845643705, 9.348275845643705, 9.348275845643705, 9.348275845643705, 9.348275845643705, 9.348275845643705, 9.348275845643705, 9.348275845643705, 9.348275845643705, 9.348275845643705, 9.348275845643705, 9.348275845643705, 9.348275845643705, 9.348275845643705, 9.348275845643705, 9.348275845643705, 9.348275845643705, 9.348275845643705, 9.348275845643705, 9.348275845643705, 9.348275845643705, 9.348275845643705, 9.348275845643705, 9.348275845643705, 9.348275845643705, 9.348275845643705, 9.348275845643705, 9.348275845643705, 9.348275845643705, 9.348275845643705, 9.348275845643705, 9.348275845643705, 9.348275845643705, 9.348275845643705, 9.348275845643705, 9.348275845643705, 9.348275845643705, 9.348275845643705, 9.348275845643705, 9.348275845643705, 9.348275845643705, 9.348275845643705, 9.348275845643705, 9.348275845643705, 9.348275845643705, 9.348275845643705, 9.348275845643705, 9.348275845643705, 9.348275845643705, 9.348275845643705, 9.348275845643705, 9.348275845643705, 9.348275845643705, 9.348275845643705, 9.348275845643705, 9.348275845643705, 9.348275845643705, 9.348275845643705, 9.348275845643705, 9.348275845643705, 9.348275845643705, 9.348275845643705, 9.348275845643705, 9.348275845643705, 9.348275845643705, 9.348275845643705, 9.348275845643705, 9.348275845643705, 9.348275845643705, 9.348275845643705, 9.348275845643705, 9.348275845643705, 9.348275845643705, 9.348275845643705, 9.348275845643705, 9.348275845643705, 9.348275845643705, 9.348275845643705, 9.348275845643705, 9.348275845643705, 9.348275845643705, 9.348275845643705, 9.348275845643705, 9.348275845643705, 9.348275845643705, 9.348275845643705, 9.348275845643705, 9.348275845643705, 9.348275845643705, 9.348275845643705, 9.348275845643705, 9.348275845643705, 9.348275845643705, 9.348275845643705, 9.348275845643705, 9.348275845643705, 9.348275845643705, 9.348275845643705, 9.348275845643705]
     Sa Test Loss: 9.2489
     Generation 1 Best Fitness: 27.3326
     Generation 1 Evals: 50
     Generation 1 Evals: 50
     Generation 2 Best Fitness: 24.8301
     Generation 2 Evals: 50
     Generation 2 Evals: 50
     Generation 3 Best Fitness: 26.1458
     Generation 3 Evals: 50
     Generation 3 Evals: 50
     Generation 4 Best Fitness: 27.4938
     Generation 4 Evals: 50
     Generation 4 Evals: 50
     Generation 5 Best Fitness: 26.0792
     Generation 5 Evals: 50
     Generation 5 Evals: 50
     Generation 6 Best Fitness: 26.0792
     Generation 6 Evals: 50
     Generation 6 Evals: 50
     Generation 7 Best Fitness: 25.2721
     Generation 7 Evals: 50
     Generation 7 Evals: 50
     Generation 8 Best Fitness: 24.4199
     Generation 8 Evals: 50
     Generation 8 Evals: 50
     Generation 9 Best Fitness: 23.3962
     Generation 9 Evals: 50
     Generation 9 Evals: 50
     Generation 10 Best Fitness: 22.7583
     Generation 10 Evals: 50
     Generation 10 Evals: 50
     Generation 11 Best Fitness: 21.8712
     Generation 11 Evals: 50
     Generation 11 Evals: 50
     Generation 12 Best Fitness: 20.6452
     Generation 12 Evals: 50
     Generation 12 Evals: 50
     Generation 13 Best Fitness: 21.6685
     Generation 13 Evals: 50
     Generation 13 Evals: 50
     Generation 14 Best Fitness: 21.0752
     Generation 14 Evals: 50
     Generation 14 Evals: 50
     Generation 15 Best Fitness: 21.5145
     Generation 15 Evals: 50
     Generation 15 Evals: 50
     Generation 16 Best Fitness: 21.5145
     Generation 16 Evals: 50
     Generation 16 Evals: 50
     Generation 17 Best Fitness: 21.5161
     Generation 17 Evals: 50
     Generation 17 Evals: 50
     Generation 18 Best Fitness: 21.1526
     Generation 18 Evals: 50
     Generation 18 Evals: 50
     Generation 19 Best Fitness: 21.1652
     Generation 19 Evals: 50
     Generation 19 Evals: 50
     Generation 20 Best Fitness: 21.1652
     Generation 20 Evals: 50
     Generation 20 Evals: 50
     Generation 21 Best Fitness: 21.1841
     Generation 21 Evals: 50
     Generation 21 Evals: 50
     Generation 22 Best Fitness: 21.1841
     Generation 22 Evals: 50
     Generation 22 Evals: 50
     Generation 23 Best Fitness: 21.0891
     Generation 23 Evals: 50
     Generation 23 Evals: 50
     Generation 24 Best Fitness: 20.5500
     Generation 24 Evals: 50
     Generation 24 Evals: 50
     Generation 25 Best Fitness: 20.6224
     Generation 25 Evals: 50
     Generation 25 Evals: 50
     Generation 26 Best Fitness: 20.6590
     Generation 26 Evals: 50
     Generation 26 Evals: 50
     Generation 27 Best Fitness: 20.5106
     Generation 27 Evals: 50
     Generation 27 Evals: 50
     Generation 28 Best Fitness: 20.4101
     Generation 28 Evals: 50
     Generation 28 Evals: 50
     Generation 29 Best Fitness: 20.4267
     Generation 29 Evals: 50
     Generation 29 Evals: 50
     Generation 30 Best Fitness: 20.5265
     Generation 30 Evals: 50
     Generation 30 Evals: 50
     Generation 31 Best Fitness: 19.8616
     Generation 31 Evals: 50
     Generation 31 Evals: 50
     Generation 32 Best Fitness: 19.8055
     Generation 32 Evals: 50
     Generation 32 Evals: 50
     Generation 33 Best Fitness: 19.8047
     Generation 33 Evals: 50
     Generation 33 Evals: 50
     Generation 34 Best Fitness: 19.7778
     Generation 34 Evals: 50
     Generation 34 Evals: 50
     Generation 35 Best Fitness: 19.7720
     Generation 35 Evals: 50
     Generation 35 Evals: 50
     Generation 36 Best Fitness: 19.4324
     Generation 36 Evals: 50
     Generation 36 Evals: 50
     Generation 37 Best Fitness: 19.4324
     Generation 37 Evals: 50
     Generation 37 Evals: 50
     Generation 38 Best Fitness: 19.3678
     Generation 38 Evals: 50
     Generation 38 Evals: 50
     Generation 39 Best Fitness: 19.3732
     Generation 39 Evals: 50
     Generation 39 Evals: 50
     Generation 40 Best Fitness: 19.3460
     Generation 40 Evals: 50
     Generation 40 Evals: 50
     Generation 41 Best Fitness: 19.3081
     Generation 41 Evals: 50
     Generation 41 Evals: 50
     Generation 42 Best Fitness: 19.3016
     Generation 42 Evals: 50
     Generation 42 Evals: 50
     Generation 43 Best Fitness: 19.2412
     Generation 43 Evals: 50
     Generation 43 Evals: 50
     Generation 44 Best Fitness: 19.2284
     Generation 44 Evals: 50
     Generation 44 Evals: 50
     Generation 45 Best Fitness: 19.1719
     Generation 45 Evals: 50
     Generation 45 Evals: 50
     Generation 46 Best Fitness: 19.1725
     Generation 46 Evals: 50
     Generation 46 Evals: 50
     Generation 47 Best Fitness: 19.1643
     Generation 47 Evals: 50
     Generation 47 Evals: 50
     Generation 48 Best Fitness: 19.1334
     Generation 48 Evals: 50
     Generation 48 Evals: 50
     Generation 49 Best Fitness: 19.1071
     Generation 49 Evals: 50
     Generation 49 Evals: 50
     Generation 50 Best Fitness: 19.0850
     Generation 50 Evals: 50
     Generation 50 Evals: 50
     Generation 51 Best Fitness: 19.0807
     Generation 51 Evals: 50
     Generation 51 Evals: 50
     Generation 52 Best Fitness: 19.0634
     Generation 52 Evals: 50
     Generation 52 Evals: 50
     Generation 53 Best Fitness: 18.9964
     Generation 53 Evals: 50
     Generation 53 Evals: 50
     Generation 54 Best Fitness: 18.9964
     Generation 54 Evals: 50
     Generation 54 Evals: 50
     Generation 55 Best Fitness: 18.9541
     Generation 55 Evals: 50
     Generation 55 Evals: 50
     Generation 56 Best Fitness: 18.9465
     Generation 56 Evals: 50
     Generation 56 Evals: 50
     Generation 57 Best Fitness: 18.9465
     Generation 57 Evals: 50
     Generation 57 Evals: 50
     Generation 58 Best Fitness: 18.8770
     Generation 58 Evals: 50
     Generation 58 Evals: 50
     Generation 59 Best Fitness: 18.8770
     Generation 59 Evals: 50
     Generation 59 Evals: 50
     Generation 60 Best Fitness: 18.8235
     Generation 60 Evals: 50
     Generation 60 Evals: 50
     Generation 61 Best Fitness: 18.8392
     Generation 61 Evals: 50
     Generation 61 Evals: 50
     Generation 62 Best Fitness: 18.8392
     Generation 62 Evals: 50
     Generation 62 Evals: 50
     Generation 63 Best Fitness: 18.8107
     Generation 63 Evals: 50
     Generation 63 Evals: 50
     Generation 64 Best Fitness: 18.7734
     Generation 64 Evals: 50
     Generation 64 Evals: 50
     Generation 65 Best Fitness: 18.7541
     Generation 65 Evals: 50
     Generation 65 Evals: 50
     Generation 66 Best Fitness: 18.7169
     Generation 66 Evals: 50
     Generation 66 Evals: 50
     Generation 67 Best Fitness: 18.6965
     Generation 67 Evals: 50
     Generation 67 Evals: 50
     Generation 68 Best Fitness: 18.6916
     Generation 68 Evals: 50
     Generation 68 Evals: 50
     Generation 69 Best Fitness: 18.6773
     Generation 69 Evals: 50
     Generation 69 Evals: 50
     Generation 70 Best Fitness: 18.6773
     Generation 70 Evals: 50
     Generation 70 Evals: 50
     Generation 71 Best Fitness: 18.6523
     Generation 71 Evals: 50
     Generation 71 Evals: 50
     Generation 72 Best Fitness: 18.6306
     Generation 72 Evals: 50
     Generation 72 Evals: 50
     Generation 73 Best Fitness: 18.6185
     Generation 73 Evals: 50
     Generation 73 Evals: 50
     Generation 74 Best Fitness: 18.5852
     Generation 74 Evals: 50
     Generation 74 Evals: 50
     Generation 75 Best Fitness: 18.5619
     Generation 75 Evals: 50
     Generation 75 Evals: 50
     Generation 76 Best Fitness: 18.5742
     Generation 76 Evals: 50
     Generation 76 Evals: 50
     Generation 77 Best Fitness: 18.5250
     Generation 77 Evals: 50
     Generation 77 Evals: 50
     Generation 78 Best Fitness: 18.5367
     Generation 78 Evals: 50
     Generation 78 Evals: 50
     Generation 79 Best Fitness: 18.4998
     Generation 79 Evals: 50
     Generation 79 Evals: 50
     Generation 80 Best Fitness: 18.4815
     Generation 80 Evals: 50
     Generation 80 Evals: 50
     Generation 81 Best Fitness: 18.4517
     Generation 81 Evals: 50
     Generation 81 Evals: 50
     Generation 82 Best Fitness: 18.4214
     Generation 82 Evals: 50
     Generation 82 Evals: 50
     Generation 83 Best Fitness: 18.4145
     Generation 83 Evals: 50
     Generation 83 Evals: 50
     Generation 84 Best Fitness: 18.3644
     Generation 84 Evals: 50
     Generation 84 Evals: 50
     Generation 85 Best Fitness: 18.3780
     Generation 85 Evals: 50
     Generation 85 Evals: 50
     Generation 86 Best Fitness: 18.3634
     Generation 86 Evals: 50
     Generation 86 Evals: 50
     Generation 87 Best Fitness: 18.3490
     Generation 87 Evals: 50
     Generation 87 Evals: 50
     Generation 88 Best Fitness: 18.3117
     Generation 88 Evals: 50
     Generation 88 Evals: 50
     Generation 89 Best Fitness: 18.3186
     Generation 89 Evals: 50
     Generation 89 Evals: 50
     Generation 90 Best Fitness: 18.3086
     Generation 90 Evals: 50
     Generation 90 Evals: 50
     Generation 91 Best Fitness: 18.2652
     Generation 91 Evals: 50
     Generation 91 Evals: 50
     Generation 92 Best Fitness: 18.2679
     Generation 92 Evals: 50
     Generation 92 Evals: 50
     Generation 93 Best Fitness: 18.2490
     Generation 93 Evals: 50
     Generation 93 Evals: 50
     Generation 94 Best Fitness: 18.2193
     Generation 94 Evals: 50
     Generation 94 Evals: 50
     Generation 95 Best Fitness: 18.2157
     Generation 95 Evals: 50
     Generation 95 Evals: 50
     Generation 96 Best Fitness: 18.2157
     Generation 96 Evals: 50
     Generation 96 Evals: 50
     Generation 97 Best Fitness: 18.1921
     Generation 97 Evals: 50
     Generation 97 Evals: 50
     Generation 98 Best Fitness: 18.1790
     Generation 98 Evals: 50
     Generation 98 Evals: 50
     Generation 99 Best Fitness: 18.1584
     Generation 99 Evals: 50
     Generation 99 Evals: 50
     Generation 100 Best Fitness: 18.0853
     Generation 100 Evals: 50
     Generation 100 Evals: 50
     Generation 101 Best Fitness: 18.1010
     Generation 101 Evals: 50
     Generation 101 Evals: 50
     Generation 102 Best Fitness: 18.1056
     Generation 102 Evals: 50
     Generation 102 Evals: 50
     Generation 103 Best Fitness: 18.0919
     Generation 103 Evals: 50
     Generation 103 Evals: 50
     Generation 104 Best Fitness: 18.0304
     Generation 104 Evals: 50
     Generation 104 Evals: 50
     Generation 105 Best Fitness: 18.0330
     Generation 105 Evals: 50
     Generation 105 Evals: 50
     Generation 106 Best Fitness: 17.9862
     Generation 106 Evals: 50
     Generation 106 Evals: 50
     Generation 107 Best Fitness: 17.9388
     Generation 107 Evals: 50
     Generation 107 Evals: 50
     Generation 108 Best Fitness: 17.9566
     Generation 108 Evals: 50
     Generation 108 Evals: 50
     Generation 109 Best Fitness: 17.9491
     Generation 109 Evals: 50
     Generation 109 Evals: 50
     Generation 110 Best Fitness: 17.9472
     Generation 110 Evals: 50
     Generation 110 Evals: 50
     Generation 111 Best Fitness: 17.8919
     Generation 111 Evals: 50
     Generation 111 Evals: 50
     Generation 112 Best Fitness: 17.8724
     Generation 112 Evals: 50
     Generation 112 Evals: 50
     Generation 113 Best Fitness: 17.8524
     Generation 113 Evals: 50
     Generation 113 Evals: 50
     Generation 114 Best Fitness: 17.8434
     Generation 114 Evals: 50
     Generation 114 Evals: 50
     Generation 115 Best Fitness: 17.8284
     Generation 115 Evals: 50
     Generation 115 Evals: 50
     Generation 116 Best Fitness: 17.7749
     Generation 116 Evals: 50
     Generation 116 Evals: 50
     Generation 117 Best Fitness: 17.8052
     Generation 117 Evals: 50
     Generation 117 Evals: 50
     Generation 118 Best Fitness: 17.7498
     Generation 118 Evals: 50
     Generation 118 Evals: 50
     Generation 119 Best Fitness: 17.7542
     Generation 119 Evals: 50
     Generation 119 Evals: 50
     Generation 120 Best Fitness: 17.7542
     Generation 120 Evals: 50
     Generation 120 Evals: 50
     Generation 121 Best Fitness: 17.7385
     Generation 121 Evals: 50
     Generation 121 Evals: 50
     Generation 122 Best Fitness: 17.7227
     Generation 122 Evals: 50
     Generation 122 Evals: 50
     Generation 123 Best Fitness: 17.7101
     Generation 123 Evals: 50
     Generation 123 Evals: 50
     Generation 124 Best Fitness: 17.7099
     Generation 124 Evals: 50
     Generation 124 Evals: 50
     Generation 125 Best Fitness: 17.6933
     Generation 125 Evals: 50
     Generation 125 Evals: 50
     Generation 126 Best Fitness: 17.6501
     Generation 126 Evals: 50
     Generation 126 Evals: 50
     Generation 127 Best Fitness: 17.6463
     Generation 127 Evals: 50
     Generation 127 Evals: 50
     Generation 128 Best Fitness: 17.6285
     Generation 128 Evals: 50
     Generation 128 Evals: 50
     Generation 129 Best Fitness: 17.6132
     Generation 129 Evals: 50
     Generation 129 Evals: 50
     Generation 130 Best Fitness: 17.6002
     Generation 130 Evals: 50
     Generation 130 Evals: 50
     Generation 131 Best Fitness: 17.5919
     Generation 131 Evals: 50
     Generation 131 Evals: 50
     Generation 132 Best Fitness: 17.5627
     Generation 132 Evals: 50
     Generation 132 Evals: 50
     Generation 133 Best Fitness: 17.5317
     Generation 133 Evals: 50
     Generation 133 Evals: 50
     Generation 134 Best Fitness: 17.5173
     Generation 134 Evals: 50
     Generation 134 Evals: 50
     Generation 135 Best Fitness: 17.5173
     Generation 135 Evals: 50
     Generation 135 Evals: 50
     Generation 136 Best Fitness: 17.5141
     Generation 136 Evals: 50
     Generation 136 Evals: 50
     Generation 137 Best Fitness: 17.5075
     Generation 137 Evals: 50
     Generation 137 Evals: 50
     Generation 138 Best Fitness: 17.4864
     Generation 138 Evals: 50
     Generation 138 Evals: 50
     Generation 139 Best Fitness: 17.4867
     Generation 139 Evals: 50
     Generation 139 Evals: 50
     Generation 140 Best Fitness: 17.4867
     Generation 140 Evals: 50
     Generation 140 Evals: 50
     Generation 141 Best Fitness: 17.4806
     Generation 141 Evals: 50
     Generation 141 Evals: 50
     Generation 142 Best Fitness: 17.4705
     Generation 142 Evals: 50
     Generation 142 Evals: 50
     Generation 143 Best Fitness: 17.4698
     Generation 143 Evals: 50
     Generation 143 Evals: 50
     Generation 144 Best Fitness: 17.4628
     Generation 144 Evals: 50
     Generation 144 Evals: 50
     Generation 145 Best Fitness: 17.4126
     Generation 145 Evals: 50
     Generation 145 Evals: 50
     Generation 146 Best Fitness: 17.4279
     Generation 146 Evals: 50
     Generation 146 Evals: 50
     Generation 147 Best Fitness: 17.4008
     Generation 147 Evals: 50
     Generation 147 Evals: 50
     Generation 148 Best Fitness: 17.3958
     Generation 148 Evals: 50
     Generation 148 Evals: 50
     Generation 149 Best Fitness: 17.3505
     Generation 149 Evals: 50
     Generation 149 Evals: 50
     Generation 150 Best Fitness: 17.3596
     Generation 150 Evals: 50
     Generation 150 Evals: 50
     Generation 151 Best Fitness: 17.3302
     Generation 151 Evals: 50
     Generation 151 Evals: 50
     Generation 152 Best Fitness: 17.3302
     Generation 152 Evals: 50
     Generation 152 Evals: 50
     Generation 153 Best Fitness: 17.3076
     Generation 153 Evals: 50
     Generation 153 Evals: 50
     Generation 154 Best Fitness: 17.2810
     Generation 154 Evals: 50
     Generation 154 Evals: 50
     Generation 155 Best Fitness: 17.2810
     Generation 155 Evals: 50
     Generation 155 Evals: 50
     Generation 156 Best Fitness: 17.2377
     Generation 156 Evals: 50
     Generation 156 Evals: 50
     Generation 157 Best Fitness: 17.2157
     Generation 157 Evals: 50
     Generation 157 Evals: 50
     Generation 158 Best Fitness: 17.1763
     Generation 158 Evals: 50
     Generation 158 Evals: 50
     Generation 159 Best Fitness: 17.1763
     Generation 159 Evals: 50
     Generation 159 Evals: 50
     Generation 160 Best Fitness: 17.1540
     Generation 160 Evals: 50
     Generation 160 Evals: 50
     Generation 161 Best Fitness: 17.1399
     Generation 161 Evals: 50
     Generation 161 Evals: 50
     Generation 162 Best Fitness: 17.1465
     Generation 162 Evals: 50
     Generation 162 Evals: 50
     Generation 163 Best Fitness: 17.1233
     Generation 163 Evals: 50
     Generation 163 Evals: 50
     Generation 164 Best Fitness: 17.1137
     Generation 164 Evals: 50
     Generation 164 Evals: 50
     Generation 165 Best Fitness: 17.0494
     Generation 165 Evals: 50
     Generation 165 Evals: 50
     Generation 166 Best Fitness: 17.0408
     Generation 166 Evals: 50
     Generation 166 Evals: 50
     Generation 167 Best Fitness: 17.0309
     Generation 167 Evals: 50
     Generation 167 Evals: 50
     Generation 168 Best Fitness: 17.0257
     Generation 168 Evals: 50
     Generation 168 Evals: 50
     Generation 169 Best Fitness: 16.9894
     Generation 169 Evals: 50
     Generation 169 Evals: 50
     Generation 170 Best Fitness: 16.9435
     Generation 170 Evals: 50
     Generation 170 Evals: 50
     Generation 171 Best Fitness: 16.9435
     Generation 171 Evals: 50
     Generation 171 Evals: 50
     Generation 172 Best Fitness: 16.8955
     Generation 172 Evals: 50
     Generation 172 Evals: 50
     Generation 173 Best Fitness: 16.8955
     Generation 173 Evals: 50
     Generation 173 Evals: 50
     Generation 174 Best Fitness: 16.8871
     Generation 174 Evals: 50
     Generation 174 Evals: 50
     Generation 175 Best Fitness: 16.8932
     Generation 175 Evals: 50
     Generation 175 Evals: 50
     Generation 176 Best Fitness: 16.8868
     Generation 176 Evals: 50
     Generation 176 Evals: 50
     Generation 177 Best Fitness: 16.8768
     Generation 177 Evals: 50
     Generation 177 Evals: 50
     Generation 178 Best Fitness: 16.8470
     Generation 178 Evals: 50
     Generation 178 Evals: 50
     Generation 179 Best Fitness: 16.8320
     Generation 179 Evals: 50
     Generation 179 Evals: 50
     Generation 180 Best Fitness: 16.8043
     Generation 180 Evals: 50
     Generation 180 Evals: 50
     Generation 181 Best Fitness: 16.7969
     Generation 181 Evals: 50
     Generation 181 Evals: 50
     Generation 182 Best Fitness: 16.7785
     Generation 182 Evals: 50
     Generation 182 Evals: 50
     Generation 183 Best Fitness: 16.7774
     Generation 183 Evals: 50
     Generation 183 Evals: 50
     Generation 184 Best Fitness: 16.7474
     Generation 184 Evals: 50
     Generation 184 Evals: 50
     Generation 185 Best Fitness: 16.7175
     Generation 185 Evals: 50
     Generation 185 Evals: 50
     Generation 186 Best Fitness: 16.6864
     Generation 186 Evals: 50
     Generation 186 Evals: 50
     Generation 187 Best Fitness: 16.6824
     Generation 187 Evals: 50
     Generation 187 Evals: 50
     Generation 188 Best Fitness: 16.6853
     Generation 188 Evals: 50
     Generation 188 Evals: 50
     Generation 189 Best Fitness: 16.6658
     Generation 189 Evals: 50
     Generation 189 Evals: 50
     Generation 190 Best Fitness: 16.6563
     Generation 190 Evals: 50
     Generation 190 Evals: 50
     Generation 191 Best Fitness: 16.6445
     Generation 191 Evals: 50
     Generation 191 Evals: 50
     Generation 192 Best Fitness: 16.6258
     Generation 192 Evals: 50
     Generation 192 Evals: 50
     Generation 193 Best Fitness: 16.6136
     Generation 193 Evals: 50
     Generation 193 Evals: 50
     Generation 194 Best Fitness: 16.5900
     Generation 194 Evals: 50
     Generation 194 Evals: 50
     Generation 195 Best Fitness: 16.5780
     Generation 195 Evals: 50
     Generation 195 Evals: 50
     Generation 196 Best Fitness: 16.5629
     Generation 196 Evals: 50
     Generation 196 Evals: 50
     Generation 197 Best Fitness: 16.5440
     Generation 197 Evals: 50
     Generation 197 Evals: 50
     Generation 198 Best Fitness: 16.5342
     Generation 198 Evals: 50
     Generation 198 Evals: 50
     Generation 199 Best Fitness: 16.4985
     Generation 199 Evals: 50
     Generation 199 Evals: 50

4. GENETIC ALGORITHM
   Status: SUCCESS
   Timestamp: 2025-10-14T19:34:53.407990
   Duration: 21561.2809 seconds
   Memory Change: -174.82 MB
   Peak Memory: 266.87 MB
   Performance: Slow
   Step Details:
     Parameters: 40449
     Parameters: 40449
     Max Evals: 10000
     Max Evals: 10000
     Pop Size: 50
     Pop Size: 50
     Mutation Rate: 0.1000
     Mutation Std: 0.0010
     Crossover Rate: 0.7000
     Plateau Threshold: 250
     Plateau Threshold: 250
     Min Delta: 0.0000
     Initial Fitness: 25.3054
     Best Loss: 16.4985
     Evals: 10000
     Evals: 10000
     Wall Clock Time: 21,666.9898
     History: 200 items
     Generation Count: 199
     Generation Count: 199
     Learning Curve Points:
       algo: ga
       evals: [50, 100, 150, 200, 250, 300, 350, 400, 450, 500, 550, 600, 650, 700, 750, 800, 850, 900, 950, 1000, 1050, 1100, 1150, 1200, 1250, 1300, 1350, 1400, 1450, 1500, 1550, 1600, 1650, 1700, 1750, 1800, 1850, 1900, 1950, 2000, 2050, 2100, 2150, 2200, 2250, 2300, 2350, 2400, 2450, 2500, 2550, 2600, 2650, 2700, 2750, 2800, 2850, 2900, 2950, 3000, 3050, 3100, 3150, 3200, 3250, 3300, 3350, 3400, 3450, 3500, 3550, 3600, 3650, 3700, 3750, 3800, 3850, 3900, 3950, 4000, 4050, 4100, 4150, 4200, 4250, 4300, 4350, 4400, 4450, 4500, 4550, 4600, 4650, 4700, 4750, 4800, 4850, 4900, 4950, 5000, 5050, 5100, 5150, 5200, 5250, 5300, 5350, 5400, 5450, 5500, 5550, 5600, 5650, 5700, 5750, 5800, 5850, 5900, 5950, 6000, 6050, 6100, 6150, 6200, 6250, 6300, 6350, 6400, 6450, 6500, 6550, 6600, 6650, 6700, 6750, 6800, 6850, 6900, 6950, 7000, 7050, 7100, 7150, 7200, 7250, 7300, 7350, 7400, 7450, 7500, 7550, 7600, 7650, 7700, 7750, 7800, 7850, 7900, 7950, 8000, 8050, 8100, 8150, 8200, 8250, 8300, 8350, 8400, 8450, 8500, 8550, 8600, 8650, 8700, 8750, 8800, 8850, 8900, 8950, 9000, 9050, 9100, 9150, 9200, 9250, 9300, 9350, 9400, 9450, 9500, 9550, 9600, 9650, 9700, 9750, 9800, 9850, 9900, 9950, 10000]
       raw_losses: [25.305384035463685, 27.332588276535116, 24.83005886986142, 26.145764971536302, 27.49376673420901, 26.079246127416216, 26.079246127416216, 25.272136466213006, 24.419920563067077, 23.396202147953094, 22.75834267227738, 21.871237537848256, 20.645203433970295, 21.6684771139155, 21.075224881449703, 21.514549770052472, 21.514549770052472, 21.516140024498025, 21.152580947472305, 21.1652286771744, 21.1652286771744, 21.184103637776047, 21.184103637776047, 21.089069760034956, 20.549965732312078, 20.62244473815595, 20.659033003307524, 20.510640775085125, 20.410090471701647, 20.426680983689728, 20.526461868689804, 19.86155505912014, 19.805526713214853, 19.804716957939995, 19.777814340339138, 19.77201945188815, 19.432422274634952, 19.432422274634952, 19.367798840558088, 19.373186999527867, 19.345956994112207, 19.3080566648453, 19.3016066576438, 19.24119344842497, 19.22840259693287, 19.171868399968222, 19.172518644383345, 19.164322091158105, 19.133438362646356, 19.10711534691866, 19.084950270476163, 19.080714745496316, 19.06342906043643, 18.996441785620632, 18.996441785620632, 18.954057844858323, 18.946450157771036, 18.946450157771036, 18.877021153767902, 18.877021153767902, 18.823455063754288, 18.839206584546933, 18.839206584546933, 18.81072023179796, 18.773363517074987, 18.754095107790025, 18.716913112256893, 18.69649934516382, 18.691598730743248, 18.677319279423468, 18.677319279423468, 18.65225245965221, 18.630585544323797, 18.61852159449663, 18.58519573312588, 18.56194106611625, 18.574195791173864, 18.524979909261067, 18.536692821159566, 18.499826451458, 18.481534725774534, 18.451705014264142, 18.421413573007737, 18.41451554575925, 18.364438823921972, 18.377955981663295, 18.363395347797052, 18.34898413804473, 18.311706184710143, 18.31863504742819, 18.308638239663743, 18.265232838020122, 18.267923334918954, 18.24902997193513, 18.219338684485702, 18.21566629662085, 18.21566629662085, 18.192093778539586, 18.178975821802855, 18.158372374438734, 18.085324257139174, 18.10102794788502, 18.105644680204847, 18.091905361760862, 18.030410847335897, 18.032982185404137, 17.986218825849907, 17.938808385657254, 17.956632876522328, 17.949059990978746, 17.947182801665452, 17.891914342446302, 17.87235405836156, 17.852434435849467, 17.843437891157848, 17.828359180026585, 17.774868359641424, 17.805172017011692, 17.749838183165856, 17.7542437396983, 17.7542437396983, 17.738480012883585, 17.722651870162398, 17.710075792181428, 17.709947803033092, 17.693340215733443, 17.650060618365252, 17.64632058522058, 17.628532838569118, 17.613207524415678, 17.600168667142352, 17.591915862270135, 17.562686410530535, 17.53170214758979, 17.517317585213476, 17.517317585213476, 17.51406884067273, 17.507489698904532, 17.48640932355608, 17.486713883738037, 17.486713883738037, 17.480647687558776, 17.47046594266538, 17.469777389808936, 17.462831678844633, 17.41262198755981, 17.427878233490798, 17.400843827182022, 17.395809552026172, 17.350508271071014, 17.35963933430021, 17.330223315607302, 17.330223315607302, 17.307568585431135, 17.280999703382058, 17.280999703382058, 17.23773154505977, 17.21572880013279, 17.176335390282688, 17.176335390282688, 17.153958618325532, 17.13988988866251, 17.1465172338738, 17.123322133664733, 17.11368967994811, 17.04938612034712, 17.04081887542886, 17.030932991592973, 17.02573247939821, 16.98940158521057, 16.94345006993208, 16.94345006993208, 16.8955396975159, 16.8955396975159, 16.887144800216433, 16.893157353476873, 16.886755802013255, 16.876806551817232, 16.846957459020867, 16.832006338412167, 16.804323973479093, 16.796921578664627, 16.77845950858303, 16.777445137185396, 16.747423701816135, 16.717457009370996, 16.686416666343728, 16.68235885781586, 16.685297870131397, 16.66584680446241, 16.656263790433368, 16.644464391879936, 16.62582955537019, 16.61359927767799, 16.589976896053898, 16.577963051972567, 16.562885400479434, 16.543985059021644, 16.534204074314662, 16.498496772120237]
       best_so_far: [25.305384035463685, 25.305384035463685, 24.83005886986142, 24.83005886986142, 24.83005886986142, 24.83005886986142, 24.83005886986142, 24.83005886986142, 24.419920563067077, 23.396202147953094, 22.75834267227738, 21.871237537848256, 20.645203433970295, 20.645203433970295, 20.645203433970295, 20.645203433970295, 20.645203433970295, 20.645203433970295, 20.645203433970295, 20.645203433970295, 20.645203433970295, 20.645203433970295, 20.645203433970295, 20.645203433970295, 20.549965732312078, 20.549965732312078, 20.549965732312078, 20.510640775085125, 20.410090471701647, 20.410090471701647, 20.410090471701647, 19.86155505912014, 19.805526713214853, 19.804716957939995, 19.777814340339138, 19.77201945188815, 19.432422274634952, 19.432422274634952, 19.367798840558088, 19.367798840558088, 19.345956994112207, 19.3080566648453, 19.3016066576438, 19.24119344842497, 19.22840259693287, 19.171868399968222, 19.171868399968222, 19.164322091158105, 19.133438362646356, 19.10711534691866, 19.084950270476163, 19.080714745496316, 19.06342906043643, 18.996441785620632, 18.996441785620632, 18.954057844858323, 18.946450157771036, 18.946450157771036, 18.877021153767902, 18.877021153767902, 18.823455063754288, 18.823455063754288, 18.823455063754288, 18.81072023179796, 18.773363517074987, 18.754095107790025, 18.716913112256893, 18.69649934516382, 18.691598730743248, 18.677319279423468, 18.677319279423468, 18.65225245965221, 18.630585544323797, 18.61852159449663, 18.58519573312588, 18.56194106611625, 18.56194106611625, 18.524979909261067, 18.524979909261067, 18.499826451458, 18.481534725774534, 18.451705014264142, 18.421413573007737, 18.41451554575925, 18.364438823921972, 18.364438823921972, 18.363395347797052, 18.34898413804473, 18.311706184710143, 18.311706184710143, 18.308638239663743, 18.265232838020122, 18.265232838020122, 18.24902997193513, 18.219338684485702, 18.21566629662085, 18.21566629662085, 18.192093778539586, 18.178975821802855, 18.158372374438734, 18.085324257139174, 18.085324257139174, 18.085324257139174, 18.085324257139174, 18.030410847335897, 18.030410847335897, 17.986218825849907, 17.938808385657254, 17.938808385657254, 17.938808385657254, 17.938808385657254, 17.891914342446302, 17.87235405836156, 17.852434435849467, 17.843437891157848, 17.828359180026585, 17.774868359641424, 17.774868359641424, 17.749838183165856, 17.749838183165856, 17.749838183165856, 17.738480012883585, 17.722651870162398, 17.710075792181428, 17.709947803033092, 17.693340215733443, 17.650060618365252, 17.64632058522058, 17.628532838569118, 17.613207524415678, 17.600168667142352, 17.591915862270135, 17.562686410530535, 17.53170214758979, 17.517317585213476, 17.517317585213476, 17.51406884067273, 17.507489698904532, 17.48640932355608, 17.48640932355608, 17.48640932355608, 17.480647687558776, 17.47046594266538, 17.469777389808936, 17.462831678844633, 17.41262198755981, 17.41262198755981, 17.400843827182022, 17.395809552026172, 17.350508271071014, 17.350508271071014, 17.330223315607302, 17.330223315607302, 17.307568585431135, 17.280999703382058, 17.280999703382058, 17.23773154505977, 17.21572880013279, 17.176335390282688, 17.176335390282688, 17.153958618325532, 17.13988988866251, 17.13988988866251, 17.123322133664733, 17.11368967994811, 17.04938612034712, 17.04081887542886, 17.030932991592973, 17.02573247939821, 16.98940158521057, 16.94345006993208, 16.94345006993208, 16.8955396975159, 16.8955396975159, 16.887144800216433, 16.887144800216433, 16.886755802013255, 16.876806551817232, 16.846957459020867, 16.832006338412167, 16.804323973479093, 16.796921578664627, 16.77845950858303, 16.777445137185396, 16.747423701816135, 16.717457009370996, 16.686416666343728, 16.68235885781586, 16.68235885781586, 16.66584680446241, 16.656263790433368, 16.644464391879936, 16.62582955537019, 16.61359927767799, 16.589976896053898, 16.577963051972567, 16.562885400479434, 16.543985059021644, 16.534204074314662, 16.498496772120237]
     Ga Test Loss: 16.5648
     Rhc Test Loss: 9.2489
     Sa Test Loss: 9.2489

======================================================================
Report Generated: 2025-10-14 19:34:56 EDT
Log File: logs/experiment_logs.json
======================================================================
