======================================================================
ML EXPERIMENT DETAILED REPORT
======================================================================

RO ALGORITHMS SUMMARY TABLE
----------------------------------------
| Algorithm                | Best Val Loss | # Func Evals | Wall Time |
|--------------------------|--------|-------|----------|
| Randomized Hill Climbing | 0.4943 |  3243 |  885.20s |
| Simulated Annealing      | 4.3867 |  2301 |  617.01s |
| Genetic Algorithm        | 4.1135 | 10000 | 2688.22s |


KEY METRICS
----------------------------------------
Restart 1 Best Loss: 0.49432131779062877
Restart 2 Best Loss: 0.5182895532676152
Restart 3 Best Loss: 0.5229885404581552
Restart 4 Best Loss: 0.5437698833671681
Restart 5 Best Loss: 0.5675681315280579

SYSTEM INFORMATION
------------------------------
Platform: win32
Python Version: 3.12.10
CPU Cores: 16
Total Memory: 15.77 GB
Process ID: 176944

EXPERIMENT CONFIGURATION
----------------------------------------
Dataset: hotels
Target: is_canceled
Method: classification
Subsample: 1.0
DATA ANALYSIS
------------------------------
Initial Rows: 87,138
Rows After Cleaning: 87,138
Training Set: 52282 samples x 14 features
Validation Set: 17428 samples x 14 features
Test Set: 17428 samples x 14 features
Memory Before Cleaning: Used cashed memory
Memory After Cleaning: 10.055253982543945 MB
Memory Reduction: 0.0%
Target Distribution:
  0: 38,022 (72.7%)
  1: 14,260 (27.3%)

DETAILED STEP ANALYSIS
------------------------------
1. LOAD DATA
   Status: SUCCESS
   Timestamp: 2025-10-14T05:43:42.789328
   Duration: 0.1878 seconds
   Memory Change: +126.98 MB
   Peak Memory: 642.26 MB
   Performance: Fast
   Step Details:
     Used Cached Df: True
     Used Cached Df: True
     N Loaded Rows: 87138
     N Loaded Rows: 87138
     N Cleaned Rows: 87138
     N Cleaned Rows: 87138
     Train Shape: 52282 samples x 14 features
     Validation Shape: 17428 samples x 14 features
     Test Shape: 17428 samples x 14 features
     Split Pct:
       train: 0
       val: 0
       test: 0
     Target Distribution:
       0: 38022
       1: 14260
     Memory Before Clean: Used cashed memory
     Memory After Clean: 10.055253982543945 MB
     Memory Reduction: 0.0%
     Restart 1 Best Loss: 0.4943
     Restart 1 Evals: 2237
     Restart 1 Evals: 2237
     Restart 2 Best Loss: 0.5183
     Restart 2 Evals: 250
     Restart 2 Evals: 250
     Restart 3 Best Loss: 0.5230
     Restart 3 Evals: 250
     Restart 3 Evals: 250
     Restart 4 Best Loss: 0.5438
     Restart 4 Evals: 250
     Restart 4 Evals: 250
     Restart 5 Best Loss: 0.5676
     Restart 5 Evals: 250
     Restart 5 Evals: 250

2. RANDOMIZED HILL CLIMBING
   Status: SUCCESS
   Timestamp: 2025-10-14T05:58:28.138597
   Duration: 884.8545 seconds
   Memory Change: -8.41 MB
   Peak Memory: 712.44 MB
   Performance: Slow
   Step Details:
     Parameters: 36994
     Parameters: 36994
     Restarts: 5
     Restarts: 5
     Max Evals: 10000
     Max Evals: 10000
     Initial Perturb Scale: 0.1000
     Decay Rate: 0.9950
     Plateau Threshold: 250
     Plateau Threshold: 250
     Min Delta: 0.0000
     Initial Loss: 0.6822
     Best Loss: 0.4943
     Evals: 3243
     Evals: 3243
     Wall Clock Time: 885.2023
     History: 3243 items
     Restart Losses: 5 items
     Learning Curve Points:
       algo: rhc
       evals: [1, 2, 3, 4, 5, 6, 7, 8, 9, 10, 11, 12, 13, 14, 15, 16, 17, 18, 19, 20, 21, 22, 23, 24, 25, 26, 27, 28, 29, 30, 31, 32, 33, 34, 35, 36, 37, 38, 39, 40, 41, 42, 43, 44, 45, 46, 47, 48, 49, 50, 51, 52, 53, 54, 55, 56, 57, 58, 59, 60, 61, 62, 63, 64, 65, 66, 67, 68, 69, 70, 71, 72, 73, 74, 75, 76, 77, 78, 79, 80, 81, 82, 83, 84, 85, 86, 87, 88, 89, 90, 91, 92, 93, 94, 95, 96, 97, 98, 99, 100, 101, 102, 103, 104, 105, 106, 107, 108, 109, 110, 111, 112, 113, 114, 115, 116, 117, 118, 119, 120, 121, 122, 123, 124, 125, 126, 127, 128, 129, 130, 131, 132, 133, 134, 135, 136, 137, 138, 139, 140, 141, 142, 143, 144, 145, 146, 147, 148, 149, 150, 151, 152, 153, 154, 155, 156, 157, 158, 159, 160, 161, 162, 163, 164, 165, 166, 167, 168, 169, 170, 171, 172, 173, 174, 175, 176, 177, 178, 179, 180, 181, 182, 183, 184, 185, 186, 187, 188, 189, 190, 191, 192, 193, 194, 195, 196, 197, 198, 199, 200, 201, 202, 203, 204, 205, 206, 207, 208, 209, 210, 211, 212, 213, 214, 215, 216, 217, 218, 219, 220, 221, 222, 223, 224, 225, 226, 227, 228, 229, 230, 231, 232, 233, 234, 235, 236, 237, 238, 239, 240, 241, 242, 243, 244, 245, 246, 247, 248, 249, 250, 251, 252, 253, 254, 255, 256, 257, 258, 259, 260, 261, 262, 263, 264, 265, 266, 267, 268, 269, 270, 271, 272, 273, 274, 275, 276, 277, 278, 279, 280, 281, 282, 283, 284, 285, 286, 287, 288, 289, 290, 291, 292, 293, 294, 295, 296, 297, 298, 299, 300, 301, 302, 303, 304, 305, 306, 307, 308, 309, 310, 311, 312, 313, 314, 315, 316, 317, 318, 319, 320, 321, 322, 323, 324, 325, 326, 327, 328, 329, 330, 331, 332, 333, 334, 335, 336, 337, 338, 339, 340, 341, 342, 343, 344, 345, 346, 347, 348, 349, 350, 351, 352, 353, 354, 355, 356, 357, 358, 359, 360, 361, 362, 363, 364, 365, 366, 367, 368, 369, 370, 371, 372, 373, 374, 375, 376, 377, 378, 379, 380, 381, 382, 383, 384, 385, 386, 387, 388, 389, 390, 391, 392, 393, 394, 395, 396, 397, 398, 399, 400, 401, 402, 403, 404, 405, 406, 407, 408, 409, 410, 411, 412, 413, 414, 415, 416, 417, 418, 419, 420, 421, 422, 423, 424, 425, 426, 427, 428, 429, 430, 431, 432, 433, 434, 435, 436, 437, 438, 439, 440, 441, 442, 443, 444, 445, 446, 447, 448, 449, 450, 451, 452, 453, 454, 455, 456, 457, 458, 459, 460, 461, 462, 463, 464, 465, 466, 467, 468, 469, 470, 471, 472, 473, 474, 475, 476, 477, 478, 479, 480, 481, 482, 483, 484, 485, 486, 487, 488, 489, 490, 491, 492, 493, 494, 495, 496, 497, 498, 499, 500, 501, 502, 503, 504, 505, 506, 507, 508, 509, 510, 511, 512, 513, 514, 515, 516, 517, 518, 519, 520, 521, 522, 523, 524, 525, 526, 527, 528, 529, 530, 531, 532, 533, 534, 535, 536, 537, 538, 539, 540, 541, 542, 543, 544, 545, 546, 547, 548, 549, 550, 551, 552, 553, 554, 555, 556, 557, 558, 559, 560, 561, 562, 563, 564, 565, 566, 567, 568, 569, 570, 571, 572, 573, 574, 575, 576, 577, 578, 579, 580, 581, 582, 583, 584, 585, 586, 587, 588, 589, 590, 591, 592, 593, 594, 595, 596, 597, 598, 599, 600, 601, 602, 603, 604, 605, 606, 607, 608, 609, 610, 611, 612, 613, 614, 615, 616, 617, 618, 619, 620, 621, 622, 623, 624, 625, 626, 627, 628, 629, 630, 631, 632, 633, 634, 635, 636, 637, 638, 639, 640, 641, 642, 643, 644, 645, 646, 647, 648, 649, 650, 651, 652, 653, 654, 655, 656, 657, 658, 659, 660, 661, 662, 663, 664, 665, 666, 667, 668, 669, 670, 671, 672, 673, 674, 675, 676, 677, 678, 679, 680, 681, 682, 683, 684, 685, 686, 687, 688, 689, 690, 691, 692, 693, 694, 695, 696, 697, 698, 699, 700, 701, 702, 703, 704, 705, 706, 707, 708, 709, 710, 711, 712, 713, 714, 715, 716, 717, 718, 719, 720, 721, 722, 723, 724, 725, 726, 727, 728, 729, 730, 731, 732, 733, 734, 735, 736, 737, 738, 739, 740, 741, 742, 743, 744, 745, 746, 747, 748, 749, 750, 751, 752, 753, 754, 755, 756, 757, 758, 759, 760, 761, 762, 763, 764, 765, 766, 767, 768, 769, 770, 771, 772, 773, 774, 775, 776, 777, 778, 779, 780, 781, 782, 783, 784, 785, 786, 787, 788, 789, 790, 791, 792, 793, 794, 795, 796, 797, 798, 799, 800, 801, 802, 803, 804, 805, 806, 807, 808, 809, 810, 811, 812, 813, 814, 815, 816, 817, 818, 819, 820, 821, 822, 823, 824, 825, 826, 827, 828, 829, 830, 831, 832, 833, 834, 835, 836, 837, 838, 839, 840, 841, 842, 843, 844, 845, 846, 847, 848, 849, 850, 851, 852, 853, 854, 855, 856, 857, 858, 859, 860, 861, 862, 863, 864, 865, 866, 867, 868, 869, 870, 871, 872, 873, 874, 875, 876, 877, 878, 879, 880, 881, 882, 883, 884, 885, 886, 887, 888, 889, 890, 891, 892, 893, 894, 895, 896, 897, 898, 899, 900, 901, 902, 903, 904, 905, 906, 907, 908, 909, 910, 911, 912, 913, 914, 915, 916, 917, 918, 919, 920, 921, 922, 923, 924, 925, 926, 927, 928, 929, 930, 931, 932, 933, 934, 935, 936, 937, 938, 939, 940, 941, 942, 943, 944, 945, 946, 947, 948, 949, 950, 951, 952, 953, 954, 955, 956, 957, 958, 959, 960, 961, 962, 963, 964, 965, 966, 967, 968, 969, 970, 971, 972, 973, 974, 975, 976, 977, 978, 979, 980, 981, 982, 983, 984, 985, 986, 987, 988, 989, 990, 991, 992, 993, 994, 995, 996, 997, 998, 999, 1000, 1001, 1002, 1003, 1004, 1005, 1006, 1007, 1008, 1009, 1010, 1011, 1012, 1013, 1014, 1015, 1016, 1017, 1018, 1019, 1020, 1021, 1022, 1023, 1024, 1025, 1026, 1027, 1028, 1029, 1030, 1031, 1032, 1033, 1034, 1035, 1036, 1037, 1038, 1039, 1040, 1041, 1042, 1043, 1044, 1045, 1046, 1047, 1048, 1049, 1050, 1051, 1052, 1053, 1054, 1055, 1056, 1057, 1058, 1059, 1060, 1061, 1062, 1063, 1064, 1065, 1066, 1067, 1068, 1069, 1070, 1071, 1072, 1073, 1074, 1075, 1076, 1077, 1078, 1079, 1080, 1081, 1082, 1083, 1084, 1085, 1086, 1087, 1088, 1089, 1090, 1091, 1092, 1093, 1094, 1095, 1096, 1097, 1098, 1099, 1100, 1101, 1102, 1103, 1104, 1105, 1106, 1107, 1108, 1109, 1110, 1111, 1112, 1113, 1114, 1115, 1116, 1117, 1118, 1119, 1120, 1121, 1122, 1123, 1124, 1125, 1126, 1127, 1128, 1129, 1130, 1131, 1132, 1133, 1134, 1135, 1136, 1137, 1138, 1139, 1140, 1141, 1142, 1143, 1144, 1145, 1146, 1147, 1148, 1149, 1150, 1151, 1152, 1153, 1154, 1155, 1156, 1157, 1158, 1159, 1160, 1161, 1162, 1163, 1164, 1165, 1166, 1167, 1168, 1169, 1170, 1171, 1172, 1173, 1174, 1175, 1176, 1177, 1178, 1179, 1180, 1181, 1182, 1183, 1184, 1185, 1186, 1187, 1188, 1189, 1190, 1191, 1192, 1193, 1194, 1195, 1196, 1197, 1198, 1199, 1200, 1201, 1202, 1203, 1204, 1205, 1206, 1207, 1208, 1209, 1210, 1211, 1212, 1213, 1214, 1215, 1216, 1217, 1218, 1219, 1220, 1221, 1222, 1223, 1224, 1225, 1226, 1227, 1228, 1229, 1230, 1231, 1232, 1233, 1234, 1235, 1236, 1237, 1238, 1239, 1240, 1241, 1242, 1243, 1244, 1245, 1246, 1247, 1248, 1249, 1250, 1251, 1252, 1253, 1254, 1255, 1256, 1257, 1258, 1259, 1260, 1261, 1262, 1263, 1264, 1265, 1266, 1267, 1268, 1269, 1270, 1271, 1272, 1273, 1274, 1275, 1276, 1277, 1278, 1279, 1280, 1281, 1282, 1283, 1284, 1285, 1286, 1287, 1288, 1289, 1290, 1291, 1292, 1293, 1294, 1295, 1296, 1297, 1298, 1299, 1300, 1301, 1302, 1303, 1304, 1305, 1306, 1307, 1308, 1309, 1310, 1311, 1312, 1313, 1314, 1315, 1316, 1317, 1318, 1319, 1320, 1321, 1322, 1323, 1324, 1325, 1326, 1327, 1328, 1329, 1330, 1331, 1332, 1333, 1334, 1335, 1336, 1337, 1338, 1339, 1340, 1341, 1342, 1343, 1344, 1345, 1346, 1347, 1348, 1349, 1350, 1351, 1352, 1353, 1354, 1355, 1356, 1357, 1358, 1359, 1360, 1361, 1362, 1363, 1364, 1365, 1366, 1367, 1368, 1369, 1370, 1371, 1372, 1373, 1374, 1375, 1376, 1377, 1378, 1379, 1380, 1381, 1382, 1383, 1384, 1385, 1386, 1387, 1388, 1389, 1390, 1391, 1392, 1393, 1394, 1395, 1396, 1397, 1398, 1399, 1400, 1401, 1402, 1403, 1404, 1405, 1406, 1407, 1408, 1409, 1410, 1411, 1412, 1413, 1414, 1415, 1416, 1417, 1418, 1419, 1420, 1421, 1422, 1423, 1424, 1425, 1426, 1427, 1428, 1429, 1430, 1431, 1432, 1433, 1434, 1435, 1436, 1437, 1438, 1439, 1440, 1441, 1442, 1443, 1444, 1445, 1446, 1447, 1448, 1449, 1450, 1451, 1452, 1453, 1454, 1455, 1456, 1457, 1458, 1459, 1460, 1461, 1462, 1463, 1464, 1465, 1466, 1467, 1468, 1469, 1470, 1471, 1472, 1473, 1474, 1475, 1476, 1477, 1478, 1479, 1480, 1481, 1482, 1483, 1484, 1485, 1486, 1487, 1488, 1489, 1490, 1491, 1492, 1493, 1494, 1495, 1496, 1497, 1498, 1499, 1500, 1501, 1502, 1503, 1504, 1505, 1506, 1507, 1508, 1509, 1510, 1511, 1512, 1513, 1514, 1515, 1516, 1517, 1518, 1519, 1520, 1521, 1522, 1523, 1524, 1525, 1526, 1527, 1528, 1529, 1530, 1531, 1532, 1533, 1534, 1535, 1536, 1537, 1538, 1539, 1540, 1541, 1542, 1543, 1544, 1545, 1546, 1547, 1548, 1549, 1550, 1551, 1552, 1553, 1554, 1555, 1556, 1557, 1558, 1559, 1560, 1561, 1562, 1563, 1564, 1565, 1566, 1567, 1568, 1569, 1570, 1571, 1572, 1573, 1574, 1575, 1576, 1577, 1578, 1579, 1580, 1581, 1582, 1583, 1584, 1585, 1586, 1587, 1588, 1589, 1590, 1591, 1592, 1593, 1594, 1595, 1596, 1597, 1598, 1599, 1600, 1601, 1602, 1603, 1604, 1605, 1606, 1607, 1608, 1609, 1610, 1611, 1612, 1613, 1614, 1615, 1616, 1617, 1618, 1619, 1620, 1621, 1622, 1623, 1624, 1625, 1626, 1627, 1628, 1629, 1630, 1631, 1632, 1633, 1634, 1635, 1636, 1637, 1638, 1639, 1640, 1641, 1642, 1643, 1644, 1645, 1646, 1647, 1648, 1649, 1650, 1651, 1652, 1653, 1654, 1655, 1656, 1657, 1658, 1659, 1660, 1661, 1662, 1663, 1664, 1665, 1666, 1667, 1668, 1669, 1670, 1671, 1672, 1673, 1674, 1675, 1676, 1677, 1678, 1679, 1680, 1681, 1682, 1683, 1684, 1685, 1686, 1687, 1688, 1689, 1690, 1691, 1692, 1693, 1694, 1695, 1696, 1697, 1698, 1699, 1700, 1701, 1702, 1703, 1704, 1705, 1706, 1707, 1708, 1709, 1710, 1711, 1712, 1713, 1714, 1715, 1716, 1717, 1718, 1719, 1720, 1721, 1722, 1723, 1724, 1725, 1726, 1727, 1728, 1729, 1730, 1731, 1732, 1733, 1734, 1735, 1736, 1737, 1738, 1739, 1740, 1741, 1742, 1743, 1744, 1745, 1746, 1747, 1748, 1749, 1750, 1751, 1752, 1753, 1754, 1755, 1756, 1757, 1758, 1759, 1760, 1761, 1762, 1763, 1764, 1765, 1766, 1767, 1768, 1769, 1770, 1771, 1772, 1773, 1774, 1775, 1776, 1777, 1778, 1779, 1780, 1781, 1782, 1783, 1784, 1785, 1786, 1787, 1788, 1789, 1790, 1791, 1792, 1793, 1794, 1795, 1796, 1797, 1798, 1799, 1800, 1801, 1802, 1803, 1804, 1805, 1806, 1807, 1808, 1809, 1810, 1811, 1812, 1813, 1814, 1815, 1816, 1817, 1818, 1819, 1820, 1821, 1822, 1823, 1824, 1825, 1826, 1827, 1828, 1829, 1830, 1831, 1832, 1833, 1834, 1835, 1836, 1837, 1838, 1839, 1840, 1841, 1842, 1843, 1844, 1845, 1846, 1847, 1848, 1849, 1850, 1851, 1852, 1853, 1854, 1855, 1856, 1857, 1858, 1859, 1860, 1861, 1862, 1863, 1864, 1865, 1866, 1867, 1868, 1869, 1870, 1871, 1872, 1873, 1874, 1875, 1876, 1877, 1878, 1879, 1880, 1881, 1882, 1883, 1884, 1885, 1886, 1887, 1888, 1889, 1890, 1891, 1892, 1893, 1894, 1895, 1896, 1897, 1898, 1899, 1900, 1901, 1902, 1903, 1904, 1905, 1906, 1907, 1908, 1909, 1910, 1911, 1912, 1913, 1914, 1915, 1916, 1917, 1918, 1919, 1920, 1921, 1922, 1923, 1924, 1925, 1926, 1927, 1928, 1929, 1930, 1931, 1932, 1933, 1934, 1935, 1936, 1937, 1938, 1939, 1940, 1941, 1942, 1943, 1944, 1945, 1946, 1947, 1948, 1949, 1950, 1951, 1952, 1953, 1954, 1955, 1956, 1957, 1958, 1959, 1960, 1961, 1962, 1963, 1964, 1965, 1966, 1967, 1968, 1969, 1970, 1971, 1972, 1973, 1974, 1975, 1976, 1977, 1978, 1979, 1980, 1981, 1982, 1983, 1984, 1985, 1986, 1987, 1988, 1989, 1990, 1991, 1992, 1993, 1994, 1995, 1996, 1997, 1998, 1999, 2000, 2001, 2002, 2003, 2004, 2005, 2006, 2007, 2008, 2009, 2010, 2011, 2012, 2013, 2014, 2015, 2016, 2017, 2018, 2019, 2020, 2021, 2022, 2023, 2024, 2025, 2026, 2027, 2028, 2029, 2030, 2031, 2032, 2033, 2034, 2035, 2036, 2037, 2038, 2039, 2040, 2041, 2042, 2043, 2044, 2045, 2046, 2047, 2048, 2049, 2050, 2051, 2052, 2053, 2054, 2055, 2056, 2057, 2058, 2059, 2060, 2061, 2062, 2063, 2064, 2065, 2066, 2067, 2068, 2069, 2070, 2071, 2072, 2073, 2074, 2075, 2076, 2077, 2078, 2079, 2080, 2081, 2082, 2083, 2084, 2085, 2086, 2087, 2088, 2089, 2090, 2091, 2092, 2093, 2094, 2095, 2096, 2097, 2098, 2099, 2100, 2101, 2102, 2103, 2104, 2105, 2106, 2107, 2108, 2109, 2110, 2111, 2112, 2113, 2114, 2115, 2116, 2117, 2118, 2119, 2120, 2121, 2122, 2123, 2124, 2125, 2126, 2127, 2128, 2129, 2130, 2131, 2132, 2133, 2134, 2135, 2136, 2137, 2138, 2139, 2140, 2141, 2142, 2143, 2144, 2145, 2146, 2147, 2148, 2149, 2150, 2151, 2152, 2153, 2154, 2155, 2156, 2157, 2158, 2159, 2160, 2161, 2162, 2163, 2164, 2165, 2166, 2167, 2168, 2169, 2170, 2171, 2172, 2173, 2174, 2175, 2176, 2177, 2178, 2179, 2180, 2181, 2182, 2183, 2184, 2185, 2186, 2187, 2188, 2189, 2190, 2191, 2192, 2193, 2194, 2195, 2196, 2197, 2198, 2199, 2200, 2201, 2202, 2203, 2204, 2205, 2206, 2207, 2208, 2209, 2210, 2211, 2212, 2213, 2214, 2215, 2216, 2217, 2218, 2219, 2220, 2221, 2222, 2223, 2224, 2225, 2226, 2227, 2228, 2229, 2230, 2231, 2232, 2233, 2234, 2235, 2236, 2237, 2238, 2239, 2240, 2241, 2242, 2243, 2244, 2245, 2246, 2247, 2248, 2249, 2250, 2251, 2252, 2253, 2254, 2255, 2256, 2257, 2258, 2259, 2260, 2261, 2262, 2263, 2264, 2265, 2266, 2267, 2268, 2269, 2270, 2271, 2272, 2273, 2274, 2275, 2276, 2277, 2278, 2279, 2280, 2281, 2282, 2283, 2284, 2285, 2286, 2287, 2288, 2289, 2290, 2291, 2292, 2293, 2294, 2295, 2296, 2297, 2298, 2299, 2300, 2301, 2302, 2303, 2304, 2305, 2306, 2307, 2308, 2309, 2310, 2311, 2312, 2313, 2314, 2315, 2316, 2317, 2318, 2319, 2320, 2321, 2322, 2323, 2324, 2325, 2326, 2327, 2328, 2329, 2330, 2331, 2332, 2333, 2334, 2335, 2336, 2337, 2338, 2339, 2340, 2341, 2342, 2343, 2344, 2345, 2346, 2347, 2348, 2349, 2350, 2351, 2352, 2353, 2354, 2355, 2356, 2357, 2358, 2359, 2360, 2361, 2362, 2363, 2364, 2365, 2366, 2367, 2368, 2369, 2370, 2371, 2372, 2373, 2374, 2375, 2376, 2377, 2378, 2379, 2380, 2381, 2382, 2383, 2384, 2385, 2386, 2387, 2388, 2389, 2390, 2391, 2392, 2393, 2394, 2395, 2396, 2397, 2398, 2399, 2400, 2401, 2402, 2403, 2404, 2405, 2406, 2407, 2408, 2409, 2410, 2411, 2412, 2413, 2414, 2415, 2416, 2417, 2418, 2419, 2420, 2421, 2422, 2423, 2424, 2425, 2426, 2427, 2428, 2429, 2430, 2431, 2432, 2433, 2434, 2435, 2436, 2437, 2438, 2439, 2440, 2441, 2442, 2443, 2444, 2445, 2446, 2447, 2448, 2449, 2450, 2451, 2452, 2453, 2454, 2455, 2456, 2457, 2458, 2459, 2460, 2461, 2462, 2463, 2464, 2465, 2466, 2467, 2468, 2469, 2470, 2471, 2472, 2473, 2474, 2475, 2476, 2477, 2478, 2479, 2480, 2481, 2482, 2483, 2484, 2485, 2486, 2487, 2488, 2489, 2490, 2491, 2492, 2493, 2494, 2495, 2496, 2497, 2498, 2499, 2500, 2501, 2502, 2503, 2504, 2505, 2506, 2507, 2508, 2509, 2510, 2511, 2512, 2513, 2514, 2515, 2516, 2517, 2518, 2519, 2520, 2521, 2522, 2523, 2524, 2525, 2526, 2527, 2528, 2529, 2530, 2531, 2532, 2533, 2534, 2535, 2536, 2537, 2538, 2539, 2540, 2541, 2542, 2543, 2544, 2545, 2546, 2547, 2548, 2549, 2550, 2551, 2552, 2553, 2554, 2555, 2556, 2557, 2558, 2559, 2560, 2561, 2562, 2563, 2564, 2565, 2566, 2567, 2568, 2569, 2570, 2571, 2572, 2573, 2574, 2575, 2576, 2577, 2578, 2579, 2580, 2581, 2582, 2583, 2584, 2585, 2586, 2587, 2588, 2589, 2590, 2591, 2592, 2593, 2594, 2595, 2596, 2597, 2598, 2599, 2600, 2601, 2602, 2603, 2604, 2605, 2606, 2607, 2608, 2609, 2610, 2611, 2612, 2613, 2614, 2615, 2616, 2617, 2618, 2619, 2620, 2621, 2622, 2623, 2624, 2625, 2626, 2627, 2628, 2629, 2630, 2631, 2632, 2633, 2634, 2635, 2636, 2637, 2638, 2639, 2640, 2641, 2642, 2643, 2644, 2645, 2646, 2647, 2648, 2649, 2650, 2651, 2652, 2653, 2654, 2655, 2656, 2657, 2658, 2659, 2660, 2661, 2662, 2663, 2664, 2665, 2666, 2667, 2668, 2669, 2670, 2671, 2672, 2673, 2674, 2675, 2676, 2677, 2678, 2679, 2680, 2681, 2682, 2683, 2684, 2685, 2686, 2687, 2688, 2689, 2690, 2691, 2692, 2693, 2694, 2695, 2696, 2697, 2698, 2699, 2700, 2701, 2702, 2703, 2704, 2705, 2706, 2707, 2708, 2709, 2710, 2711, 2712, 2713, 2714, 2715, 2716, 2717, 2718, 2719, 2720, 2721, 2722, 2723, 2724, 2725, 2726, 2727, 2728, 2729, 2730, 2731, 2732, 2733, 2734, 2735, 2736, 2737, 2738, 2739, 2740, 2741, 2742, 2743, 2744, 2745, 2746, 2747, 2748, 2749, 2750, 2751, 2752, 2753, 2754, 2755, 2756, 2757, 2758, 2759, 2760, 2761, 2762, 2763, 2764, 2765, 2766, 2767, 2768, 2769, 2770, 2771, 2772, 2773, 2774, 2775, 2776, 2777, 2778, 2779, 2780, 2781, 2782, 2783, 2784, 2785, 2786, 2787, 2788, 2789, 2790, 2791, 2792, 2793, 2794, 2795, 2796, 2797, 2798, 2799, 2800, 2801, 2802, 2803, 2804, 2805, 2806, 2807, 2808, 2809, 2810, 2811, 2812, 2813, 2814, 2815, 2816, 2817, 2818, 2819, 2820, 2821, 2822, 2823, 2824, 2825, 2826, 2827, 2828, 2829, 2830, 2831, 2832, 2833, 2834, 2835, 2836, 2837, 2838, 2839, 2840, 2841, 2842, 2843, 2844, 2845, 2846, 2847, 2848, 2849, 2850, 2851, 2852, 2853, 2854, 2855, 2856, 2857, 2858, 2859, 2860, 2861, 2862, 2863, 2864, 2865, 2866, 2867, 2868, 2869, 2870, 2871, 2872, 2873, 2874, 2875, 2876, 2877, 2878, 2879, 2880, 2881, 2882, 2883, 2884, 2885, 2886, 2887, 2888, 2889, 2890, 2891, 2892, 2893, 2894, 2895, 2896, 2897, 2898, 2899, 2900, 2901, 2902, 2903, 2904, 2905, 2906, 2907, 2908, 2909, 2910, 2911, 2912, 2913, 2914, 2915, 2916, 2917, 2918, 2919, 2920, 2921, 2922, 2923, 2924, 2925, 2926, 2927, 2928, 2929, 2930, 2931, 2932, 2933, 2934, 2935, 2936, 2937, 2938, 2939, 2940, 2941, 2942, 2943, 2944, 2945, 2946, 2947, 2948, 2949, 2950, 2951, 2952, 2953, 2954, 2955, 2956, 2957, 2958, 2959, 2960, 2961, 2962, 2963, 2964, 2965, 2966, 2967, 2968, 2969, 2970, 2971, 2972, 2973, 2974, 2975, 2976, 2977, 2978, 2979, 2980, 2981, 2982, 2983, 2984, 2985, 2986, 2987, 2988, 2989, 2990, 2991, 2992, 2993, 2994, 2995, 2996, 2997, 2998, 2999, 3000, 3001, 3002, 3003, 3004, 3005, 3006, 3007, 3008, 3009, 3010, 3011, 3012, 3013, 3014, 3015, 3016, 3017, 3018, 3019, 3020, 3021, 3022, 3023, 3024, 3025, 3026, 3027, 3028, 3029, 3030, 3031, 3032, 3033, 3034, 3035, 3036, 3037, 3038, 3039, 3040, 3041, 3042, 3043, 3044, 3045, 3046, 3047, 3048, 3049, 3050, 3051, 3052, 3053, 3054, 3055, 3056, 3057, 3058, 3059, 3060, 3061, 3062, 3063, 3064, 3065, 3066, 3067, 3068, 3069, 3070, 3071, 3072, 3073, 3074, 3075, 3076, 3077, 3078, 3079, 3080, 3081, 3082, 3083, 3084, 3085, 3086, 3087, 3088, 3089, 3090, 3091, 3092, 3093, 3094, 3095, 3096, 3097, 3098, 3099, 3100, 3101, 3102, 3103, 3104, 3105, 3106, 3107, 3108, 3109, 3110, 3111, 3112, 3113, 3114, 3115, 3116, 3117, 3118, 3119, 3120, 3121, 3122, 3123, 3124, 3125, 3126, 3127, 3128, 3129, 3130, 3131, 3132, 3133, 3134, 3135, 3136, 3137, 3138, 3139, 3140, 3141, 3142, 3143, 3144, 3145, 3146, 3147, 3148, 3149, 3150, 3151, 3152, 3153, 3154, 3155, 3156, 3157, 3158, 3159, 3160, 3161, 3162, 3163, 3164, 3165, 3166, 3167, 3168, 3169, 3170, 3171, 3172, 3173, 3174, 3175, 3176, 3177, 3178, 3179, 3180, 3181, 3182, 3183, 3184, 3185, 3186, 3187, 3188, 3189, 3190, 3191, 3192, 3193, 3194, 3195, 3196, 3197, 3198, 3199, 3200, 3201, 3202, 3203, 3204, 3205, 3206, 3207, 3208, 3209, 3210, 3211, 3212, 3213, 3214, 3215, 3216, 3217, 3218, 3219, 3220, 3221, 3222, 3223, 3224, 3225, 3226, 3227, 3228, 3229, 3230, 3231, 3232, 3233, 3234, 3235, 3236, 3237, 3238, 3239, 3240, 3241, 3242, 3243]
       raw_losses: [0.6821752876152486, 0.709155750143659, 0.7609164714813232, 0.7104208432274424, 0.8075620540769108, 0.8770114962871258, 0.8050754201281202, 0.9155118068059286, 0.686907002777407, 0.8071527310780117, 0.6696874599753718, 0.8900452572784144, 0.6109036666788025, 1.020067756210928, 0.713254859595945, 0.9661712299336443, 0.7649449762843904, 0.7209962522372221, 0.9610039297041002, 0.8666945246113089, 0.874825065607553, 0.7813824347523979, 0.8319484735583211, 0.6579429036750025, 0.7311344020095937, 0.7205002191084209, 0.7225516132819347, 0.8106692653872591, 0.7049290130644927, 0.721108561033731, 0.8558925883673922, 0.7375630985249529, 0.8066683568797268, 0.9292929701971047, 0.8692943239823366, 0.6830453434924939, 0.7388016597910242, 0.7381426162553795, 0.8532627816601988, 0.6848055422306061, 0.790764019821153, 0.6480303395798791, 0.8091214338501731, 0.7444807937293699, 0.7121517444268252, 0.90857072190924, 0.797289408388592, 0.6772232823101155, 0.6734726426802276, 0.6801551005124172, 0.7366100449265142, 0.85732444695064, 0.6988075296957414, 0.7090675351602254, 0.7619525956146883, 0.8463999203273228, 1.01156251509111, 0.9165824555652046, 0.7355778567738586, 0.9283213964748732, 0.6433121551087487, 0.6410965195723942, 0.8167791224661327, 0.7521255957337963, 0.7397848951729226, 0.7033668271787874, 0.8464210432964366, 0.7199088943091941, 0.7122408627590417, 0.6994632054597903, 0.837852174109155, 0.7845844004180406, 0.732939043542841, 0.7278043992353447, 0.7685962502772992, 0.7371982333860991, 0.7028215477318117, 0.8010596612215916, 0.7317887911429772, 0.7606996079504271, 0.7432763869072492, 0.9845140285981007, 0.7334663202037741, 0.8302580281928346, 0.6386002088204409, 0.7980161169509747, 0.5684556132489509, 0.756607942528777, 0.6040887150354001, 0.7956080543689239, 0.7207949582910363, 0.6403706688365657, 0.6881492973028959, 0.7297616709064652, 0.6167004337677588, 0.7040032895056756, 0.5669826146883842, 0.6782664722138709, 0.6260120875232822, 0.7871737809844943, 0.6643584157739367, 0.6692513255845933, 0.6146164077978867, 0.7336539836811932, 0.7261219662187737, 0.5967699030598441, 0.7731010516484579, 0.6260550664021418, 0.6823524725742829, 0.6951780346505371, 0.959011802306542, 0.7064499606142988, 0.6760629798684802, 0.6732681291007296, 0.677883274170942, 0.6912922291528611, 0.605692738032603, 0.6181662313012413, 0.6500498610975105, 0.6044862906793098, 0.6708592238662007, 0.6303029492661193, 0.6627859187213493, 0.6736345156863496, 0.6162442494006384, 0.639760013465043, 0.6521726543213422, 0.7024213526493464, 0.6315507703211718, 0.7106191432956375, 0.6353081459309156, 0.664652495266317, 0.6946887808404999, 0.6111532099299378, 0.5937115402667077, 0.619667499929994, 0.657675374340225, 0.6777476208768921, 0.6399729418885577, 0.6799662493087433, 0.643644976965237, 0.6357749929794898, 0.7015877272183205, 0.6258592988763537, 0.5914521013205741, 0.5784957364146963, 0.6373856180098467, 0.7384055471900619, 0.6019116009111369, 0.6717517832259992, 0.5911832469286936, 0.6322923708748032, 0.6408815205970526, 0.5997257021975605, 0.6035001908903157, 0.6249981005113203, 0.5917538505989116, 0.6000844612444713, 0.6899369951787886, 0.6245272996879759, 0.6218265129096342, 0.609124963318472, 0.5971454818606813, 0.6059402801614978, 0.5829758506554824, 0.6179952838700333, 0.5927059421172509, 0.6334924326711522, 0.6046987042758928, 0.6142581847561148, 0.6617253893242651, 0.5969531468419365, 0.5912881243578244, 0.6339491265160697, 0.6358053949508038, 0.6658922482977857, 0.6564122929677858, 0.6121419392007611, 0.6581405292063842, 0.6035016151793274, 0.5822707735575162, 0.6690446344705728, 0.6433704459405207, 0.5924029118848808, 0.5732564480750115, 0.6281190298415802, 0.5745388588189205, 0.570453350578909, 0.6627254257927011, 0.634055529649441, 0.6459711688560444, 0.5793167365776314, 0.629506297928073, 0.5958162145518557, 0.6076563200452826, 0.5864818203143585, 0.5804164228421864, 0.6156104061848078, 0.6497885102317447, 0.5774020920524667, 0.636374892769279, 0.6410006731202751, 0.5749400016807374, 0.6115570821604885, 0.6347401099545615, 0.669438253173898, 0.590057719103146, 0.5835393817870171, 0.567078485266193, 0.6080918569704552, 0.588579962978433, 0.6243816569392935, 0.6751788093711867, 0.5767928016928089, 0.649668615707111, 0.6489401454235608, 0.6224739246971005, 0.6068617487565066, 0.5790758087084844, 0.5792857299357543, 0.6105150667739002, 0.5872708678027212, 0.6250219359284356, 0.6352833311854701, 0.5598992970618573, 0.5603879917235601, 0.6391995742425813, 0.5834774886950468, 0.6350767227101238, 0.5759867225592826, 0.5961788962612222, 0.5887648014576881, 0.5702780297387651, 0.568486179515119, 0.5962774337648036, 0.5965022715456757, 0.6448891315704737, 0.5578463669224973, 0.5866381565293113, 0.5958180321660234, 0.5977440970939595, 0.6095225790263096, 0.5818306329922799, 0.5645619769454439, 0.5772815904556177, 0.5906714847236326, 0.5867283876998958, 0.5890298341656779, 0.5725695045439751, 0.5950466669522799, 0.5650592461610452, 0.5897482822447906, 0.6149067140760875, 0.5996623775024554, 0.5675359104142521, 0.5825252856090392, 0.5759986892287985, 0.5800482667846121, 0.5700341253490239, 0.5889488388767172, 0.5893693362181877, 0.5895447202654549, 0.5695329708057445, 0.5829430582759144, 0.5914090995168512, 0.5778792852010483, 0.5903732783191806, 0.6116902779091845, 0.5830140191338438, 0.6195295420321789, 0.5723107973516206, 0.5918142959311768, 0.5650403525803115, 0.5808711008274512, 0.5920487379198109, 0.554452182936581, 0.5876936991136152, 0.5523690856420077, 0.5966648950681581, 0.5776476872054649, 0.5735000585898374, 0.5756683852864709, 0.5870806894677899, 0.5688499318156051, 0.5564193453762557, 0.5656932461392749, 0.5612474034775744, 0.5955896080631913, 0.5768941314447493, 0.574216651501673, 0.5725372275371692, 0.560012196119015, 0.5689745506087502, 0.5779452832627209, 0.5918612998702151, 0.5616057512961028, 0.5670689578021403, 0.5612620644735329, 0.56493474985217, 0.5696991548870073, 0.5645904529007363, 0.5695900908319942, 0.5499328599744664, 0.5746691732397883, 0.5679596575188549, 0.5804533218289469, 0.5526289301259177, 0.5671066681107322, 0.578759043317138, 0.57076198386622, 0.5501944233864655, 0.5673089668209299, 0.5706622128958231, 0.5754287250531025, 0.5751831938713898, 0.5642655752735697, 0.5688983157222525, 0.5705815987054245, 0.5745833688603216, 0.5714293823137389, 0.5674721542950515, 0.5638511069528349, 0.5629514931759119, 0.559056661722861, 0.5732880860239595, 0.5638790997393403, 0.5591948614234016, 0.5605757641486633, 0.5491830560313913, 0.5686094639720497, 0.5648640579793043, 0.5770437540588799, 0.5612837802141141, 0.5556397148759373, 0.5618167448611486, 0.5564541249048143, 0.5499895957363394, 0.5486030646296212, 0.5574822084152655, 0.5599266998060457, 0.5509978398516938, 0.5519947415088122, 0.5613761683960101, 0.5584802260765662, 0.5589048671416748, 0.5671014631842519, 0.544085477407162, 0.5494895028325665, 0.566762408166578, 0.5598014550549644, 0.5522084721933791, 0.5577119496060815, 0.5444742432444087, 0.5495051597500895, 0.5470868802114284, 0.5511649247709212, 0.555071431966055, 0.5589051126560449, 0.5516253900833619, 0.5542742985508817, 0.5372408079358685, 0.5473826218655694, 0.5477650003992157, 0.5474446690999545, 0.5417617152243743, 0.5469100452386416, 0.5400513444409702, 0.5452255786775233, 0.5420636377491794, 0.5410216756356068, 0.5413064374810174, 0.5633298203403696, 0.5516742437313764, 0.5551135836940109, 0.5402382622053336, 0.54899401869966, 0.5350706443026826, 0.541794037207579, 0.5413867509190416, 0.5415673781008947, 0.5407659518413055, 0.5406113742908716, 0.5397289571089622, 0.5466889433371716, 0.5367447052683149, 0.545671189224327, 0.5510621343776857, 0.5391328858805227, 0.5453108228169955, 0.5370825577131558, 0.5421720089274885, 0.5445657999087603, 0.541044370049522, 0.5538397160641876, 0.5508171567768404, 0.5461512421950315, 0.5500340653863145, 0.5472131909686567, 0.5489268022360819, 0.5436083823988289, 0.5471891738992908, 0.543118186813571, 0.5412793527374338, 0.5432628718487945, 0.5344759056638012, 0.5398884899231977, 0.5444043634575365, 0.532504331388753, 0.5376940689462445, 0.5393635383892409, 0.5412686480270638, 0.541375267636645, 0.5448004100130591, 0.5334537548896594, 0.5380016749813443, 0.5385526983074216, 0.5453532296659309, 0.544028252363205, 0.536273452825162, 0.5408623685766926, 0.5441473016153762, 0.5334296820364592, 0.5406634412405692, 0.536469138039774, 0.5337329905330043, 0.5331545913175786, 0.5366503292824323, 0.5408856820710849, 0.5378566236941369, 0.5384523000690963, 0.5391899012165629, 0.53830860102133, 0.5364883093388526, 0.5348609759039058, 0.5348152219157516, 0.5344436572584914, 0.5389230446719424, 0.5330464653261415, 0.5423456215378128, 0.542558084149937, 0.5352374128587953, 0.5323760577173897, 0.5376728145412473, 0.5363084910771786, 0.5351391686842992, 0.5306260735342354, 0.5377073151506347, 0.5357464238619193, 0.5352430916749514, 0.5320368942978618, 0.5337520124929729, 0.5428813386967767, 0.536155872292571, 0.5314484057408986, 0.5385645775349586, 0.5359562796987457, 0.5343511533606183, 0.5364028830012996, 0.5335006449685429, 0.5360176747753507, 0.5327753649526463, 0.5361147551309495, 0.5349269311725001, 0.5332438745996454, 0.5318171671240322, 0.5334235869702839, 0.5311127925093794, 0.5356461164497194, 0.531303197036296, 0.5324819392555362, 0.5306905092118861, 0.5359381079237103, 0.5367814069920844, 0.5303778128746228, 0.5337190701192989, 0.532663236280064, 0.5324403459117526, 0.5340904827082987, 0.5352404113217588, 0.5303682260242574, 0.53214550334892, 0.5333696158377679, 0.5330928116490989, 0.5355779242602897, 0.5312324018923791, 0.5306444895136487, 0.5388416554028298, 0.5344193774265248, 0.5338678172219804, 0.5332496684767825, 0.5319505911388677, 0.5351125799910926, 0.5306358910523928, 0.5316391467174768, 0.5303810980075445, 0.535066238798938, 0.5318507421147692, 0.5332552062504458, 0.5355204268471225, 0.5332447007680551, 0.5349049721008692, 0.5326275490360819, 0.5304562790053231, 0.5321519442530342, 0.5317071568179916, 0.5287878000255906, 0.5291981237493592, 0.5312532187599839, 0.531562688586476, 0.5265721787899842, 0.5274622651028545, 0.52948485713302, 0.5292552482514155, 0.5286558084872179, 0.5253956166160849, 0.528819732941114, 0.5283626875816247, 0.5242188194077531, 0.5240381963742085, 0.526102540693877, 0.529907205711791, 0.5281662551256326, 0.524687892678893, 0.5250252439425542, 0.5281306258488051, 0.5254117820289109, 0.5253799807676028, 0.5246055120731885, 0.5257051039091397, 0.5254331942879673, 0.5255992714957003, 0.5234682208452469, 0.5244128412597782, 0.5278149460043225, 0.527456882126602, 0.5269673228700519, 0.5243205744704921, 0.5252226560543745, 0.5226766009688814, 0.5249325629774031, 0.5256143430650453, 0.5258120384626773, 0.5258297382038591, 0.5236852191961728, 0.5234580029061425, 0.5244411655834743, 0.5260750223428775, 0.5249782719891587, 0.5207183159096337, 0.5235258421618423, 0.5244775687381898, 0.524171089842206, 0.5214722004783896, 0.5216018582656706, 0.5207069357891223, 0.5221084550623492, 0.5224536715191362, 0.5241822382032653, 0.5229958586203747, 0.5204871389673743, 0.5225512655008406, 0.521014731882256, 0.5214953148539686, 0.5195391060231807, 0.5195311109224955, 0.5196851510486323, 0.5204060448831691, 0.5194278125797872, 0.5216259532795721, 0.520260635313097, 0.5206652540208656, 0.5219279687046569, 0.520457726149332, 0.5190121749818544, 0.5208602498520861, 0.521464643570093, 0.5209139569120093, 0.5201974209848341, 0.5194296067232614, 0.5208285385435754, 0.5183108263400011, 0.5200249752500555, 0.5182430020400456, 0.5187618793585361, 0.5188215501579173, 0.5196340521831653, 0.5191534284925287, 0.519220056332948, 0.5201077275660448, 0.520742627181413, 0.5190312734672001, 0.5183222663926554, 0.5204692135800372, 0.5175986560709748, 0.5206808171647809, 0.5177624201599932, 0.5198792263920053, 0.5180837065527291, 0.5174754949716421, 0.5178898231232123, 0.5163331604920901, 0.5176191809194866, 0.5183147550065875, 0.5176296321463673, 0.5169615815410684, 0.5161982327153831, 0.5167951372080234, 0.517454118737371, 0.5178566485534221, 0.517884014181165, 0.5162594990852551, 0.5171840106829618, 0.5171389226075057, 0.5163257178806123, 0.5172260939638257, 0.5167132216495472, 0.5157014960116082, 0.5161979509578957, 0.5171496958741338, 0.516672901399843, 0.5170964818079393, 0.5159763239678883, 0.5165721479353014, 0.5159176749624176, 0.5192103587882423, 0.5178640958590385, 0.5164780819809044, 0.5168951492169838, 0.5171978218214852, 0.5183293710261474, 0.5158576562509432, 0.5177904744069655, 0.5172011604457548, 0.5164991706718892, 0.5170601500477983, 0.516099520218678, 0.5175107143300793, 0.5164785557614141, 0.5147744493606763, 0.5160981359935942, 0.513835989839428, 0.5145962012338114, 0.5144764992780301, 0.514475072696532, 0.5147231393681341, 0.5151579841807649, 0.5143544795093956, 0.5151178391425164, 0.5145374572539068, 0.5143211836561615, 0.5135832246624943, 0.5141062447221287, 0.5137519364828592, 0.5136284636053847, 0.514533994726209, 0.5145913099412953, 0.5143565704752674, 0.5139079541513771, 0.5135830600401421, 0.5133878447852291, 0.5152939547112573, 0.5144276555641231, 0.5135707142370525, 0.5137611985643268, 0.5137234987356724, 0.5141253760664455, 0.5134402330105121, 0.5127943504205991, 0.5131540985116155, 0.5122745505401066, 0.5128166225803641, 0.5115226260471694, 0.5116842439323118, 0.5117940758610819, 0.5119248830573463, 0.5115594956682715, 0.5121934226144365, 0.5133328659412189, 0.5119318576741131, 0.51164495912227, 0.5119552745487227, 0.5128348144419465, 0.5120194229014191, 0.5125159131083297, 0.5119382046954536, 0.5126359541337568, 0.512539009471516, 0.5119400708884984, 0.5120939170266245, 0.5123188898458586, 0.5122342261420938, 0.5114026232298478, 0.5119212328732669, 0.5118122809317522, 0.5119118818214962, 0.51098740089944, 0.5117118867325695, 0.5111162088292859, 0.5113019194358435, 0.5107484986057211, 0.5101309724343128, 0.5099673168563144, 0.5108030996261499, 0.5105124343009222, 0.510871600537073, 0.5107398339898594, 0.5101587321513739, 0.5102629453052968, 0.5098215035903149, 0.5104062907643371, 0.5106510584389333, 0.5104857652615278, 0.5102993220418364, 0.5106230363959358, 0.510504003846165, 0.5100041397543618, 0.5097346422654805, 0.5102564991612137, 0.5102042066745269, 0.510514858004811, 0.5102259743781317, 0.5096466542381943, 0.5106327182207352, 0.5096938797842452, 0.509877738061842, 0.5091877909370395, 0.5094945132732391, 0.5100566010117095, 0.5100385613275535, 0.508917510946155, 0.5095384746462435, 0.5082111170877031, 0.508821754010169, 0.5083652726023189, 0.5088354300011645, 0.5088593587552235, 0.5085722544254401, 0.5082038441202142, 0.5074407959377373, 0.5077315746864557, 0.5083191303106455, 0.507042177540042, 0.5074755357298659, 0.5076864607386536, 0.507166557477944, 0.5071861035439558, 0.5078777888100663, 0.5079725267904582, 0.5072959689866929, 0.507806876203516, 0.5071962749783373, 0.507464213685675, 0.5072086719802884, 0.5070751783175346, 0.5073208554542108, 0.5074044123237387, 0.5074006345245864, 0.5077185308758593, 0.5070864574594812, 0.5072712306574587, 0.5069285861520103, 0.5070174776372456, 0.5072065264314085, 0.5071715776955251, 0.5071429379912087, 0.5066884689496987, 0.5063824083778884, 0.5063063109314049, 0.5060827256122351, 0.5060172019860684, 0.5063923023122571, 0.506105763680769, 0.5061285890939035, 0.505563403114731, 0.5059423517613184, 0.5056417451236711, 0.5058410471175616, 0.5057757859264974, 0.5060479598385947, 0.5053434483297579, 0.5050379589145437, 0.5053162130462381, 0.5054195891151498, 0.5053259876621512, 0.5053814372300228, 0.5049149764108134, 0.5050121477017036, 0.5050512910325885, 0.5053787363536192, 0.5052120212888543, 0.5049866633319156, 0.5050789068688403, 0.5050830658757206, 0.5049554359563541, 0.5051584986103324, 0.5048122420197442, 0.5045943629174006, 0.5048548273551159, 0.5048888588781322, 0.5047558492574936, 0.5047758693223471, 0.5045129505050925, 0.5046408558503176, 0.5049616559084519, 0.5044312466195214, 0.5046637385756105, 0.5049271720014649, 0.5047051702445243, 0.5043448839650486, 0.5041021689390525, 0.5042526425022782, 0.5041645019700676, 0.5038171110354064, 0.5039605893494882, 0.5038517447181674, 0.5042461531284528, 0.5039751971815969, 0.5037153438552395, 0.5040248475231968, 0.5036596272672925, 0.5038692980677217, 0.5038725245784927, 0.5038247272208497, 0.5038121309909191, 0.5037194273192367, 0.5038849878442156, 0.5039018067248139, 0.5034265452688866, 0.5037540114406265, 0.5037081147724892, 0.5036330271116544, 0.5034656748448536, 0.5036695437990265, 0.5033167082093137, 0.5033738752861163, 0.5036814566496964, 0.5031749429283562, 0.5033050963293502, 0.5031219478491898, 0.5032668896428831, 0.5032336719525166, 0.5034302614984059, 0.5030765860945314, 0.5034410058360397, 0.5031251838574042, 0.5034015597877922, 0.5033912385776366, 0.5033659766881894, 0.5034579184902457, 0.5033251111542348, 0.5033586287236476, 0.503138848276802, 0.5030894254371797, 0.5028553238281837, 0.5026430112101656, 0.5026475533897623, 0.502918093086599, 0.5029258747677227, 0.5027289411305508, 0.5028165130169837, 0.5029630027847849, 0.502911280363034, 0.5029083109382309, 0.5028000860423832, 0.5027438324668032, 0.5026579025464181, 0.502437269949651, 0.502630393802028, 0.5026204937543625, 0.5026130580203437, 0.5023130218842964, 0.5023558087401337, 0.5023064539109394, 0.5025821127297677, 0.502161843763603, 0.5023604234059652, 0.5019184850947761, 0.5017966847498339, 0.5015921353638827, 0.5019978600325602, 0.5014908760240226, 0.5014987349946857, 0.5015719455458743, 0.5016590507475884, 0.5016911789611146, 0.5016678320619213, 0.5014417524084503, 0.5015018743909759, 0.5015798380305042, 0.5015089361222236, 0.5014784613371769, 0.5015393218278011, 0.5016493153222751, 0.5014582089670412, 0.5016346457022014, 0.5014304062385699, 0.5015229523836912, 0.5015978403798826, 0.501463362912992, 0.5015008745394347, 0.5016189358391605, 0.5015284410326473, 0.5015273909647386, 0.5015522215392564, 0.5014035670093564, 0.5014357182569119, 0.501478109276775, 0.5012764257170779, 0.501523874945693, 0.5012757697384873, 0.5012824767893487, 0.5014383789602217, 0.5013257364432017, 0.5015641282766293, 0.5012856222989358, 0.5013225061116201, 0.5012940029739897, 0.501585990954668, 0.5014245825591105, 0.5013140026247982, 0.5013505344862467, 0.5010324887958638, 0.5010867922297327, 0.5011383730631608, 0.5010445746746692, 0.5010550915103256, 0.501275320083667, 0.5010206638238369, 0.5010123731015803, 0.5010769731832512, 0.50116440926716, 0.5011364952985183, 0.5012021577838577, 0.5008291082504468, 0.5009876328073578, 0.5009297868271014, 0.5007060152707082, 0.5006897017195985, 0.5005521447885604, 0.5004290593412769, 0.5004527408343095, 0.50032212915438, 0.5002913390978788, 0.5003590021596287, 0.5004605702209822, 0.500340875906822, 0.5003672048940764, 0.5003033578395844, 0.5001797561462109, 0.5002912901915036, 0.50020432472229, 0.5002450828368847, 0.5000609915990096, 0.49991148644751243, 0.5000669337235965, 0.49969687042655525, 0.4996337362261482, 0.4997153444822891, 0.49944237627825894, 0.49946400348520104, 0.4995550685749823, 0.4994452465803195, 0.49947056490859704, 0.4995168093796615, 0.4994286449400933, 0.49947526821723354, 0.49932602735666126, 0.4993915959592267, 0.49932155045834214, 0.4991776105903444, 0.4991193864590082, 0.4992925903517685, 0.49908777940404286, 0.49915402974837864, 0.49918191817217256, 0.4991618112111703, 0.49913996163305346, 0.4992033105630141, 0.49918891615046684, 0.49906564009931936, 0.498953565573081, 0.4989917964944036, 0.49909621815541727, 0.4989302636502863, 0.4988723802260863, 0.4990041306167295, 0.4990441113601237, 0.49884268172057994, 0.4988996568835262, 0.49889310561256967, 0.49884373833844947, 0.4987159292776506, 0.49883108425053047, 0.49876851836840314, 0.49868508605729966, 0.4987469391945081, 0.4986658206571153, 0.49872531711836876, 0.4985401539793818, 0.49855435309392626, 0.49853140137571117, 0.49857087231381036, 0.498589148014893, 0.49861182070477106, 0.49854578650914705, 0.4985770384470622, 0.4985700406870999, 0.4985841378405854, 0.4985856077609918, 0.49845436739397575, 0.4985759396911104, 0.4984874896732442, 0.4984973091563899, 0.4984139867754646, 0.4984687434666323, 0.49843863329607924, 0.49837107263205255, 0.49830088630700725, 0.49838279487885834, 0.49828842009380186, 0.49823637017400274, 0.4981704305161487, 0.4981349215402708, 0.49806867381591935, 0.4980576481574621, 0.49822858969370526, 0.49803883153876977, 0.49813300665918286, 0.49797296884295705, 0.4980052221607376, 0.498092824831987, 0.49805058948286285, 0.4979656324500129, 0.4980487871519375, 0.4978825894249228, 0.49785151608260997, 0.4977459124811403, 0.4978550396341107, 0.49774945950333455, 0.49769428339633315, 0.49776685063218895, 0.4975674436205909, 0.497619472798847, 0.4975718822016384, 0.4975759223267272, 0.4975649092223618, 0.49759191307392747, 0.4975763970897311, 0.4976146005012177, 0.4976722206169869, 0.49758308503653975, 0.49758278395666744, 0.49757708003232765, 0.4975864044475905, 0.49757494278006503, 0.4976071424973317, 0.49753951884451364, 0.497528734988782, 0.49757558216542114, 0.49755739467047944, 0.49747988406991783, 0.4974572288466024, 0.4974946548868885, 0.4975142499684414, 0.49750965866413743, 0.49751101505188716, 0.4974768531846476, 0.49751767679885195, 0.4974045980544317, 0.4973740932487306, 0.49744194451269214, 0.4973250177753714, 0.49743091361426606, 0.49732163493886533, 0.4973288629299555, 0.49731233912509876, 0.49734743327011555, 0.497274847257705, 0.4973115449423318, 0.49728097310869684, 0.4973273030567519, 0.49730809813454036, 0.49734356988480677, 0.4973019499045152, 0.4972952322645502, 0.4972222380804055, 0.49726012087130284, 0.49724952030531216, 0.49721601823747374, 0.4971612247573587, 0.49717965514668616, 0.4971412591663472, 0.49717064338289335, 0.49719945316786296, 0.49714906693814875, 0.4971646221129449, 0.4971578383183741, 0.49712623694004154, 0.4970699355497465, 0.49714126255049373, 0.49705452894989827, 0.4970992970597613, 0.4971003156878573, 0.4970016761140509, 0.49705060093830794, 0.4970077616827829, 0.4970817870491154, 0.49697746898665096, 0.49692472357016343, 0.4968728985323574, 0.4968946543368664, 0.4969328434476049, 0.4969237859432514, 0.49678695300123193, 0.49676780015121014, 0.49676413119057594, 0.49682668004280484, 0.4967549294779152, 0.4967885686582698, 0.4967981728660318, 0.49674116036830807, 0.49683110334061004, 0.49676294444681524, 0.4967395450387682, 0.49677557822985524, 0.49675930190435696, 0.49673154196896396, 0.4967399662012582, 0.4967457800557762, 0.49677806077422676, 0.4967409101597992, 0.4967089968941587, 0.4967616515936869, 0.49667330724852427, 0.49670258175322424, 0.49669793575674626, 0.4966545342962384, 0.49662135470481145, 0.4966691600315737, 0.4966453223219721, 0.49657662261973373, 0.49660980843362357, 0.4965735442472465, 0.49656266760040113, 0.49650448604381126, 0.4965497197467329, 0.4965231859640324, 0.4965232008106106, 0.49649920142613924, 0.49648758867284754, 0.49647832418972754, 0.49645342767893613, 0.49647555977870256, 0.4965080207302457, 0.49650330399418924, 0.49651771314414866, 0.49647208622523714, 0.4964510889062078, 0.49646144046451585, 0.49644276947328897, 0.49644513750250957, 0.4964943328401545, 0.4964385217144376, 0.4964529655791901, 0.4964227439501347, 0.4964791838721041, 0.49638928871451715, 0.49636899333297113, 0.49639833781308745, 0.49631796837289693, 0.4963595328968523, 0.49634804415615486, 0.49629340449095644, 0.49629866651126314, 0.4962991733690758, 0.49632108757347415, 0.4963146167578715, 0.4962489658441299, 0.4962379352732019, 0.4962552686532338, 0.4962079284828661, 0.49623123499063343, 0.49623073610194, 0.49618848328625326, 0.49618078282464556, 0.4961350627871223, 0.49612184289174205, 0.496130686103206, 0.4961610549972171, 0.496082746393078, 0.4961054822900793, 0.49604339521009844, 0.49603987220442775, 0.49599074869802146, 0.4959870384726332, 0.49600221615134577, 0.4959852021910769, 0.4960017611473908, 0.4960047367946569, 0.49597831807293735, 0.4959726692774357, 0.4959315392342243, 0.4959422039898324, 0.4959714442164033, 0.49597056892328645, 0.49593252380252323, 0.4959207840891548, 0.49593694764615853, 0.49592213316278144, 0.4958889133982606, 0.495885900634549, 0.49587796863182126, 0.4958778739848853, 0.49586646591787376, 0.4958474283471649, 0.4958561485285287, 0.49585905834868715, 0.49584888494931734, 0.4958418791110699, 0.495852951165084, 0.495831399282693, 0.4958127405180599, 0.4958310278999063, 0.4958296731496469, 0.49582985283690933, 0.49582196395475786, 0.4958083168927567, 0.4958211340747037, 0.49583054101947466, 0.4958097420550965, 0.49576622291362327, 0.49575635932740714, 0.49574928613372776, 0.49575228372336305, 0.49573673957433456, 0.4957056108848516, 0.4957080423395276, 0.49569667149812746, 0.495684971739521, 0.4957076288186587, 0.4957052019489554, 0.49570181540080477, 0.495663495181681, 0.4956599845117702, 0.49567255814433536, 0.4956551437631195, 0.4956400492689112, 0.4956188311070313, 0.49563563197523686, 0.49562665405290907, 0.4956018974929502, 0.4955837593410478, 0.4956009599752042, 0.4955805270444779, 0.4955888556473421, 0.495582973018234, 0.49558042333676267, 0.4955880024057605, 0.49557805847335645, 0.4955961889836378, 0.4955816944658538, 0.4955809583594074, 0.4956089722149538, 0.4955710612592243, 0.49557605178364905, 0.4955686498910953, 0.49559650927672894, 0.495545493049936, 0.4955340022350842, 0.49553643947555903, 0.49555175557678, 0.4955483344230023, 0.49551258309856877, 0.4955000705989726, 0.49548642877694016, 0.4955029352244003, 0.4954579948505639, 0.4954444877393953, 0.49545071729810247, 0.4954568155300923, 0.49544803672657783, 0.4954406061233618, 0.4954281148019728, 0.4954362770358285, 0.4954099848375216, 0.4954292873541514, 0.4953919761565142, 0.49540879394545223, 0.4953664390595405, 0.49535419041420514, 0.4953425908700014, 0.4953442707166567, 0.4953359221364116, 0.49534399245248173, 0.49534417104808404, 0.4953166809710827, 0.4953289933693715, 0.4953206778664292, 0.49532581816662796, 0.49533846756040834, 0.49530807257571935, 0.4952609780288878, 0.49523614024941304, 0.4952270568727137, 0.49521831158316615, 0.4952096939086914, 0.49519410270910996, 0.4952238656225659, 0.495183683467872, 0.4951877351645585, 0.4951826940962683, 0.49519002983421634, 0.49520599983987357, 0.4951905356003688, 0.4951689838271438, 0.49516514544085266, 0.4951822734796084, 0.49514468030615166, 0.4951369230782156, 0.49514920152587333, 0.4951562084557809, 0.4951667919918731, 0.4951251913339664, 0.49512749899438013, 0.49513643161281123, 0.4951286147802304, 0.49511920434214696, 0.4951200865127228, 0.4951179386713566, 0.4951100564483321, 0.4951129295887091, 0.49511069528785817, 0.4951207729486319, 0.4950928801581973, 0.4950989002273196, 0.49508355748959076, 0.4950746864407927, 0.49507617775773827, 0.49509596759146385, 0.49506672496324056, 0.49507857941009187, 0.49510258316120387, 0.4950805454900413, 0.49507233838895304, 0.49508083303332767, 0.4950613366378533, 0.49505807628561727, 0.4950699682855781, 0.49506485767853564, 0.495047729967278, 0.49505449050948735, 0.4950489205318493, 0.49503588447204006, 0.4950173487375071, 0.4950361404663477, 0.4950110430900867, 0.4949915816277375, 0.4949843705573798, 0.4949838324780866, 0.49498250654765535, 0.4949956286302853, 0.4949843748148544, 0.4949668837990953, 0.494978782130685, 0.49497605527276956, 0.4949696701524895, 0.4949708166139903, 0.4949769983579824, 0.49496370990634403, 0.49498361403688845, 0.4949417808553675, 0.4949493020663768, 0.4949371568012587, 0.4949292090786246, 0.49494819479547575, 0.4949221520415156, 0.49492700228760966, 0.49493099863712603, 0.4949312313790723, 0.4949341803898305, 0.49492033693816634, 0.49489828867790026, 0.49489351288302913, 0.4948996357865386, 0.49489543103909756, 0.49487593169614075, 0.4948732078948737, 0.49487999081611633, 0.49486628567779456, 0.4948766527376769, 0.4948513306977548, 0.4948447627243978, 0.4948435358075432, 0.4948414670023726, 0.49486261245968577, 0.49483523951781977, 0.4948589293074695, 0.4948174167465378, 0.49481662998705994, 0.49481814761301535, 0.49482383396162655, 0.49481608612196787, 0.49482097927030627, 0.49481532523483585, 0.4947962306794666, 0.4947935720503112, 0.49479199187222855, 0.49479971744201995, 0.49478561330190945, 0.49478046405009735, 0.49478436291436134, 0.4947836289912353, 0.4947834959178617, 0.49478278306377677, 0.4947709511051248, 0.49476630761946516, 0.4947613274658119, 0.49475645778816696, 0.4947541071163429, 0.49475515336344095, 0.49475870104063124, 0.49475990525095453, 0.4947733085452419, 0.49476321789371225, 0.49476183814443514, 0.49475271241132157, 0.49475226253816934, 0.4947431170460069, 0.4947493927819388, 0.49474329356745483, 0.49473860554206067, 0.4947281227662013, 0.4947278512703193, 0.4947313586652497, 0.49471860043295135, 0.494723169358222, 0.49473253176325843, 0.4947220604498308, 0.4947228327993945, 0.49472512419407183, 0.49472567941242956, 0.4947275653645232, 0.4947206275367038, 0.4947150182593, 0.49470656979215016, 0.4947045636482728, 0.4947100076483283, 0.4947040175998604, 0.49470510543921054, 0.49469891496193713, 0.4947000205953479, 0.494691680530052, 0.4946835751716907, 0.49468053053150246, 0.4946821745717045, 0.49467816468560216, 0.49467061181644817, 0.49467224461255055, 0.49467716286907265, 0.4946785467666584, 0.4946717660287361, 0.4946706595219972, 0.4946776281346332, 0.4946696834686475, 0.49467482900881504, 0.4946696613079462, 0.49465857244236566, 0.4946551029280428, 0.4946601280580947, 0.4946638073895004, 0.4946553316308465, 0.4946553639439873, 0.494674876059368, 0.49465142774494575, 0.4946542576555804, 0.49465267016337466, 0.4946527365363125, 0.4946425038597959, 0.4946372667293409, 0.49463829681986854, 0.49464730345285857, 0.4946411499828646, 0.4946376254488697, 0.4946421824750446, 0.49463642964432963, 0.49463701302751956, 0.49463624417126834, 0.49463620465317054, 0.49462686986713617, 0.49462060155449333, 0.4946105236753876, 0.4946129301310459, 0.494615865059388, 0.49461451707742154, 0.49461788670483964, 0.4946140157870757, 0.4946014574377528, 0.4946077266237238, 0.49460794288160165, 0.4946052997540205, 0.4946006377101381, 0.4945962138665028, 0.49459469416639307, 0.49459133665640276, 0.49459471174212166, 0.49459954212000085, 0.49459134888299655, 0.49459766151704193, 0.4945910065383701, 0.49460432959563566, 0.49458995177632287, 0.4945833009459597, 0.49458180897401804, 0.4945883814231817, 0.494578853849963, 0.4945879318775275, 0.49458028021312894, 0.4945823570965847, 0.4945750699375139, 0.4945741114598928, 0.49457064270973206, 0.49457444157792535, 0.49456888208022487, 0.494566498986094, 0.4945659315411424, 0.49456697211160766, 0.4945631285945138, 0.49456508474035576, 0.4945724304124113, 0.49456407593720125, 0.4945694790000007, 0.4945665275875902, 0.4945602678990626, 0.494557206993138, 0.494558198984726, 0.4945565050556546, 0.4945619237291944, 0.4945576372164073, 0.49455542900623417, 0.49455894764526426, 0.4945580073983678, 0.4945564172861777, 0.4945512314637502, 0.4945420110837007, 0.49453764815470236, 0.4945337782194326, 0.4945367059428177, 0.49453738702959193, 0.49453355781324615, 0.49453072997676584, 0.49453309112852745, 0.4945343630217807, 0.4945370858405536, 0.49452874119028506, 0.49452538651861117, 0.49452421352976844, 0.4945220968007168, 0.49451835469885186, 0.49451643217614283, 0.49451873022994713, 0.49451548832676784, 0.4945114176351946, 0.49450817169287264, 0.49451113511354494, 0.4945106471414531, 0.494511726247522, 0.49450852102412407, 0.4945078828395941, 0.4945167446092808, 0.49450696508089703, 0.494509451118581, 0.4944993128706684, 0.494494997101389, 0.49450086313726266, 0.4944913034692352, 0.4944881566496559, 0.49449174198912177, 0.49449487232463263, 0.49448815348384145, 0.4944857284699604, 0.49448636589032824, 0.4944902955394088, 0.4944823307868762, 0.49448518678818865, 0.4944858835948693, 0.4944821351613754, 0.49448607037792275, 0.4944830806482406, 0.4944871942420582, 0.4944812690382039, 0.49448445941502356, 0.49449042151699135, 0.49448560358403804, 0.4944842356246906, 0.4944900944556072, 0.4944789143272372, 0.4944830887265258, 0.49448141619399355, 0.4944762530780974, 0.49447342633327723, 0.4944685196483528, 0.49447445773379706, 0.49446839476243043, 0.49446746226632116, 0.49445961028228314, 0.49446080488599703, 0.4944615371716328, 0.49445822802218764, 0.4944577041344765, 0.49446523145878274, 0.4944559191609477, 0.49445629589286916, 0.49445608749494446, 0.49445394729519937, 0.49445211254196725, 0.49445215522587954, 0.4944517589532412, 0.4944494092639113, 0.49445168177286786, 0.49445012299132435, 0.4944461444358686, 0.4944457674856151, 0.4944449226498167, 0.4944468162435315, 0.49444558179422177, 0.4944410217113984, 0.4944434310053731, 0.49443699424956744, 0.4944320452082288, 0.49443339155270505, 0.4944316070158403, 0.49443454085252225, 0.4944319501246288, 0.49443108520228346, 0.494432284172638, 0.49442978350670785, 0.49443455799158675, 0.4944312251531161, 0.4944299851363395, 0.49442793685437997, 0.4944299856821696, 0.49442309861654765, 0.4944247035753159, 0.494420241741907, 0.49442246075951574, 0.4944182945476783, 0.49442214919970584, 0.49442056629247283, 0.494419345161417, 0.4944204555981325, 0.49441791366744825, 0.49441692582416885, 0.49441752765641545, 0.4944182743519654, 0.4944170905556871, 0.49441653893980786, 0.4944150246979989, 0.49441676152931463, 0.4944134667897836, 0.4944142894648807, 0.49441252588789103, 0.4944123226207691, 0.4944147032040816, 0.49441493081522514, 0.49440901914795676, 0.49440796231175516, 0.49440955329727343, 0.49440564340724175, 0.49440319994430404, 0.494402690357341, 0.4944065505768353, 0.4944036804931068, 0.4944038206622714, 0.4944048612327366, 0.4944046591664409, 0.49440405733419424, 0.4944076151638241, 0.4944054673224578, 0.49440148298120323, 0.49440188001800367, 0.4944065609476069, 0.49439998052932405, 0.4943976152292538, 0.4943982981718503, 0.4943964319788056, 0.494399878568265, 0.49439683785805333, 0.4943965236782591, 0.49439875655995186, 0.4943966389575721, 0.49439826629537365, 0.49439656963715184, 0.4944000915511624, 0.49439170716446396, 0.49439214688517674, 0.49439219262573747, 0.4943907626600929, 0.49439294445209014, 0.49439327064014615, 0.49439323647118316, 0.4943929612636566, 0.4943953289653792, 0.4943938636299455, 0.49439073842523734, 0.4943907830741379, 0.494395844119809, 0.49438852279177514, 0.49439048352258985, 0.49438862366117403, 0.4943869209988213, 0.49438616502416005, 0.49438504803748357, 0.494383998297073, 0.4943842345323318, 0.4943854659249931, 0.49438216922047373, 0.4943815964263874, 0.49438204367955524, 0.4943824378780393, 0.4943838977551722, 0.4943856696287791, 0.49438070224754976, 0.4943801405883971, 0.4943796215039907, 0.4943776346824981, 0.49437881804211237, 0.4943792279605027, 0.4943750453737629, 0.4943752455842364, 0.49437806959990616, 0.4943785085564568, 0.49437487856809037, 0.49437423579858775, 0.49437607742927886, 0.4943741515224233, 0.49437361649977857, 0.4943723920937423, 0.4943745104602842, 0.4943743380871448, 0.4943718653677147, 0.4943710500067407, 0.49437544000891104, 0.49436958106882845, 0.49436846375465393, 0.4943647116095155, 0.49436354134982324, 0.4943658648393093, 0.4943659709486769, 0.4943661867698907, 0.49436434699502185, 0.4943656974878067, 0.4943647040770604, 0.4943623833167247, 0.4943635070716942, 0.49436120443291715, 0.494362745092902, 0.4943601694299188, 0.4943607923312065, 0.4943615056219555, 0.4943593518856244, 0.4943599108156267, 0.49435947557072063, 0.49436083326846253, 0.4943574043638977, 0.4943585796452267, 0.4943611929704855, 0.4943575731345585, 0.4943572760938288, 0.49435722784244973, 0.4943565946795565, 0.49435774452520376, 0.4943571660544846, 0.49435805750417183, 0.49435825847880743, 0.4943600116850256, 0.4943590783155881, 0.49435527202410573, 0.49435511045840197, 0.49435836993730986, 0.4943539227321471, 0.4943533772295648, 0.4943534174026587, 0.49435307254721395, 0.4943532679543827, 0.49435635658847543, 0.4943541552557613, 0.4943547628738068, 0.4943544533881512, 0.49435431005317215, 0.4943538499184144, 0.49435429400576775, 0.4943515528471042, 0.49435242541107066, 0.4943490594952971, 0.49435050114170537, 0.4943501299772507, 0.49435101444031293, 0.4943487656203818, 0.4943482470818055, 0.4943486261062133, 0.49434957694221326, 0.49434962159111384, 0.4943498566255465, 0.49435020410097563, 0.4943480922843947, 0.49435003096367414, 0.4943479427269527, 0.49434719821472306, 0.4943470448364705, 0.49434736098125304, 0.4943487899644034, 0.4943463743387998, 0.49434719264725624, 0.4943466727986877, 0.4943454200094873, 0.4943461807874533, 0.4943460126717885, 0.4943447332460802, 0.4943418173126249, 0.49434100053249264, 0.4943408189894079, 0.4943423723126506, 0.49434217515882556, 0.4943442111050253, 0.4943404374541817, 0.49434132923136703, 0.4943411853505578, 0.49434213498573165, 0.49434010951946944, 0.4943421856387631, 0.49433931621003063, 0.4943381300121, 0.49433631818373125, 0.4943353637452527, 0.4943372572298015, 0.49433420996962885, 0.49433310597370833, 0.49433189652341625, 0.4943319183566195, 0.49433098607884224, 0.4943321997866089, 0.4943336769119724, 0.4943330718047453, 0.4943328143912794, 0.4943308570446112, 0.494331188254304, 0.4943335730950911, 0.4943317348485465, 0.4943289190203279, 0.49432855669832054, 0.49432849676617774, 0.4943285313718048, 0.494327276290118, 0.4943276173247522, 0.49432753555940623, 0.4943272058780377, 0.4943269764110719, 0.49432778500375296, 0.49432765389536765, 0.49432718186151414, 0.4943259087674347, 0.4943260364916735, 0.4943275451660156, 0.49432568082879313, 0.4943252287723206, 0.4943269450804253, 0.4943254619509309, 0.49432539044719037, 0.4943260116018218, 0.4943258602977236, 0.4943255595453493, 0.4943266412714025, 0.49432521490823655, 0.4943263303665888, 0.49432455969380806, 0.4943237333070664, 0.4943238682362623, 0.4943242719321897, 0.49432556118283955, 0.4943241324180212, 0.49432339816739707, 0.49432421079922073, 0.494322324519629, 0.4943226616242866, 0.4943238357047895, 0.49432222103024576, 0.4943220891576984, 0.4943233031929631, 0.4943225229834462, 0.4943223407853654, 0.4943226666459234, 0.4943226497251909, 0.49432368603818144, 0.4943213851460607, 0.49432216655640376, 0.4943227039807009, 0.4943214266291468, 0.49432280648758997, 0.49432190750544763, 0.49432185499659387, 0.4943222666616405, 0.49432197256839316, 0.49432183774836336, 0.49432183785752937, 0.4943217663537888, 0.49432261697538604, 0.4943227110764919, 0.4943229276618678, 0.4943224883778191, 0.49432196274345175, 0.4943227408788143, 0.4943224712387546, 0.4943233345236097, 0.4943229123786256, 0.49432196743759044, 0.49432286882138515, 0.4943217378614586, 0.4943223197163243, 0.49432307667347974, 0.49432257232648547, 0.4943224589029948, 0.49432174200976725, 0.49432189025721707, 0.4943219964757507, 0.49432149420291077, 0.4943222627316639, 0.4943223124022012, 0.49432214319487633, 0.4943219569576529, 0.4943227374946678, 0.49432212911246026, 0.4943231790712028, 0.49432179932192566, 0.4943215805532295, 0.49432216590140765, 0.494321828469252, 0.49432321793430456, 0.4943220060823601, 0.49432259536051487, 0.4943223474444924, 0.4943226014738118, 0.4943218258492676, 0.49432248717699295, 0.4943223354362306, 0.494322670794232, 0.4943222098953121, 0.4943227813794063, 0.4943228753713461, 0.49432171646491946, 0.4943229419626159, 0.49432184397082624, 0.49432206830698927, 0.49432274841126944, 0.4943222858748593, 0.4943234880110283, 0.49432271063982786, 0.4943227915318458, 0.49432172487070275, 0.4943217762878963, 0.4943227515770839, 0.494321903247973, 0.49432286871221914, 0.49432271194982, 0.4943220790052589, 0.4943225506024483, 0.4943228904362563, 0.4943216479086614, 0.49432263738943105, 0.49432206590533695, 0.494322684658316, 0.49432247724288547, 0.49432205094959275, 0.49432235726943385, 0.49432277526610935, 0.49432258007727264, 0.4943223121838692, 0.4943221119733957, 0.49432265038018697, 0.4943225643573663, 0.4943220645953447, 0.4943214163675413, 0.4943226539826655, 0.4943218077277089, 0.49432244492974475, 0.4943221745255229, 0.4943223849976019, 0.494322018854784, 0.49432254023167677, 0.4943213213931073, 0.4943221674297319, 0.4943219539010044, 0.49432120218381775, 0.4943218131860097, 0.49432144660652777, 0.4943212566576598, 0.49432171744741366, 0.4943213137514862, 0.4943217021641714, 0.4943217176657457, 0.4943206758944543, 0.49432078909961297, 0.4943218053260566, 0.4943215779332451, 0.494320993130897, 0.49432195073519, 0.4943212066596244, 0.49432119268637437, 0.494321183188931, 0.4943215391793094, 0.4943213140789842, 0.4943214698588892, 0.49432128787914037, 0.49432087654159185, 0.49432213118661456, 0.49432169856169283, 0.4943203963202871, 0.49432102478904166, 0.49432110677271973, 0.49432166613938605, 0.4943217024916694, 0.494321346610457, 0.4943210366881374, 0.4943220617570283, 0.4943214319782816, 0.49432186689568963, 0.49432119443303063, 0.4943213242314237, 0.49432135556207035, 0.49432168961007955, 0.4943220517137548, 0.49432130949401154, 0.49432150861282487, 0.49432124999853283, 0.4943213615662012, 0.49432098472511377, 0.4943213444271367, 0.4943208249060662, 0.49432130589153306, 0.4943215318651863, 0.4943215004253737, 0.4943214050142756, 0.4943214019576272, 0.4943213130964901, 0.4943216800034701, 0.4943209055797521, 0.49432093439958036, 0.4943213317638788, 0.4943214047959436, 0.494321393770176, 0.49432156898163176, 0.4943215445284442, 0.4943214340524359, 0.49432142564665266, 0.49432138743854703, 0.49432132510475185, 0.4943211907213861, 0.4943212837308318, 0.49432153131935624, 0.4943213199739491, 0.4943214468248598, 0.4943209220638205, 0.49432132532308387, 0.4943213846002306, 0.49432164910948756, 0.4943213472654531, 0.49432137608528137, 0.4943211582990793, 0.49432132968972453, 0.49432160347809284, 0.494321128933421, 0.49432121004377094, 0.49432186493070135, 0.49432146767556884, 0.49432143023162534, 0.4943214743346958, 0.4943211134318467, 0.49432095426779527, 0.4943211053535615, 0.4943208838557149, 0.49432124464939803, 0.49432128766080835, 0.4943212587318141, 0.49432103767063157, 0.49432133110888277, 0.494321183407263, 0.4943216221454816, 0.4943218064177167, 0.49432123504278863, 0.49432175652884736, 0.49432123788110505, 0.49432130600069907, 0.49432102620819984, 0.49432119978216543, 0.49432152356856907, 0.4943213171356327, 0.49432128624165017, 0.49432123187697413, 0.4943214714963794, 0.49432148099382284, 0.49432169637837253, 0.4943209324345921, 0.49432105688385036, 0.49432126506344304, 0.49432129049912477, 0.4943211965071849, 0.49432090645308024, 0.49432129508409745, 0.4943214943120768, 0.4943210532813718, 0.4943213320913769, 0.4943216304420988, 0.494321027190694, 0.49432140523260765, 0.4943214017392952, 0.4943217951736171, 0.4943212620067946, 0.4943214342707679, 0.494321414293387, 0.4943212686659216, 0.4943210752237411, 0.49432122532701317, 0.4943212236895229, 0.49432109432779386, 0.4943212432302398, 0.4943210577571785, 0.4943213383138398, 0.4943212247811831, 0.49432116692319455, 0.4943213761944474, 0.4943214700772212, 0.4943210787170536, 0.4943213672428341, 0.49432110841021, 0.49432125010769884, 0.4943212337327964, 0.4943219774808639, 0.4943212962849236, 0.4943215304460281, 0.494321217357894, 0.4943214653830825, 0.4943210061216529, 0.4943212254361792, 0.49432129322827517, 0.4943218863272405, 0.49432108242869816, 0.49432089368065635, 0.4943214046867776, 0.49432139508016815, 0.4943213693169884, 0.4943214467156938, 0.49432139027686345, 0.4943212737967243, 0.49432146145310596, 0.4943213719369728, 0.4943212168120639, 0.4943212397369273, 0.49432147389803177, 0.4943213892943693, 0.49432151800110224, 0.4943212424660777, 0.4943212946474334, 0.49432131811812685, 0.4943212637534508, 0.4943213120048299, 0.49432155806503014, 0.4943211066635537, 0.49432102675402995, 0.49432132968972453, 0.4943214448598715, 0.49432147335220167, 0.49432117663897, 0.4943210026283404, 0.49432158601153026, 0.4943213891852033, 0.494321407415928, 0.4943213070923592, 0.4943214136383909, 0.49432144300404923, 0.4943211663773645, 0.494321577278249, 0.4943211433433351, 0.4943213523962559, 0.4943211709623372, 0.4943216242196359, 0.4943215123244694, 0.4943210256623698, 0.4943215650516552, 0.4943214292491312, 0.4943212810016814, 0.494321027081528, 0.4943213130964901, 0.4943214220441741, 0.49432142149834407, 0.49432126801092546, 0.4943212451952281, 0.4943213272880722, 0.49432142826663705, 0.4943213172447987, 0.4943216460528391, 0.4943213742294591, 0.4943214529381567, 0.4943214772821783, 0.4943212612426325, 0.494321393879342, 0.4943213237947597, 0.49432126801092546, 0.4943211034977392, 0.4943213672428341, 0.49432133296470504, 0.49432134781128323, 0.4943212435577379, 0.494321400756801, 0.4943215155994499, 0.4943213777227716, 0.4943213066556951, 0.49432119803550917, 0.49432139038602946, 0.4943216277129484, 0.4943212669192653, 0.4943212489068726, 0.4943212018563197, 0.4943213718278067, 0.4943210957469521, 0.4943216703968607, 0.494321414075055, 0.4943213457371289, 0.49432128209334153, 0.49432127772670087, 0.4943212967215877, 0.4943213313272148, 0.4943212159387358, 0.4943214446415395, 0.49432123045781595, 0.4943213239039257, 0.49432124803354455, 0.4943213517412598, 0.49432131003984164, 0.49432130818401937, 0.49432131779062877, 1.217597240275079, 0.7771597901980082, 0.8193222205717485, 0.8744257537873237, 0.7484028581734542, 0.6458074191769401, 0.8400868681760935, 0.786924429101385, 0.9378198369955405, 0.6766658902386606, 0.692880548618652, 0.7303960604982062, 0.7179353858306731, 0.6327546149383098, 0.7281258902051947, 0.8043714318519983, 0.7455736144340082, 0.7412227550487378, 0.664368103930365, 0.970488700456235, 0.6783566100475116, 0.6482385079284291, 0.6496265824242826, 0.6878963517837036, 0.7949336723530249, 0.6596086198812002, 0.7837416461972526, 0.9488328592681186, 0.693880592182879, 0.7390648777231629, 0.7754407780511039, 0.7859525194753221, 0.6753105956774491, 0.6405932107469537, 0.7925092977481883, 0.7062155060715728, 0.7342636993516496, 0.764895417642244, 0.7255157140585092, 0.6544004170012562, 0.6847646489684835, 0.7523980078461406, 0.626587362516494, 0.5989431377513942, 0.6694190122269013, 0.6661439368794689, 0.716565578411787, 0.5780221594995631, 0.6429671597131442, 0.5605856699821277, 0.8403201151243497, 0.8254823454352089, 0.6027628284889263, 0.7537323175332485, 0.6934689872867459, 0.7431356667817294, 0.8311749552632426, 0.7653321241721128, 0.6373561944935348, 0.7050618242213141, 0.6861994242493487, 0.6759929479041815, 0.6312162753863212, 0.6020631649336972, 0.6937877096972622, 0.6346001082505935, 0.6519960098432533, 0.6872752244437571, 0.8089956647747165, 0.7458387808703677, 0.6921722808163682, 0.6988022639637902, 0.6571727055551368, 0.620234380493234, 0.6666974146942516, 0.6699597321368835, 0.6416417418163775, 0.6119427987725743, 0.6214405496915182, 0.5802414085402157, 0.5945568603255373, 0.5997857027874761, 0.5861413816174308, 0.7351717269900955, 0.6853124326838679, 0.5782354135653038, 0.6626773936189575, 0.5721226100956563, 0.5835981737999689, 0.6130842487890642, 0.6041611416654272, 0.5842303146809449, 0.7154947990899557, 0.54117658777988, 0.6111590091562097, 0.5787013728758355, 0.587746092578867, 0.5819076258184273, 0.6523397679512317, 0.7600294063379477, 0.6822387376329401, 0.5790383980606065, 0.5618022565658276, 0.5720521154857817, 0.6331778451418265, 0.6666364065020076, 0.5755585049971556, 0.5776061437505505, 0.6385331648391682, 0.6862440167110918, 0.5783902833531628, 0.6352093567996672, 0.5832657154663142, 0.5427233830039755, 0.6202769051323007, 0.562805162026332, 0.7316457822427644, 0.6165177171483581, 0.6128186566052419, 0.6481902326419676, 0.5607734123865763, 0.5828037764126565, 0.6639153400620261, 0.5999478441236656, 0.5928892010734195, 0.6378033889300657, 0.5518794940723167, 0.5886118536467081, 0.6203916316285675, 0.6208859316376976, 0.6070106421416496, 0.6138477831969767, 0.5702995662287478, 0.6268711551860139, 0.5718846470663399, 0.5694719378328149, 0.5821849738721883, 0.6623683774864281, 0.7876006280764555, 0.5413444046572451, 0.6004186458203382, 0.5814928741027148, 0.5753070882388523, 0.5775833700821077, 0.6019292081887032, 0.6232100598541371, 0.6429100153428731, 0.634866272573506, 0.5528980814493619, 0.5590080695274549, 0.5829960671099987, 0.5637001420333708, 0.5323623482124272, 0.5315802973923666, 0.5609078702035841, 0.594000633601304, 0.548409953440502, 0.5633797827876095, 0.5587107829558544, 0.5414158184449751, 0.5681562586363419, 0.5577212236958109, 0.55974275408647, 0.5474710432819394, 0.5809759348085075, 0.579752552312809, 0.5901000724607335, 0.561941629582709, 0.5640959954742111, 0.5738626500189086, 0.5778251466078635, 0.5754909605988653, 0.5454447863302825, 0.5446029762863677, 0.5235731723981026, 0.6088589033582709, 0.5751082338256277, 0.545233387977649, 0.5740363026931609, 0.5245492475810069, 0.5542558020069486, 0.5527985078511221, 0.5148513617314698, 0.560523889876984, 0.5807611995782608, 0.5573082506219983, 0.5531261962848705, 0.5279084690761217, 0.5403945327023447, 0.5408164642669342, 0.5628646493176401, 0.5560856749723245, 0.5592768048192118, 0.5475343513838101, 0.5550205743574834, 0.5448966954217289, 0.5539660618637071, 0.5568825151675787, 0.5484095547662113, 0.5238337171820057, 0.5391770493198227, 0.5387091663949218, 0.5426020962851388, 0.5464977909138787, 0.5595565734110473, 0.5251483416164314, 0.5608359454097328, 0.5276523230276702, 0.5196847866524706, 0.5354473422735165, 0.5187806965230586, 0.5452031765010331, 0.5713153172543634, 0.5589582251978444, 0.5245410672255925, 0.5389194913181193, 0.5498258503147098, 0.5256583153546511, 0.5520342605891245, 0.5586907065613366, 0.5153082331894955, 0.5242039837461688, 0.5357214376166627, 0.5415058637058342, 0.5198677196389153, 0.5321641912608793, 0.5113088844460009, 0.5525123232450241, 0.5256998657961904, 0.5512292925473098, 0.520977625480065, 0.5216823115453615, 0.5826394031772684, 0.5097802633985932, 0.5338632259176764, 0.535939002648378, 0.5147937049359192, 0.5406022120963087, 0.5441500837112958, 0.5255977979728154, 0.5290506193926047, 0.5269903231671441, 0.5271782892527598, 0.5310778973740099, 0.5394077895980178, 0.5538261496758723, 0.5160759739823394, 0.5294172687408252, 0.5153741450100154, 0.5332493355204334, 0.5182895532676152, 2.194354902256976, 0.735608370203675, 0.7156964651830904, 0.7581664553055396, 0.9358031044512878, 0.8768945264292287, 0.849599003136813, 0.6952329198301057, 0.8843675039626739, 0.6989885458361098, 0.8341015914639274, 0.6816013431374407, 0.7607467033705868, 0.721375659708575, 0.674693648413424, 0.7406439893629961, 0.8826324149365827, 0.747383020518027, 0.8088137405914265, 0.6778827216817346, 0.7489197579495636, 0.6834762539619055, 0.6535200607645643, 0.7378753237016908, 0.8268288784411364, 0.7940887452918531, 0.7203197063325526, 0.6619372160443456, 0.7006390322914053, 0.6156391065854293, 0.8227450843259092, 0.9190279551041431, 0.8059093977287138, 0.7937312661073147, 0.8483969826838036, 0.6705305043594304, 0.6970800715925056, 0.7683305915022071, 0.7319331440951798, 0.6557057892883217, 0.7053834741368835, 0.896021075737782, 0.7564851878545223, 0.8961768370844942, 0.7362511725652785, 1.0006233084769476, 0.7193366041331938, 0.6031735281804542, 0.6977972312942966, 0.7379240541012733, 0.6370695294478, 0.6723579886632088, 0.6938391916262798, 0.6265539233282809, 0.7498406529863239, 0.7134971310804178, 0.7720635683981927, 0.7006029194091266, 0.6356090215536264, 0.576106594486551, 0.6085193211779053, 0.601521332622011, 0.6858239116031172, 0.6169273609861786, 0.7483871313896808, 0.5877121335420853, 0.6251073216562306, 0.6612043134022109, 0.6570443940031659, 0.8151617625475803, 0.6303895875647828, 0.6877402236391773, 0.6229924717883923, 0.6317659820610787, 0.9320406064445719, 0.6180995374153821, 0.6458025994973305, 0.5576913568563077, 0.6373545209785084, 0.6161333143492758, 0.8681578175488845, 0.6315169040755038, 0.5727058107599671, 0.7052266420898857, 0.5855945734095661, 0.5983785953058864, 0.7248059077795609, 0.6074338800959534, 0.5976161519031384, 0.6275966587739114, 0.639831983999455, 0.5809863726079683, 0.6376600748016721, 0.6539592166523357, 0.6540650664231716, 0.6551507067331027, 0.5583878822160728, 0.6491476789717272, 0.6141382430717622, 0.6180282398894593, 0.6376400163103809, 0.8461207712526286, 0.5724929068988059, 0.5262806246350537, 0.5688188088027549, 0.5596089046516698, 0.6562426965751927, 0.6227071274331201, 0.6967777452626072, 0.7685035245540814, 0.6121474785027486, 0.6340589977446056, 0.594339845599709, 0.5664857889051402, 0.5599426821474627, 0.5833832639040964, 0.561609725921582, 0.5541162982091798, 0.5504822705909883, 0.5913484538649465, 0.5622744762198829, 0.6052210349521358, 0.7330853519858894, 0.6726421113415952, 0.605832753382323, 0.5765733656647442, 0.5810994883596678, 0.5424119130377367, 0.6284332343073555, 0.6248578123557262, 0.5455644804261106, 0.5827628727797624, 0.599542070985277, 0.622010330468307, 0.5354992019169497, 0.5847870511013072, 0.6157936317361755, 0.6195945519230741, 0.5556156585068056, 0.5342939482940422, 0.6027124258843097, 0.5563720898095504, 0.6612693313713912, 0.6021832162207299, 0.6328958798022497, 0.560187442507936, 0.5612147100024171, 0.6331268141776214, 0.5552351463845361, 0.5919844456863054, 0.6182354470312377, 0.5435859806590028, 0.6405398095702077, 0.5655826346559839, 0.5605916458390134, 0.5564192483276674, 0.5840912394689552, 0.5944194085213728, 0.5545604801003313, 0.5690355365311269, 0.5356689874942486, 0.6018040301380577, 0.562641366715833, 0.62531702149482, 0.5368173769760481, 0.534587521365274, 0.5395126644071642, 0.5564832089148162, 0.5582329662509891, 0.574622630418002, 0.5561662281389201, 0.5370530991545527, 0.581122889077707, 0.5723550008548485, 0.5305987198055883, 0.5771041739554632, 0.5429008067090869, 0.5587315660911601, 0.563886094224322, 0.5271798280569223, 0.5932921782518045, 0.5330550140076942, 0.5349482257505913, 0.5606247501058893, 0.5269212619070605, 0.5681320816387624, 0.6137849275882428, 0.538459395860141, 0.5398552219072977, 0.5412705496990637, 0.575879964090529, 0.5220689740809765, 0.5837062012144935, 0.6107086721575741, 0.5398841964237856, 0.5405042121261904, 0.5481940601771568, 0.5430812141397497, 0.556438644290407, 0.5689298180870084, 0.5383293999857082, 0.5506081679365137, 0.5982898420248276, 0.5511399294648852, 0.5614152187174493, 0.5335506896177927, 0.5716628949720781, 0.5388766887423756, 0.5568095059185237, 0.5271179718630654, 0.5337778357140747, 0.5272185423653641, 0.5430408255521194, 0.5518080445872995, 0.535160134781848, 0.526399185369303, 0.5263501852204948, 0.5521182901475019, 0.5551199581160213, 0.5211135809456472, 0.5731141300865146, 0.5290005123003935, 0.5510938135913876, 0.5128983440416637, 0.5223552948170966, 0.5081234078704219, 0.5276619671901941, 0.5220875971483223, 0.5687435800994273, 0.5226022207038307, 0.5404399145435501, 0.5680767189670395, 0.5351695934713105, 0.5483216967556502, 0.5449574191273351, 0.5221798868624719, 0.52677264438444, 0.5268158999991505, 0.527526169469505, 0.5207187844501747, 0.5091694938394177, 0.5490568648109506, 0.5254284681636335, 0.5230911150301769, 0.5259189762911953, 0.5159021106176761, 0.5221520035694807, 0.5105105372138949, 0.5238673493757353, 0.5154012117412065, 0.5229885404581552, 1.66958307717746, 0.730489160224195, 0.8518488597083878, 0.7736246862035968, 0.7186030148368179, 0.6915269155642052, 0.8963619194406293, 0.8556749777042822, 0.7398529045092754, 0.6768232756481939, 0.6016031827900435, 0.7246631156830561, 0.8179798185170352, 0.7718170052701301, 0.7515733516041613, 0.6952545780401963, 0.7020605347313724, 0.8145616228108877, 0.6238684255779882, 0.7857181892726884, 0.9631088199196282, 0.7142026757364308, 0.7145881412666796, 0.9161769925674677, 0.742889295349191, 0.8367517272849659, 0.6967931615782308, 0.921539999189831, 0.7469029960396526, 0.7179555639679178, 0.664667852195628, 0.7109851254211678, 0.736036737486993, 0.6803360615239475, 0.8434347043107281, 0.7045217156410217, 0.8280707067185706, 0.8561193113361959, 0.6586707764929467, 0.6320531149923583, 0.5856699743768671, 0.5880267741260948, 0.7349817284515926, 0.6018561149909819, 0.6838290211045261, 0.7610225390383613, 0.8307214992823618, 0.7280815155296535, 0.6187092569066491, 0.6413407500410254, 0.6972916796530559, 0.6554240843096932, 0.766337126930118, 0.8006191205629062, 0.6736601206845853, 0.6683198652424656, 0.6771069473617679, 0.6730183704650445, 0.6681622353010562, 0.5889132210623214, 0.6823964675704202, 0.6334861048630306, 0.6970745333821782, 0.6957661295548464, 0.6405558629787012, 0.5930392105719109, 0.5926381471829537, 0.676479968614194, 0.6200286171811841, 0.6405622855429247, 0.6537507883795015, 0.6175043341659364, 0.6494197902225313, 0.6853039237387452, 0.7581455251236102, 0.6081865402586731, 0.5905842459027147, 0.6432907397930439, 0.5850270699450385, 0.6541684217505402, 0.6265884034144573, 0.56560116427722, 0.7526702154359538, 0.6263077502503936, 0.6438517784460996, 0.6637537406259404, 0.6552124752666487, 0.7141031247355563, 0.6546531303243323, 0.6142441235182486, 0.710218357079195, 0.5908690398429339, 0.5772210741654421, 0.6367348961996071, 0.6132931164551131, 0.5937639277278285, 0.6890743974145952, 0.5885116127166119, 0.5583457942410703, 0.6180842058125869, 0.5583961863657494, 0.6522980355299436, 0.5483676013929066, 0.5744867942708752, 0.5987992949319847, 0.6067235268952645, 0.6190644061609065, 0.6124124524794219, 0.5849648560141469, 0.5857209138599507, 0.5553694189468146, 0.6218944533622308, 0.6248926507247673, 0.6306934370881035, 0.6036148382412209, 0.6822701597606743, 0.672592471479933, 0.6085753476881719, 0.566489217482207, 0.6331653842777559, 0.5894689038122967, 0.5845195790786883, 0.5941636134416629, 0.595902375685863, 0.6011708479224543, 0.5726897143400632, 0.542200104985045, 0.5496801527646872, 0.543138998222875, 0.5780934613921267, 0.6320483836280557, 0.5730090717692952, 0.6014790427990448, 0.6102919478119512, 0.595555475452444, 0.5776717215230613, 0.5948270003655891, 0.6004239985576043, 0.5675730568803711, 0.5634298573483477, 0.6212838167672629, 0.6371589638156332, 0.6448657872912648, 0.5752497718229399, 0.538297910175044, 0.5719314251408909, 0.5566223087983254, 0.576695020818885, 0.5625321595441728, 0.5551716895985516, 0.548880242493563, 0.568361290317752, 0.5574577793533548, 0.5531813515411629, 0.5817278823354742, 0.5604769903006571, 0.6077100469734206, 0.6500764148575919, 0.5713121121401316, 0.5600671816221524, 0.5530568831787878, 0.6160759932392246, 0.573380016254418, 0.5689284473985106, 0.5714928065682505, 0.5624175281315059, 0.576105344426501, 0.5555656339441027, 0.5967711200425913, 0.5844010709624587, 0.5300908897604261, 0.5424841338898236, 0.5915971188754826, 0.5350668600627354, 0.5729709632230766, 0.5523451137673724, 0.5700004285290128, 0.5416116751593985, 0.5198404591380458, 0.5616927796449417, 0.5653626650244326, 0.5147458170796488, 0.5414555472332042, 0.5399913924299317, 0.5292472499849159, 0.5213759187813644, 0.5528196262352633, 0.539114100264979, 0.5356150232391916, 0.5357638592030103, 0.5430000637258802, 0.5358227914942927, 0.5306158184786856, 0.5841474398806855, 0.5808452307741284, 0.534479464039261, 0.5559047480205913, 0.5196594384127048, 0.5308300377903404, 0.552797732663242, 0.5501982670127253, 0.5574342414136335, 0.5260252070514274, 0.5306567025708628, 0.5620631387818864, 0.5424403190176129, 0.5311390705161042, 0.5245541875615661, 0.5259858718066862, 0.5823727342890296, 0.5297789828026251, 0.5521665460024124, 0.5167453064149989, 0.5016876585754283, 0.5311600552810417, 0.5667056971853905, 0.521878529053468, 0.526506809197066, 0.5542632997472644, 0.5279984064809569, 0.5704351776030474, 0.5202107521203848, 0.5172943692285936, 0.5416595453307742, 0.5200815711702619, 0.5226005992609939, 0.511849840482076, 0.5032112759984894, 0.516509548320875, 0.5733338595528306, 0.5275065637988485, 0.5152306544693398, 0.546948104332655, 0.5331402946086157, 0.510508085781838, 0.5401889496233874, 0.5190054332161997, 0.5266549992255676, 0.5284204716647501, 0.5397930769693284, 0.5217970856380113, 0.5085783112835098, 0.5240574526044476, 0.5250178144309984, 0.531402343577081, 0.5461242884506673, 0.5378784592990037, 0.5362192411999126, 0.517936823896436, 0.5275685401844891, 0.5437698833671681, 2.0000686676074295, 0.684190727197207, 0.8020553556117382, 0.7072896370084294, 0.7474980356492402, 0.7415753547306899, 0.7325231283357292, 0.7054247156385973, 0.8285177758325151, 0.7078268707016886, 0.7524915719643618, 0.6361936855883825, 0.7252351947319813, 0.7768448083610325, 0.7052255209549007, 0.7158136261906816, 0.7927184655116155, 0.8247838722262191, 0.6754684114194178, 0.8084878002330934, 0.7261757995837774, 0.6194897761275043, 0.8390090990634191, 0.7329722841580709, 0.7250790424617656, 0.8402656637705289, 0.6749055465280791, 0.6225406005705669, 0.7303943388409667, 0.6285273838829208, 0.6714855893190964, 0.663587212016731, 0.6658502380489867, 0.634706159105231, 0.701131461085854, 0.6920640761162336, 0.8061756982908144, 0.762169863933172, 0.6139326464562189, 0.7215597042233952, 0.6169707811140752, 0.643478179698462, 0.6739789746401511, 0.6332625064439389, 0.7131228777733478, 0.5858836301735469, 0.6874159705507886, 0.8800097068587502, 0.665262636247572, 0.60970586396399, 0.8183790807758932, 0.8331402632998023, 0.7420197275532034, 0.6928243821575528, 0.6678557986523206, 0.6167305748322944, 0.7824065270441356, 0.6374375921684307, 0.6432942560304216, 0.7602768770722679, 0.6812591598584101, 0.6528202923007937, 0.6628593223872202, 0.595228204142043, 0.6428862529578226, 0.6818027798727755, 0.7851218178377046, 0.6183781278875721, 0.6797586607409047, 0.626547770294951, 0.5728363310679411, 0.6243102384574247, 0.6197373749135615, 0.670373315121228, 0.6009710637422708, 0.6580598747337257, 0.5884090919634362, 0.6375683952163864, 0.6006032349644127, 0.6037929544955383, 0.6359345820142236, 0.6238543286428346, 0.6420512683007307, 0.711758845673376, 0.6823528928634448, 0.6269107099636134, 0.643830615303892, 0.5927089328294272, 0.5912832836091737, 0.644463409543474, 0.6372666255240038, 0.6281265695016462, 0.6520857890665313, 0.627028424006242, 0.7781521389772604, 0.6347300892784482, 0.5963447858125736, 0.5796904446004512, 0.5855100139593467, 0.6725728788000324, 0.5705283360603528, 0.6091147101187444, 0.5942268008059197, 0.6070598405359429, 0.6001210667929806, 0.6353977032196827, 0.5702056267977634, 0.693107294075655, 0.6213132662650867, 0.5761320008026375, 0.6045545164918725, 0.6632359586792551, 0.6357335396957048, 0.578637733127608, 0.6008907017253694, 0.6580485819460271, 0.579523938697773, 0.6206783205816597, 0.678948829789738, 0.566730239670792, 0.7228378959191151, 0.584366330406168, 0.5708641327999451, 0.5490356852938404, 0.6206334262758821, 0.6034318583133893, 0.5915645369679936, 0.649775838458931, 0.5972328526633126, 0.6446500858326099, 0.5836436527989286, 0.6388289081307995, 0.5486847031247485, 0.628004096202798, 0.620480539161207, 0.5931314136082436, 0.6198385842553862, 0.567478060176521, 0.5783822200237176, 0.5912337284603398, 0.6806171389071496, 0.5944773374678014, 0.6009600963784661, 0.6862050050344223, 0.5648899272684649, 0.5583849583134983, 0.5820759315412123, 0.548764400320612, 0.5873524605572878, 0.537213751575449, 0.5741869928417626, 0.5583890102285168, 0.5532792385244544, 0.5521706224797847, 0.5852536112615914, 0.5684679411488138, 0.546030641584606, 0.5591836043329903, 0.5629111360280942, 0.5816754219514546, 0.566431348031257, 0.5756664588337853, 0.5628836142929482, 0.6155480422598102, 0.540238598982493, 0.5534700406340015, 0.5771481001770103, 0.5513798873939794, 0.6687228221159714, 0.560670188276759, 0.5823728515333308, 0.5451743145347078, 0.5345963734191853, 0.5652461428563673, 0.5853617627978761, 0.5979251860480606, 0.5381606955886323, 0.5961998036274543, 0.5638088361247555, 0.5228189877319686, 0.5443504655754173, 0.5946680357604673, 0.5490437320300511, 0.5300875603061019, 0.5503864174797422, 0.5471404765770113, 0.5366233189900717, 0.5232052495191385, 0.5666775081183885, 0.5208447220779601, 0.5774869685207967, 0.5318486969986241, 0.5479934160962646, 0.5319025532884912, 0.5413795136488401, 0.5644908442602052, 0.5306374962294932, 0.5286643750719972, 0.5212464546545957, 0.5595974548832401, 0.5305358330845397, 0.5380771216892061, 0.5356169437969124, 0.5475732385020553, 0.5762813095644717, 0.5759184794984894, 0.5577460358212719, 0.5520333225255484, 0.5273184906213711, 0.5422909360228877, 0.5438030297721262, 0.6033379487938934, 0.5828576185109414, 0.528707450890279, 0.5396617672818921, 0.547649955247348, 0.5178412492676969, 0.5221233266395527, 0.6094189500197386, 0.5335981067502018, 0.5303754822893457, 0.5698734983638093, 0.5450210249249315, 0.5545123292631282, 0.5601300170351734, 0.5413826119987083, 0.541073794329996, 0.50971246944679, 0.5163949615571088, 0.5352006092831328, 0.5323220242510786, 0.5437539353038802, 0.5164798725219, 0.5416382652717632, 0.5239544240109649, 0.5248370152035039, 0.5344980054504269, 0.5266649015657194, 0.5144308429934603, 0.5201524537561577, 0.5356427392898462, 0.5208604497350616, 0.5200141201089153, 0.5226758387717572, 0.5357979598281147, 0.5169739382607597, 0.5307522350615197, 0.5159631630221566, 0.52128676147688, 0.5372926970541259, 0.5675681315280579]
       best_so_far: [0.6821752876152486, 0.6821752876152486, 0.6821752876152486, 0.6821752876152486, 0.6821752876152486, 0.6821752876152486, 0.6821752876152486, 0.6821752876152486, 0.6821752876152486, 0.6821752876152486, 0.6696874599753718, 0.6696874599753718, 0.6109036666788025, 0.6109036666788025, 0.6109036666788025, 0.6109036666788025, 0.6109036666788025, 0.6109036666788025, 0.6109036666788025, 0.6109036666788025, 0.6109036666788025, 0.6109036666788025, 0.6109036666788025, 0.6109036666788025, 0.6109036666788025, 0.6109036666788025, 0.6109036666788025, 0.6109036666788025, 0.6109036666788025, 0.6109036666788025, 0.6109036666788025, 0.6109036666788025, 0.6109036666788025, 0.6109036666788025, 0.6109036666788025, 0.6109036666788025, 0.6109036666788025, 0.6109036666788025, 0.6109036666788025, 0.6109036666788025, 0.6109036666788025, 0.6109036666788025, 0.6109036666788025, 0.6109036666788025, 0.6109036666788025, 0.6109036666788025, 0.6109036666788025, 0.6109036666788025, 0.6109036666788025, 0.6109036666788025, 0.6109036666788025, 0.6109036666788025, 0.6109036666788025, 0.6109036666788025, 0.6109036666788025, 0.6109036666788025, 0.6109036666788025, 0.6109036666788025, 0.6109036666788025, 0.6109036666788025, 0.6109036666788025, 0.6109036666788025, 0.6109036666788025, 0.6109036666788025, 0.6109036666788025, 0.6109036666788025, 0.6109036666788025, 0.6109036666788025, 0.6109036666788025, 0.6109036666788025, 0.6109036666788025, 0.6109036666788025, 0.6109036666788025, 0.6109036666788025, 0.6109036666788025, 0.6109036666788025, 0.6109036666788025, 0.6109036666788025, 0.6109036666788025, 0.6109036666788025, 0.6109036666788025, 0.6109036666788025, 0.6109036666788025, 0.6109036666788025, 0.6109036666788025, 0.6109036666788025, 0.5684556132489509, 0.5684556132489509, 0.5684556132489509, 0.5684556132489509, 0.5684556132489509, 0.5684556132489509, 0.5684556132489509, 0.5684556132489509, 0.5684556132489509, 0.5684556132489509, 0.5669826146883842, 0.5669826146883842, 0.5669826146883842, 0.5669826146883842, 0.5669826146883842, 0.5669826146883842, 0.5669826146883842, 0.5669826146883842, 0.5669826146883842, 0.5669826146883842, 0.5669826146883842, 0.5669826146883842, 0.5669826146883842, 0.5669826146883842, 0.5669826146883842, 0.5669826146883842, 0.5669826146883842, 0.5669826146883842, 0.5669826146883842, 0.5669826146883842, 0.5669826146883842, 0.5669826146883842, 0.5669826146883842, 0.5669826146883842, 0.5669826146883842, 0.5669826146883842, 0.5669826146883842, 0.5669826146883842, 0.5669826146883842, 0.5669826146883842, 0.5669826146883842, 0.5669826146883842, 0.5669826146883842, 0.5669826146883842, 0.5669826146883842, 0.5669826146883842, 0.5669826146883842, 0.5669826146883842, 0.5669826146883842, 0.5669826146883842, 0.5669826146883842, 0.5669826146883842, 0.5669826146883842, 0.5669826146883842, 0.5669826146883842, 0.5669826146883842, 0.5669826146883842, 0.5669826146883842, 0.5669826146883842, 0.5669826146883842, 0.5669826146883842, 0.5669826146883842, 0.5669826146883842, 0.5669826146883842, 0.5669826146883842, 0.5669826146883842, 0.5669826146883842, 0.5669826146883842, 0.5669826146883842, 0.5669826146883842, 0.5669826146883842, 0.5669826146883842, 0.5669826146883842, 0.5669826146883842, 0.5669826146883842, 0.5669826146883842, 0.5669826146883842, 0.5669826146883842, 0.5669826146883842, 0.5669826146883842, 0.5669826146883842, 0.5669826146883842, 0.5669826146883842, 0.5669826146883842, 0.5669826146883842, 0.5669826146883842, 0.5669826146883842, 0.5669826146883842, 0.5669826146883842, 0.5669826146883842, 0.5669826146883842, 0.5669826146883842, 0.5669826146883842, 0.5669826146883842, 0.5669826146883842, 0.5669826146883842, 0.5669826146883842, 0.5669826146883842, 0.5669826146883842, 0.5669826146883842, 0.5669826146883842, 0.5669826146883842, 0.5669826146883842, 0.5669826146883842, 0.5669826146883842, 0.5669826146883842, 0.5669826146883842, 0.5669826146883842, 0.5669826146883842, 0.5669826146883842, 0.5669826146883842, 0.5669826146883842, 0.5669826146883842, 0.5669826146883842, 0.5669826146883842, 0.5669826146883842, 0.5669826146883842, 0.5669826146883842, 0.5669826146883842, 0.5669826146883842, 0.5669826146883842, 0.5669826146883842, 0.5669826146883842, 0.5669826146883842, 0.5669826146883842, 0.5669826146883842, 0.5669826146883842, 0.5669826146883842, 0.5669826146883842, 0.5669826146883842, 0.5669826146883842, 0.5669826146883842, 0.5669826146883842, 0.5669826146883842, 0.5669826146883842, 0.5669826146883842, 0.5669826146883842, 0.5669826146883842, 0.5598992970618573, 0.5598992970618573, 0.5598992970618573, 0.5598992970618573, 0.5598992970618573, 0.5598992970618573, 0.5598992970618573, 0.5598992970618573, 0.5598992970618573, 0.5598992970618573, 0.5598992970618573, 0.5598992970618573, 0.5598992970618573, 0.5578463669224973, 0.5578463669224973, 0.5578463669224973, 0.5578463669224973, 0.5578463669224973, 0.5578463669224973, 0.5578463669224973, 0.5578463669224973, 0.5578463669224973, 0.5578463669224973, 0.5578463669224973, 0.5578463669224973, 0.5578463669224973, 0.5578463669224973, 0.5578463669224973, 0.5578463669224973, 0.5578463669224973, 0.5578463669224973, 0.5578463669224973, 0.5578463669224973, 0.5578463669224973, 0.5578463669224973, 0.5578463669224973, 0.5578463669224973, 0.5578463669224973, 0.5578463669224973, 0.5578463669224973, 0.5578463669224973, 0.5578463669224973, 0.5578463669224973, 0.5578463669224973, 0.5578463669224973, 0.5578463669224973, 0.5578463669224973, 0.5578463669224973, 0.5578463669224973, 0.5578463669224973, 0.5578463669224973, 0.554452182936581, 0.554452182936581, 0.5523690856420077, 0.5523690856420077, 0.5523690856420077, 0.5523690856420077, 0.5523690856420077, 0.5523690856420077, 0.5523690856420077, 0.5523690856420077, 0.5523690856420077, 0.5523690856420077, 0.5523690856420077, 0.5523690856420077, 0.5523690856420077, 0.5523690856420077, 0.5523690856420077, 0.5523690856420077, 0.5523690856420077, 0.5523690856420077, 0.5523690856420077, 0.5523690856420077, 0.5523690856420077, 0.5523690856420077, 0.5523690856420077, 0.5523690856420077, 0.5523690856420077, 0.5499328599744664, 0.5499328599744664, 0.5499328599744664, 0.5499328599744664, 0.5499328599744664, 0.5499328599744664, 0.5499328599744664, 0.5499328599744664, 0.5499328599744664, 0.5499328599744664, 0.5499328599744664, 0.5499328599744664, 0.5499328599744664, 0.5499328599744664, 0.5499328599744664, 0.5499328599744664, 0.5499328599744664, 0.5499328599744664, 0.5499328599744664, 0.5499328599744664, 0.5499328599744664, 0.5499328599744664, 0.5499328599744664, 0.5499328599744664, 0.5499328599744664, 0.5499328599744664, 0.5491830560313913, 0.5491830560313913, 0.5491830560313913, 0.5491830560313913, 0.5491830560313913, 0.5491830560313913, 0.5491830560313913, 0.5491830560313913, 0.5491830560313913, 0.5486030646296212, 0.5486030646296212, 0.5486030646296212, 0.5486030646296212, 0.5486030646296212, 0.5486030646296212, 0.5486030646296212, 0.5486030646296212, 0.5486030646296212, 0.544085477407162, 0.544085477407162, 0.544085477407162, 0.544085477407162, 0.544085477407162, 0.544085477407162, 0.544085477407162, 0.544085477407162, 0.544085477407162, 0.544085477407162, 0.544085477407162, 0.544085477407162, 0.544085477407162, 0.544085477407162, 0.5372408079358685, 0.5372408079358685, 0.5372408079358685, 0.5372408079358685, 0.5372408079358685, 0.5372408079358685, 0.5372408079358685, 0.5372408079358685, 0.5372408079358685, 0.5372408079358685, 0.5372408079358685, 0.5372408079358685, 0.5372408079358685, 0.5372408079358685, 0.5372408079358685, 0.5372408079358685, 0.5350706443026826, 0.5350706443026826, 0.5350706443026826, 0.5350706443026826, 0.5350706443026826, 0.5350706443026826, 0.5350706443026826, 0.5350706443026826, 0.5350706443026826, 0.5350706443026826, 0.5350706443026826, 0.5350706443026826, 0.5350706443026826, 0.5350706443026826, 0.5350706443026826, 0.5350706443026826, 0.5350706443026826, 0.5350706443026826, 0.5350706443026826, 0.5350706443026826, 0.5350706443026826, 0.5350706443026826, 0.5350706443026826, 0.5350706443026826, 0.5350706443026826, 0.5350706443026826, 0.5350706443026826, 0.5350706443026826, 0.5344759056638012, 0.5344759056638012, 0.5344759056638012, 0.532504331388753, 0.532504331388753, 0.532504331388753, 0.532504331388753, 0.532504331388753, 0.532504331388753, 0.532504331388753, 0.532504331388753, 0.532504331388753, 0.532504331388753, 0.532504331388753, 0.532504331388753, 0.532504331388753, 0.532504331388753, 0.532504331388753, 0.532504331388753, 0.532504331388753, 0.532504331388753, 0.532504331388753, 0.532504331388753, 0.532504331388753, 0.532504331388753, 0.532504331388753, 0.532504331388753, 0.532504331388753, 0.532504331388753, 0.532504331388753, 0.532504331388753, 0.532504331388753, 0.532504331388753, 0.532504331388753, 0.532504331388753, 0.532504331388753, 0.532504331388753, 0.5323760577173897, 0.5323760577173897, 0.5323760577173897, 0.5323760577173897, 0.5306260735342354, 0.5306260735342354, 0.5306260735342354, 0.5306260735342354, 0.5306260735342354, 0.5306260735342354, 0.5306260735342354, 0.5306260735342354, 0.5306260735342354, 0.5306260735342354, 0.5306260735342354, 0.5306260735342354, 0.5306260735342354, 0.5306260735342354, 0.5306260735342354, 0.5306260735342354, 0.5306260735342354, 0.5306260735342354, 0.5306260735342354, 0.5306260735342354, 0.5306260735342354, 0.5306260735342354, 0.5306260735342354, 0.5306260735342354, 0.5306260735342354, 0.5306260735342354, 0.5306260735342354, 0.5306260735342354, 0.5303778128746228, 0.5303778128746228, 0.5303778128746228, 0.5303778128746228, 0.5303778128746228, 0.5303778128746228, 0.5303682260242574, 0.5303682260242574, 0.5303682260242574, 0.5303682260242574, 0.5303682260242574, 0.5303682260242574, 0.5303682260242574, 0.5303682260242574, 0.5303682260242574, 0.5303682260242574, 0.5303682260242574, 0.5303682260242574, 0.5303682260242574, 0.5303682260242574, 0.5303682260242574, 0.5303682260242574, 0.5303682260242574, 0.5303682260242574, 0.5303682260242574, 0.5303682260242574, 0.5303682260242574, 0.5303682260242574, 0.5303682260242574, 0.5303682260242574, 0.5303682260242574, 0.5303682260242574, 0.5287878000255906, 0.5287878000255906, 0.5287878000255906, 0.5287878000255906, 0.5265721787899842, 0.5265721787899842, 0.5265721787899842, 0.5265721787899842, 0.5265721787899842, 0.5253956166160849, 0.5253956166160849, 0.5253956166160849, 0.5242188194077531, 0.5240381963742085, 0.5240381963742085, 0.5240381963742085, 0.5240381963742085, 0.5240381963742085, 0.5240381963742085, 0.5240381963742085, 0.5240381963742085, 0.5240381963742085, 0.5240381963742085, 0.5240381963742085, 0.5240381963742085, 0.5240381963742085, 0.5234682208452469, 0.5234682208452469, 0.5234682208452469, 0.5234682208452469, 0.5234682208452469, 0.5234682208452469, 0.5234682208452469, 0.5226766009688814, 0.5226766009688814, 0.5226766009688814, 0.5226766009688814, 0.5226766009688814, 0.5226766009688814, 0.5226766009688814, 0.5226766009688814, 0.5226766009688814, 0.5226766009688814, 0.5207183159096337, 0.5207183159096337, 0.5207183159096337, 0.5207183159096337, 0.5207183159096337, 0.5207183159096337, 0.5207069357891223, 0.5207069357891223, 0.5207069357891223, 0.5207069357891223, 0.5207069357891223, 0.5204871389673743, 0.5204871389673743, 0.5204871389673743, 0.5204871389673743, 0.5195391060231807, 0.5195311109224955, 0.5195311109224955, 0.5195311109224955, 0.5194278125797872, 0.5194278125797872, 0.5194278125797872, 0.5194278125797872, 0.5194278125797872, 0.5194278125797872, 0.5190121749818544, 0.5190121749818544, 0.5190121749818544, 0.5190121749818544, 0.5190121749818544, 0.5190121749818544, 0.5190121749818544, 0.5183108263400011, 0.5183108263400011, 0.5182430020400456, 0.5182430020400456, 0.5182430020400456, 0.5182430020400456, 0.5182430020400456, 0.5182430020400456, 0.5182430020400456, 0.5182430020400456, 0.5182430020400456, 0.5182430020400456, 0.5182430020400456, 0.5175986560709748, 0.5175986560709748, 0.5175986560709748, 0.5175986560709748, 0.5175986560709748, 0.5174754949716421, 0.5174754949716421, 0.5163331604920901, 0.5163331604920901, 0.5163331604920901, 0.5163331604920901, 0.5163331604920901, 0.5161982327153831, 0.5161982327153831, 0.5161982327153831, 0.5161982327153831, 0.5161982327153831, 0.5161982327153831, 0.5161982327153831, 0.5161982327153831, 0.5161982327153831, 0.5161982327153831, 0.5161982327153831, 0.5157014960116082, 0.5157014960116082, 0.5157014960116082, 0.5157014960116082, 0.5157014960116082, 0.5157014960116082, 0.5157014960116082, 0.5157014960116082, 0.5157014960116082, 0.5157014960116082, 0.5157014960116082, 0.5157014960116082, 0.5157014960116082, 0.5157014960116082, 0.5157014960116082, 0.5157014960116082, 0.5157014960116082, 0.5157014960116082, 0.5157014960116082, 0.5157014960116082, 0.5157014960116082, 0.5157014960116082, 0.5147744493606763, 0.5147744493606763, 0.513835989839428, 0.513835989839428, 0.513835989839428, 0.513835989839428, 0.513835989839428, 0.513835989839428, 0.513835989839428, 0.513835989839428, 0.513835989839428, 0.513835989839428, 0.5135832246624943, 0.5135832246624943, 0.5135832246624943, 0.5135832246624943, 0.5135832246624943, 0.5135832246624943, 0.5135832246624943, 0.5135832246624943, 0.5135830600401421, 0.5133878447852291, 0.5133878447852291, 0.5133878447852291, 0.5133878447852291, 0.5133878447852291, 0.5133878447852291, 0.5133878447852291, 0.5133878447852291, 0.5127943504205991, 0.5127943504205991, 0.5122745505401066, 0.5122745505401066, 0.5115226260471694, 0.5115226260471694, 0.5115226260471694, 0.5115226260471694, 0.5115226260471694, 0.5115226260471694, 0.5115226260471694, 0.5115226260471694, 0.5115226260471694, 0.5115226260471694, 0.5115226260471694, 0.5115226260471694, 0.5115226260471694, 0.5115226260471694, 0.5115226260471694, 0.5115226260471694, 0.5115226260471694, 0.5115226260471694, 0.5115226260471694, 0.5115226260471694, 0.5114026232298478, 0.5114026232298478, 0.5114026232298478, 0.5114026232298478, 0.51098740089944, 0.51098740089944, 0.51098740089944, 0.51098740089944, 0.5107484986057211, 0.5101309724343128, 0.5099673168563144, 0.5099673168563144, 0.5099673168563144, 0.5099673168563144, 0.5099673168563144, 0.5099673168563144, 0.5099673168563144, 0.5098215035903149, 0.5098215035903149, 0.5098215035903149, 0.5098215035903149, 0.5098215035903149, 0.5098215035903149, 0.5098215035903149, 0.5098215035903149, 0.5097346422654805, 0.5097346422654805, 0.5097346422654805, 0.5097346422654805, 0.5097346422654805, 0.5096466542381943, 0.5096466542381943, 0.5096466542381943, 0.5096466542381943, 0.5091877909370395, 0.5091877909370395, 0.5091877909370395, 0.5091877909370395, 0.508917510946155, 0.508917510946155, 0.5082111170877031, 0.5082111170877031, 0.5082111170877031, 0.5082111170877031, 0.5082111170877031, 0.5082111170877031, 0.5082038441202142, 0.5074407959377373, 0.5074407959377373, 0.5074407959377373, 0.507042177540042, 0.507042177540042, 0.507042177540042, 0.507042177540042, 0.507042177540042, 0.507042177540042, 0.507042177540042, 0.507042177540042, 0.507042177540042, 0.507042177540042, 0.507042177540042, 0.507042177540042, 0.507042177540042, 0.507042177540042, 0.507042177540042, 0.507042177540042, 0.507042177540042, 0.507042177540042, 0.507042177540042, 0.5069285861520103, 0.5069285861520103, 0.5069285861520103, 0.5069285861520103, 0.5069285861520103, 0.5066884689496987, 0.5063824083778884, 0.5063063109314049, 0.5060827256122351, 0.5060172019860684, 0.5060172019860684, 0.5060172019860684, 0.5060172019860684, 0.505563403114731, 0.505563403114731, 0.505563403114731, 0.505563403114731, 0.505563403114731, 0.505563403114731, 0.5053434483297579, 0.5050379589145437, 0.5050379589145437, 0.5050379589145437, 0.5050379589145437, 0.5050379589145437, 0.5049149764108134, 0.5049149764108134, 0.5049149764108134, 0.5049149764108134, 0.5049149764108134, 0.5049149764108134, 0.5049149764108134, 0.5049149764108134, 0.5049149764108134, 0.5049149764108134, 0.5048122420197442, 0.5045943629174006, 0.5045943629174006, 0.5045943629174006, 0.5045943629174006, 0.5045943629174006, 0.5045129505050925, 0.5045129505050925, 0.5045129505050925, 0.5044312466195214, 0.5044312466195214, 0.5044312466195214, 0.5044312466195214, 0.5043448839650486, 0.5041021689390525, 0.5041021689390525, 0.5041021689390525, 0.5038171110354064, 0.5038171110354064, 0.5038171110354064, 0.5038171110354064, 0.5038171110354064, 0.5037153438552395, 0.5037153438552395, 0.5036596272672925, 0.5036596272672925, 0.5036596272672925, 0.5036596272672925, 0.5036596272672925, 0.5036596272672925, 0.5036596272672925, 0.5036596272672925, 0.5034265452688866, 0.5034265452688866, 0.5034265452688866, 0.5034265452688866, 0.5034265452688866, 0.5034265452688866, 0.5033167082093137, 0.5033167082093137, 0.5033167082093137, 0.5031749429283562, 0.5031749429283562, 0.5031219478491898, 0.5031219478491898, 0.5031219478491898, 0.5031219478491898, 0.5030765860945314, 0.5030765860945314, 0.5030765860945314, 0.5030765860945314, 0.5030765860945314, 0.5030765860945314, 0.5030765860945314, 0.5030765860945314, 0.5030765860945314, 0.5030765860945314, 0.5030765860945314, 0.5028553238281837, 0.5026430112101656, 0.5026430112101656, 0.5026430112101656, 0.5026430112101656, 0.5026430112101656, 0.5026430112101656, 0.5026430112101656, 0.5026430112101656, 0.5026430112101656, 0.5026430112101656, 0.5026430112101656, 0.5026430112101656, 0.502437269949651, 0.502437269949651, 0.502437269949651, 0.502437269949651, 0.5023130218842964, 0.5023130218842964, 0.5023064539109394, 0.5023064539109394, 0.502161843763603, 0.502161843763603, 0.5019184850947761, 0.5017966847498339, 0.5015921353638827, 0.5015921353638827, 0.5014908760240226, 0.5014908760240226, 0.5014908760240226, 0.5014908760240226, 0.5014908760240226, 0.5014908760240226, 0.5014417524084503, 0.5014417524084503, 0.5014417524084503, 0.5014417524084503, 0.5014417524084503, 0.5014417524084503, 0.5014417524084503, 0.5014417524084503, 0.5014417524084503, 0.5014304062385699, 0.5014304062385699, 0.5014304062385699, 0.5014304062385699, 0.5014304062385699, 0.5014304062385699, 0.5014304062385699, 0.5014304062385699, 0.5014304062385699, 0.5014035670093564, 0.5014035670093564, 0.5014035670093564, 0.5012764257170779, 0.5012764257170779, 0.5012757697384873, 0.5012757697384873, 0.5012757697384873, 0.5012757697384873, 0.5012757697384873, 0.5012757697384873, 0.5012757697384873, 0.5012757697384873, 0.5012757697384873, 0.5012757697384873, 0.5012757697384873, 0.5012757697384873, 0.5010324887958638, 0.5010324887958638, 0.5010324887958638, 0.5010324887958638, 0.5010324887958638, 0.5010324887958638, 0.5010206638238369, 0.5010123731015803, 0.5010123731015803, 0.5010123731015803, 0.5010123731015803, 0.5010123731015803, 0.5008291082504468, 0.5008291082504468, 0.5008291082504468, 0.5007060152707082, 0.5006897017195985, 0.5005521447885604, 0.5004290593412769, 0.5004290593412769, 0.50032212915438, 0.5002913390978788, 0.5002913390978788, 0.5002913390978788, 0.5002913390978788, 0.5002913390978788, 0.5002913390978788, 0.5001797561462109, 0.5001797561462109, 0.5001797561462109, 0.5001797561462109, 0.5000609915990096, 0.49991148644751243, 0.49991148644751243, 0.49969687042655525, 0.4996337362261482, 0.4996337362261482, 0.49944237627825894, 0.49944237627825894, 0.49944237627825894, 0.49944237627825894, 0.49944237627825894, 0.49944237627825894, 0.4994286449400933, 0.4994286449400933, 0.49932602735666126, 0.49932602735666126, 0.49932155045834214, 0.4991776105903444, 0.4991193864590082, 0.4991193864590082, 0.49908777940404286, 0.49908777940404286, 0.49908777940404286, 0.49908777940404286, 0.49908777940404286, 0.49908777940404286, 0.49908777940404286, 0.49906564009931936, 0.498953565573081, 0.498953565573081, 0.498953565573081, 0.4989302636502863, 0.4988723802260863, 0.4988723802260863, 0.4988723802260863, 0.49884268172057994, 0.49884268172057994, 0.49884268172057994, 0.49884268172057994, 0.4987159292776506, 0.4987159292776506, 0.4987159292776506, 0.49868508605729966, 0.49868508605729966, 0.4986658206571153, 0.4986658206571153, 0.4985401539793818, 0.4985401539793818, 0.49853140137571117, 0.49853140137571117, 0.49853140137571117, 0.49853140137571117, 0.49853140137571117, 0.49853140137571117, 0.49853140137571117, 0.49853140137571117, 0.49853140137571117, 0.49845436739397575, 0.49845436739397575, 0.49845436739397575, 0.49845436739397575, 0.4984139867754646, 0.4984139867754646, 0.4984139867754646, 0.49837107263205255, 0.49830088630700725, 0.49830088630700725, 0.49828842009380186, 0.49823637017400274, 0.4981704305161487, 0.4981349215402708, 0.49806867381591935, 0.4980576481574621, 0.4980576481574621, 0.49803883153876977, 0.49803883153876977, 0.49797296884295705, 0.49797296884295705, 0.49797296884295705, 0.49797296884295705, 0.4979656324500129, 0.4979656324500129, 0.4978825894249228, 0.49785151608260997, 0.4977459124811403, 0.4977459124811403, 0.4977459124811403, 0.49769428339633315, 0.49769428339633315, 0.4975674436205909, 0.4975674436205909, 0.4975674436205909, 0.4975674436205909, 0.4975649092223618, 0.4975649092223618, 0.4975649092223618, 0.4975649092223618, 0.4975649092223618, 0.4975649092223618, 0.4975649092223618, 0.4975649092223618, 0.4975649092223618, 0.4975649092223618, 0.4975649092223618, 0.49753951884451364, 0.497528734988782, 0.497528734988782, 0.497528734988782, 0.49747988406991783, 0.4974572288466024, 0.4974572288466024, 0.4974572288466024, 0.4974572288466024, 0.4974572288466024, 0.4974572288466024, 0.4974572288466024, 0.4974045980544317, 0.4973740932487306, 0.4973740932487306, 0.4973250177753714, 0.4973250177753714, 0.49732163493886533, 0.49732163493886533, 0.49731233912509876, 0.49731233912509876, 0.497274847257705, 0.497274847257705, 0.497274847257705, 0.497274847257705, 0.497274847257705, 0.497274847257705, 0.497274847257705, 0.497274847257705, 0.4972222380804055, 0.4972222380804055, 0.4972222380804055, 0.49721601823747374, 0.4971612247573587, 0.4971612247573587, 0.4971412591663472, 0.4971412591663472, 0.4971412591663472, 0.4971412591663472, 0.4971412591663472, 0.4971412591663472, 0.49712623694004154, 0.4970699355497465, 0.4970699355497465, 0.49705452894989827, 0.49705452894989827, 0.49705452894989827, 0.4970016761140509, 0.4970016761140509, 0.4970016761140509, 0.4970016761140509, 0.49697746898665096, 0.49692472357016343, 0.4968728985323574, 0.4968728985323574, 0.4968728985323574, 0.4968728985323574, 0.49678695300123193, 0.49676780015121014, 0.49676413119057594, 0.49676413119057594, 0.4967549294779152, 0.4967549294779152, 0.4967549294779152, 0.49674116036830807, 0.49674116036830807, 0.49674116036830807, 0.4967395450387682, 0.4967395450387682, 0.4967395450387682, 0.49673154196896396, 0.49673154196896396, 0.49673154196896396, 0.49673154196896396, 0.49673154196896396, 0.4967089968941587, 0.4967089968941587, 0.49667330724852427, 0.49667330724852427, 0.49667330724852427, 0.4966545342962384, 0.49662135470481145, 0.49662135470481145, 0.49662135470481145, 0.49657662261973373, 0.49657662261973373, 0.4965735442472465, 0.49656266760040113, 0.49650448604381126, 0.49650448604381126, 0.49650448604381126, 0.49650448604381126, 0.49649920142613924, 0.49648758867284754, 0.49647832418972754, 0.49645342767893613, 0.49645342767893613, 0.49645342767893613, 0.49645342767893613, 0.49645342767893613, 0.49645342767893613, 0.4964510889062078, 0.4964510889062078, 0.49644276947328897, 0.49644276947328897, 0.49644276947328897, 0.4964385217144376, 0.4964385217144376, 0.4964227439501347, 0.4964227439501347, 0.49638928871451715, 0.49636899333297113, 0.49636899333297113, 0.49631796837289693, 0.49631796837289693, 0.49631796837289693, 0.49629340449095644, 0.49629340449095644, 0.49629340449095644, 0.49629340449095644, 0.49629340449095644, 0.4962489658441299, 0.4962379352732019, 0.4962379352732019, 0.4962079284828661, 0.4962079284828661, 0.4962079284828661, 0.49618848328625326, 0.49618078282464556, 0.4961350627871223, 0.49612184289174205, 0.49612184289174205, 0.49612184289174205, 0.496082746393078, 0.496082746393078, 0.49604339521009844, 0.49603987220442775, 0.49599074869802146, 0.4959870384726332, 0.4959870384726332, 0.4959852021910769, 0.4959852021910769, 0.4959852021910769, 0.49597831807293735, 0.4959726692774357, 0.4959315392342243, 0.4959315392342243, 0.4959315392342243, 0.4959315392342243, 0.4959315392342243, 0.4959207840891548, 0.4959207840891548, 0.4959207840891548, 0.4958889133982606, 0.495885900634549, 0.49587796863182126, 0.4958778739848853, 0.49586646591787376, 0.4958474283471649, 0.4958474283471649, 0.4958474283471649, 0.4958474283471649, 0.4958418791110699, 0.4958418791110699, 0.495831399282693, 0.4958127405180599, 0.4958127405180599, 0.4958127405180599, 0.4958127405180599, 0.4958127405180599, 0.4958083168927567, 0.4958083168927567, 0.4958083168927567, 0.4958083168927567, 0.49576622291362327, 0.49575635932740714, 0.49574928613372776, 0.49574928613372776, 0.49573673957433456, 0.4957056108848516, 0.4957056108848516, 0.49569667149812746, 0.495684971739521, 0.495684971739521, 0.495684971739521, 0.495684971739521, 0.495663495181681, 0.4956599845117702, 0.4956599845117702, 0.4956551437631195, 0.4956400492689112, 0.4956188311070313, 0.4956188311070313, 0.4956188311070313, 0.4956018974929502, 0.4955837593410478, 0.4955837593410478, 0.4955805270444779, 0.4955805270444779, 0.4955805270444779, 0.49558042333676267, 0.49558042333676267, 0.49557805847335645, 0.49557805847335645, 0.49557805847335645, 0.49557805847335645, 0.49557805847335645, 0.4955710612592243, 0.4955710612592243, 0.4955686498910953, 0.4955686498910953, 0.495545493049936, 0.4955340022350842, 0.4955340022350842, 0.4955340022350842, 0.4955340022350842, 0.49551258309856877, 0.4955000705989726, 0.49548642877694016, 0.49548642877694016, 0.4954579948505639, 0.4954444877393953, 0.4954444877393953, 0.4954444877393953, 0.4954444877393953, 0.4954406061233618, 0.4954281148019728, 0.4954281148019728, 0.4954099848375216, 0.4954099848375216, 0.4953919761565142, 0.4953919761565142, 0.4953664390595405, 0.49535419041420514, 0.4953425908700014, 0.4953425908700014, 0.4953359221364116, 0.4953359221364116, 0.4953359221364116, 0.4953166809710827, 0.4953166809710827, 0.4953166809710827, 0.4953166809710827, 0.4953166809710827, 0.49530807257571935, 0.4952609780288878, 0.49523614024941304, 0.4952270568727137, 0.49521831158316615, 0.4952096939086914, 0.49519410270910996, 0.49519410270910996, 0.495183683467872, 0.495183683467872, 0.4951826940962683, 0.4951826940962683, 0.4951826940962683, 0.4951826940962683, 0.4951689838271438, 0.49516514544085266, 0.49516514544085266, 0.49514468030615166, 0.4951369230782156, 0.4951369230782156, 0.4951369230782156, 0.4951369230782156, 0.4951251913339664, 0.4951251913339664, 0.4951251913339664, 0.4951251913339664, 0.49511920434214696, 0.49511920434214696, 0.4951179386713566, 0.4951100564483321, 0.4951100564483321, 0.4951100564483321, 0.4951100564483321, 0.4950928801581973, 0.4950928801581973, 0.49508355748959076, 0.4950746864407927, 0.4950746864407927, 0.4950746864407927, 0.49506672496324056, 0.49506672496324056, 0.49506672496324056, 0.49506672496324056, 0.49506672496324056, 0.49506672496324056, 0.4950613366378533, 0.49505807628561727, 0.49505807628561727, 0.49505807628561727, 0.495047729967278, 0.495047729967278, 0.495047729967278, 0.49503588447204006, 0.4950173487375071, 0.4950173487375071, 0.4950110430900867, 0.4949915816277375, 0.4949843705573798, 0.4949838324780866, 0.49498250654765535, 0.49498250654765535, 0.49498250654765535, 0.4949668837990953, 0.4949668837990953, 0.4949668837990953, 0.4949668837990953, 0.4949668837990953, 0.4949668837990953, 0.49496370990634403, 0.49496370990634403, 0.4949417808553675, 0.4949417808553675, 0.4949371568012587, 0.4949292090786246, 0.4949292090786246, 0.4949221520415156, 0.4949221520415156, 0.4949221520415156, 0.4949221520415156, 0.4949221520415156, 0.49492033693816634, 0.49489828867790026, 0.49489351288302913, 0.49489351288302913, 0.49489351288302913, 0.49487593169614075, 0.4948732078948737, 0.4948732078948737, 0.49486628567779456, 0.49486628567779456, 0.4948513306977548, 0.4948447627243978, 0.4948435358075432, 0.4948414670023726, 0.4948414670023726, 0.49483523951781977, 0.49483523951781977, 0.4948174167465378, 0.49481662998705994, 0.49481662998705994, 0.49481662998705994, 0.49481608612196787, 0.49481608612196787, 0.49481532523483585, 0.4947962306794666, 0.4947935720503112, 0.49479199187222855, 0.49479199187222855, 0.49478561330190945, 0.49478046405009735, 0.49478046405009735, 0.49478046405009735, 0.49478046405009735, 0.49478046405009735, 0.4947709511051248, 0.49476630761946516, 0.4947613274658119, 0.49475645778816696, 0.4947541071163429, 0.4947541071163429, 0.4947541071163429, 0.4947541071163429, 0.4947541071163429, 0.4947541071163429, 0.4947541071163429, 0.49475271241132157, 0.49475226253816934, 0.4947431170460069, 0.4947431170460069, 0.4947431170460069, 0.49473860554206067, 0.4947281227662013, 0.4947278512703193, 0.4947278512703193, 0.49471860043295135, 0.49471860043295135, 0.49471860043295135, 0.49471860043295135, 0.49471860043295135, 0.49471860043295135, 0.49471860043295135, 0.49471860043295135, 0.49471860043295135, 0.4947150182593, 0.49470656979215016, 0.4947045636482728, 0.4947045636482728, 0.4947040175998604, 0.4947040175998604, 0.49469891496193713, 0.49469891496193713, 0.494691680530052, 0.4946835751716907, 0.49468053053150246, 0.49468053053150246, 0.49467816468560216, 0.49467061181644817, 0.49467061181644817, 0.49467061181644817, 0.49467061181644817, 0.49467061181644817, 0.49467061181644817, 0.49467061181644817, 0.4946696834686475, 0.4946696834686475, 0.4946696613079462, 0.49465857244236566, 0.4946551029280428, 0.4946551029280428, 0.4946551029280428, 0.4946551029280428, 0.4946551029280428, 0.4946551029280428, 0.49465142774494575, 0.49465142774494575, 0.49465142774494575, 0.49465142774494575, 0.4946425038597959, 0.4946372667293409, 0.4946372667293409, 0.4946372667293409, 0.4946372667293409, 0.4946372667293409, 0.4946372667293409, 0.49463642964432963, 0.49463642964432963, 0.49463624417126834, 0.49463620465317054, 0.49462686986713617, 0.49462060155449333, 0.4946105236753876, 0.4946105236753876, 0.4946105236753876, 0.4946105236753876, 0.4946105236753876, 0.4946105236753876, 0.4946014574377528, 0.4946014574377528, 0.4946014574377528, 0.4946014574377528, 0.4946006377101381, 0.4945962138665028, 0.49459469416639307, 0.49459133665640276, 0.49459133665640276, 0.49459133665640276, 0.49459133665640276, 0.49459133665640276, 0.4945910065383701, 0.4945910065383701, 0.49458995177632287, 0.4945833009459597, 0.49458180897401804, 0.49458180897401804, 0.494578853849963, 0.494578853849963, 0.494578853849963, 0.494578853849963, 0.4945750699375139, 0.4945741114598928, 0.49457064270973206, 0.49457064270973206, 0.49456888208022487, 0.494566498986094, 0.4945659315411424, 0.4945659315411424, 0.4945631285945138, 0.4945631285945138, 0.4945631285945138, 0.4945631285945138, 0.4945631285945138, 0.4945631285945138, 0.4945602678990626, 0.494557206993138, 0.494557206993138, 0.4945565050556546, 0.4945565050556546, 0.4945565050556546, 0.49455542900623417, 0.49455542900623417, 0.49455542900623417, 0.49455542900623417, 0.4945512314637502, 0.4945420110837007, 0.49453764815470236, 0.4945337782194326, 0.4945337782194326, 0.4945337782194326, 0.49453355781324615, 0.49453072997676584, 0.49453072997676584, 0.49453072997676584, 0.49453072997676584, 0.49452874119028506, 0.49452538651861117, 0.49452421352976844, 0.4945220968007168, 0.49451835469885186, 0.49451643217614283, 0.49451643217614283, 0.49451548832676784, 0.4945114176351946, 0.49450817169287264, 0.49450817169287264, 0.49450817169287264, 0.49450817169287264, 0.49450817169287264, 0.4945078828395941, 0.4945078828395941, 0.49450696508089703, 0.49450696508089703, 0.4944993128706684, 0.494494997101389, 0.494494997101389, 0.4944913034692352, 0.4944881566496559, 0.4944881566496559, 0.4944881566496559, 0.49448815348384145, 0.4944857284699604, 0.4944857284699604, 0.4944857284699604, 0.4944823307868762, 0.4944823307868762, 0.4944823307868762, 0.4944821351613754, 0.4944821351613754, 0.4944821351613754, 0.4944821351613754, 0.4944812690382039, 0.4944812690382039, 0.4944812690382039, 0.4944812690382039, 0.4944812690382039, 0.4944812690382039, 0.4944789143272372, 0.4944789143272372, 0.4944789143272372, 0.4944762530780974, 0.49447342633327723, 0.4944685196483528, 0.4944685196483528, 0.49446839476243043, 0.49446746226632116, 0.49445961028228314, 0.49445961028228314, 0.49445961028228314, 0.49445822802218764, 0.4944577041344765, 0.4944577041344765, 0.4944559191609477, 0.4944559191609477, 0.4944559191609477, 0.49445394729519937, 0.49445211254196725, 0.49445211254196725, 0.4944517589532412, 0.4944494092639113, 0.4944494092639113, 0.4944494092639113, 0.4944461444358686, 0.4944457674856151, 0.4944449226498167, 0.4944449226498167, 0.4944449226498167, 0.4944410217113984, 0.4944410217113984, 0.49443699424956744, 0.4944320452082288, 0.4944320452082288, 0.4944316070158403, 0.4944316070158403, 0.4944316070158403, 0.49443108520228346, 0.49443108520228346, 0.49442978350670785, 0.49442978350670785, 0.49442978350670785, 0.49442978350670785, 0.49442793685437997, 0.49442793685437997, 0.49442309861654765, 0.49442309861654765, 0.494420241741907, 0.494420241741907, 0.4944182945476783, 0.4944182945476783, 0.4944182945476783, 0.4944182945476783, 0.4944182945476783, 0.49441791366744825, 0.49441692582416885, 0.49441692582416885, 0.49441692582416885, 0.49441692582416885, 0.49441653893980786, 0.4944150246979989, 0.4944150246979989, 0.4944134667897836, 0.4944134667897836, 0.49441252588789103, 0.4944123226207691, 0.4944123226207691, 0.4944123226207691, 0.49440901914795676, 0.49440796231175516, 0.49440796231175516, 0.49440564340724175, 0.49440319994430404, 0.494402690357341, 0.494402690357341, 0.494402690357341, 0.494402690357341, 0.494402690357341, 0.494402690357341, 0.494402690357341, 0.494402690357341, 0.494402690357341, 0.49440148298120323, 0.49440148298120323, 0.49440148298120323, 0.49439998052932405, 0.4943976152292538, 0.4943976152292538, 0.4943964319788056, 0.4943964319788056, 0.4943964319788056, 0.4943964319788056, 0.4943964319788056, 0.4943964319788056, 0.4943964319788056, 0.4943964319788056, 0.4943964319788056, 0.49439170716446396, 0.49439170716446396, 0.49439170716446396, 0.4943907626600929, 0.4943907626600929, 0.4943907626600929, 0.4943907626600929, 0.4943907626600929, 0.4943907626600929, 0.4943907626600929, 0.49439073842523734, 0.49439073842523734, 0.49439073842523734, 0.49438852279177514, 0.49438852279177514, 0.49438852279177514, 0.4943869209988213, 0.49438616502416005, 0.49438504803748357, 0.494383998297073, 0.494383998297073, 0.494383998297073, 0.49438216922047373, 0.4943815964263874, 0.4943815964263874, 0.4943815964263874, 0.4943815964263874, 0.4943815964263874, 0.49438070224754976, 0.4943801405883971, 0.4943796215039907, 0.4943776346824981, 0.4943776346824981, 0.4943776346824981, 0.4943750453737629, 0.4943750453737629, 0.4943750453737629, 0.4943750453737629, 0.49437487856809037, 0.49437423579858775, 0.49437423579858775, 0.4943741515224233, 0.49437361649977857, 0.4943723920937423, 0.4943723920937423, 0.4943723920937423, 0.4943718653677147, 0.4943710500067407, 0.4943710500067407, 0.49436958106882845, 0.49436846375465393, 0.4943647116095155, 0.49436354134982324, 0.49436354134982324, 0.49436354134982324, 0.49436354134982324, 0.49436354134982324, 0.49436354134982324, 0.49436354134982324, 0.4943623833167247, 0.4943623833167247, 0.49436120443291715, 0.49436120443291715, 0.4943601694299188, 0.4943601694299188, 0.4943601694299188, 0.4943593518856244, 0.4943593518856244, 0.4943593518856244, 0.4943593518856244, 0.4943574043638977, 0.4943574043638977, 0.4943574043638977, 0.4943574043638977, 0.4943572760938288, 0.49435722784244973, 0.4943565946795565, 0.4943565946795565, 0.4943565946795565, 0.4943565946795565, 0.4943565946795565, 0.4943565946795565, 0.4943565946795565, 0.49435527202410573, 0.49435511045840197, 0.49435511045840197, 0.4943539227321471, 0.4943533772295648, 0.4943533772295648, 0.49435307254721395, 0.49435307254721395, 0.49435307254721395, 0.49435307254721395, 0.49435307254721395, 0.49435307254721395, 0.49435307254721395, 0.49435307254721395, 0.49435307254721395, 0.4943515528471042, 0.4943515528471042, 0.4943490594952971, 0.4943490594952971, 0.4943490594952971, 0.4943490594952971, 0.4943487656203818, 0.4943482470818055, 0.4943482470818055, 0.4943482470818055, 0.4943482470818055, 0.4943482470818055, 0.4943482470818055, 0.4943480922843947, 0.4943480922843947, 0.4943479427269527, 0.49434719821472306, 0.4943470448364705, 0.4943470448364705, 0.4943470448364705, 0.4943463743387998, 0.4943463743387998, 0.4943463743387998, 0.4943454200094873, 0.4943454200094873, 0.4943454200094873, 0.4943447332460802, 0.4943418173126249, 0.49434100053249264, 0.4943408189894079, 0.4943408189894079, 0.4943408189894079, 0.4943408189894079, 0.4943404374541817, 0.4943404374541817, 0.4943404374541817, 0.4943404374541817, 0.49434010951946944, 0.49434010951946944, 0.49433931621003063, 0.4943381300121, 0.49433631818373125, 0.4943353637452527, 0.4943353637452527, 0.49433420996962885, 0.49433310597370833, 0.49433189652341625, 0.49433189652341625, 0.49433098607884224, 0.49433098607884224, 0.49433098607884224, 0.49433098607884224, 0.49433098607884224, 0.4943308570446112, 0.4943308570446112, 0.4943308570446112, 0.4943308570446112, 0.4943289190203279, 0.49432855669832054, 0.49432849676617774, 0.49432849676617774, 0.494327276290118, 0.494327276290118, 0.494327276290118, 0.4943272058780377, 0.4943269764110719, 0.4943269764110719, 0.4943269764110719, 0.4943269764110719, 0.4943259087674347, 0.4943259087674347, 0.4943259087674347, 0.49432568082879313, 0.4943252287723206, 0.4943252287723206, 0.4943252287723206, 0.4943252287723206, 0.4943252287723206, 0.4943252287723206, 0.4943252287723206, 0.4943252287723206, 0.49432521490823655, 0.49432521490823655, 0.49432455969380806, 0.4943237333070664, 0.4943237333070664, 0.4943237333070664, 0.4943237333070664, 0.4943237333070664, 0.49432339816739707, 0.49432339816739707, 0.494322324519629, 0.494322324519629, 0.494322324519629, 0.49432222103024576, 0.4943220891576984, 0.4943220891576984, 0.4943220891576984, 0.4943220891576984, 0.4943220891576984, 0.4943220891576984, 0.4943220891576984, 0.4943213851460607, 0.4943213851460607, 0.4943213851460607, 0.4943213851460607, 0.4943213851460607, 0.4943213851460607, 0.4943213851460607, 0.4943213851460607, 0.4943213851460607, 0.4943213851460607, 0.4943213851460607, 0.4943213851460607, 0.4943213851460607, 0.4943213851460607, 0.4943213851460607, 0.4943213851460607, 0.4943213851460607, 0.4943213851460607, 0.4943213851460607, 0.4943213851460607, 0.4943213851460607, 0.4943213851460607, 0.4943213851460607, 0.4943213851460607, 0.4943213851460607, 0.4943213851460607, 0.4943213851460607, 0.4943213851460607, 0.4943213851460607, 0.4943213851460607, 0.4943213851460607, 0.4943213851460607, 0.4943213851460607, 0.4943213851460607, 0.4943213851460607, 0.4943213851460607, 0.4943213851460607, 0.4943213851460607, 0.4943213851460607, 0.4943213851460607, 0.4943213851460607, 0.4943213851460607, 0.4943213851460607, 0.4943213851460607, 0.4943213851460607, 0.4943213851460607, 0.4943213851460607, 0.4943213851460607, 0.4943213851460607, 0.4943213851460607, 0.4943213851460607, 0.4943213851460607, 0.4943213851460607, 0.4943213851460607, 0.4943213851460607, 0.4943213851460607, 0.4943213851460607, 0.4943213851460607, 0.4943213851460607, 0.4943213851460607, 0.4943213851460607, 0.4943213851460607, 0.4943213851460607, 0.4943213851460607, 0.4943213851460607, 0.4943213851460607, 0.4943213851460607, 0.4943213851460607, 0.4943213851460607, 0.4943213851460607, 0.4943213851460607, 0.4943213851460607, 0.4943213851460607, 0.4943213851460607, 0.4943213851460607, 0.4943213851460607, 0.4943213851460607, 0.4943213851460607, 0.4943213851460607, 0.4943213851460607, 0.4943213851460607, 0.4943213851460607, 0.4943213851460607, 0.4943213851460607, 0.4943213851460607, 0.4943213851460607, 0.4943213851460607, 0.4943213851460607, 0.4943213851460607, 0.4943213851460607, 0.4943213851460607, 0.4943213851460607, 0.4943213851460607, 0.4943213851460607, 0.4943213851460607, 0.4943213213931073, 0.4943213213931073, 0.4943213213931073, 0.49432120218381775, 0.49432120218381775, 0.49432120218381775, 0.49432120218381775, 0.49432120218381775, 0.49432120218381775, 0.49432120218381775, 0.49432120218381775, 0.4943206758944543, 0.4943206758944543, 0.4943206758944543, 0.4943206758944543, 0.4943206758944543, 0.4943206758944543, 0.4943206758944543, 0.4943206758944543, 0.4943206758944543, 0.4943206758944543, 0.4943206758944543, 0.4943206758944543, 0.4943206758944543, 0.4943206758944543, 0.4943206758944543, 0.4943206758944543, 0.4943203963202871, 0.4943203963202871, 0.4943203963202871, 0.4943203963202871, 0.4943203963202871, 0.4943203963202871, 0.4943203963202871, 0.4943203963202871, 0.4943203963202871, 0.4943203963202871, 0.4943203963202871, 0.4943203963202871, 0.4943203963202871, 0.4943203963202871, 0.4943203963202871, 0.4943203963202871, 0.4943203963202871, 0.4943203963202871, 0.4943203963202871, 0.4943203963202871, 0.4943203963202871, 0.4943203963202871, 0.4943203963202871, 0.4943203963202871, 0.4943203963202871, 0.4943203963202871, 0.4943203963202871, 0.4943203963202871, 0.4943203963202871, 0.4943203963202871, 0.4943203963202871, 0.4943203963202871, 0.4943203963202871, 0.4943203963202871, 0.4943203963202871, 0.4943203963202871, 0.4943203963202871, 0.4943203963202871, 0.4943203963202871, 0.4943203963202871, 0.4943203963202871, 0.4943203963202871, 0.4943203963202871, 0.4943203963202871, 0.4943203963202871, 0.4943203963202871, 0.4943203963202871, 0.4943203963202871, 0.4943203963202871, 0.4943203963202871, 0.4943203963202871, 0.4943203963202871, 0.4943203963202871, 0.4943203963202871, 0.4943203963202871, 0.4943203963202871, 0.4943203963202871, 0.4943203963202871, 0.4943203963202871, 0.4943203963202871, 0.4943203963202871, 0.4943203963202871, 0.4943203963202871, 0.4943203963202871, 0.4943203963202871, 0.4943203963202871, 0.4943203963202871, 0.4943203963202871, 0.4943203963202871, 0.4943203963202871, 0.4943203963202871, 0.4943203963202871, 0.4943203963202871, 0.4943203963202871, 0.4943203963202871, 0.4943203963202871, 0.4943203963202871, 0.4943203963202871, 0.4943203963202871, 0.4943203963202871, 0.4943203963202871, 0.4943203963202871, 0.4943203963202871, 0.4943203963202871, 0.4943203963202871, 0.4943203963202871, 0.4943203963202871, 0.4943203963202871, 0.4943203963202871, 0.4943203963202871, 0.4943203963202871, 0.4943203963202871, 0.4943203963202871, 0.4943203963202871, 0.4943203963202871, 0.4943203963202871, 0.4943203963202871, 0.4943203963202871, 0.4943203963202871, 0.4943203963202871, 0.4943203963202871, 0.4943203963202871, 0.4943203963202871, 0.4943203963202871, 0.4943203963202871, 0.4943203963202871, 0.4943203963202871, 0.4943203963202871, 0.4943203963202871, 0.4943203963202871, 0.4943203963202871, 0.4943203963202871, 0.4943203963202871, 0.4943203963202871, 0.4943203963202871, 0.4943203963202871, 0.4943203963202871, 0.4943203963202871, 0.4943203963202871, 0.4943203963202871, 0.4943203963202871, 0.4943203963202871, 0.4943203963202871, 0.4943203963202871, 0.4943203963202871, 0.4943203963202871, 0.4943203963202871, 0.4943203963202871, 0.4943203963202871, 0.4943203963202871, 0.4943203963202871, 0.4943203963202871, 0.4943203963202871, 0.4943203963202871, 0.4943203963202871, 0.4943203963202871, 0.4943203963202871, 0.4943203963202871, 0.4943203963202871, 0.4943203963202871, 0.4943203963202871, 0.4943203963202871, 0.4943203963202871, 0.4943203963202871, 0.4943203963202871, 0.4943203963202871, 0.4943203963202871, 0.4943203963202871, 0.4943203963202871, 0.4943203963202871, 0.4943203963202871, 0.4943203963202871, 0.4943203963202871, 0.4943203963202871, 0.4943203963202871, 0.4943203963202871, 0.4943203963202871, 0.4943203963202871, 0.4943203963202871, 0.4943203963202871, 0.4943203963202871, 0.4943203963202871, 0.4943203963202871, 0.4943203963202871, 0.4943203963202871, 0.4943203963202871, 0.4943203963202871, 0.4943203963202871, 0.4943203963202871, 0.4943203963202871, 0.4943203963202871, 0.4943203963202871, 0.4943203963202871, 0.4943203963202871, 0.4943203963202871, 0.4943203963202871, 0.4943203963202871, 0.4943203963202871, 0.4943203963202871, 0.4943203963202871, 0.4943203963202871, 0.4943203963202871, 0.4943203963202871, 0.4943203963202871, 0.4943203963202871, 0.4943203963202871, 0.4943203963202871, 0.4943203963202871, 0.4943203963202871, 0.4943203963202871, 0.4943203963202871, 0.4943203963202871, 0.4943203963202871, 0.4943203963202871, 0.4943203963202871, 0.4943203963202871, 0.4943203963202871, 0.4943203963202871, 0.4943203963202871, 0.4943203963202871, 0.4943203963202871, 0.4943203963202871, 0.4943203963202871, 0.4943203963202871, 0.4943203963202871, 0.4943203963202871, 0.4943203963202871, 0.4943203963202871, 0.4943203963202871, 0.4943203963202871, 0.4943203963202871, 0.4943203963202871, 0.4943203963202871, 0.4943203963202871, 0.4943203963202871, 0.4943203963202871, 0.4943203963202871, 0.4943203963202871, 0.4943203963202871, 0.4943203963202871, 0.4943203963202871, 0.4943203963202871, 0.4943203963202871, 0.4943203963202871, 0.4943203963202871, 0.4943203963202871, 0.4943203963202871, 0.4943203963202871, 0.4943203963202871, 0.4943203963202871, 0.4943203963202871, 0.4943203963202871, 0.4943203963202871, 0.4943203963202871, 0.4943203963202871, 0.4943203963202871, 0.4943203963202871, 0.4943203963202871, 0.4943203963202871, 0.4943203963202871, 0.4943203963202871, 0.4943203963202871, 0.4943203963202871, 0.4943203963202871, 0.4943203963202871, 0.4943203963202871, 0.4943203963202871, 0.4943203963202871, 0.4943203963202871, 0.4943203963202871, 0.4943203963202871, 0.4943203963202871, 0.4943203963202871, 0.4943203963202871, 0.4943203963202871, 0.4943203963202871, 0.4943203963202871, 0.4943203963202871, 0.4943203963202871, 0.4943203963202871, 0.4943203963202871, 0.4943203963202871, 0.4943203963202871, 0.4943203963202871, 0.4943203963202871, 0.4943203963202871, 0.4943203963202871, 0.4943203963202871, 0.4943203963202871, 0.4943203963202871, 0.4943203963202871, 0.4943203963202871, 0.4943203963202871, 0.4943203963202871, 0.4943203963202871, 0.4943203963202871, 0.4943203963202871, 0.4943203963202871, 0.4943203963202871, 0.4943203963202871, 0.4943203963202871, 0.4943203963202871, 0.4943203963202871, 0.4943203963202871, 0.4943203963202871, 0.4943203963202871, 0.4943203963202871, 0.4943203963202871, 0.4943203963202871, 0.4943203963202871, 0.4943203963202871, 0.4943203963202871, 0.4943203963202871, 0.4943203963202871, 0.4943203963202871, 0.4943203963202871, 0.4943203963202871, 0.4943203963202871, 0.4943203963202871, 0.4943203963202871, 0.4943203963202871, 0.4943203963202871, 0.4943203963202871, 0.4943203963202871, 0.4943203963202871, 0.4943203963202871, 0.4943203963202871, 0.4943203963202871, 0.4943203963202871, 0.4943203963202871, 0.4943203963202871, 0.4943203963202871, 0.4943203963202871, 0.4943203963202871, 0.4943203963202871, 0.4943203963202871, 0.4943203963202871, 0.4943203963202871, 0.4943203963202871, 0.4943203963202871, 0.4943203963202871, 0.4943203963202871, 0.4943203963202871, 0.4943203963202871, 0.4943203963202871, 0.4943203963202871, 0.4943203963202871, 0.4943203963202871, 0.4943203963202871, 0.4943203963202871, 0.4943203963202871, 0.4943203963202871, 0.4943203963202871, 0.4943203963202871, 0.4943203963202871, 0.4943203963202871, 0.4943203963202871, 0.4943203963202871, 0.4943203963202871, 0.4943203963202871, 0.4943203963202871, 0.4943203963202871, 0.4943203963202871, 0.4943203963202871, 0.4943203963202871, 0.4943203963202871, 0.4943203963202871, 0.4943203963202871, 0.4943203963202871, 0.4943203963202871, 0.4943203963202871, 0.4943203963202871, 0.4943203963202871, 0.4943203963202871, 0.4943203963202871, 0.4943203963202871, 0.4943203963202871, 0.4943203963202871, 0.4943203963202871, 0.4943203963202871, 0.4943203963202871, 0.4943203963202871, 0.4943203963202871, 0.4943203963202871, 0.4943203963202871, 0.4943203963202871, 0.4943203963202871, 0.4943203963202871, 0.4943203963202871, 0.4943203963202871, 0.4943203963202871, 0.4943203963202871, 0.4943203963202871, 0.4943203963202871, 0.4943203963202871, 0.4943203963202871, 0.4943203963202871, 0.4943203963202871, 0.4943203963202871, 0.4943203963202871, 0.4943203963202871, 0.4943203963202871, 0.4943203963202871, 0.4943203963202871, 0.4943203963202871, 0.4943203963202871, 0.4943203963202871, 0.4943203963202871, 0.4943203963202871, 0.4943203963202871, 0.4943203963202871, 0.4943203963202871, 0.4943203963202871, 0.4943203963202871, 0.4943203963202871, 0.4943203963202871, 0.4943203963202871, 0.4943203963202871, 0.4943203963202871, 0.4943203963202871, 0.4943203963202871, 0.4943203963202871, 0.4943203963202871, 0.4943203963202871, 0.4943203963202871, 0.4943203963202871, 0.4943203963202871, 0.4943203963202871, 0.4943203963202871, 0.4943203963202871, 0.4943203963202871, 0.4943203963202871, 0.4943203963202871, 0.4943203963202871, 0.4943203963202871, 0.4943203963202871, 0.4943203963202871, 0.4943203963202871, 0.4943203963202871, 0.4943203963202871, 0.4943203963202871, 0.4943203963202871, 0.4943203963202871, 0.4943203963202871, 0.4943203963202871, 0.4943203963202871, 0.4943203963202871, 0.4943203963202871, 0.4943203963202871, 0.4943203963202871, 0.4943203963202871, 0.4943203963202871, 0.4943203963202871, 0.4943203963202871, 0.4943203963202871, 0.4943203963202871, 0.4943203963202871, 0.4943203963202871, 0.4943203963202871, 0.4943203963202871, 0.4943203963202871, 0.4943203963202871, 0.4943203963202871, 0.4943203963202871, 0.4943203963202871, 0.4943203963202871, 0.4943203963202871, 0.4943203963202871, 0.4943203963202871, 0.4943203963202871, 0.4943203963202871, 0.4943203963202871, 0.4943203963202871, 0.4943203963202871, 0.4943203963202871, 0.4943203963202871, 0.4943203963202871, 0.4943203963202871, 0.4943203963202871, 0.4943203963202871, 0.4943203963202871, 0.4943203963202871, 0.4943203963202871, 0.4943203963202871, 0.4943203963202871, 0.4943203963202871, 0.4943203963202871, 0.4943203963202871, 0.4943203963202871, 0.4943203963202871, 0.4943203963202871, 0.4943203963202871, 0.4943203963202871, 0.4943203963202871, 0.4943203963202871, 0.4943203963202871, 0.4943203963202871, 0.4943203963202871, 0.4943203963202871, 0.4943203963202871, 0.4943203963202871, 0.4943203963202871, 0.4943203963202871, 0.4943203963202871, 0.4943203963202871, 0.4943203963202871, 0.4943203963202871, 0.4943203963202871, 0.4943203963202871, 0.4943203963202871, 0.4943203963202871, 0.4943203963202871, 0.4943203963202871, 0.4943203963202871, 0.4943203963202871, 0.4943203963202871, 0.4943203963202871, 0.4943203963202871, 0.4943203963202871, 0.4943203963202871, 0.4943203963202871, 0.4943203963202871, 0.4943203963202871, 0.4943203963202871, 0.4943203963202871, 0.4943203963202871, 0.4943203963202871, 0.4943203963202871, 0.4943203963202871, 0.4943203963202871, 0.4943203963202871, 0.4943203963202871, 0.4943203963202871, 0.4943203963202871, 0.4943203963202871, 0.4943203963202871, 0.4943203963202871, 0.4943203963202871, 0.4943203963202871, 0.4943203963202871, 0.4943203963202871, 0.4943203963202871, 0.4943203963202871, 0.4943203963202871, 0.4943203963202871, 0.4943203963202871, 0.4943203963202871, 0.4943203963202871, 0.4943203963202871, 0.4943203963202871, 0.4943203963202871, 0.4943203963202871, 0.4943203963202871, 0.4943203963202871, 0.4943203963202871, 0.4943203963202871, 0.4943203963202871, 0.4943203963202871, 0.4943203963202871, 0.4943203963202871, 0.4943203963202871, 0.4943203963202871, 0.4943203963202871, 0.4943203963202871, 0.4943203963202871, 0.4943203963202871, 0.4943203963202871, 0.4943203963202871, 0.4943203963202871, 0.4943203963202871, 0.4943203963202871, 0.4943203963202871, 0.4943203963202871, 0.4943203963202871, 0.4943203963202871, 0.4943203963202871, 0.4943203963202871, 0.4943203963202871, 0.4943203963202871, 0.4943203963202871, 0.4943203963202871, 0.4943203963202871, 0.4943203963202871, 0.4943203963202871, 0.4943203963202871, 0.4943203963202871, 0.4943203963202871, 0.4943203963202871, 0.4943203963202871, 0.4943203963202871, 0.4943203963202871, 0.4943203963202871, 0.4943203963202871, 0.4943203963202871, 0.4943203963202871, 0.4943203963202871, 0.4943203963202871, 0.4943203963202871, 0.4943203963202871, 0.4943203963202871, 0.4943203963202871, 0.4943203963202871, 0.4943203963202871, 0.4943203963202871, 0.4943203963202871, 0.4943203963202871, 0.4943203963202871, 0.4943203963202871, 0.4943203963202871, 0.4943203963202871, 0.4943203963202871, 0.4943203963202871, 0.4943203963202871, 0.4943203963202871, 0.4943203963202871, 0.4943203963202871, 0.4943203963202871, 0.4943203963202871, 0.4943203963202871, 0.4943203963202871, 0.4943203963202871, 0.4943203963202871, 0.4943203963202871, 0.4943203963202871, 0.4943203963202871, 0.4943203963202871, 0.4943203963202871, 0.4943203963202871, 0.4943203963202871, 0.4943203963202871, 0.4943203963202871, 0.4943203963202871, 0.4943203963202871, 0.4943203963202871, 0.4943203963202871, 0.4943203963202871, 0.4943203963202871, 0.4943203963202871, 0.4943203963202871, 0.4943203963202871, 0.4943203963202871, 0.4943203963202871, 0.4943203963202871, 0.4943203963202871, 0.4943203963202871, 0.4943203963202871, 0.4943203963202871, 0.4943203963202871, 0.4943203963202871, 0.4943203963202871, 0.4943203963202871, 0.4943203963202871, 0.4943203963202871, 0.4943203963202871, 0.4943203963202871, 0.4943203963202871, 0.4943203963202871, 0.4943203963202871, 0.4943203963202871, 0.4943203963202871, 0.4943203963202871, 0.4943203963202871, 0.4943203963202871, 0.4943203963202871, 0.4943203963202871, 0.4943203963202871, 0.4943203963202871, 0.4943203963202871, 0.4943203963202871, 0.4943203963202871, 0.4943203963202871, 0.4943203963202871, 0.4943203963202871, 0.4943203963202871, 0.4943203963202871, 0.4943203963202871, 0.4943203963202871, 0.4943203963202871, 0.4943203963202871, 0.4943203963202871, 0.4943203963202871, 0.4943203963202871, 0.4943203963202871, 0.4943203963202871, 0.4943203963202871, 0.4943203963202871, 0.4943203963202871, 0.4943203963202871, 0.4943203963202871, 0.4943203963202871, 0.4943203963202871, 0.4943203963202871, 0.4943203963202871, 0.4943203963202871, 0.4943203963202871, 0.4943203963202871, 0.4943203963202871, 0.4943203963202871, 0.4943203963202871, 0.4943203963202871, 0.4943203963202871, 0.4943203963202871, 0.4943203963202871, 0.4943203963202871, 0.4943203963202871, 0.4943203963202871, 0.4943203963202871, 0.4943203963202871, 0.4943203963202871, 0.4943203963202871, 0.4943203963202871, 0.4943203963202871, 0.4943203963202871, 0.4943203963202871, 0.4943203963202871, 0.4943203963202871, 0.4943203963202871, 0.4943203963202871, 0.4943203963202871, 0.4943203963202871, 0.4943203963202871, 0.4943203963202871, 0.4943203963202871, 0.4943203963202871, 0.4943203963202871, 0.4943203963202871, 0.4943203963202871, 0.4943203963202871, 0.4943203963202871, 0.4943203963202871, 0.4943203963202871, 0.4943203963202871, 0.4943203963202871, 0.4943203963202871, 0.4943203963202871, 0.4943203963202871, 0.4943203963202871, 0.4943203963202871, 0.4943203963202871, 0.4943203963202871, 0.4943203963202871, 0.4943203963202871, 0.4943203963202871, 0.4943203963202871, 0.4943203963202871, 0.4943203963202871, 0.4943203963202871, 0.4943203963202871, 0.4943203963202871, 0.4943203963202871, 0.4943203963202871, 0.4943203963202871, 0.4943203963202871, 0.4943203963202871, 0.4943203963202871, 0.4943203963202871, 0.4943203963202871, 0.4943203963202871, 0.4943203963202871, 0.4943203963202871, 0.4943203963202871, 0.4943203963202871, 0.4943203963202871, 0.4943203963202871, 0.4943203963202871, 0.4943203963202871, 0.4943203963202871, 0.4943203963202871, 0.4943203963202871, 0.4943203963202871, 0.4943203963202871, 0.4943203963202871, 0.4943203963202871, 0.4943203963202871, 0.4943203963202871, 0.4943203963202871, 0.4943203963202871, 0.4943203963202871, 0.4943203963202871, 0.4943203963202871, 0.4943203963202871, 0.4943203963202871, 0.4943203963202871, 0.4943203963202871, 0.4943203963202871, 0.4943203963202871, 0.4943203963202871, 0.4943203963202871, 0.4943203963202871, 0.4943203963202871, 0.4943203963202871, 0.4943203963202871, 0.4943203963202871, 0.4943203963202871, 0.4943203963202871, 0.4943203963202871, 0.4943203963202871, 0.4943203963202871, 0.4943203963202871, 0.4943203963202871, 0.4943203963202871, 0.4943203963202871, 0.4943203963202871, 0.4943203963202871, 0.4943203963202871, 0.4943203963202871, 0.4943203963202871, 0.4943203963202871, 0.4943203963202871, 0.4943203963202871, 0.4943203963202871, 0.4943203963202871, 0.4943203963202871, 0.4943203963202871, 0.4943203963202871, 0.4943203963202871, 0.4943203963202871, 0.4943203963202871, 0.4943203963202871, 0.4943203963202871, 0.4943203963202871, 0.4943203963202871, 0.4943203963202871, 0.4943203963202871, 0.4943203963202871, 0.4943203963202871, 0.4943203963202871, 0.4943203963202871, 0.4943203963202871, 0.4943203963202871, 0.4943203963202871, 0.4943203963202871, 0.4943203963202871, 0.4943203963202871, 0.4943203963202871, 0.4943203963202871, 0.4943203963202871, 0.4943203963202871, 0.4943203963202871, 0.4943203963202871, 0.4943203963202871, 0.4943203963202871, 0.4943203963202871, 0.4943203963202871, 0.4943203963202871, 0.4943203963202871, 0.4943203963202871, 0.4943203963202871, 0.4943203963202871, 0.4943203963202871, 0.4943203963202871, 0.4943203963202871, 0.4943203963202871, 0.4943203963202871, 0.4943203963202871, 0.4943203963202871, 0.4943203963202871, 0.4943203963202871, 0.4943203963202871, 0.4943203963202871, 0.4943203963202871, 0.4943203963202871, 0.4943203963202871, 0.4943203963202871, 0.4943203963202871, 0.4943203963202871, 0.4943203963202871, 0.4943203963202871, 0.4943203963202871, 0.4943203963202871, 0.4943203963202871, 0.4943203963202871, 0.4943203963202871, 0.4943203963202871, 0.4943203963202871, 0.4943203963202871, 0.4943203963202871, 0.4943203963202871, 0.4943203963202871, 0.4943203963202871, 0.4943203963202871, 0.4943203963202871, 0.4943203963202871, 0.4943203963202871, 0.4943203963202871, 0.4943203963202871, 0.4943203963202871, 0.4943203963202871, 0.4943203963202871, 0.4943203963202871, 0.4943203963202871, 0.4943203963202871, 0.4943203963202871, 0.4943203963202871, 0.4943203963202871, 0.4943203963202871, 0.4943203963202871, 0.4943203963202871, 0.4943203963202871, 0.4943203963202871, 0.4943203963202871, 0.4943203963202871, 0.4943203963202871, 0.4943203963202871, 0.4943203963202871, 0.4943203963202871, 0.4943203963202871, 0.4943203963202871, 0.4943203963202871, 0.4943203963202871, 0.4943203963202871, 0.4943203963202871, 0.4943203963202871, 0.4943203963202871, 0.4943203963202871, 0.4943203963202871, 0.4943203963202871, 0.4943203963202871, 0.4943203963202871, 0.4943203963202871, 0.4943203963202871, 0.4943203963202871, 0.4943203963202871, 0.4943203963202871, 0.4943203963202871, 0.4943203963202871, 0.4943203963202871, 0.4943203963202871, 0.4943203963202871, 0.4943203963202871, 0.4943203963202871, 0.4943203963202871, 0.4943203963202871, 0.4943203963202871, 0.4943203963202871, 0.4943203963202871, 0.4943203963202871, 0.4943203963202871, 0.4943203963202871, 0.4943203963202871, 0.4943203963202871, 0.4943203963202871, 0.4943203963202871, 0.4943203963202871, 0.4943203963202871, 0.4943203963202871, 0.4943203963202871, 0.4943203963202871, 0.4943203963202871, 0.4943203963202871, 0.4943203963202871, 0.4943203963202871, 0.4943203963202871, 0.4943203963202871, 0.4943203963202871, 0.4943203963202871, 0.4943203963202871, 0.4943203963202871, 0.4943203963202871, 0.4943203963202871, 0.4943203963202871, 0.4943203963202871, 0.4943203963202871, 0.4943203963202871, 0.4943203963202871, 0.4943203963202871, 0.4943203963202871, 0.4943203963202871, 0.4943203963202871, 0.4943203963202871, 0.4943203963202871, 0.4943203963202871, 0.4943203963202871, 0.4943203963202871, 0.4943203963202871, 0.4943203963202871, 0.4943203963202871, 0.4943203963202871, 0.4943203963202871, 0.4943203963202871, 0.4943203963202871, 0.4943203963202871, 0.4943203963202871, 0.4943203963202871, 0.4943203963202871, 0.4943203963202871, 0.4943203963202871, 0.4943203963202871, 0.4943203963202871, 0.4943203963202871, 0.4943203963202871, 0.4943203963202871, 0.4943203963202871, 0.4943203963202871, 0.4943203963202871, 0.4943203963202871, 0.4943203963202871, 0.4943203963202871, 0.4943203963202871, 0.4943203963202871, 0.4943203963202871, 0.4943203963202871, 0.4943203963202871, 0.4943203963202871, 0.4943203963202871, 0.4943203963202871, 0.4943203963202871, 0.4943203963202871, 0.4943203963202871, 0.4943203963202871, 0.4943203963202871, 0.4943203963202871, 0.4943203963202871, 0.4943203963202871, 0.4943203963202871, 0.4943203963202871, 0.4943203963202871, 0.4943203963202871, 0.4943203963202871, 0.4943203963202871, 0.4943203963202871, 0.4943203963202871, 0.4943203963202871, 0.4943203963202871, 0.4943203963202871, 0.4943203963202871, 0.4943203963202871, 0.4943203963202871, 0.4943203963202871, 0.4943203963202871, 0.4943203963202871, 0.4943203963202871, 0.4943203963202871, 0.4943203963202871, 0.4943203963202871, 0.4943203963202871, 0.4943203963202871, 0.4943203963202871, 0.4943203963202871, 0.4943203963202871, 0.4943203963202871, 0.4943203963202871, 0.4943203963202871, 0.4943203963202871, 0.4943203963202871, 0.4943203963202871, 0.4943203963202871, 0.4943203963202871, 0.4943203963202871, 0.4943203963202871, 0.4943203963202871, 0.4943203963202871, 0.4943203963202871, 0.4943203963202871, 0.4943203963202871, 0.4943203963202871, 0.4943203963202871, 0.4943203963202871, 0.4943203963202871, 0.4943203963202871, 0.4943203963202871, 0.4943203963202871, 0.4943203963202871, 0.4943203963202871, 0.4943203963202871, 0.4943203963202871, 0.4943203963202871, 0.4943203963202871, 0.4943203963202871, 0.4943203963202871, 0.4943203963202871, 0.4943203963202871, 0.4943203963202871, 0.4943203963202871, 0.4943203963202871, 0.4943203963202871, 0.4943203963202871, 0.4943203963202871, 0.4943203963202871, 0.4943203963202871, 0.4943203963202871, 0.4943203963202871, 0.4943203963202871, 0.4943203963202871, 0.4943203963202871, 0.4943203963202871, 0.4943203963202871, 0.4943203963202871, 0.4943203963202871, 0.4943203963202871, 0.4943203963202871, 0.4943203963202871, 0.4943203963202871, 0.4943203963202871, 0.4943203963202871, 0.4943203963202871, 0.4943203963202871, 0.4943203963202871, 0.4943203963202871, 0.4943203963202871, 0.4943203963202871, 0.4943203963202871, 0.4943203963202871, 0.4943203963202871, 0.4943203963202871, 0.4943203963202871, 0.4943203963202871, 0.4943203963202871, 0.4943203963202871, 0.4943203963202871, 0.4943203963202871, 0.4943203963202871, 0.4943203963202871, 0.4943203963202871, 0.4943203963202871, 0.4943203963202871, 0.4943203963202871, 0.4943203963202871, 0.4943203963202871, 0.4943203963202871, 0.4943203963202871, 0.4943203963202871, 0.4943203963202871, 0.4943203963202871, 0.4943203963202871, 0.4943203963202871, 0.4943203963202871, 0.4943203963202871, 0.4943203963202871, 0.4943203963202871, 0.4943203963202871, 0.4943203963202871, 0.4943203963202871, 0.4943203963202871, 0.4943203963202871, 0.4943203963202871, 0.4943203963202871, 0.4943203963202871, 0.4943203963202871, 0.4943203963202871, 0.4943203963202871, 0.4943203963202871, 0.4943203963202871, 0.4943203963202871, 0.4943203963202871, 0.4943203963202871, 0.4943203963202871, 0.4943203963202871, 0.4943203963202871, 0.4943203963202871, 0.4943203963202871, 0.4943203963202871, 0.4943203963202871, 0.4943203963202871, 0.4943203963202871, 0.4943203963202871, 0.4943203963202871, 0.4943203963202871, 0.4943203963202871, 0.4943203963202871, 0.4943203963202871, 0.4943203963202871, 0.4943203963202871, 0.4943203963202871, 0.4943203963202871, 0.4943203963202871, 0.4943203963202871, 0.4943203963202871, 0.4943203963202871, 0.4943203963202871, 0.4943203963202871, 0.4943203963202871, 0.4943203963202871, 0.4943203963202871, 0.4943203963202871, 0.4943203963202871, 0.4943203963202871, 0.4943203963202871, 0.4943203963202871, 0.4943203963202871, 0.4943203963202871, 0.4943203963202871, 0.4943203963202871, 0.4943203963202871, 0.4943203963202871, 0.4943203963202871, 0.4943203963202871, 0.4943203963202871, 0.4943203963202871, 0.4943203963202871, 0.4943203963202871, 0.4943203963202871, 0.4943203963202871, 0.4943203963202871, 0.4943203963202871, 0.4943203963202871, 0.4943203963202871, 0.4943203963202871, 0.4943203963202871, 0.4943203963202871, 0.4943203963202871, 0.4943203963202871, 0.4943203963202871, 0.4943203963202871, 0.4943203963202871, 0.4943203963202871, 0.4943203963202871, 0.4943203963202871, 0.4943203963202871, 0.4943203963202871, 0.4943203963202871, 0.4943203963202871, 0.4943203963202871, 0.4943203963202871, 0.4943203963202871, 0.4943203963202871, 0.4943203963202871, 0.4943203963202871, 0.4943203963202871, 0.4943203963202871, 0.4943203963202871, 0.4943203963202871, 0.4943203963202871, 0.4943203963202871, 0.4943203963202871, 0.4943203963202871, 0.4943203963202871, 0.4943203963202871, 0.4943203963202871, 0.4943203963202871, 0.4943203963202871, 0.4943203963202871, 0.4943203963202871, 0.4943203963202871, 0.4943203963202871, 0.4943203963202871, 0.4943203963202871, 0.4943203963202871, 0.4943203963202871, 0.4943203963202871, 0.4943203963202871, 0.4943203963202871, 0.4943203963202871, 0.4943203963202871, 0.4943203963202871, 0.4943203963202871, 0.4943203963202871, 0.4943203963202871]
     Rhc Test Loss: 0.5030

3. SIMULATED ANNEALING
   Status: SUCCESS
   Timestamp: 2025-10-14T06:08:45.652533
   Duration: 616.7010 seconds
   Memory Change: -20.35 MB
   Peak Memory: 720.23 MB
   Performance: Slow
   Step Details:
     Parameters: 36994
     Parameters: 36994
     Max Evals: 10000
     Max Evals: 10000
     Initial Temp: 1.0000
     Min Temp: 0.0010
     Cooling Rate: 0.0030
     Plateau Threshold: 250
     Plateau Threshold: 250
     Min Delta: 0.0000
     Initial Loss: 0.4943
     Best Loss: 4.3867
     Evals: 2301
     Evals: 2301
     Wall Clock Time: 617.0065
     History: 2301 items
     Final Temp: 0.0010
     Learning Curve Points:
       algo: sa
       evals: [1, 2, 3, 4, 5, 6, 7, 8, 9, 10, 11, 12, 13, 14, 15, 16, 17, 18, 19, 20, 21, 22, 23, 24, 25, 26, 27, 28, 29, 30, 31, 32, 33, 34, 35, 36, 37, 38, 39, 40, 41, 42, 43, 44, 45, 46, 47, 48, 49, 50, 51, 52, 53, 54, 55, 56, 57, 58, 59, 60, 61, 62, 63, 64, 65, 66, 67, 68, 69, 70, 71, 72, 73, 74, 75, 76, 77, 78, 79, 80, 81, 82, 83, 84, 85, 86, 87, 88, 89, 90, 91, 92, 93, 94, 95, 96, 97, 98, 99, 100, 101, 102, 103, 104, 105, 106, 107, 108, 109, 110, 111, 112, 113, 114, 115, 116, 117, 118, 119, 120, 121, 122, 123, 124, 125, 126, 127, 128, 129, 130, 131, 132, 133, 134, 135, 136, 137, 138, 139, 140, 141, 142, 143, 144, 145, 146, 147, 148, 149, 150, 151, 152, 153, 154, 155, 156, 157, 158, 159, 160, 161, 162, 163, 164, 165, 166, 167, 168, 169, 170, 171, 172, 173, 174, 175, 176, 177, 178, 179, 180, 181, 182, 183, 184, 185, 186, 187, 188, 189, 190, 191, 192, 193, 194, 195, 196, 197, 198, 199, 200, 201, 202, 203, 204, 205, 206, 207, 208, 209, 210, 211, 212, 213, 214, 215, 216, 217, 218, 219, 220, 221, 222, 223, 224, 225, 226, 227, 228, 229, 230, 231, 232, 233, 234, 235, 236, 237, 238, 239, 240, 241, 242, 243, 244, 245, 246, 247, 248, 249, 250, 251, 252, 253, 254, 255, 256, 257, 258, 259, 260, 261, 262, 263, 264, 265, 266, 267, 268, 269, 270, 271, 272, 273, 274, 275, 276, 277, 278, 279, 280, 281, 282, 283, 284, 285, 286, 287, 288, 289, 290, 291, 292, 293, 294, 295, 296, 297, 298, 299, 300, 301, 302, 303, 304, 305, 306, 307, 308, 309, 310, 311, 312, 313, 314, 315, 316, 317, 318, 319, 320, 321, 322, 323, 324, 325, 326, 327, 328, 329, 330, 331, 332, 333, 334, 335, 336, 337, 338, 339, 340, 341, 342, 343, 344, 345, 346, 347, 348, 349, 350, 351, 352, 353, 354, 355, 356, 357, 358, 359, 360, 361, 362, 363, 364, 365, 366, 367, 368, 369, 370, 371, 372, 373, 374, 375, 376, 377, 378, 379, 380, 381, 382, 383, 384, 385, 386, 387, 388, 389, 390, 391, 392, 393, 394, 395, 396, 397, 398, 399, 400, 401, 402, 403, 404, 405, 406, 407, 408, 409, 410, 411, 412, 413, 414, 415, 416, 417, 418, 419, 420, 421, 422, 423, 424, 425, 426, 427, 428, 429, 430, 431, 432, 433, 434, 435, 436, 437, 438, 439, 440, 441, 442, 443, 444, 445, 446, 447, 448, 449, 450, 451, 452, 453, 454, 455, 456, 457, 458, 459, 460, 461, 462, 463, 464, 465, 466, 467, 468, 469, 470, 471, 472, 473, 474, 475, 476, 477, 478, 479, 480, 481, 482, 483, 484, 485, 486, 487, 488, 489, 490, 491, 492, 493, 494, 495, 496, 497, 498, 499, 500, 501, 502, 503, 504, 505, 506, 507, 508, 509, 510, 511, 512, 513, 514, 515, 516, 517, 518, 519, 520, 521, 522, 523, 524, 525, 526, 527, 528, 529, 530, 531, 532, 533, 534, 535, 536, 537, 538, 539, 540, 541, 542, 543, 544, 545, 546, 547, 548, 549, 550, 551, 552, 553, 554, 555, 556, 557, 558, 559, 560, 561, 562, 563, 564, 565, 566, 567, 568, 569, 570, 571, 572, 573, 574, 575, 576, 577, 578, 579, 580, 581, 582, 583, 584, 585, 586, 587, 588, 589, 590, 591, 592, 593, 594, 595, 596, 597, 598, 599, 600, 601, 602, 603, 604, 605, 606, 607, 608, 609, 610, 611, 612, 613, 614, 615, 616, 617, 618, 619, 620, 621, 622, 623, 624, 625, 626, 627, 628, 629, 630, 631, 632, 633, 634, 635, 636, 637, 638, 639, 640, 641, 642, 643, 644, 645, 646, 647, 648, 649, 650, 651, 652, 653, 654, 655, 656, 657, 658, 659, 660, 661, 662, 663, 664, 665, 666, 667, 668, 669, 670, 671, 672, 673, 674, 675, 676, 677, 678, 679, 680, 681, 682, 683, 684, 685, 686, 687, 688, 689, 690, 691, 692, 693, 694, 695, 696, 697, 698, 699, 700, 701, 702, 703, 704, 705, 706, 707, 708, 709, 710, 711, 712, 713, 714, 715, 716, 717, 718, 719, 720, 721, 722, 723, 724, 725, 726, 727, 728, 729, 730, 731, 732, 733, 734, 735, 736, 737, 738, 739, 740, 741, 742, 743, 744, 745, 746, 747, 748, 749, 750, 751, 752, 753, 754, 755, 756, 757, 758, 759, 760, 761, 762, 763, 764, 765, 766, 767, 768, 769, 770, 771, 772, 773, 774, 775, 776, 777, 778, 779, 780, 781, 782, 783, 784, 785, 786, 787, 788, 789, 790, 791, 792, 793, 794, 795, 796, 797, 798, 799, 800, 801, 802, 803, 804, 805, 806, 807, 808, 809, 810, 811, 812, 813, 814, 815, 816, 817, 818, 819, 820, 821, 822, 823, 824, 825, 826, 827, 828, 829, 830, 831, 832, 833, 834, 835, 836, 837, 838, 839, 840, 841, 842, 843, 844, 845, 846, 847, 848, 849, 850, 851, 852, 853, 854, 855, 856, 857, 858, 859, 860, 861, 862, 863, 864, 865, 866, 867, 868, 869, 870, 871, 872, 873, 874, 875, 876, 877, 878, 879, 880, 881, 882, 883, 884, 885, 886, 887, 888, 889, 890, 891, 892, 893, 894, 895, 896, 897, 898, 899, 900, 901, 902, 903, 904, 905, 906, 907, 908, 909, 910, 911, 912, 913, 914, 915, 916, 917, 918, 919, 920, 921, 922, 923, 924, 925, 926, 927, 928, 929, 930, 931, 932, 933, 934, 935, 936, 937, 938, 939, 940, 941, 942, 943, 944, 945, 946, 947, 948, 949, 950, 951, 952, 953, 954, 955, 956, 957, 958, 959, 960, 961, 962, 963, 964, 965, 966, 967, 968, 969, 970, 971, 972, 973, 974, 975, 976, 977, 978, 979, 980, 981, 982, 983, 984, 985, 986, 987, 988, 989, 990, 991, 992, 993, 994, 995, 996, 997, 998, 999, 1000, 1001, 1002, 1003, 1004, 1005, 1006, 1007, 1008, 1009, 1010, 1011, 1012, 1013, 1014, 1015, 1016, 1017, 1018, 1019, 1020, 1021, 1022, 1023, 1024, 1025, 1026, 1027, 1028, 1029, 1030, 1031, 1032, 1033, 1034, 1035, 1036, 1037, 1038, 1039, 1040, 1041, 1042, 1043, 1044, 1045, 1046, 1047, 1048, 1049, 1050, 1051, 1052, 1053, 1054, 1055, 1056, 1057, 1058, 1059, 1060, 1061, 1062, 1063, 1064, 1065, 1066, 1067, 1068, 1069, 1070, 1071, 1072, 1073, 1074, 1075, 1076, 1077, 1078, 1079, 1080, 1081, 1082, 1083, 1084, 1085, 1086, 1087, 1088, 1089, 1090, 1091, 1092, 1093, 1094, 1095, 1096, 1097, 1098, 1099, 1100, 1101, 1102, 1103, 1104, 1105, 1106, 1107, 1108, 1109, 1110, 1111, 1112, 1113, 1114, 1115, 1116, 1117, 1118, 1119, 1120, 1121, 1122, 1123, 1124, 1125, 1126, 1127, 1128, 1129, 1130, 1131, 1132, 1133, 1134, 1135, 1136, 1137, 1138, 1139, 1140, 1141, 1142, 1143, 1144, 1145, 1146, 1147, 1148, 1149, 1150, 1151, 1152, 1153, 1154, 1155, 1156, 1157, 1158, 1159, 1160, 1161, 1162, 1163, 1164, 1165, 1166, 1167, 1168, 1169, 1170, 1171, 1172, 1173, 1174, 1175, 1176, 1177, 1178, 1179, 1180, 1181, 1182, 1183, 1184, 1185, 1186, 1187, 1188, 1189, 1190, 1191, 1192, 1193, 1194, 1195, 1196, 1197, 1198, 1199, 1200, 1201, 1202, 1203, 1204, 1205, 1206, 1207, 1208, 1209, 1210, 1211, 1212, 1213, 1214, 1215, 1216, 1217, 1218, 1219, 1220, 1221, 1222, 1223, 1224, 1225, 1226, 1227, 1228, 1229, 1230, 1231, 1232, 1233, 1234, 1235, 1236, 1237, 1238, 1239, 1240, 1241, 1242, 1243, 1244, 1245, 1246, 1247, 1248, 1249, 1250, 1251, 1252, 1253, 1254, 1255, 1256, 1257, 1258, 1259, 1260, 1261, 1262, 1263, 1264, 1265, 1266, 1267, 1268, 1269, 1270, 1271, 1272, 1273, 1274, 1275, 1276, 1277, 1278, 1279, 1280, 1281, 1282, 1283, 1284, 1285, 1286, 1287, 1288, 1289, 1290, 1291, 1292, 1293, 1294, 1295, 1296, 1297, 1298, 1299, 1300, 1301, 1302, 1303, 1304, 1305, 1306, 1307, 1308, 1309, 1310, 1311, 1312, 1313, 1314, 1315, 1316, 1317, 1318, 1319, 1320, 1321, 1322, 1323, 1324, 1325, 1326, 1327, 1328, 1329, 1330, 1331, 1332, 1333, 1334, 1335, 1336, 1337, 1338, 1339, 1340, 1341, 1342, 1343, 1344, 1345, 1346, 1347, 1348, 1349, 1350, 1351, 1352, 1353, 1354, 1355, 1356, 1357, 1358, 1359, 1360, 1361, 1362, 1363, 1364, 1365, 1366, 1367, 1368, 1369, 1370, 1371, 1372, 1373, 1374, 1375, 1376, 1377, 1378, 1379, 1380, 1381, 1382, 1383, 1384, 1385, 1386, 1387, 1388, 1389, 1390, 1391, 1392, 1393, 1394, 1395, 1396, 1397, 1398, 1399, 1400, 1401, 1402, 1403, 1404, 1405, 1406, 1407, 1408, 1409, 1410, 1411, 1412, 1413, 1414, 1415, 1416, 1417, 1418, 1419, 1420, 1421, 1422, 1423, 1424, 1425, 1426, 1427, 1428, 1429, 1430, 1431, 1432, 1433, 1434, 1435, 1436, 1437, 1438, 1439, 1440, 1441, 1442, 1443, 1444, 1445, 1446, 1447, 1448, 1449, 1450, 1451, 1452, 1453, 1454, 1455, 1456, 1457, 1458, 1459, 1460, 1461, 1462, 1463, 1464, 1465, 1466, 1467, 1468, 1469, 1470, 1471, 1472, 1473, 1474, 1475, 1476, 1477, 1478, 1479, 1480, 1481, 1482, 1483, 1484, 1485, 1486, 1487, 1488, 1489, 1490, 1491, 1492, 1493, 1494, 1495, 1496, 1497, 1498, 1499, 1500, 1501, 1502, 1503, 1504, 1505, 1506, 1507, 1508, 1509, 1510, 1511, 1512, 1513, 1514, 1515, 1516, 1517, 1518, 1519, 1520, 1521, 1522, 1523, 1524, 1525, 1526, 1527, 1528, 1529, 1530, 1531, 1532, 1533, 1534, 1535, 1536, 1537, 1538, 1539, 1540, 1541, 1542, 1543, 1544, 1545, 1546, 1547, 1548, 1549, 1550, 1551, 1552, 1553, 1554, 1555, 1556, 1557, 1558, 1559, 1560, 1561, 1562, 1563, 1564, 1565, 1566, 1567, 1568, 1569, 1570, 1571, 1572, 1573, 1574, 1575, 1576, 1577, 1578, 1579, 1580, 1581, 1582, 1583, 1584, 1585, 1586, 1587, 1588, 1589, 1590, 1591, 1592, 1593, 1594, 1595, 1596, 1597, 1598, 1599, 1600, 1601, 1602, 1603, 1604, 1605, 1606, 1607, 1608, 1609, 1610, 1611, 1612, 1613, 1614, 1615, 1616, 1617, 1618, 1619, 1620, 1621, 1622, 1623, 1624, 1625, 1626, 1627, 1628, 1629, 1630, 1631, 1632, 1633, 1634, 1635, 1636, 1637, 1638, 1639, 1640, 1641, 1642, 1643, 1644, 1645, 1646, 1647, 1648, 1649, 1650, 1651, 1652, 1653, 1654, 1655, 1656, 1657, 1658, 1659, 1660, 1661, 1662, 1663, 1664, 1665, 1666, 1667, 1668, 1669, 1670, 1671, 1672, 1673, 1674, 1675, 1676, 1677, 1678, 1679, 1680, 1681, 1682, 1683, 1684, 1685, 1686, 1687, 1688, 1689, 1690, 1691, 1692, 1693, 1694, 1695, 1696, 1697, 1698, 1699, 1700, 1701, 1702, 1703, 1704, 1705, 1706, 1707, 1708, 1709, 1710, 1711, 1712, 1713, 1714, 1715, 1716, 1717, 1718, 1719, 1720, 1721, 1722, 1723, 1724, 1725, 1726, 1727, 1728, 1729, 1730, 1731, 1732, 1733, 1734, 1735, 1736, 1737, 1738, 1739, 1740, 1741, 1742, 1743, 1744, 1745, 1746, 1747, 1748, 1749, 1750, 1751, 1752, 1753, 1754, 1755, 1756, 1757, 1758, 1759, 1760, 1761, 1762, 1763, 1764, 1765, 1766, 1767, 1768, 1769, 1770, 1771, 1772, 1773, 1774, 1775, 1776, 1777, 1778, 1779, 1780, 1781, 1782, 1783, 1784, 1785, 1786, 1787, 1788, 1789, 1790, 1791, 1792, 1793, 1794, 1795, 1796, 1797, 1798, 1799, 1800, 1801, 1802, 1803, 1804, 1805, 1806, 1807, 1808, 1809, 1810, 1811, 1812, 1813, 1814, 1815, 1816, 1817, 1818, 1819, 1820, 1821, 1822, 1823, 1824, 1825, 1826, 1827, 1828, 1829, 1830, 1831, 1832, 1833, 1834, 1835, 1836, 1837, 1838, 1839, 1840, 1841, 1842, 1843, 1844, 1845, 1846, 1847, 1848, 1849, 1850, 1851, 1852, 1853, 1854, 1855, 1856, 1857, 1858, 1859, 1860, 1861, 1862, 1863, 1864, 1865, 1866, 1867, 1868, 1869, 1870, 1871, 1872, 1873, 1874, 1875, 1876, 1877, 1878, 1879, 1880, 1881, 1882, 1883, 1884, 1885, 1886, 1887, 1888, 1889, 1890, 1891, 1892, 1893, 1894, 1895, 1896, 1897, 1898, 1899, 1900, 1901, 1902, 1903, 1904, 1905, 1906, 1907, 1908, 1909, 1910, 1911, 1912, 1913, 1914, 1915, 1916, 1917, 1918, 1919, 1920, 1921, 1922, 1923, 1924, 1925, 1926, 1927, 1928, 1929, 1930, 1931, 1932, 1933, 1934, 1935, 1936, 1937, 1938, 1939, 1940, 1941, 1942, 1943, 1944, 1945, 1946, 1947, 1948, 1949, 1950, 1951, 1952, 1953, 1954, 1955, 1956, 1957, 1958, 1959, 1960, 1961, 1962, 1963, 1964, 1965, 1966, 1967, 1968, 1969, 1970, 1971, 1972, 1973, 1974, 1975, 1976, 1977, 1978, 1979, 1980, 1981, 1982, 1983, 1984, 1985, 1986, 1987, 1988, 1989, 1990, 1991, 1992, 1993, 1994, 1995, 1996, 1997, 1998, 1999, 2000, 2001, 2002, 2003, 2004, 2005, 2006, 2007, 2008, 2009, 2010, 2011, 2012, 2013, 2014, 2015, 2016, 2017, 2018, 2019, 2020, 2021, 2022, 2023, 2024, 2025, 2026, 2027, 2028, 2029, 2030, 2031, 2032, 2033, 2034, 2035, 2036, 2037, 2038, 2039, 2040, 2041, 2042, 2043, 2044, 2045, 2046, 2047, 2048, 2049, 2050, 2051, 2052, 2053, 2054, 2055, 2056, 2057, 2058, 2059, 2060, 2061, 2062, 2063, 2064, 2065, 2066, 2067, 2068, 2069, 2070, 2071, 2072, 2073, 2074, 2075, 2076, 2077, 2078, 2079, 2080, 2081, 2082, 2083, 2084, 2085, 2086, 2087, 2088, 2089, 2090, 2091, 2092, 2093, 2094, 2095, 2096, 2097, 2098, 2099, 2100, 2101, 2102, 2103, 2104, 2105, 2106, 2107, 2108, 2109, 2110, 2111, 2112, 2113, 2114, 2115, 2116, 2117, 2118, 2119, 2120, 2121, 2122, 2123, 2124, 2125, 2126, 2127, 2128, 2129, 2130, 2131, 2132, 2133, 2134, 2135, 2136, 2137, 2138, 2139, 2140, 2141, 2142, 2143, 2144, 2145, 2146, 2147, 2148, 2149, 2150, 2151, 2152, 2153, 2154, 2155, 2156, 2157, 2158, 2159, 2160, 2161, 2162, 2163, 2164, 2165, 2166, 2167, 2168, 2169, 2170, 2171, 2172, 2173, 2174, 2175, 2176, 2177, 2178, 2179, 2180, 2181, 2182, 2183, 2184, 2185, 2186, 2187, 2188, 2189, 2190, 2191, 2192, 2193, 2194, 2195, 2196, 2197, 2198, 2199, 2200, 2201, 2202, 2203, 2204, 2205, 2206, 2207, 2208, 2209, 2210, 2211, 2212, 2213, 2214, 2215, 2216, 2217, 2218, 2219, 2220, 2221, 2222, 2223, 2224, 2225, 2226, 2227, 2228, 2229, 2230, 2231, 2232, 2233, 2234, 2235, 2236, 2237, 2238, 2239, 2240, 2241, 2242, 2243, 2244, 2245, 2246, 2247, 2248, 2249, 2250, 2251, 2252, 2253, 2254, 2255, 2256, 2257, 2258, 2259, 2260, 2261, 2262, 2263, 2264, 2265, 2266, 2267, 2268, 2269, 2270, 2271, 2272, 2273, 2274, 2275, 2276, 2277, 2278, 2279, 2280, 2281, 2282, 2283, 2284, 2285, 2286, 2287, 2288, 2289, 2290, 2291, 2292, 2293, 2294, 2295, 2296, 2297, 2298, 2299, 2300, 2301]
       raw_losses: [0.4943213213931073, 0.7997701318709405, 0.930334848689509, 1.1749755187785669, 1.1623047710338354, 1.5010560877593881, 1.0040020591173417, 1.4555704720291025, 1.1955546861166482, 1.5417048387475065, 1.4050688092961854, 1.9856177136138244, 1.268565024648394, 1.4955521867825434, 1.3685099639735379, 1.3183436400287754, 1.710851361900022, 1.8834266503215273, 1.8955354066122145, 1.9198731382687886, 1.8384885905863164, 1.6635153474825206, 1.7957287384913518, 1.8559973069599696, 2.4706968868171777, 2.1050945943965145, 2.4071227866651372, 2.8195306870526884, 2.986021510410658, 3.168465631348746, 3.547441643236321, 3.076579660723061, 3.3192151496698568, 3.25208373995491, 2.6429010297789244, 2.7432249037774055, 2.4284550165518737, 2.296887362832988, 2.3145605624813737, 2.570375910390428, 2.6777676138685735, 3.088428353215312, 2.7744168095536286, 2.7507092214766002, 2.9074121611022252, 2.8337285929110463, 2.910760738910773, 3.1217536668637735, 3.091228548205379, 2.834990614063137, 3.2144428932623113, 3.0290158495798214, 3.4635712117939206, 3.527099303710155, 3.3267319171856613, 3.322284682329758, 3.219222740812616, 3.4189016867033293, 3.4909598508597295, 3.354235428593534, 3.190358179392832, 3.408069142491826, 3.0012302651946796, 3.236148781392164, 3.309279420000293, 2.9023316622653725, 2.7424411612115938, 2.8270771477248644, 2.88464403065133, 2.8166571720179183, 2.8379565490471137, 2.8352861190453553, 2.763046538436806, 3.1461225831028305, 3.0089162917800873, 3.0708487920272045, 2.6557882932516246, 2.749058919948536, 3.211038740999969, 2.7654317307384897, 2.4645571278565095, 2.4186603127818405, 2.6892535869891825, 2.8533519126556732, 2.97373904413356, 3.007462207432632, 3.010427224767077, 2.9969105685586896, 2.9597075767132823, 3.1302463580400515, 2.9146902720570127, 3.122703727785048, 3.120057551415412, 3.3616134640061377, 3.1612932350172667, 3.2932622747106866, 3.3078790990424243, 3.2544801772295773, 3.3811623753208817, 3.5087917104308857, 3.1223631616913794, 3.2909331173250527, 3.405251166322729, 3.5011558829646408, 4.040466449199578, 3.9189537272348507, 3.7273016412616213, 3.840077449987223, 4.04680425343496, 4.033304478222634, 4.27912777422112, 4.434706604087745, 4.678221086879353, 4.27162086046659, 4.113880413355845, 4.087245315422505, 4.284939359832596, 4.106736052167284, 4.142574534748063, 3.955611989175007, 4.073503623951923, 3.996367794690115, 4.0397817846182935, 3.6113703700648996, 3.767477427428459, 3.807630887398353, 4.4787791805826265, 3.5775193039314215, 3.6428676629677796, 3.9374377609609246, 4.354479444769276, 3.853639835403079, 3.870230423225151, 3.9640189701820905, 3.7791256651336895, 3.9571058575486964, 3.9526087111169166, 3.9727016552027328, 4.146534801839472, 3.9929891436091274, 4.427678406020224, 4.135100615330232, 4.590665586702117, 4.285439929682693, 4.855937512366326, 3.8075985183645953, 4.38990131402627, 4.077949306467077, 3.774568863404103, 3.4420239191788893, 3.7622396714521416, 3.5566800832748413, 3.7105104132886333, 3.74771484263214, 3.863376884670048, 3.6693651361779853, 4.201896858739329, 4.347130476336776, 4.385665248165201, 4.229632557093442, 4.452094189849966, 4.387760105587187, 4.578069455457694, 4.640510154731108, 5.0876158357976555, 4.906124687020158, 5.585077264806727, 4.946161729512197, 5.1587929751846815, 4.83433769430433, 4.6981075910421515, 5.024145307121696, 4.915092089237311, 4.789348814076993, 5.040837806659741, 5.023249812178559, 5.443985036004594, 5.200165787022629, 5.164614200592041, 5.383814502985049, 5.182912465635237, 5.16054810883798, 5.455059723321335, 4.82017271509974, 5.035282272558946, 5.048265975036901, 5.045617312738747, 4.837453341091072, 5.058298367720384, 5.243077457387805, 4.973196902554551, 5.166096106117025, 5.08720114117577, 5.0543652436672115, 4.869145443587949, 4.773667694884779, 4.675937872666579, 4.656754359220847, 4.670063054605281, 4.573801116192297, 4.768073968398265, 4.857388983716022, 4.93881544088706, 4.885719081857702, 4.931445286387489, 4.92155984207824, 5.137863452617939, 5.254117049577036, 5.024747481712928, 4.878957190356412, 5.179601572372101, 5.340643739525651, 5.110008491264595, 5.250485837677896, 5.014554731575124, 4.729633984111604, 4.999477461580828, 5.271532162641868, 5.358810292058812, 5.072599569519798, 5.261983731290797, 5.217073590327532, 5.561147915137993, 5.814394035618821, 5.430366024429545, 5.5483943333119266, 5.8320532613621525, 5.432490169783652, 5.0458904177277955, 5.326176859956958, 5.049541703947297, 4.968933243454594, 5.098778375775823, 5.334806823905135, 5.815295194094871, 5.183890264986199, 5.361778939599956, 5.555077043645111, 5.452604092957773, 5.396030581477797, 5.770831656543327, 5.311408450751951, 5.064426260116773, 4.994550470904116, 4.871147436973376, 5.1147542750879085, 4.897665944291559, 5.208052657026074, 5.48043090781886, 5.496369956613897, 5.465344459582598, 5.385631767384735, 5.46813839783162, 5.5409334395831324, 5.642632914113475, 5.23905808934362, 5.216397909891038, 5.651646160817409, 5.742223485485538, 5.0332399025941505, 5.277510072722103, 5.194421160352099, 5.414367952626267, 5.547558808938051, 5.58661778593238, 5.693802698191269, 5.448829339100764, 5.438827081477686, 5.342880703154064, 5.097756486235958, 5.249353418420086, 5.269115703883188, 5.524603255065806, 5.204373364920144, 5.440522304821363, 5.106783922775325, 4.666737437684894, 4.689837545702309, 4.768657885191641, 4.899730243088999, 4.951457004407387, 4.763739018213181, 4.653810053081303, 4.604766154900576, 4.894221525925857, 4.992617439437699, 5.2428703264439065, 5.294420503434681, 5.478209445764731, 5.458241623399895, 5.606115536812024, 5.596957398858263, 5.958992101333954, 5.677902826022753, 5.444081092492128, 5.134890752834278, 5.139439783253512, 5.002629066998269, 5.454739085920564, 5.363007244172987, 5.1076918504177, 5.294506514028752, 5.159445871800293, 5.122614173225431, 5.186919865154085, 5.2391623097024995, 5.156049342382522, 4.97356407720964, 5.230856999372825, 5.030689368754516, 4.987307181725135, 4.835882872452229, 4.891882665864714, 4.849443751813728, 4.89931363151187, 4.916543225229005, 5.046008616576701, 4.959555479196402, 4.8712756764757765, 4.8741540633715115, 4.874494630120176, 4.992351045538654, 4.951128728223807, 5.275384869330969, 5.460062302512563, 5.387479128855052, 5.384696891456296, 5.221699571434831, 5.018424785180843, 5.18607710918664, 5.2451843822395405, 5.134223827075609, 5.274359917029356, 5.086954157867711, 5.30250177016625, 5.200852831641396, 5.122511085573134, 4.954773921232957, 5.044369749970489, 5.333208489330697, 5.027147526269431, 5.407725667778825, 5.24368610224881, 4.919130967213557, 4.949415600780165, 4.87282428025326, 5.183559142626249, 5.271095668876564, 5.135964611947755, 5.35606885829688, 5.194577817515139, 5.018454097129486, 4.969564734361111, 4.9695918673560735, 5.36396438734872, 4.848845320743519, 5.109156798093747, 4.902082959374229, 4.661797012164916, 4.728132714718689, 5.218470686084622, 4.652246680451837, 4.919666390715938, 5.112526922872215, 4.841749910906557, 4.972738505283118, 4.927096095277276, 5.043239100075467, 5.075814578122708, 5.090901776547834, 5.208707006859692, 5.256277734980042, 5.4542419246701535, 5.629152329413445, 5.532139131001064, 5.565933272952125, 5.801806393997136, 5.564824402113974, 5.8058674684810985, 5.8673120854975105, 5.710441461849562, 5.959858328431517, 5.749438604592403, 6.137289996548887, 5.726082127609533, 5.9073746143243255, 5.8549096418387725, 5.811865697413574, 5.902269227164132, 5.787009131777418, 5.853673280813755, 5.752787588280199, 5.9056149288848205, 5.721600500218598, 5.860770107625605, 5.780358242901253, 5.533671488255371, 5.586517292501289, 5.828909718509996, 5.604301054399092, 5.839511597986187, 6.0385793923458335, 6.029043434303759, 5.936708650309524, 6.178016355186155, 5.951512474716801, 6.186667074650635, 6.014645804415692, 6.244763521921067, 5.955178969072335, 5.787240934895945, 5.893462240477621, 5.921831216567602, 5.698648892916166, 5.654646915393871, 5.538644002907442, 5.916609096876431, 5.897215507842682, 5.7294903473976335, 5.853944295055264, 6.244243550213265, 5.813565146792066, 6.220141822165186, 6.130925437032958, 5.958341472314828, 6.025101694868598, 6.000476768165281, 5.930451413213988, 5.91347302490975, 6.07601274238838, 6.051345563742704, 6.1138206026448625, 6.232949482106464, 6.406840628320044, 6.262852308514354, 6.63969061706529, 6.373449172292437, 6.428342949776423, 6.314024340975416, 6.619233822211241, 6.387069606082344, 6.313634089061192, 6.348215690899244, 6.251139096724681, 6.147166362175574, 6.283836753377111, 6.483120747974941, 6.4842056311093845, 6.806451675219414, 6.462761315670642, 6.4862196035000865, 6.941632704857068, 6.339464081949367, 6.213008521677374, 6.1781292616666015, 6.131012951498066, 6.390475885335342, 6.273188941207998, 6.1496962776114215, 6.219440804296361, 6.256407056535993, 6.455905302976951, 6.288425459529891, 6.642807703751784, 6.5681022968921035, 6.328359976356283, 6.406024124159481, 6.459998561349107, 6.534195827913808, 6.443587306654933, 6.588347929301279, 6.977003611051119, 6.863083174813798, 7.665443160158374, 6.590384086846432, 6.736403035593557, 6.767569639743903, 6.909399954827277, 6.610474363788144, 6.361591098946093, 6.246520741081937, 6.316806319869045, 6.287676841784746, 6.371008965558621, 6.328543219374213, 6.380618339929825, 6.292819357616997, 6.296142068101373, 6.440707577890529, 6.280150476392809, 6.424004303230034, 6.4066143577352115, 6.36051219810933, 6.432355195174724, 6.574908956939921, 6.373936857495989, 6.473041571976938, 6.5659653913407094, 6.457788299728226, 6.432923434854864, 6.46957083150144, 6.47820889032804, 6.604912530808222, 6.445861266209529, 6.708332357825814, 6.798513813333197, 6.958750816491934, 6.943293062321869, 7.1935555306109755, 7.055480353561514, 7.087997219938061, 7.308694082302051, 7.1772724726261234, 7.369519383042723, 6.925014632088797, 7.026889808012015, 6.743254738412934, 6.9439021693917855, 6.7849635772216015, 6.767767107967055, 6.800983311929109, 7.448650227361546, 6.711051333081591, 6.901395077233786, 6.573673817700955, 6.630314056689922, 6.640501589128823, 6.413275748382121, 6.511291490806328, 6.378761878380408, 6.632179665478158, 6.625753407949929, 6.562344068135971, 6.952974908081167, 6.42006007306305, 6.496177180782779, 6.985581126405206, 6.636391417884128, 6.557557748787569, 6.6756247609526245, 6.90838886267973, 6.587159711362678, 6.871501087705731, 6.910302549054771, 7.097977513358707, 7.046727521952255, 6.982773798289316, 7.056826815937028, 7.293999544430128, 7.2353118391700715, 7.329177580473623, 7.0241371388837095, 7.205559079900329, 7.194442066954169, 7.354599495073814, 7.366589664102911, 6.967466759594369, 6.969620240040315, 6.8171810911688615, 7.046202556554214, 7.027831194601653, 6.730272686961806, 6.999601888132619, 6.909485421337924, 6.959820080152798, 6.674007668163314, 6.88553262193561, 7.171625817651714, 7.150072608675275, 7.019791525362176, 7.118168458833799, 7.28599995745844, 7.265523186533442, 7.483664224435995, 7.3707528454916815, 7.019204756279131, 7.030146262584588, 7.309746419990455, 7.131133261181059, 7.100457010688363, 6.868360178811209, 6.966058009710068, 7.038118285573883, 7.079620859125158, 7.059041376952287, 7.361832616966723, 6.990866231394338, 6.947350712486239, 7.238272682651059, 7.249920177809048, 7.0555820272955705, 7.021929209048931, 7.026336867294032, 6.980287931777618, 7.105226546416789, 7.330633747708666, 6.768356817545908, 7.153525419724294, 7.073042422423869, 6.941532021477109, 6.798133258854513, 7.086548965929192, 6.870887373829936, 7.129786724572654, 6.727090527286459, 7.148028192939339, 6.7399793815263465, 7.0156608169332095, 6.972806120966817, 6.878686531122788, 7.1630141612810965, 7.018399854282756, 6.940798368209448, 7.03630166612702, 6.718318028327746, 6.772986221662808, 6.933806601898137, 7.33296829090887, 7.089150810416365, 7.0089081739768, 6.959376425970168, 7.196040704573467, 7.2369999920492205, 7.066139761781518, 7.376070422567291, 7.216349341493824, 7.254245976388673, 7.181504422491724, 7.596460637592134, 7.248608968196771, 7.353358016345964, 7.361329464685349, 7.536639313994747, 7.360171178321699, 7.257141060881562, 7.120775397443946, 7.219578532508878, 7.214932969201615, 7.193896794057155, 7.252099258122427, 7.543691126854865, 7.127720223241673, 7.1429389999026345, 7.1846347990490145, 7.077420964782491, 7.42603754735255, 7.167267946096567, 7.156042588936104, 7.4152397052709, 7.326368894332495, 7.225658408888093, 7.264386083616879, 7.357505563414577, 7.278465970531925, 7.636843071752415, 6.9816615494179635, 6.8560929001469315, 7.287847993138072, 6.979515190089579, 6.894352323406345, 7.337170213133424, 7.285962978125492, 6.621474201425965, 6.721377379728324, 6.775363761426765, 7.011730988820394, 6.7409121579739635, 6.870990566281608, 6.774125608332428, 6.971693901788621, 6.962223481782627, 6.939441074818482, 6.861236839504032, 7.18733270963033, 7.193055679509928, 7.16198471963624, 6.926807714469267, 6.949113276415256, 6.990431044127915, 6.9234069782299, 7.29547211538741, 7.109717053808136, 7.176590874954894, 7.090680721478584, 6.931250676130637, 7.021937438419887, 7.226739587364616, 6.960523142482772, 7.064273925927969, 7.144006623453273, 7.181240393565251, 6.9271878226772765, 7.005790150645888, 7.0709842299367045, 7.089144733799246, 6.952067529762184, 7.032250256765456, 7.197757984692361, 7.014962735193553, 7.114844866288014, 7.393572628279745, 6.887342940320026, 7.113005080065885, 7.467001158675868, 7.247720981255556, 7.122459084996374, 6.983682127662631, 7.140104166317335, 7.3026832984044, 7.209958214462895, 7.114375037588043, 7.333155303647667, 7.684938355679914, 7.451685868776762, 7.612962445933303, 7.717383079039744, 7.247486028042468, 7.29676860505408, 7.244939048648317, 7.060863943763705, 7.22250298790006, 7.479179846934783, 7.710671011781518, 7.739632468520504, 7.123838629914728, 7.023501045101291, 7.216397921244304, 6.94758653204083, 6.919031265454414, 7.091747668199924, 7.023869941522787, 6.979798387695145, 7.174681096723228, 6.861755106475327, 6.5580792881193615, 6.661076298563471, 6.584663747431158, 6.625026769253797, 7.015236113097641, 6.57205484638284, 6.6864385805723865, 6.700896007237417, 6.396314273387085, 6.766905195110446, 6.511937863660819, 6.658307561944256, 6.708265432944665, 6.437848788041335, 6.480993621078603, 6.653982861138089, 6.869911904736753, 6.403659324506264, 6.417513706745246, 6.420160869102339, 6.668124293233012, 6.56774042726873, 6.421794713198484, 6.468985233114752, 6.647643929436093, 6.52183626422952, 6.662791162183433, 6.942222526221921, 6.763629007688809, 6.478005655519255, 6.545800628242912, 6.837123718017187, 6.601341338384719, 6.515035389980554, 6.694933282586681, 6.971172480356126, 6.89642535111843, 6.744096564722585, 7.0256558399060705, 6.80019131510249, 6.851241967616937, 6.833223016270788, 6.950868834506024, 6.97387051320338, 7.21743083742512, 7.160385142315875, 7.467811805424673, 7.044944659257546, 7.179275393049359, 7.138486626384022, 7.28922702279283, 6.983376504737379, 6.906067602800363, 7.100708828740941, 6.869521714828827, 7.23151001563439, 7.144335196568416, 7.106100547881353, 6.980262331036857, 6.674405221100692, 6.619192232579102, 6.86259818251753, 6.95956368411417, 6.8726893824972075, 6.973400247839344, 7.028781935408875, 6.674231473342839, 7.019255643362527, 6.64369024898543, 6.704793596442366, 6.736378136135283, 6.757008986595349, 6.585513752458733, 6.7451385141729, 6.708576313741914, 6.808543372940231, 6.731763715709086, 6.637414138395708, 6.662901392786494, 6.7281901233798855, 6.521745474783929, 6.8078468928843625, 6.435247186339382, 6.207149080304435, 6.168667133911189, 6.333902549394321, 6.271709212453374, 6.379802457578889, 6.345473202156933, 6.373212679838523, 6.259438498116238, 6.071998283539936, 6.315600710474091, 6.034398225637583, 6.294999618670006, 6.117372927648244, 6.185169134384546, 6.107058319853339, 6.231403860853705, 6.274874647895058, 6.558388839274536, 6.447572265352521, 6.444648790708828, 6.442466667283585, 6.2137843278738165, 6.471573440583198, 6.3780670829745, 6.248361089727381, 6.197615881105919, 6.2522190647684175, 6.200768917034834, 6.005743780415574, 5.939436123921321, 5.948112231907827, 6.171390295902015, 6.1246118030268635, 6.00918362341521, 6.013400462084201, 6.241959507212098, 6.103064212170276, 6.109367964468596, 6.1185600975930905, 6.122218327644544, 6.467520082389916, 6.397479018012246, 6.361644233102764, 6.44094300968743, 6.313707549930055, 6.262961472347106, 6.106407451105642, 6.442246416112879, 6.368658847424573, 6.684234418275156, 6.426722515197027, 6.357490976214845, 6.656874121327103, 6.419100376275869, 6.423260883533911, 6.524355135557852, 6.640822146838401, 6.543391433390942, 6.846981687860175, 6.187348323863941, 6.4288125570877135, 6.457831576630309, 6.430415501088013, 6.341615241089147, 6.353011788902702, 6.046834480194819, 6.042258598865607, 6.1043303449511965, 6.111135567500915, 6.098384801284734, 6.073688893964439, 5.907321619900155, 5.90575588579143, 5.782840306068952, 5.938766298713265, 5.8025287717253295, 5.873755429690574, 5.884651522933345, 6.079824735830118, 6.016268161626963, 6.067625432660728, 5.994854088667985, 6.067876799202664, 6.068164653393811, 6.171815361295428, 6.049024799367884, 6.002529403665563, 6.177340020190228, 6.270367184838096, 6.189912752354101, 6.23841357755137, 6.074636373764429, 6.229443381557535, 6.150016899947282, 6.143601167769659, 5.98781782803518, 5.915394125840603, 6.075317226486765, 5.892737485113598, 5.9371893266181806, 5.9445299464704355, 5.916959807986305, 6.054625623828763, 6.040153765416408, 6.146769939324795, 5.962525520569239, 6.020757065587865, 5.956159409149226, 6.062495046482855, 5.900471718756707, 5.959997498508775, 6.047870252595279, 6.174123835650993, 6.071065425872803, 5.972373886422797, 5.91113744201241, 6.072637200792194, 5.992301566260202, 6.155279987460965, 6.123613802941291, 6.483099736573496, 6.334302369491521, 6.204603364616086, 6.221950564192328, 6.3685994532518775, 6.362315391446208, 6.424572330691439, 6.283320973644327, 6.38820384710263, 6.1659559059492395, 6.402541281102778, 6.258141493185972, 6.3147546135898915, 6.140141382322207, 6.273960539709518, 6.354299373242444, 6.49381750581902, 6.271534046410641, 6.360275686878861, 6.22745140393575, 6.234670907149821, 6.230853246681856, 6.233953533591805, 6.06891901851137, 6.237394799242963, 6.16717301096235, 6.1949088381323625, 6.26739594132909, 6.206993077700828, 6.329228404677394, 6.27748660552196, 6.438646497307243, 6.25192853644654, 6.192447292935717, 6.098276128699054, 5.975092190089243, 6.102697619588384, 6.147171485118377, 6.214209673605559, 6.176116500582014, 6.3466360830998685, 6.11636772784558, 6.1501495366568095, 6.213980397898635, 6.308369168431768, 6.055507304467561, 6.092787571442433, 6.20278153926025, 6.024429328275687, 6.10022942836468, 6.078591308314285, 6.395206796380626, 6.145864889298603, 6.204751428667006, 6.195251725968861, 6.164741028796185, 6.21416450944139, 6.074453778319306, 6.038788103795314, 6.050243872862596, 6.30423735960936, 6.281049744986789, 6.202818371000744, 6.123181808562506, 6.188147932618529, 6.157339891671261, 6.207281283843211, 5.783453640047011, 5.763373565324497, 5.9519143253019005, 5.593636650742192, 5.672020485112955, 5.667098440966764, 5.782655798908555, 5.780503651161333, 5.722351248884376, 6.011941009388739, 5.949604208216126, 5.835632078813546, 5.776985063657656, 5.95184019546369, 5.846994360724648, 5.556801199913025, 5.613567832625392, 5.850825832003639, 5.579631522024944, 5.707713137616168, 5.765817855303977, 5.723736605801425, 5.694303063682584, 5.770586495871072, 5.671422722575429, 5.883810411006103, 5.955240161427648, 5.817193260996333, 5.625741442917904, 5.555662395316602, 5.466678357386327, 5.504830450365395, 5.514918924687983, 5.6127693041777, 5.876837333916744, 5.716800399315663, 5.708281167697558, 5.773770327969785, 5.76338511858231, 5.88596130771078, 5.454337788152171, 5.741078267604004, 5.3469067842532425, 5.394319697614118, 5.416246557410384, 5.57746950566987, 5.4427509403927425, 5.799097561574245, 5.502905902408418, 5.616250301892068, 5.682140002757202, 5.685120737159645, 5.53589917189909, 5.698297896227994, 5.696132401406984, 5.607906372119219, 5.47219395724845, 5.659472219236604, 5.821515015193394, 5.372196752946455, 5.362416382674333, 5.458898521604992, 5.526326762014256, 5.573026715617477, 5.616881602849716, 5.6094252940935965, 5.541511808996235, 5.6716128172891915, 5.508323149803357, 5.660481156010331, 5.5335790028065555, 5.515359991199368, 5.478210976708939, 5.628842297054472, 5.782988012055338, 5.797190153555119, 5.565285914110177, 5.5082978163010035, 5.631356815715413, 5.731369025541312, 5.71112533061059, 5.957167641147152, 5.591690518480518, 5.6864041076911676, 5.786824815002554, 5.7191246682470975, 5.680168747028588, 5.633781750996907, 5.899123163886996, 5.609006552032499, 5.675049552114019, 5.7625484850817115, 5.626022703045017, 5.672390126483345, 5.665450331055638, 5.523059300887279, 5.521222932871445, 5.765099144680596, 5.645439826525175, 5.6798790706383, 5.658573080768515, 5.631811178647554, 5.480572453785292, 5.668078847857186, 5.658820476287451, 5.439526809440864, 5.808834058461172, 5.5984587870238025, 5.408621795448191, 5.536932051836789, 5.569309575217111, 5.537810271476214, 5.565023636206602, 5.5185777093027975, 5.510838879770412, 5.727052058055724, 5.693648315611339, 5.410757334677728, 5.7103903118943995, 5.551689079829624, 5.622032402199267, 5.44044324417254, 5.511488210587275, 5.645454080113561, 5.592358470399738, 5.595769090093536, 5.408340378122015, 5.538551801290268, 5.41489714493245, 5.417164812157879, 5.6463358996115325, 5.5431648671845375, 5.680618167360187, 5.417015553830744, 5.455447467692169, 5.639628654434567, 5.658174614329915, 5.631470247066065, 5.852016138943124, 5.521797928617987, 5.474869689225277, 5.697042318490835, 5.582672386379032, 5.486834068438072, 5.531990687925737, 5.72570480182494, 5.632460664916825, 5.620039504089635, 5.463350942283323, 5.657895411327209, 5.596776682815272, 5.536616072986589, 5.670345060117952, 5.4628442626296385, 5.577499684833345, 5.592902308418637, 5.678363600056687, 5.54893420292781, 5.37407113518907, 5.485663055936932, 5.5344617410457175, 5.575803308696537, 5.5654914658584875, 5.470228956732558, 5.644171283358619, 5.425727568266592, 5.568865447690635, 5.5961724270831095, 5.527118665394766, 5.467000372680552, 5.461832161788102, 5.609103710223467, 5.61524264891069, 5.496346788965302, 5.509374936421712, 5.467271103527083, 5.386191286010183, 5.543007229710673, 5.7554009554587005, 5.372712414779943, 5.444707753457429, 5.583491770775764, 5.432301956218677, 5.386852573562455, 5.35072166229779, 5.51027808870588, 5.6055328976977, 5.423770437747131, 5.49940293437832, 5.578728709902082, 5.283330961898133, 5.3101911929064185, 5.345317700843672, 5.314159053585905, 5.322280995575063, 5.619730021927383, 5.345622479697287, 5.439292171499232, 5.334981529703944, 5.4565405286712085, 5.417896046306624, 5.574357444986756, 5.494343683396504, 5.75517568221459, 5.42436317995791, 5.358131724836189, 5.344545961736323, 5.40543147845146, 5.432085343769619, 5.392976346906725, 5.389319847791623, 5.457058030607063, 5.5145318525614755, 5.403139565890525, 5.422726593611441, 5.52569333930592, 5.424419769873986, 5.321646727048433, 5.358999942685221, 5.385437760160956, 5.314564004049196, 5.475798309940995, 5.481384327996781, 5.355179659176222, 5.5120789755831705, 5.537242380253998, 5.3047127418029, 5.554635465800107, 5.360172374781235, 5.341585709498479, 5.48535462351509, 5.464415807863731, 5.375500096506252, 5.371760937757108, 5.574008356520545, 5.409067007211538, 5.395320537762764, 5.3147503805684515, 5.42908130198608, 5.311015693259327, 5.425006213205638, 5.484185025805519, 5.638501773387085, 5.411631254049448, 5.626882949154893, 5.520466846424145, 5.5819438481942205, 5.42098686109969, 5.426544799909487, 5.49641487624619, 5.357032373274639, 5.1944026204692575, 5.452147020088447, 5.4344290647751246, 5.218323513701722, 5.451007215094654, 5.387256297436389, 5.365563273866535, 5.320442567378174, 5.3606320929614615, 5.328407547849438, 5.311356179006807, 5.430791796345414, 5.439565297011491, 5.403212769127591, 5.309529500129895, 5.316764231566545, 5.298883065199241, 5.143906354030847, 5.175327115879828, 5.273011559531803, 5.345578722028068, 5.280283634479229, 5.248974283099611, 5.317507265251635, 5.37767713759845, 5.374328632494469, 5.342994353273412, 5.337285324767396, 5.383379385148213, 5.211263654432891, 5.267055163016686, 5.139709393183391, 5.394527772407392, 5.275132230349949, 5.294268381901277, 5.299731316583934, 5.26195785064837, 5.195134255038949, 5.142659904755952, 5.409698334805695, 5.361057035652273, 5.203970454988026, 5.176735271027673, 5.331734273023221, 5.2541475007822225, 5.205848295610029, 5.0732624513325675, 5.194048305134197, 5.13030576094603, 5.109624267934443, 5.17677639517592, 5.200162259213654, 5.263869169430855, 5.307511591649318, 5.154049935358348, 5.166061958550533, 5.095142539167579, 5.364314569221748, 5.1449087251237025, 5.217467863481123, 5.118860049125476, 5.167921717786964, 5.179758133905711, 5.436785805356371, 5.12892520122039, 5.180853656796745, 5.269713058576479, 5.333922187050621, 5.252411231016501, 5.187433371613751, 5.160627005301116, 5.173719789518978, 5.031235181368315, 5.141993858002045, 5.187798770792755, 5.191974297547952, 4.940458090750726, 4.94413790772686, 4.890835529281979, 5.0480669894061245, 5.200916322596344, 5.07685721488226, 5.039231623485412, 5.336280812273968, 5.050117797903962, 5.021539023070981, 5.036397049278567, 4.970972314422384, 5.00930165502178, 5.112620128380073, 5.164891866537241, 5.024126519213666, 5.136399994403015, 4.9690209579118445, 5.086266337296902, 5.150892015778538, 4.963744456951435, 5.058551700123937, 4.976796729660733, 5.060334981579484, 5.071566412300418, 5.061362599278544, 4.959306550986601, 5.093199451764424, 5.080417488957499, 5.045514974838648, 4.958178462126316, 5.0155306945353635, 4.997504883633429, 4.985879124739231, 5.189497452515822, 4.9131032433701955, 4.954307495892703, 5.194164823699784, 4.979390638215201, 5.001282634752574, 4.985639486557398, 5.20554041775155, 4.983097906951066, 4.949236490787604, 4.950863109840141, 4.946914200817709, 5.061114289821723, 5.085627035343603, 5.15713510059175, 4.87122371388879, 5.1697818372712465, 4.936745935307318, 5.039103721087669, 4.947345224055615, 5.067690673328581, 4.9458827544481325, 4.893519680141966, 4.936957511273059, 4.998907904048543, 4.967800739483955, 4.959406819535699, 5.122538873564193, 5.081838041871459, 5.026401289216765, 5.095518537056752, 5.04519103822254, 4.877073999289628, 5.083555893146948, 5.0109300788068944, 5.288977851797809, 4.927318173450428, 4.954875351308466, 5.143231006332369, 5.013933218442476, 5.148725690422477, 5.049745859243931, 5.0372157114329354, 4.9908665750489565, 5.199613922681564, 4.954244689190344, 5.1254475850325365, 5.077458883379842, 4.978258423752838, 5.2193375411051095, 5.1250844062902985, 4.957324619694944, 5.071234685597402, 4.953508735576392, 5.04721431679778, 4.973955617282853, 5.093695567641066, 5.136895698505444, 5.171452300889151, 5.161765732607999, 5.172302532545376, 5.076178914024716, 5.097024103660723, 5.061668219583812, 5.14669706707909, 5.0690130191844895, 5.1081695425641405, 5.134754174794907, 5.191898662092048, 5.268929210774628, 5.0552677147554395, 5.096298657057486, 5.040057970927312, 4.99948999995277, 5.061898984315195, 5.134031678294088, 5.075950755304469, 4.904759019285768, 5.1450198744679545, 4.953843033794081, 5.129517590169941, 5.033220347904024, 5.035337444626805, 4.957865968292013, 5.05753046689016, 5.253711752402476, 5.198484514659141, 4.913283031938714, 4.990493483595795, 5.000009875157814, 5.138079260731791, 5.126727420331794, 5.290779867888371, 4.925692277950245, 5.078169700426933, 4.941622255922674, 4.978811405080578, 4.920406103570819, 5.0753350384506115, 4.976371046824333, 5.0967711214617495, 5.149286043949616, 4.89443023562868, 5.12204557242411, 4.991031599568797, 5.054697986924168, 5.137517808121203, 5.061298552886907, 4.884860587207389, 5.028917632696829, 4.895450468465086, 5.015660336602738, 5.006532191793561, 4.9989898187336905, 5.132145336259415, 5.10021106052748, 5.04179384070875, 4.906895504766331, 5.119967833980099, 5.234631584677504, 5.046735477534843, 5.0673168281932455, 5.218640133574769, 5.11141852013794, 5.124732204845974, 4.864491162282643, 5.130242614955693, 4.89782971733219, 4.8693213903860295, 4.849443430865641, 5.0240722846635535, 4.86648888072688, 5.115366643165057, 5.034216337588244, 4.91071499529339, 4.908195962399353, 4.977474747559963, 5.086987695414504, 4.888157571191753, 4.9243100095581225, 4.918116770821177, 5.033608742685982, 5.061638987981356, 4.94680220303518, 5.000929721545824, 4.945370921721826, 5.042397344942058, 4.919525356956454, 5.101567031262995, 5.115787755438697, 4.981111863157252, 4.951006744370792, 4.914488884118887, 5.015961991998302, 4.988135143077417, 4.932291076296852, 5.059115611153208, 4.945457950616494, 5.155540189900241, 5.011889069508284, 5.039720654050946, 5.08068062708928, 4.885497546457982, 4.9837857864715245, 5.012080649753194, 5.056903029536153, 5.2554064722724885, 5.0697606688454036, 5.1171954944456886, 5.028004789963747, 4.989630723174239, 4.880302951012776, 4.991882779222705, 5.166446317683209, 5.155422726830284, 5.041443778481676, 5.071466023668702, 5.019744834620437, 5.102583228013454, 5.0506384543010165, 5.086727086877648, 5.060183273130284, 4.862256049236535, 5.105697622229328, 5.015063064438956, 4.8511447338830855, 5.038813256518745, 5.113805204520732, 4.919559529849461, 4.963563033949325, 4.979709908202454, 4.964971342366257, 5.090088936872098, 4.9129057218740275, 5.174633448813861, 5.000484010675451, 4.947994119081741, 4.901920355719961, 4.9076375882704175, 5.043616569522536, 5.1471257502342755, 5.111208506119557, 4.983120520472963, 5.164917912675348, 4.961233111091586, 4.970118497317527, 4.958901097922971, 4.911120544859778, 5.059460095870189, 4.881355438913618, 4.920242899940128, 4.9904620088500415, 4.935737857015142, 4.780078414158943, 4.854223344788883, 4.952037713029882, 4.976971699204637, 5.044041292134659, 4.953464801058228, 4.91343321337368, 5.029284276805082, 5.027242697638906, 5.070998781329983, 4.98685452789614, 4.9584556477410455, 4.723735772646391, 4.943073796701955, 4.927170583180019, 4.7352598167601085, 4.775152231747414, 4.9132159271519695, 4.835379621921441, 4.947159319133549, 4.904142300287883, 5.0346781224994865, 4.827020502352452, 4.947803026153927, 4.8063033657632905, 4.826224686025263, 4.8327987639458625, 4.9140224897817815, 4.954048028359046, 4.9110152040209085, 4.8086903014462505, 4.907355097623972, 4.740321992081164, 4.9417862975117055, 4.926447623378628, 4.915143099459973, 5.030061965023641, 4.809151904050247, 4.931056053210527, 4.962834252979293, 4.924874817932045, 4.866269439568013, 4.940557618280907, 4.935914385886419, 4.877938019487011, 4.902906489459586, 4.926305021121825, 4.912112767006452, 4.861140030207651, 4.910946391877674, 4.854927949416331, 4.98500825764932, 4.917654039222242, 4.819793188964928, 4.928154097371922, 4.949621947257073, 4.894283733525119, 4.9383276259942805, 4.8047646790633705, 5.003692179809123, 5.04503688969455, 4.778681469050956, 4.76541771207537, 4.963976827296582, 4.934412810828659, 4.919440705697615, 4.898545183104909, 4.768740409896488, 4.824815811255039, 4.885654081355084, 4.934079360612583, 4.8509685307632, 4.754911020125225, 4.9229254722595215, 4.91079997536027, 4.917249430666913, 4.964857573037619, 4.897311915408124, 4.8679574112315755, 4.8884515670629645, 5.03892202211387, 4.842786447905795, 4.916316766005296, 4.9826794111685, 4.962621294535124, 4.956685257918669, 4.812366093908038, 4.892301055101248, 4.748226800681034, 4.768131313306508, 4.965177007210561, 4.806479863194755, 4.887013618762676, 4.941879363287063, 4.76955661756215, 4.864218883898669, 4.843109857468378, 4.999803725616399, 4.90094346441192, 4.905591888742133, 4.9012194740903245, 4.9329405424795745, 4.819748199903048, 4.963520662251846, 4.867402195930481, 4.840250788154183, 4.947648933082273, 4.846180084860805, 4.8786160963358896, 4.8158994520103535, 4.93862352004418, 4.910414687006464, 4.9318119658655295, 4.81312663083548, 5.090693986459529, 4.73052422947936, 4.90800958500677, 4.782177871400183, 4.852765095976246, 4.961091015365097, 4.861847387128697, 4.73314325320415, 4.8395310299737115, 4.869798455919538, 4.884961663585006, 4.810383967864207, 4.962862712996347, 4.792631572856134, 4.7512370352343325, 4.911557488389068, 4.980317907018976, 4.91483561983912, 4.883709680466425, 4.992052273872571, 4.854213921578376, 5.025903956357376, 4.863737740796128, 4.798039563409575, 4.868645766715864, 5.011531218504294, 4.9520421250835875, 4.784316985598414, 4.82482063857627, 4.880505536065433, 4.979892337715233, 4.876681362752949, 4.790939873391455, 4.695818440818088, 4.978954453171391, 4.806588659356366, 4.816781363644442, 4.6955365383581364, 4.794129273830316, 4.934911558916281, 4.732101380170047, 4.90627534703894, 4.810824156244159, 4.908035873493432, 4.801483272196172, 4.849352704736339, 4.695862016398391, 4.680117566943605, 4.637400731935606, 4.821597696660639, 4.944258327449198, 4.781200795819908, 4.824339836508363, 4.701142743830279, 4.700423537156521, 4.77725146934663, 4.759282365386739, 4.866661440321814, 4.797678732173347, 4.773322885289733, 4.7434108549858625, 4.880162339507442, 4.666680412414746, 4.744153988667024, 4.7029043436050415, 4.760240592799344, 4.7238635156617494, 4.735382563465244, 4.754075666486998, 4.783784690794054, 4.78037631380689, 4.78495225190243, 4.89111372708401, 4.794127692669739, 4.6800953311361235, 4.670254450577956, 4.862186010940608, 4.714576708528148, 4.618344608680669, 4.825896618567107, 4.885847503012354, 4.792578787157387, 4.793744073682652, 4.668811909881704, 4.7997122295610195, 4.788577355744638, 4.716903243746076, 4.873657060630156, 4.794057757426531, 4.733486445832165, 4.744463438516135, 4.926044028320592, 4.824728191553891, 4.799566729601486, 4.870063461226858, 4.7808475101387105, 4.674693396239927, 4.692864063458565, 4.629999392198556, 4.737768617741791, 4.6712406279839875, 4.903612386176001, 4.7121212386386295, 4.8497735528282195, 4.784284718307383, 4.792468413765177, 4.803560272677914, 4.714675323430435, 4.707210192313561, 4.926529120612931, 4.849997300368089, 4.849564212582487, 4.918073957219665, 4.766049539649879, 4.759156731458811, 4.701430701947475, 4.7763529767046915, 4.764813944970295, 4.779494833160233, 4.786754325195983, 4.660787849635868, 4.739740910110893, 4.874571384527744, 4.797845505969429, 4.791283342864487, 4.7172512623853295, 4.655404986042679, 4.795640798715445, 4.733153471579919, 4.889828792421809, 4.772960643628578, 4.756102634436918, 4.812101101263975, 4.844511118563977, 4.852656048296136, 4.668379020341587, 4.712513152059618, 4.751908506229247, 4.787996277704344, 4.815813090775039, 4.723899598523374, 4.797409847979144, 4.850227164698171, 4.642011055579553, 4.693064680029621, 4.87790721545726, 4.730788840915694, 4.881792223060524, 4.654195077253348, 4.7685002494644335, 4.76607410025684, 4.770257623641045, 4.865765164623331, 4.842663534394988, 4.684586621902802, 4.839965847385672, 5.001073852126852, 4.9000504698072165, 4.850991581822489, 4.681750777440193, 4.980512463566148, 4.818612025552617, 4.798285000490182, 4.747987036303286, 4.716843763987224, 4.885364016770443, 4.77103327744173, 4.690301096046364, 4.764190559858804, 4.751313692484146, 4.672136136463711, 4.638246510055039, 4.709457423660782, 4.851844220371037, 4.731962059007023, 4.769049991181482, 5.000171829055954, 4.881465849858937, 4.805413215588301, 4.791500502890283, 4.892961756650345, 4.90788800463135, 4.845715429320004, 4.596828103065491, 4.6632480049307965, 4.793032555789738, 4.81883166604863, 4.76011103675479, 4.604134826869755, 4.748510492590321, 4.7843904080408395, 4.8290958142542575, 4.753490868942205, 4.79067063768268, 4.800531867659572, 4.950614449742076, 4.721498681948735, 4.665990374463818, 4.733336792760716, 4.751199603954078, 4.768800271299733, 4.824395746975155, 4.69374215733874, 4.707486621189466, 4.906952242274861, 4.798117579557957, 4.694776577827258, 4.841976665315174, 4.83968182623168, 4.754339564850915, 4.759506657010033, 4.673868851783948, 4.831836611796648, 4.870499965035435, 4.830724641080304, 4.754544748054756, 4.76959346589588, 4.867413906824021, 4.622565107031183, 4.594832418165801, 4.727516969918331, 4.685250047798995, 4.900232849540291, 4.750786066928626, 4.724125570429987, 4.732314108492254, 4.498514373660524, 4.560761573987129, 4.623646107348767, 4.703650588080997, 4.759345205712231, 4.578451963571402, 4.73999644330133, 4.586564039572691, 4.882044113599337, 4.687126494152642, 4.7308583320715485, 4.749632466843713, 4.724916835407634, 4.670582764314645, 4.693082971013946, 4.563607758654779, 4.635759029196295, 4.764511435023158, 4.62045757761805, 4.619300868485, 4.70367553469899, 4.636386947317438, 4.550668071914505, 4.651012751645657, 4.713768132003672, 4.593459643723764, 4.695317784508506, 4.658507426579793, 4.727784665949615, 4.600729117026696, 4.74422491426433, 4.7678956518243085, 4.777692634107429, 4.646464615077763, 4.639573815104725, 4.7464716626610945, 4.550109478143545, 4.483750459038731, 4.661727789994124, 4.617499537520356, 4.757751396724156, 4.625976489140437, 4.587632834693014, 4.561559874932844, 4.696578961588961, 4.61607488826081, 4.74785522488884, 4.633727948744219, 4.677146358367724, 4.567953276983547, 4.582014722701831, 4.6349322616835655, 4.606524712000137, 4.625326221679156, 4.606014946441511, 4.717273226151099, 4.7004979237532005, 4.769423849853403, 4.5845289413745585, 4.489060105421604, 4.7202914992531575, 4.494965132339534, 4.86250996196663, 4.525009911575597, 4.741876148915553, 4.674933236597222, 4.615873912315229, 4.659684851056054, 4.704244805779649, 4.699213503481268, 4.6915045622940905, 4.739748475315807, 4.774346185691191, 4.658581698333824, 4.556350181827615, 4.589717295143631, 4.577568204848321, 4.7617248074039, 4.706503368559337, 4.793886281195141, 4.607486100860568, 4.714694705638257, 4.778882820964296, 4.712497094611982, 4.534933339981806, 4.727358120265024, 4.749263530249124, 4.740885986076607, 4.737416542056716, 4.64910824744256, 4.543032844424684, 4.536071615341382, 4.650888368760273, 4.67067014516055, 4.628362218102256, 4.753094274045783, 4.634300472972157, 4.55688518569583, 4.765852614200159, 4.752332462932601, 4.582337460238418, 4.650267204958877, 4.6585289025918035, 4.675678926946479, 4.635503983322954, 4.580267400095314, 4.719415456384093, 4.602181412361481, 4.680803979272808, 4.539867239994007, 4.74263673780602, 4.60946388340695, 4.584344456920694, 4.638066528917669, 4.68691732376923, 4.553087939709534, 4.673385122756819, 4.638902259833647, 4.759292385080358, 4.818201466794416, 4.700924440617963, 4.665859493143829, 4.72620886586088, 4.638864258270124, 4.6332403761999945, 4.527044045182811, 4.537410453998999, 4.673692470505124, 4.637526121768323, 4.735741965936654, 4.617484102319012, 4.801050923246167, 4.600335708031287, 4.611095034595811, 4.565085199289706, 4.641243273521955, 4.650227202163948, 4.705732428110563, 4.629896191013602, 4.533523202379108, 4.692280814324543, 4.63544828638489, 4.605102014628959, 4.6153297162317966, 4.555638234693926, 4.624951956472991, 4.739017654251266, 4.603311257921296, 4.53768278783931, 4.5927895076108936, 4.594333528162359, 4.619646824323214, 4.669609963675558, 4.675918074317904, 4.659534928126213, 4.663879062229897, 4.706942264413659, 4.726159938525805, 4.663356334735186, 4.959684399021414, 4.651963573235732, 4.530568526341365, 4.556093201969133, 4.740772951653589, 4.712856684848939, 4.639278731503329, 4.548962332826831, 4.713277650840117, 4.6688569744864665, 4.634482733495942, 4.6177153919205995, 4.678803628180926, 4.7800608310070665, 4.676203802391723, 4.69589467668708, 4.708410015909663, 4.697508996222918, 4.722643688484863, 4.763312525364942, 4.571320136824807, 4.638215771961561, 4.6763961376287995, 4.651823385731205, 4.710088947753767, 4.655908183300451, 4.63288194224948, 4.919712860942323, 4.606746288882944, 4.57483924701537, 4.570926915594947, 4.65921147664388, 4.745002869721297, 4.603587985038757, 4.62664813611097, 4.6460881648046195, 4.681239892274905, 4.627624625251407, 4.642530668786157, 4.660139578166025, 4.722294272957267, 4.767618700698182, 4.677114803275782, 4.609237591425578, 4.71456922235943, 4.579035882548098, 4.586114269036513, 4.708307905074878, 4.6216296162797414, 4.7032396116536175, 4.63344300186241, 4.658409019529601, 4.574389503552363, 4.68748599312681, 4.7169401204629695, 4.614935669706854, 4.603830915230971, 4.6548099124824605, 4.572006270125672, 4.584023764281919, 4.638858748442961, 4.930668670179206, 4.640570683357043, 4.6201857874245, 4.609269711997483, 4.673568826892001, 4.721777867921543, 4.63736495080885, 4.625926499838357, 4.580867211897295, 4.728894856386569, 4.630641059124426, 4.684370976227981, 4.792311888911349, 4.595358897478152, 4.570017016850985, 4.5408352211718155, 4.653623081388927, 4.503239529036777, 4.786976959242489, 4.70459647274716, 4.605388495948288, 4.529888290625352, 4.705985044821714, 4.749133410907927, 4.673897110062205, 4.63420442478124, 4.797218665098533, 4.6802120344106095, 4.688699225366334, 4.5389805268018675, 4.7064661132547005, 4.765719343017746, 4.651417033576267, 4.743426053515284, 4.742621845378107, 4.7256647156271745, 4.585147026694301, 4.570551325550009, 4.6241789776763635, 4.624680795512357, 4.738568810316233, 4.769874142203139, 4.6160063582025606, 4.659001186653808, 4.687698991307409, 4.596718668501019, 4.587728453643156, 4.696626650108086, 4.7156763679378635, 4.619062401872852, 4.637903416549767, 4.74083487978785, 4.5943984133856635, 4.459756636794234, 4.703961180679964, 4.606435673577445, 4.576117318191808, 4.594126081292009, 4.549203759148007, 4.681242535402487, 4.601177400721735, 4.621785929351499, 4.6276439886826735, 4.558158893724937, 4.591595101705837, 4.627003125655345, 4.585254777918805, 4.656673547549126, 4.620990627414578, 4.592227710909023, 4.599673721379849, 4.620880416898063, 4.621913947465219, 4.6757726071081755, 4.553869876232776, 4.496775414917495, 4.495050016340318, 4.61647248006129, 4.556958868390038, 4.691680085091364, 4.634117414663126, 4.619868025238261, 4.713914816632812, 4.58573453330295, 4.678950874796717, 4.507541272448096, 4.66620853750697, 4.589247135888963, 4.425574425375942, 4.466272452812055, 4.507227851357652, 4.508713368094448, 4.5574407909379335, 4.576024520091521, 4.635307191492437, 4.579263816823016, 4.506455650696387, 4.506745346736559, 4.722183107019781, 4.6028143887991435, 4.50321470555805, 4.693664193153381, 4.605858649962988, 4.647704404789013, 4.567888845017541, 4.477070077435001, 4.386679107452924, 4.515289845920744, 4.467112719794333, 4.577549557982784, 4.47291284603077, 4.55087225646763, 4.5036839085184175, 4.512847915237203, 4.451371278081622, 4.548105955123901, 4.598519405602535, 4.65023093695169, 4.6497913136150375, 4.558100157604986, 4.5122327870065035, 4.516309076613123, 4.506134129705883, 4.418294779546968, 4.543259548616933, 4.42315372136923, 4.604078387166117, 4.57694886368273, 4.460215142358353, 4.492030716204381, 4.5046720299528635, 4.498465062497736, 4.463088023356902, 4.5764932580046604, 4.5557426786248065, 4.626249546533103, 4.475839206805596, 4.587504415721684, 4.558274875193725, 4.568857408268547, 4.577980644100315, 4.548334065374437, 4.512800997430151, 4.633527791543758, 4.576619891456632, 4.5219117267664535, 4.453510834620549, 4.5559612560621545, 4.555346990242983, 4.522270239098168, 4.577720559996999, 4.574107760474796, 4.546932224825625, 4.569541812379718, 4.599232321693783, 4.511205598111554, 4.650296019547151, 4.476023925966396, 4.615097776874081, 4.63371942680834, 4.598785527023203, 4.4511712951101225, 4.534363028330681]
       best_so_far: [0.4943213213931073, 0.4943213213931073, 0.4943213213931073, 0.4943213213931073, 0.4943213213931073, 0.4943213213931073, 0.4943213213931073, 0.4943213213931073, 0.4943213213931073, 0.4943213213931073, 0.4943213213931073, 0.4943213213931073, 0.4943213213931073, 0.4943213213931073, 0.4943213213931073, 0.4943213213931073, 0.4943213213931073, 0.4943213213931073, 0.4943213213931073, 0.4943213213931073, 0.4943213213931073, 0.4943213213931073, 0.4943213213931073, 0.4943213213931073, 0.4943213213931073, 0.4943213213931073, 0.4943213213931073, 0.4943213213931073, 0.4943213213931073, 0.4943213213931073, 0.4943213213931073, 0.4943213213931073, 0.4943213213931073, 0.4943213213931073, 0.4943213213931073, 0.4943213213931073, 0.4943213213931073, 0.4943213213931073, 0.4943213213931073, 0.4943213213931073, 0.4943213213931073, 0.4943213213931073, 0.4943213213931073, 0.4943213213931073, 0.4943213213931073, 0.4943213213931073, 0.4943213213931073, 0.4943213213931073, 0.4943213213931073, 0.4943213213931073, 0.4943213213931073, 0.4943213213931073, 0.4943213213931073, 0.4943213213931073, 0.4943213213931073, 0.4943213213931073, 0.4943213213931073, 0.4943213213931073, 0.4943213213931073, 0.4943213213931073, 0.4943213213931073, 0.4943213213931073, 0.4943213213931073, 0.4943213213931073, 0.4943213213931073, 0.4943213213931073, 0.4943213213931073, 0.4943213213931073, 0.4943213213931073, 0.4943213213931073, 0.4943213213931073, 0.4943213213931073, 0.4943213213931073, 0.4943213213931073, 0.4943213213931073, 0.4943213213931073, 0.4943213213931073, 0.4943213213931073, 0.4943213213931073, 0.4943213213931073, 0.4943213213931073, 0.4943213213931073, 0.4943213213931073, 0.4943213213931073, 0.4943213213931073, 0.4943213213931073, 0.4943213213931073, 0.4943213213931073, 0.4943213213931073, 0.4943213213931073, 0.4943213213931073, 0.4943213213931073, 0.4943213213931073, 0.4943213213931073, 0.4943213213931073, 0.4943213213931073, 0.4943213213931073, 0.4943213213931073, 0.4943213213931073, 0.4943213213931073, 0.4943213213931073, 0.4943213213931073, 0.4943213213931073, 0.4943213213931073, 0.4943213213931073, 0.4943213213931073, 0.4943213213931073, 0.4943213213931073, 0.4943213213931073, 0.4943213213931073, 0.4943213213931073, 0.4943213213931073, 0.4943213213931073, 0.4943213213931073, 0.4943213213931073, 0.4943213213931073, 0.4943213213931073, 0.4943213213931073, 0.4943213213931073, 0.4943213213931073, 0.4943213213931073, 0.4943213213931073, 0.4943213213931073, 0.4943213213931073, 0.4943213213931073, 0.4943213213931073, 0.4943213213931073, 0.4943213213931073, 0.4943213213931073, 0.4943213213931073, 0.4943213213931073, 0.4943213213931073, 0.4943213213931073, 0.4943213213931073, 0.4943213213931073, 0.4943213213931073, 0.4943213213931073, 0.4943213213931073, 0.4943213213931073, 0.4943213213931073, 0.4943213213931073, 0.4943213213931073, 0.4943213213931073, 0.4943213213931073, 0.4943213213931073, 0.4943213213931073, 0.4943213213931073, 0.4943213213931073, 0.4943213213931073, 0.4943213213931073, 0.4943213213931073, 0.4943213213931073, 0.4943213213931073, 0.4943213213931073, 0.4943213213931073, 0.4943213213931073, 0.4943213213931073, 0.4943213213931073, 0.4943213213931073, 0.4943213213931073, 0.4943213213931073, 0.4943213213931073, 0.4943213213931073, 0.4943213213931073, 0.4943213213931073, 0.4943213213931073, 0.4943213213931073, 0.4943213213931073, 0.4943213213931073, 0.4943213213931073, 0.4943213213931073, 0.4943213213931073, 0.4943213213931073, 0.4943213213931073, 0.4943213213931073, 0.4943213213931073, 0.4943213213931073, 0.4943213213931073, 0.4943213213931073, 0.4943213213931073, 0.4943213213931073, 0.4943213213931073, 0.4943213213931073, 0.4943213213931073, 0.4943213213931073, 0.4943213213931073, 0.4943213213931073, 0.4943213213931073, 0.4943213213931073, 0.4943213213931073, 0.4943213213931073, 0.4943213213931073, 0.4943213213931073, 0.4943213213931073, 0.4943213213931073, 0.4943213213931073, 0.4943213213931073, 0.4943213213931073, 0.4943213213931073, 0.4943213213931073, 0.4943213213931073, 0.4943213213931073, 0.4943213213931073, 0.4943213213931073, 0.4943213213931073, 0.4943213213931073, 0.4943213213931073, 0.4943213213931073, 0.4943213213931073, 0.4943213213931073, 0.4943213213931073, 0.4943213213931073, 0.4943213213931073, 0.4943213213931073, 0.4943213213931073, 0.4943213213931073, 0.4943213213931073, 0.4943213213931073, 0.4943213213931073, 0.4943213213931073, 0.4943213213931073, 0.4943213213931073, 0.4943213213931073, 0.4943213213931073, 0.4943213213931073, 0.4943213213931073, 0.4943213213931073, 0.4943213213931073, 0.4943213213931073, 0.4943213213931073, 0.4943213213931073, 0.4943213213931073, 0.4943213213931073, 0.4943213213931073, 0.4943213213931073, 0.4943213213931073, 0.4943213213931073, 0.4943213213931073, 0.4943213213931073, 0.4943213213931073, 0.4943213213931073, 0.4943213213931073, 0.4943213213931073, 0.4943213213931073, 0.4943213213931073, 0.4943213213931073, 0.4943213213931073, 0.4943213213931073, 0.4943213213931073, 0.4943213213931073, 0.4943213213931073, 0.4943213213931073, 0.4943213213931073, 0.4943213213931073, 0.4943213213931073, 0.4943213213931073, 0.4943213213931073, 0.4943213213931073, 0.4943213213931073, 0.4943213213931073, 0.4943213213931073, 0.4943213213931073, 0.4943213213931073, 0.4943213213931073, 0.4943213213931073, 0.4943213213931073, 0.4943213213931073, 0.4943213213931073, 0.4943213213931073, 0.4943213213931073, 0.4943213213931073, 0.4943213213931073, 0.4943213213931073, 0.4943213213931073, 0.4943213213931073, 0.4943213213931073, 0.4943213213931073, 0.4943213213931073, 0.4943213213931073, 0.4943213213931073, 0.4943213213931073, 0.4943213213931073, 0.4943213213931073, 0.4943213213931073, 0.4943213213931073, 0.4943213213931073, 0.4943213213931073, 0.4943213213931073, 0.4943213213931073, 0.4943213213931073, 0.4943213213931073, 0.4943213213931073, 0.4943213213931073, 0.4943213213931073, 0.4943213213931073, 0.4943213213931073, 0.4943213213931073, 0.4943213213931073, 0.4943213213931073, 0.4943213213931073, 0.4943213213931073, 0.4943213213931073, 0.4943213213931073, 0.4943213213931073, 0.4943213213931073, 0.4943213213931073, 0.4943213213931073, 0.4943213213931073, 0.4943213213931073, 0.4943213213931073, 0.4943213213931073, 0.4943213213931073, 0.4943213213931073, 0.4943213213931073, 0.4943213213931073, 0.4943213213931073, 0.4943213213931073, 0.4943213213931073, 0.4943213213931073, 0.4943213213931073, 0.4943213213931073, 0.4943213213931073, 0.4943213213931073, 0.4943213213931073, 0.4943213213931073, 0.4943213213931073, 0.4943213213931073, 0.4943213213931073, 0.4943213213931073, 0.4943213213931073, 0.4943213213931073, 0.4943213213931073, 0.4943213213931073, 0.4943213213931073, 0.4943213213931073, 0.4943213213931073, 0.4943213213931073, 0.4943213213931073, 0.4943213213931073, 0.4943213213931073, 0.4943213213931073, 0.4943213213931073, 0.4943213213931073, 0.4943213213931073, 0.4943213213931073, 0.4943213213931073, 0.4943213213931073, 0.4943213213931073, 0.4943213213931073, 0.4943213213931073, 0.4943213213931073, 0.4943213213931073, 0.4943213213931073, 0.4943213213931073, 0.4943213213931073, 0.4943213213931073, 0.4943213213931073, 0.4943213213931073, 0.4943213213931073, 0.4943213213931073, 0.4943213213931073, 0.4943213213931073, 0.4943213213931073, 0.4943213213931073, 0.4943213213931073, 0.4943213213931073, 0.4943213213931073, 0.4943213213931073, 0.4943213213931073, 0.4943213213931073, 0.4943213213931073, 0.4943213213931073, 0.4943213213931073, 0.4943213213931073, 0.4943213213931073, 0.4943213213931073, 0.4943213213931073, 0.4943213213931073, 0.4943213213931073, 0.4943213213931073, 0.4943213213931073, 0.4943213213931073, 0.4943213213931073, 0.4943213213931073, 0.4943213213931073, 0.4943213213931073, 0.4943213213931073, 0.4943213213931073, 0.4943213213931073, 0.4943213213931073, 0.4943213213931073, 0.4943213213931073, 0.4943213213931073, 0.4943213213931073, 0.4943213213931073, 0.4943213213931073, 0.4943213213931073, 0.4943213213931073, 0.4943213213931073, 0.4943213213931073, 0.4943213213931073, 0.4943213213931073, 0.4943213213931073, 0.4943213213931073, 0.4943213213931073, 0.4943213213931073, 0.4943213213931073, 0.4943213213931073, 0.4943213213931073, 0.4943213213931073, 0.4943213213931073, 0.4943213213931073, 0.4943213213931073, 0.4943213213931073, 0.4943213213931073, 0.4943213213931073, 0.4943213213931073, 0.4943213213931073, 0.4943213213931073, 0.4943213213931073, 0.4943213213931073, 0.4943213213931073, 0.4943213213931073, 0.4943213213931073, 0.4943213213931073, 0.4943213213931073, 0.4943213213931073, 0.4943213213931073, 0.4943213213931073, 0.4943213213931073, 0.4943213213931073, 0.4943213213931073, 0.4943213213931073, 0.4943213213931073, 0.4943213213931073, 0.4943213213931073, 0.4943213213931073, 0.4943213213931073, 0.4943213213931073, 0.4943213213931073, 0.4943213213931073, 0.4943213213931073, 0.4943213213931073, 0.4943213213931073, 0.4943213213931073, 0.4943213213931073, 0.4943213213931073, 0.4943213213931073, 0.4943213213931073, 0.4943213213931073, 0.4943213213931073, 0.4943213213931073, 0.4943213213931073, 0.4943213213931073, 0.4943213213931073, 0.4943213213931073, 0.4943213213931073, 0.4943213213931073, 0.4943213213931073, 0.4943213213931073, 0.4943213213931073, 0.4943213213931073, 0.4943213213931073, 0.4943213213931073, 0.4943213213931073, 0.4943213213931073, 0.4943213213931073, 0.4943213213931073, 0.4943213213931073, 0.4943213213931073, 0.4943213213931073, 0.4943213213931073, 0.4943213213931073, 0.4943213213931073, 0.4943213213931073, 0.4943213213931073, 0.4943213213931073, 0.4943213213931073, 0.4943213213931073, 0.4943213213931073, 0.4943213213931073, 0.4943213213931073, 0.4943213213931073, 0.4943213213931073, 0.4943213213931073, 0.4943213213931073, 0.4943213213931073, 0.4943213213931073, 0.4943213213931073, 0.4943213213931073, 0.4943213213931073, 0.4943213213931073, 0.4943213213931073, 0.4943213213931073, 0.4943213213931073, 0.4943213213931073, 0.4943213213931073, 0.4943213213931073, 0.4943213213931073, 0.4943213213931073, 0.4943213213931073, 0.4943213213931073, 0.4943213213931073, 0.4943213213931073, 0.4943213213931073, 0.4943213213931073, 0.4943213213931073, 0.4943213213931073, 0.4943213213931073, 0.4943213213931073, 0.4943213213931073, 0.4943213213931073, 0.4943213213931073, 0.4943213213931073, 0.4943213213931073, 0.4943213213931073, 0.4943213213931073, 0.4943213213931073, 0.4943213213931073, 0.4943213213931073, 0.4943213213931073, 0.4943213213931073, 0.4943213213931073, 0.4943213213931073, 0.4943213213931073, 0.4943213213931073, 0.4943213213931073, 0.4943213213931073, 0.4943213213931073, 0.4943213213931073, 0.4943213213931073, 0.4943213213931073, 0.4943213213931073, 0.4943213213931073, 0.4943213213931073, 0.4943213213931073, 0.4943213213931073, 0.4943213213931073, 0.4943213213931073, 0.4943213213931073, 0.4943213213931073, 0.4943213213931073, 0.4943213213931073, 0.4943213213931073, 0.4943213213931073, 0.4943213213931073, 0.4943213213931073, 0.4943213213931073, 0.4943213213931073, 0.4943213213931073, 0.4943213213931073, 0.4943213213931073, 0.4943213213931073, 0.4943213213931073, 0.4943213213931073, 0.4943213213931073, 0.4943213213931073, 0.4943213213931073, 0.4943213213931073, 0.4943213213931073, 0.4943213213931073, 0.4943213213931073, 0.4943213213931073, 0.4943213213931073, 0.4943213213931073, 0.4943213213931073, 0.4943213213931073, 0.4943213213931073, 0.4943213213931073, 0.4943213213931073, 0.4943213213931073, 0.4943213213931073, 0.4943213213931073, 0.4943213213931073, 0.4943213213931073, 0.4943213213931073, 0.4943213213931073, 0.4943213213931073, 0.4943213213931073, 0.4943213213931073, 0.4943213213931073, 0.4943213213931073, 0.4943213213931073, 0.4943213213931073, 0.4943213213931073, 0.4943213213931073, 0.4943213213931073, 0.4943213213931073, 0.4943213213931073, 0.4943213213931073, 0.4943213213931073, 0.4943213213931073, 0.4943213213931073, 0.4943213213931073, 0.4943213213931073, 0.4943213213931073, 0.4943213213931073, 0.4943213213931073, 0.4943213213931073, 0.4943213213931073, 0.4943213213931073, 0.4943213213931073, 0.4943213213931073, 0.4943213213931073, 0.4943213213931073, 0.4943213213931073, 0.4943213213931073, 0.4943213213931073, 0.4943213213931073, 0.4943213213931073, 0.4943213213931073, 0.4943213213931073, 0.4943213213931073, 0.4943213213931073, 0.4943213213931073, 0.4943213213931073, 0.4943213213931073, 0.4943213213931073, 0.4943213213931073, 0.4943213213931073, 0.4943213213931073, 0.4943213213931073, 0.4943213213931073, 0.4943213213931073, 0.4943213213931073, 0.4943213213931073, 0.4943213213931073, 0.4943213213931073, 0.4943213213931073, 0.4943213213931073, 0.4943213213931073, 0.4943213213931073, 0.4943213213931073, 0.4943213213931073, 0.4943213213931073, 0.4943213213931073, 0.4943213213931073, 0.4943213213931073, 0.4943213213931073, 0.4943213213931073, 0.4943213213931073, 0.4943213213931073, 0.4943213213931073, 0.4943213213931073, 0.4943213213931073, 0.4943213213931073, 0.4943213213931073, 0.4943213213931073, 0.4943213213931073, 0.4943213213931073, 0.4943213213931073, 0.4943213213931073, 0.4943213213931073, 0.4943213213931073, 0.4943213213931073, 0.4943213213931073, 0.4943213213931073, 0.4943213213931073, 0.4943213213931073, 0.4943213213931073, 0.4943213213931073, 0.4943213213931073, 0.4943213213931073, 0.4943213213931073, 0.4943213213931073, 0.4943213213931073, 0.4943213213931073, 0.4943213213931073, 0.4943213213931073, 0.4943213213931073, 0.4943213213931073, 0.4943213213931073, 0.4943213213931073, 0.4943213213931073, 0.4943213213931073, 0.4943213213931073, 0.4943213213931073, 0.4943213213931073, 0.4943213213931073, 0.4943213213931073, 0.4943213213931073, 0.4943213213931073, 0.4943213213931073, 0.4943213213931073, 0.4943213213931073, 0.4943213213931073, 0.4943213213931073, 0.4943213213931073, 0.4943213213931073, 0.4943213213931073, 0.4943213213931073, 0.4943213213931073, 0.4943213213931073, 0.4943213213931073, 0.4943213213931073, 0.4943213213931073, 0.4943213213931073, 0.4943213213931073, 0.4943213213931073, 0.4943213213931073, 0.4943213213931073, 0.4943213213931073, 0.4943213213931073, 0.4943213213931073, 0.4943213213931073, 0.4943213213931073, 0.4943213213931073, 0.4943213213931073, 0.4943213213931073, 0.4943213213931073, 0.4943213213931073, 0.4943213213931073, 0.4943213213931073, 0.4943213213931073, 0.4943213213931073, 0.4943213213931073, 0.4943213213931073, 0.4943213213931073, 0.4943213213931073, 0.4943213213931073, 0.4943213213931073, 0.4943213213931073, 0.4943213213931073, 0.4943213213931073, 0.4943213213931073, 0.4943213213931073, 0.4943213213931073, 0.4943213213931073, 0.4943213213931073, 0.4943213213931073, 0.4943213213931073, 0.4943213213931073, 0.4943213213931073, 0.4943213213931073, 0.4943213213931073, 0.4943213213931073, 0.4943213213931073, 0.4943213213931073, 0.4943213213931073, 0.4943213213931073, 0.4943213213931073, 0.4943213213931073, 0.4943213213931073, 0.4943213213931073, 0.4943213213931073, 0.4943213213931073, 0.4943213213931073, 0.4943213213931073, 0.4943213213931073, 0.4943213213931073, 0.4943213213931073, 0.4943213213931073, 0.4943213213931073, 0.4943213213931073, 0.4943213213931073, 0.4943213213931073, 0.4943213213931073, 0.4943213213931073, 0.4943213213931073, 0.4943213213931073, 0.4943213213931073, 0.4943213213931073, 0.4943213213931073, 0.4943213213931073, 0.4943213213931073, 0.4943213213931073, 0.4943213213931073, 0.4943213213931073, 0.4943213213931073, 0.4943213213931073, 0.4943213213931073, 0.4943213213931073, 0.4943213213931073, 0.4943213213931073, 0.4943213213931073, 0.4943213213931073, 0.4943213213931073, 0.4943213213931073, 0.4943213213931073, 0.4943213213931073, 0.4943213213931073, 0.4943213213931073, 0.4943213213931073, 0.4943213213931073, 0.4943213213931073, 0.4943213213931073, 0.4943213213931073, 0.4943213213931073, 0.4943213213931073, 0.4943213213931073, 0.4943213213931073, 0.4943213213931073, 0.4943213213931073, 0.4943213213931073, 0.4943213213931073, 0.4943213213931073, 0.4943213213931073, 0.4943213213931073, 0.4943213213931073, 0.4943213213931073, 0.4943213213931073, 0.4943213213931073, 0.4943213213931073, 0.4943213213931073, 0.4943213213931073, 0.4943213213931073, 0.4943213213931073, 0.4943213213931073, 0.4943213213931073, 0.4943213213931073, 0.4943213213931073, 0.4943213213931073, 0.4943213213931073, 0.4943213213931073, 0.4943213213931073, 0.4943213213931073, 0.4943213213931073, 0.4943213213931073, 0.4943213213931073, 0.4943213213931073, 0.4943213213931073, 0.4943213213931073, 0.4943213213931073, 0.4943213213931073, 0.4943213213931073, 0.4943213213931073, 0.4943213213931073, 0.4943213213931073, 0.4943213213931073, 0.4943213213931073, 0.4943213213931073, 0.4943213213931073, 0.4943213213931073, 0.4943213213931073, 0.4943213213931073, 0.4943213213931073, 0.4943213213931073, 0.4943213213931073, 0.4943213213931073, 0.4943213213931073, 0.4943213213931073, 0.4943213213931073, 0.4943213213931073, 0.4943213213931073, 0.4943213213931073, 0.4943213213931073, 0.4943213213931073, 0.4943213213931073, 0.4943213213931073, 0.4943213213931073, 0.4943213213931073, 0.4943213213931073, 0.4943213213931073, 0.4943213213931073, 0.4943213213931073, 0.4943213213931073, 0.4943213213931073, 0.4943213213931073, 0.4943213213931073, 0.4943213213931073, 0.4943213213931073, 0.4943213213931073, 0.4943213213931073, 0.4943213213931073, 0.4943213213931073, 0.4943213213931073, 0.4943213213931073, 0.4943213213931073, 0.4943213213931073, 0.4943213213931073, 0.4943213213931073, 0.4943213213931073, 0.4943213213931073, 0.4943213213931073, 0.4943213213931073, 0.4943213213931073, 0.4943213213931073, 0.4943213213931073, 0.4943213213931073, 0.4943213213931073, 0.4943213213931073, 0.4943213213931073, 0.4943213213931073, 0.4943213213931073, 0.4943213213931073, 0.4943213213931073, 0.4943213213931073, 0.4943213213931073, 0.4943213213931073, 0.4943213213931073, 0.4943213213931073, 0.4943213213931073, 0.4943213213931073, 0.4943213213931073, 0.4943213213931073, 0.4943213213931073, 0.4943213213931073, 0.4943213213931073, 0.4943213213931073, 0.4943213213931073, 0.4943213213931073, 0.4943213213931073, 0.4943213213931073, 0.4943213213931073, 0.4943213213931073, 0.4943213213931073, 0.4943213213931073, 0.4943213213931073, 0.4943213213931073, 0.4943213213931073, 0.4943213213931073, 0.4943213213931073, 0.4943213213931073, 0.4943213213931073, 0.4943213213931073, 0.4943213213931073, 0.4943213213931073, 0.4943213213931073, 0.4943213213931073, 0.4943213213931073, 0.4943213213931073, 0.4943213213931073, 0.4943213213931073, 0.4943213213931073, 0.4943213213931073, 0.4943213213931073, 0.4943213213931073, 0.4943213213931073, 0.4943213213931073, 0.4943213213931073, 0.4943213213931073, 0.4943213213931073, 0.4943213213931073, 0.4943213213931073, 0.4943213213931073, 0.4943213213931073, 0.4943213213931073, 0.4943213213931073, 0.4943213213931073, 0.4943213213931073, 0.4943213213931073, 0.4943213213931073, 0.4943213213931073, 0.4943213213931073, 0.4943213213931073, 0.4943213213931073, 0.4943213213931073, 0.4943213213931073, 0.4943213213931073, 0.4943213213931073, 0.4943213213931073, 0.4943213213931073, 0.4943213213931073, 0.4943213213931073, 0.4943213213931073, 0.4943213213931073, 0.4943213213931073, 0.4943213213931073, 0.4943213213931073, 0.4943213213931073, 0.4943213213931073, 0.4943213213931073, 0.4943213213931073, 0.4943213213931073, 0.4943213213931073, 0.4943213213931073, 0.4943213213931073, 0.4943213213931073, 0.4943213213931073, 0.4943213213931073, 0.4943213213931073, 0.4943213213931073, 0.4943213213931073, 0.4943213213931073, 0.4943213213931073, 0.4943213213931073, 0.4943213213931073, 0.4943213213931073, 0.4943213213931073, 0.4943213213931073, 0.4943213213931073, 0.4943213213931073, 0.4943213213931073, 0.4943213213931073, 0.4943213213931073, 0.4943213213931073, 0.4943213213931073, 0.4943213213931073, 0.4943213213931073, 0.4943213213931073, 0.4943213213931073, 0.4943213213931073, 0.4943213213931073, 0.4943213213931073, 0.4943213213931073, 0.4943213213931073, 0.4943213213931073, 0.4943213213931073, 0.4943213213931073, 0.4943213213931073, 0.4943213213931073, 0.4943213213931073, 0.4943213213931073, 0.4943213213931073, 0.4943213213931073, 0.4943213213931073, 0.4943213213931073, 0.4943213213931073, 0.4943213213931073, 0.4943213213931073, 0.4943213213931073, 0.4943213213931073, 0.4943213213931073, 0.4943213213931073, 0.4943213213931073, 0.4943213213931073, 0.4943213213931073, 0.4943213213931073, 0.4943213213931073, 0.4943213213931073, 0.4943213213931073, 0.4943213213931073, 0.4943213213931073, 0.4943213213931073, 0.4943213213931073, 0.4943213213931073, 0.4943213213931073, 0.4943213213931073, 0.4943213213931073, 0.4943213213931073, 0.4943213213931073, 0.4943213213931073, 0.4943213213931073, 0.4943213213931073, 0.4943213213931073, 0.4943213213931073, 0.4943213213931073, 0.4943213213931073, 0.4943213213931073, 0.4943213213931073, 0.4943213213931073, 0.4943213213931073, 0.4943213213931073, 0.4943213213931073, 0.4943213213931073, 0.4943213213931073, 0.4943213213931073, 0.4943213213931073, 0.4943213213931073, 0.4943213213931073, 0.4943213213931073, 0.4943213213931073, 0.4943213213931073, 0.4943213213931073, 0.4943213213931073, 0.4943213213931073, 0.4943213213931073, 0.4943213213931073, 0.4943213213931073, 0.4943213213931073, 0.4943213213931073, 0.4943213213931073, 0.4943213213931073, 0.4943213213931073, 0.4943213213931073, 0.4943213213931073, 0.4943213213931073, 0.4943213213931073, 0.4943213213931073, 0.4943213213931073, 0.4943213213931073, 0.4943213213931073, 0.4943213213931073, 0.4943213213931073, 0.4943213213931073, 0.4943213213931073, 0.4943213213931073, 0.4943213213931073, 0.4943213213931073, 0.4943213213931073, 0.4943213213931073, 0.4943213213931073, 0.4943213213931073, 0.4943213213931073, 0.4943213213931073, 0.4943213213931073, 0.4943213213931073, 0.4943213213931073, 0.4943213213931073, 0.4943213213931073, 0.4943213213931073, 0.4943213213931073, 0.4943213213931073, 0.4943213213931073, 0.4943213213931073, 0.4943213213931073, 0.4943213213931073, 0.4943213213931073, 0.4943213213931073, 0.4943213213931073, 0.4943213213931073, 0.4943213213931073, 0.4943213213931073, 0.4943213213931073, 0.4943213213931073, 0.4943213213931073, 0.4943213213931073, 0.4943213213931073, 0.4943213213931073, 0.4943213213931073, 0.4943213213931073, 0.4943213213931073, 0.4943213213931073, 0.4943213213931073, 0.4943213213931073, 0.4943213213931073, 0.4943213213931073, 0.4943213213931073, 0.4943213213931073, 0.4943213213931073, 0.4943213213931073, 0.4943213213931073, 0.4943213213931073, 0.4943213213931073, 0.4943213213931073, 0.4943213213931073, 0.4943213213931073, 0.4943213213931073, 0.4943213213931073, 0.4943213213931073, 0.4943213213931073, 0.4943213213931073, 0.4943213213931073, 0.4943213213931073, 0.4943213213931073, 0.4943213213931073, 0.4943213213931073, 0.4943213213931073, 0.4943213213931073, 0.4943213213931073, 0.4943213213931073, 0.4943213213931073, 0.4943213213931073, 0.4943213213931073, 0.4943213213931073, 0.4943213213931073, 0.4943213213931073, 0.4943213213931073, 0.4943213213931073, 0.4943213213931073, 0.4943213213931073, 0.4943213213931073, 0.4943213213931073, 0.4943213213931073, 0.4943213213931073, 0.4943213213931073, 0.4943213213931073, 0.4943213213931073, 0.4943213213931073, 0.4943213213931073, 0.4943213213931073, 0.4943213213931073, 0.4943213213931073, 0.4943213213931073, 0.4943213213931073, 0.4943213213931073, 0.4943213213931073, 0.4943213213931073, 0.4943213213931073, 0.4943213213931073, 0.4943213213931073, 0.4943213213931073, 0.4943213213931073, 0.4943213213931073, 0.4943213213931073, 0.4943213213931073, 0.4943213213931073, 0.4943213213931073, 0.4943213213931073, 0.4943213213931073, 0.4943213213931073, 0.4943213213931073, 0.4943213213931073, 0.4943213213931073, 0.4943213213931073, 0.4943213213931073, 0.4943213213931073, 0.4943213213931073, 0.4943213213931073, 0.4943213213931073, 0.4943213213931073, 0.4943213213931073, 0.4943213213931073, 0.4943213213931073, 0.4943213213931073, 0.4943213213931073, 0.4943213213931073, 0.4943213213931073, 0.4943213213931073, 0.4943213213931073, 0.4943213213931073, 0.4943213213931073, 0.4943213213931073, 0.4943213213931073, 0.4943213213931073, 0.4943213213931073, 0.4943213213931073, 0.4943213213931073, 0.4943213213931073, 0.4943213213931073, 0.4943213213931073, 0.4943213213931073, 0.4943213213931073, 0.4943213213931073, 0.4943213213931073, 0.4943213213931073, 0.4943213213931073, 0.4943213213931073, 0.4943213213931073, 0.4943213213931073, 0.4943213213931073, 0.4943213213931073, 0.4943213213931073, 0.4943213213931073, 0.4943213213931073, 0.4943213213931073, 0.4943213213931073, 0.4943213213931073, 0.4943213213931073, 0.4943213213931073, 0.4943213213931073, 0.4943213213931073, 0.4943213213931073, 0.4943213213931073, 0.4943213213931073, 0.4943213213931073, 0.4943213213931073, 0.4943213213931073, 0.4943213213931073, 0.4943213213931073, 0.4943213213931073, 0.4943213213931073, 0.4943213213931073, 0.4943213213931073, 0.4943213213931073, 0.4943213213931073, 0.4943213213931073, 0.4943213213931073, 0.4943213213931073, 0.4943213213931073, 0.4943213213931073, 0.4943213213931073, 0.4943213213931073, 0.4943213213931073, 0.4943213213931073, 0.4943213213931073, 0.4943213213931073, 0.4943213213931073, 0.4943213213931073, 0.4943213213931073, 0.4943213213931073, 0.4943213213931073, 0.4943213213931073, 0.4943213213931073, 0.4943213213931073, 0.4943213213931073, 0.4943213213931073, 0.4943213213931073, 0.4943213213931073, 0.4943213213931073, 0.4943213213931073, 0.4943213213931073, 0.4943213213931073, 0.4943213213931073, 0.4943213213931073, 0.4943213213931073, 0.4943213213931073, 0.4943213213931073, 0.4943213213931073, 0.4943213213931073, 0.4943213213931073, 0.4943213213931073, 0.4943213213931073, 0.4943213213931073, 0.4943213213931073, 0.4943213213931073, 0.4943213213931073, 0.4943213213931073, 0.4943213213931073, 0.4943213213931073, 0.4943213213931073, 0.4943213213931073, 0.4943213213931073, 0.4943213213931073, 0.4943213213931073, 0.4943213213931073, 0.4943213213931073, 0.4943213213931073, 0.4943213213931073, 0.4943213213931073, 0.4943213213931073, 0.4943213213931073, 0.4943213213931073, 0.4943213213931073, 0.4943213213931073, 0.4943213213931073, 0.4943213213931073, 0.4943213213931073, 0.4943213213931073, 0.4943213213931073, 0.4943213213931073, 0.4943213213931073, 0.4943213213931073, 0.4943213213931073, 0.4943213213931073, 0.4943213213931073, 0.4943213213931073, 0.4943213213931073, 0.4943213213931073, 0.4943213213931073, 0.4943213213931073, 0.4943213213931073, 0.4943213213931073, 0.4943213213931073, 0.4943213213931073, 0.4943213213931073, 0.4943213213931073, 0.4943213213931073, 0.4943213213931073, 0.4943213213931073, 0.4943213213931073, 0.4943213213931073, 0.4943213213931073, 0.4943213213931073, 0.4943213213931073, 0.4943213213931073, 0.4943213213931073, 0.4943213213931073, 0.4943213213931073, 0.4943213213931073, 0.4943213213931073, 0.4943213213931073, 0.4943213213931073, 0.4943213213931073, 0.4943213213931073, 0.4943213213931073, 0.4943213213931073, 0.4943213213931073, 0.4943213213931073, 0.4943213213931073, 0.4943213213931073, 0.4943213213931073, 0.4943213213931073, 0.4943213213931073, 0.4943213213931073, 0.4943213213931073, 0.4943213213931073, 0.4943213213931073, 0.4943213213931073, 0.4943213213931073, 0.4943213213931073, 0.4943213213931073, 0.4943213213931073, 0.4943213213931073, 0.4943213213931073, 0.4943213213931073, 0.4943213213931073, 0.4943213213931073, 0.4943213213931073, 0.4943213213931073, 0.4943213213931073, 0.4943213213931073, 0.4943213213931073, 0.4943213213931073, 0.4943213213931073, 0.4943213213931073, 0.4943213213931073, 0.4943213213931073, 0.4943213213931073, 0.4943213213931073, 0.4943213213931073, 0.4943213213931073, 0.4943213213931073, 0.4943213213931073, 0.4943213213931073, 0.4943213213931073, 0.4943213213931073, 0.4943213213931073, 0.4943213213931073, 0.4943213213931073, 0.4943213213931073, 0.4943213213931073, 0.4943213213931073, 0.4943213213931073, 0.4943213213931073, 0.4943213213931073, 0.4943213213931073, 0.4943213213931073, 0.4943213213931073, 0.4943213213931073, 0.4943213213931073, 0.4943213213931073, 0.4943213213931073, 0.4943213213931073, 0.4943213213931073, 0.4943213213931073, 0.4943213213931073, 0.4943213213931073, 0.4943213213931073, 0.4943213213931073, 0.4943213213931073, 0.4943213213931073, 0.4943213213931073, 0.4943213213931073, 0.4943213213931073, 0.4943213213931073, 0.4943213213931073, 0.4943213213931073, 0.4943213213931073, 0.4943213213931073, 0.4943213213931073, 0.4943213213931073, 0.4943213213931073, 0.4943213213931073, 0.4943213213931073, 0.4943213213931073, 0.4943213213931073, 0.4943213213931073, 0.4943213213931073, 0.4943213213931073, 0.4943213213931073, 0.4943213213931073, 0.4943213213931073, 0.4943213213931073, 0.4943213213931073, 0.4943213213931073, 0.4943213213931073, 0.4943213213931073, 0.4943213213931073, 0.4943213213931073, 0.4943213213931073, 0.4943213213931073, 0.4943213213931073, 0.4943213213931073, 0.4943213213931073, 0.4943213213931073, 0.4943213213931073, 0.4943213213931073, 0.4943213213931073, 0.4943213213931073, 0.4943213213931073, 0.4943213213931073, 0.4943213213931073, 0.4943213213931073, 0.4943213213931073, 0.4943213213931073, 0.4943213213931073, 0.4943213213931073, 0.4943213213931073, 0.4943213213931073, 0.4943213213931073, 0.4943213213931073, 0.4943213213931073, 0.4943213213931073, 0.4943213213931073, 0.4943213213931073, 0.4943213213931073, 0.4943213213931073, 0.4943213213931073, 0.4943213213931073, 0.4943213213931073, 0.4943213213931073, 0.4943213213931073, 0.4943213213931073, 0.4943213213931073, 0.4943213213931073, 0.4943213213931073, 0.4943213213931073, 0.4943213213931073, 0.4943213213931073, 0.4943213213931073, 0.4943213213931073, 0.4943213213931073, 0.4943213213931073, 0.4943213213931073, 0.4943213213931073, 0.4943213213931073, 0.4943213213931073, 0.4943213213931073, 0.4943213213931073, 0.4943213213931073, 0.4943213213931073, 0.4943213213931073, 0.4943213213931073, 0.4943213213931073, 0.4943213213931073, 0.4943213213931073, 0.4943213213931073, 0.4943213213931073, 0.4943213213931073, 0.4943213213931073, 0.4943213213931073, 0.4943213213931073, 0.4943213213931073, 0.4943213213931073, 0.4943213213931073, 0.4943213213931073, 0.4943213213931073, 0.4943213213931073, 0.4943213213931073, 0.4943213213931073, 0.4943213213931073, 0.4943213213931073, 0.4943213213931073, 0.4943213213931073, 0.4943213213931073, 0.4943213213931073, 0.4943213213931073, 0.4943213213931073, 0.4943213213931073, 0.4943213213931073, 0.4943213213931073, 0.4943213213931073, 0.4943213213931073, 0.4943213213931073, 0.4943213213931073, 0.4943213213931073, 0.4943213213931073, 0.4943213213931073, 0.4943213213931073, 0.4943213213931073, 0.4943213213931073, 0.4943213213931073, 0.4943213213931073, 0.4943213213931073, 0.4943213213931073, 0.4943213213931073, 0.4943213213931073, 0.4943213213931073, 0.4943213213931073, 0.4943213213931073, 0.4943213213931073, 0.4943213213931073, 0.4943213213931073, 0.4943213213931073, 0.4943213213931073, 0.4943213213931073, 0.4943213213931073, 0.4943213213931073, 0.4943213213931073, 0.4943213213931073, 0.4943213213931073, 0.4943213213931073, 0.4943213213931073, 0.4943213213931073, 0.4943213213931073, 0.4943213213931073, 0.4943213213931073, 0.4943213213931073, 0.4943213213931073, 0.4943213213931073, 0.4943213213931073, 0.4943213213931073, 0.4943213213931073, 0.4943213213931073, 0.4943213213931073, 0.4943213213931073, 0.4943213213931073, 0.4943213213931073, 0.4943213213931073, 0.4943213213931073, 0.4943213213931073, 0.4943213213931073, 0.4943213213931073, 0.4943213213931073, 0.4943213213931073, 0.4943213213931073, 0.4943213213931073, 0.4943213213931073, 0.4943213213931073, 0.4943213213931073, 0.4943213213931073, 0.4943213213931073, 0.4943213213931073, 0.4943213213931073, 0.4943213213931073, 0.4943213213931073, 0.4943213213931073, 0.4943213213931073, 0.4943213213931073, 0.4943213213931073, 0.4943213213931073, 0.4943213213931073, 0.4943213213931073, 0.4943213213931073, 0.4943213213931073, 0.4943213213931073, 0.4943213213931073, 0.4943213213931073, 0.4943213213931073, 0.4943213213931073, 0.4943213213931073, 0.4943213213931073, 0.4943213213931073, 0.4943213213931073, 0.4943213213931073, 0.4943213213931073, 0.4943213213931073, 0.4943213213931073, 0.4943213213931073, 0.4943213213931073, 0.4943213213931073, 0.4943213213931073, 0.4943213213931073, 0.4943213213931073, 0.4943213213931073, 0.4943213213931073, 0.4943213213931073, 0.4943213213931073, 0.4943213213931073, 0.4943213213931073, 0.4943213213931073, 0.4943213213931073, 0.4943213213931073, 0.4943213213931073, 0.4943213213931073, 0.4943213213931073, 0.4943213213931073, 0.4943213213931073, 0.4943213213931073, 0.4943213213931073, 0.4943213213931073, 0.4943213213931073, 0.4943213213931073, 0.4943213213931073, 0.4943213213931073, 0.4943213213931073, 0.4943213213931073, 0.4943213213931073, 0.4943213213931073, 0.4943213213931073, 0.4943213213931073, 0.4943213213931073, 0.4943213213931073, 0.4943213213931073, 0.4943213213931073, 0.4943213213931073, 0.4943213213931073, 0.4943213213931073, 0.4943213213931073, 0.4943213213931073, 0.4943213213931073, 0.4943213213931073, 0.4943213213931073, 0.4943213213931073, 0.4943213213931073, 0.4943213213931073, 0.4943213213931073, 0.4943213213931073, 0.4943213213931073, 0.4943213213931073, 0.4943213213931073, 0.4943213213931073, 0.4943213213931073, 0.4943213213931073, 0.4943213213931073, 0.4943213213931073, 0.4943213213931073, 0.4943213213931073, 0.4943213213931073, 0.4943213213931073, 0.4943213213931073, 0.4943213213931073, 0.4943213213931073, 0.4943213213931073, 0.4943213213931073, 0.4943213213931073, 0.4943213213931073, 0.4943213213931073, 0.4943213213931073, 0.4943213213931073, 0.4943213213931073, 0.4943213213931073, 0.4943213213931073, 0.4943213213931073, 0.4943213213931073, 0.4943213213931073, 0.4943213213931073, 0.4943213213931073, 0.4943213213931073, 0.4943213213931073, 0.4943213213931073, 0.4943213213931073, 0.4943213213931073, 0.4943213213931073, 0.4943213213931073, 0.4943213213931073, 0.4943213213931073, 0.4943213213931073, 0.4943213213931073, 0.4943213213931073, 0.4943213213931073, 0.4943213213931073, 0.4943213213931073, 0.4943213213931073, 0.4943213213931073, 0.4943213213931073, 0.4943213213931073, 0.4943213213931073, 0.4943213213931073, 0.4943213213931073, 0.4943213213931073, 0.4943213213931073, 0.4943213213931073, 0.4943213213931073, 0.4943213213931073, 0.4943213213931073, 0.4943213213931073, 0.4943213213931073, 0.4943213213931073, 0.4943213213931073, 0.4943213213931073, 0.4943213213931073, 0.4943213213931073, 0.4943213213931073, 0.4943213213931073, 0.4943213213931073, 0.4943213213931073, 0.4943213213931073, 0.4943213213931073, 0.4943213213931073, 0.4943213213931073, 0.4943213213931073, 0.4943213213931073, 0.4943213213931073, 0.4943213213931073, 0.4943213213931073, 0.4943213213931073, 0.4943213213931073, 0.4943213213931073, 0.4943213213931073, 0.4943213213931073, 0.4943213213931073, 0.4943213213931073, 0.4943213213931073, 0.4943213213931073, 0.4943213213931073, 0.4943213213931073, 0.4943213213931073, 0.4943213213931073, 0.4943213213931073, 0.4943213213931073, 0.4943213213931073, 0.4943213213931073, 0.4943213213931073, 0.4943213213931073, 0.4943213213931073, 0.4943213213931073, 0.4943213213931073, 0.4943213213931073, 0.4943213213931073, 0.4943213213931073, 0.4943213213931073, 0.4943213213931073, 0.4943213213931073, 0.4943213213931073, 0.4943213213931073, 0.4943213213931073, 0.4943213213931073, 0.4943213213931073, 0.4943213213931073, 0.4943213213931073, 0.4943213213931073, 0.4943213213931073, 0.4943213213931073, 0.4943213213931073, 0.4943213213931073, 0.4943213213931073, 0.4943213213931073, 0.4943213213931073, 0.4943213213931073, 0.4943213213931073, 0.4943213213931073, 0.4943213213931073, 0.4943213213931073, 0.4943213213931073, 0.4943213213931073, 0.4943213213931073, 0.4943213213931073, 0.4943213213931073, 0.4943213213931073, 0.4943213213931073, 0.4943213213931073, 0.4943213213931073, 0.4943213213931073, 0.4943213213931073, 0.4943213213931073, 0.4943213213931073, 0.4943213213931073, 0.4943213213931073, 0.4943213213931073, 0.4943213213931073, 0.4943213213931073, 0.4943213213931073, 0.4943213213931073, 0.4943213213931073, 0.4943213213931073, 0.4943213213931073, 0.4943213213931073, 0.4943213213931073, 0.4943213213931073, 0.4943213213931073, 0.4943213213931073, 0.4943213213931073, 0.4943213213931073, 0.4943213213931073, 0.4943213213931073, 0.4943213213931073, 0.4943213213931073, 0.4943213213931073, 0.4943213213931073, 0.4943213213931073, 0.4943213213931073, 0.4943213213931073, 0.4943213213931073, 0.4943213213931073, 0.4943213213931073, 0.4943213213931073, 0.4943213213931073, 0.4943213213931073, 0.4943213213931073, 0.4943213213931073, 0.4943213213931073, 0.4943213213931073, 0.4943213213931073, 0.4943213213931073, 0.4943213213931073, 0.4943213213931073, 0.4943213213931073, 0.4943213213931073, 0.4943213213931073, 0.4943213213931073, 0.4943213213931073, 0.4943213213931073, 0.4943213213931073, 0.4943213213931073, 0.4943213213931073, 0.4943213213931073, 0.4943213213931073, 0.4943213213931073, 0.4943213213931073, 0.4943213213931073, 0.4943213213931073, 0.4943213213931073, 0.4943213213931073, 0.4943213213931073, 0.4943213213931073, 0.4943213213931073, 0.4943213213931073, 0.4943213213931073, 0.4943213213931073, 0.4943213213931073, 0.4943213213931073, 0.4943213213931073, 0.4943213213931073, 0.4943213213931073, 0.4943213213931073, 0.4943213213931073, 0.4943213213931073, 0.4943213213931073, 0.4943213213931073, 0.4943213213931073, 0.4943213213931073, 0.4943213213931073, 0.4943213213931073, 0.4943213213931073, 0.4943213213931073, 0.4943213213931073, 0.4943213213931073, 0.4943213213931073, 0.4943213213931073, 0.4943213213931073, 0.4943213213931073, 0.4943213213931073, 0.4943213213931073, 0.4943213213931073, 0.4943213213931073, 0.4943213213931073, 0.4943213213931073, 0.4943213213931073, 0.4943213213931073, 0.4943213213931073, 0.4943213213931073, 0.4943213213931073, 0.4943213213931073, 0.4943213213931073, 0.4943213213931073, 0.4943213213931073, 0.4943213213931073, 0.4943213213931073, 0.4943213213931073, 0.4943213213931073, 0.4943213213931073, 0.4943213213931073, 0.4943213213931073, 0.4943213213931073, 0.4943213213931073, 0.4943213213931073, 0.4943213213931073, 0.4943213213931073, 0.4943213213931073, 0.4943213213931073, 0.4943213213931073, 0.4943213213931073, 0.4943213213931073, 0.4943213213931073, 0.4943213213931073, 0.4943213213931073, 0.4943213213931073, 0.4943213213931073, 0.4943213213931073, 0.4943213213931073, 0.4943213213931073, 0.4943213213931073, 0.4943213213931073, 0.4943213213931073, 0.4943213213931073, 0.4943213213931073, 0.4943213213931073, 0.4943213213931073, 0.4943213213931073, 0.4943213213931073, 0.4943213213931073, 0.4943213213931073, 0.4943213213931073, 0.4943213213931073, 0.4943213213931073, 0.4943213213931073, 0.4943213213931073, 0.4943213213931073, 0.4943213213931073, 0.4943213213931073, 0.4943213213931073, 0.4943213213931073, 0.4943213213931073, 0.4943213213931073, 0.4943213213931073, 0.4943213213931073, 0.4943213213931073, 0.4943213213931073, 0.4943213213931073, 0.4943213213931073, 0.4943213213931073, 0.4943213213931073, 0.4943213213931073, 0.4943213213931073, 0.4943213213931073, 0.4943213213931073, 0.4943213213931073, 0.4943213213931073, 0.4943213213931073, 0.4943213213931073, 0.4943213213931073, 0.4943213213931073, 0.4943213213931073, 0.4943213213931073, 0.4943213213931073, 0.4943213213931073, 0.4943213213931073, 0.4943213213931073, 0.4943213213931073, 0.4943213213931073, 0.4943213213931073, 0.4943213213931073, 0.4943213213931073, 0.4943213213931073, 0.4943213213931073, 0.4943213213931073, 0.4943213213931073, 0.4943213213931073, 0.4943213213931073, 0.4943213213931073, 0.4943213213931073, 0.4943213213931073, 0.4943213213931073, 0.4943213213931073, 0.4943213213931073, 0.4943213213931073, 0.4943213213931073, 0.4943213213931073, 0.4943213213931073, 0.4943213213931073, 0.4943213213931073, 0.4943213213931073, 0.4943213213931073, 0.4943213213931073, 0.4943213213931073, 0.4943213213931073, 0.4943213213931073, 0.4943213213931073, 0.4943213213931073, 0.4943213213931073, 0.4943213213931073, 0.4943213213931073, 0.4943213213931073, 0.4943213213931073, 0.4943213213931073, 0.4943213213931073, 0.4943213213931073, 0.4943213213931073, 0.4943213213931073, 0.4943213213931073, 0.4943213213931073, 0.4943213213931073, 0.4943213213931073, 0.4943213213931073, 0.4943213213931073, 0.4943213213931073, 0.4943213213931073, 0.4943213213931073, 0.4943213213931073, 0.4943213213931073, 0.4943213213931073, 0.4943213213931073, 0.4943213213931073, 0.4943213213931073, 0.4943213213931073, 0.4943213213931073, 0.4943213213931073, 0.4943213213931073, 0.4943213213931073, 0.4943213213931073, 0.4943213213931073, 0.4943213213931073, 0.4943213213931073, 0.4943213213931073, 0.4943213213931073, 0.4943213213931073, 0.4943213213931073, 0.4943213213931073, 0.4943213213931073, 0.4943213213931073, 0.4943213213931073, 0.4943213213931073, 0.4943213213931073, 0.4943213213931073, 0.4943213213931073, 0.4943213213931073, 0.4943213213931073, 0.4943213213931073, 0.4943213213931073, 0.4943213213931073, 0.4943213213931073, 0.4943213213931073, 0.4943213213931073, 0.4943213213931073, 0.4943213213931073, 0.4943213213931073, 0.4943213213931073, 0.4943213213931073, 0.4943213213931073, 0.4943213213931073, 0.4943213213931073, 0.4943213213931073, 0.4943213213931073, 0.4943213213931073, 0.4943213213931073, 0.4943213213931073, 0.4943213213931073, 0.4943213213931073, 0.4943213213931073, 0.4943213213931073, 0.4943213213931073, 0.4943213213931073, 0.4943213213931073, 0.4943213213931073, 0.4943213213931073, 0.4943213213931073, 0.4943213213931073, 0.4943213213931073, 0.4943213213931073, 0.4943213213931073, 0.4943213213931073, 0.4943213213931073, 0.4943213213931073, 0.4943213213931073, 0.4943213213931073, 0.4943213213931073, 0.4943213213931073, 0.4943213213931073, 0.4943213213931073, 0.4943213213931073, 0.4943213213931073, 0.4943213213931073, 0.4943213213931073, 0.4943213213931073, 0.4943213213931073, 0.4943213213931073, 0.4943213213931073, 0.4943213213931073, 0.4943213213931073, 0.4943213213931073, 0.4943213213931073, 0.4943213213931073, 0.4943213213931073, 0.4943213213931073, 0.4943213213931073, 0.4943213213931073, 0.4943213213931073, 0.4943213213931073, 0.4943213213931073, 0.4943213213931073, 0.4943213213931073, 0.4943213213931073, 0.4943213213931073, 0.4943213213931073, 0.4943213213931073, 0.4943213213931073, 0.4943213213931073, 0.4943213213931073, 0.4943213213931073, 0.4943213213931073, 0.4943213213931073, 0.4943213213931073, 0.4943213213931073, 0.4943213213931073, 0.4943213213931073, 0.4943213213931073, 0.4943213213931073, 0.4943213213931073, 0.4943213213931073, 0.4943213213931073, 0.4943213213931073, 0.4943213213931073, 0.4943213213931073, 0.4943213213931073, 0.4943213213931073, 0.4943213213931073, 0.4943213213931073, 0.4943213213931073, 0.4943213213931073, 0.4943213213931073, 0.4943213213931073, 0.4943213213931073, 0.4943213213931073, 0.4943213213931073, 0.4943213213931073, 0.4943213213931073, 0.4943213213931073, 0.4943213213931073, 0.4943213213931073, 0.4943213213931073, 0.4943213213931073, 0.4943213213931073, 0.4943213213931073, 0.4943213213931073, 0.4943213213931073, 0.4943213213931073, 0.4943213213931073, 0.4943213213931073, 0.4943213213931073, 0.4943213213931073, 0.4943213213931073, 0.4943213213931073, 0.4943213213931073, 0.4943213213931073, 0.4943213213931073, 0.4943213213931073, 0.4943213213931073, 0.4943213213931073, 0.4943213213931073, 0.4943213213931073, 0.4943213213931073, 0.4943213213931073, 0.4943213213931073, 0.4943213213931073, 0.4943213213931073, 0.4943213213931073, 0.4943213213931073, 0.4943213213931073, 0.4943213213931073, 0.4943213213931073, 0.4943213213931073, 0.4943213213931073, 0.4943213213931073, 0.4943213213931073, 0.4943213213931073, 0.4943213213931073, 0.4943213213931073, 0.4943213213931073, 0.4943213213931073, 0.4943213213931073, 0.4943213213931073, 0.4943213213931073, 0.4943213213931073, 0.4943213213931073, 0.4943213213931073, 0.4943213213931073, 0.4943213213931073, 0.4943213213931073, 0.4943213213931073, 0.4943213213931073, 0.4943213213931073, 0.4943213213931073, 0.4943213213931073, 0.4943213213931073, 0.4943213213931073, 0.4943213213931073, 0.4943213213931073, 0.4943213213931073, 0.4943213213931073, 0.4943213213931073, 0.4943213213931073, 0.4943213213931073, 0.4943213213931073, 0.4943213213931073, 0.4943213213931073, 0.4943213213931073, 0.4943213213931073, 0.4943213213931073, 0.4943213213931073, 0.4943213213931073, 0.4943213213931073, 0.4943213213931073, 0.4943213213931073, 0.4943213213931073, 0.4943213213931073, 0.4943213213931073, 0.4943213213931073, 0.4943213213931073, 0.4943213213931073, 0.4943213213931073, 0.4943213213931073, 0.4943213213931073, 0.4943213213931073, 0.4943213213931073, 0.4943213213931073, 0.4943213213931073, 0.4943213213931073, 0.4943213213931073, 0.4943213213931073, 0.4943213213931073, 0.4943213213931073, 0.4943213213931073, 0.4943213213931073, 0.4943213213931073, 0.4943213213931073, 0.4943213213931073, 0.4943213213931073, 0.4943213213931073, 0.4943213213931073, 0.4943213213931073, 0.4943213213931073, 0.4943213213931073, 0.4943213213931073, 0.4943213213931073, 0.4943213213931073, 0.4943213213931073, 0.4943213213931073, 0.4943213213931073, 0.4943213213931073, 0.4943213213931073, 0.4943213213931073, 0.4943213213931073, 0.4943213213931073, 0.4943213213931073, 0.4943213213931073, 0.4943213213931073, 0.4943213213931073, 0.4943213213931073, 0.4943213213931073, 0.4943213213931073, 0.4943213213931073, 0.4943213213931073, 0.4943213213931073, 0.4943213213931073, 0.4943213213931073, 0.4943213213931073, 0.4943213213931073, 0.4943213213931073, 0.4943213213931073, 0.4943213213931073, 0.4943213213931073, 0.4943213213931073, 0.4943213213931073, 0.4943213213931073, 0.4943213213931073, 0.4943213213931073, 0.4943213213931073, 0.4943213213931073, 0.4943213213931073, 0.4943213213931073, 0.4943213213931073, 0.4943213213931073, 0.4943213213931073, 0.4943213213931073, 0.4943213213931073, 0.4943213213931073, 0.4943213213931073, 0.4943213213931073, 0.4943213213931073]
     Sa Test Loss: 4.6931
     Generation 1 Best Fitness: 4.3798
     Generation 1 Evals: 50
     Generation 1 Evals: 50
     Generation 2 Best Fitness: 4.3443
     Generation 2 Evals: 50
     Generation 2 Evals: 50
     Generation 3 Best Fitness: 4.3637
     Generation 3 Evals: 50
     Generation 3 Evals: 50
     Generation 4 Best Fitness: 4.3332
     Generation 4 Evals: 50
     Generation 4 Evals: 50
     Generation 5 Best Fitness: 4.3119
     Generation 5 Evals: 50
     Generation 5 Evals: 50
     Generation 6 Best Fitness: 4.2771
     Generation 6 Evals: 50
     Generation 6 Evals: 50
     Generation 7 Best Fitness: 4.2744
     Generation 7 Evals: 50
     Generation 7 Evals: 50
     Generation 8 Best Fitness: 4.2650
     Generation 8 Evals: 50
     Generation 8 Evals: 50
     Generation 9 Best Fitness: 4.2575
     Generation 9 Evals: 50
     Generation 9 Evals: 50
     Generation 10 Best Fitness: 4.2533
     Generation 10 Evals: 50
     Generation 10 Evals: 50
     Generation 11 Best Fitness: 4.2488
     Generation 11 Evals: 50
     Generation 11 Evals: 50
     Generation 12 Best Fitness: 4.2403
     Generation 12 Evals: 50
     Generation 12 Evals: 50
     Generation 13 Best Fitness: 4.2345
     Generation 13 Evals: 50
     Generation 13 Evals: 50
     Generation 14 Best Fitness: 4.2318
     Generation 14 Evals: 50
     Generation 14 Evals: 50
     Generation 15 Best Fitness: 4.2171
     Generation 15 Evals: 50
     Generation 15 Evals: 50
     Generation 16 Best Fitness: 4.2181
     Generation 16 Evals: 50
     Generation 16 Evals: 50
     Generation 17 Best Fitness: 4.2160
     Generation 17 Evals: 50
     Generation 17 Evals: 50
     Generation 18 Best Fitness: 4.2086
     Generation 18 Evals: 50
     Generation 18 Evals: 50
     Generation 19 Best Fitness: 4.2054
     Generation 19 Evals: 50
     Generation 19 Evals: 50
     Generation 20 Best Fitness: 4.2053
     Generation 20 Evals: 50
     Generation 20 Evals: 50
     Generation 21 Best Fitness: 4.1982
     Generation 21 Evals: 50
     Generation 21 Evals: 50
     Generation 22 Best Fitness: 4.1983
     Generation 22 Evals: 50
     Generation 22 Evals: 50
     Generation 23 Best Fitness: 4.1984
     Generation 23 Evals: 50
     Generation 23 Evals: 50
     Generation 24 Best Fitness: 4.1982
     Generation 24 Evals: 50
     Generation 24 Evals: 50
     Generation 25 Best Fitness: 4.1946
     Generation 25 Evals: 50
     Generation 25 Evals: 50
     Generation 26 Best Fitness: 4.1945
     Generation 26 Evals: 50
     Generation 26 Evals: 50
     Generation 27 Best Fitness: 4.1938
     Generation 27 Evals: 50
     Generation 27 Evals: 50
     Generation 28 Best Fitness: 4.1938
     Generation 28 Evals: 50
     Generation 28 Evals: 50
     Generation 29 Best Fitness: 4.1933
     Generation 29 Evals: 50
     Generation 29 Evals: 50
     Generation 30 Best Fitness: 4.1933
     Generation 30 Evals: 50
     Generation 30 Evals: 50
     Generation 31 Best Fitness: 4.1917
     Generation 31 Evals: 50
     Generation 31 Evals: 50
     Generation 32 Best Fitness: 4.1905
     Generation 32 Evals: 50
     Generation 32 Evals: 50
     Generation 33 Best Fitness: 4.1906
     Generation 33 Evals: 50
     Generation 33 Evals: 50
     Generation 34 Best Fitness: 4.1906
     Generation 34 Evals: 50
     Generation 34 Evals: 50
     Generation 35 Best Fitness: 4.1901
     Generation 35 Evals: 50
     Generation 35 Evals: 50
     Generation 36 Best Fitness: 4.1888
     Generation 36 Evals: 50
     Generation 36 Evals: 50
     Generation 37 Best Fitness: 4.1888
     Generation 37 Evals: 50
     Generation 37 Evals: 50
     Generation 38 Best Fitness: 4.1890
     Generation 38 Evals: 50
     Generation 38 Evals: 50
     Generation 39 Best Fitness: 4.1889
     Generation 39 Evals: 50
     Generation 39 Evals: 50
     Generation 40 Best Fitness: 4.1863
     Generation 40 Evals: 50
     Generation 40 Evals: 50
     Generation 41 Best Fitness: 4.1858
     Generation 41 Evals: 50
     Generation 41 Evals: 50
     Generation 42 Best Fitness: 4.1858
     Generation 42 Evals: 50
     Generation 42 Evals: 50
     Generation 43 Best Fitness: 4.1862
     Generation 43 Evals: 50
     Generation 43 Evals: 50
     Generation 44 Best Fitness: 4.1857
     Generation 44 Evals: 50
     Generation 44 Evals: 50
     Generation 45 Best Fitness: 4.1857
     Generation 45 Evals: 50
     Generation 45 Evals: 50
     Generation 46 Best Fitness: 4.1852
     Generation 46 Evals: 50
     Generation 46 Evals: 50
     Generation 47 Best Fitness: 4.1851
     Generation 47 Evals: 50
     Generation 47 Evals: 50
     Generation 48 Best Fitness: 4.1844
     Generation 48 Evals: 50
     Generation 48 Evals: 50
     Generation 49 Best Fitness: 4.1834
     Generation 49 Evals: 50
     Generation 49 Evals: 50
     Generation 50 Best Fitness: 4.1829
     Generation 50 Evals: 50
     Generation 50 Evals: 50
     Generation 51 Best Fitness: 4.1804
     Generation 51 Evals: 50
     Generation 51 Evals: 50
     Generation 52 Best Fitness: 4.1814
     Generation 52 Evals: 50
     Generation 52 Evals: 50
     Generation 53 Best Fitness: 4.1811
     Generation 53 Evals: 50
     Generation 53 Evals: 50
     Generation 54 Best Fitness: 4.1793
     Generation 54 Evals: 50
     Generation 54 Evals: 50
     Generation 55 Best Fitness: 4.1796
     Generation 55 Evals: 50
     Generation 55 Evals: 50
     Generation 56 Best Fitness: 4.1795
     Generation 56 Evals: 50
     Generation 56 Evals: 50
     Generation 57 Best Fitness: 4.1790
     Generation 57 Evals: 50
     Generation 57 Evals: 50
     Generation 58 Best Fitness: 4.1790
     Generation 58 Evals: 50
     Generation 58 Evals: 50
     Generation 59 Best Fitness: 4.1784
     Generation 59 Evals: 50
     Generation 59 Evals: 50
     Generation 60 Best Fitness: 4.1779
     Generation 60 Evals: 50
     Generation 60 Evals: 50
     Generation 61 Best Fitness: 4.1773
     Generation 61 Evals: 50
     Generation 61 Evals: 50
     Generation 62 Best Fitness: 4.1768
     Generation 62 Evals: 50
     Generation 62 Evals: 50
     Generation 63 Best Fitness: 4.1752
     Generation 63 Evals: 50
     Generation 63 Evals: 50
     Generation 64 Best Fitness: 4.1752
     Generation 64 Evals: 50
     Generation 64 Evals: 50
     Generation 65 Best Fitness: 4.1743
     Generation 65 Evals: 50
     Generation 65 Evals: 50
     Generation 66 Best Fitness: 4.1747
     Generation 66 Evals: 50
     Generation 66 Evals: 50
     Generation 67 Best Fitness: 4.1744
     Generation 67 Evals: 50
     Generation 67 Evals: 50
     Generation 68 Best Fitness: 4.1734
     Generation 68 Evals: 50
     Generation 68 Evals: 50
     Generation 69 Best Fitness: 4.1736
     Generation 69 Evals: 50
     Generation 69 Evals: 50
     Generation 70 Best Fitness: 4.1733
     Generation 70 Evals: 50
     Generation 70 Evals: 50
     Generation 71 Best Fitness: 4.1733
     Generation 71 Evals: 50
     Generation 71 Evals: 50
     Generation 72 Best Fitness: 4.1727
     Generation 72 Evals: 50
     Generation 72 Evals: 50
     Generation 73 Best Fitness: 4.1721
     Generation 73 Evals: 50
     Generation 73 Evals: 50
     Generation 74 Best Fitness: 4.1721
     Generation 74 Evals: 50
     Generation 74 Evals: 50
     Generation 75 Best Fitness: 4.1715
     Generation 75 Evals: 50
     Generation 75 Evals: 50
     Generation 76 Best Fitness: 4.1714
     Generation 76 Evals: 50
     Generation 76 Evals: 50
     Generation 77 Best Fitness: 4.1708
     Generation 77 Evals: 50
     Generation 77 Evals: 50
     Generation 78 Best Fitness: 4.1699
     Generation 78 Evals: 50
     Generation 78 Evals: 50
     Generation 79 Best Fitness: 4.1701
     Generation 79 Evals: 50
     Generation 79 Evals: 50
     Generation 80 Best Fitness: 4.1698
     Generation 80 Evals: 50
     Generation 80 Evals: 50
     Generation 81 Best Fitness: 4.1686
     Generation 81 Evals: 50
     Generation 81 Evals: 50
     Generation 82 Best Fitness: 4.1686
     Generation 82 Evals: 50
     Generation 82 Evals: 50
     Generation 83 Best Fitness: 4.1682
     Generation 83 Evals: 50
     Generation 83 Evals: 50
     Generation 84 Best Fitness: 4.1671
     Generation 84 Evals: 50
     Generation 84 Evals: 50
     Generation 85 Best Fitness: 4.1668
     Generation 85 Evals: 50
     Generation 85 Evals: 50
     Generation 86 Best Fitness: 4.1668
     Generation 86 Evals: 50
     Generation 86 Evals: 50
     Generation 87 Best Fitness: 4.1657
     Generation 87 Evals: 50
     Generation 87 Evals: 50
     Generation 88 Best Fitness: 4.1646
     Generation 88 Evals: 50
     Generation 88 Evals: 50
     Generation 89 Best Fitness: 4.1647
     Generation 89 Evals: 50
     Generation 89 Evals: 50
     Generation 90 Best Fitness: 4.1633
     Generation 90 Evals: 50
     Generation 90 Evals: 50
     Generation 91 Best Fitness: 4.1620
     Generation 91 Evals: 50
     Generation 91 Evals: 50
     Generation 92 Best Fitness: 4.1617
     Generation 92 Evals: 50
     Generation 92 Evals: 50
     Generation 93 Best Fitness: 4.1622
     Generation 93 Evals: 50
     Generation 93 Evals: 50
     Generation 94 Best Fitness: 4.1622
     Generation 94 Evals: 50
     Generation 94 Evals: 50
     Generation 95 Best Fitness: 4.1617
     Generation 95 Evals: 50
     Generation 95 Evals: 50
     Generation 96 Best Fitness: 4.1620
     Generation 96 Evals: 50
     Generation 96 Evals: 50
     Generation 97 Best Fitness: 4.1602
     Generation 97 Evals: 50
     Generation 97 Evals: 50
     Generation 98 Best Fitness: 4.1602
     Generation 98 Evals: 50
     Generation 98 Evals: 50
     Generation 99 Best Fitness: 4.1600
     Generation 99 Evals: 50
     Generation 99 Evals: 50
     Generation 100 Best Fitness: 4.1594
     Generation 100 Evals: 50
     Generation 100 Evals: 50
     Generation 101 Best Fitness: 4.1585
     Generation 101 Evals: 50
     Generation 101 Evals: 50
     Generation 102 Best Fitness: 4.1585
     Generation 102 Evals: 50
     Generation 102 Evals: 50
     Generation 103 Best Fitness: 4.1580
     Generation 103 Evals: 50
     Generation 103 Evals: 50
     Generation 104 Best Fitness: 4.1572
     Generation 104 Evals: 50
     Generation 104 Evals: 50
     Generation 105 Best Fitness: 4.1572
     Generation 105 Evals: 50
     Generation 105 Evals: 50
     Generation 106 Best Fitness: 4.1562
     Generation 106 Evals: 50
     Generation 106 Evals: 50
     Generation 107 Best Fitness: 4.1560
     Generation 107 Evals: 50
     Generation 107 Evals: 50
     Generation 108 Best Fitness: 4.1547
     Generation 108 Evals: 50
     Generation 108 Evals: 50
     Generation 109 Best Fitness: 4.1544
     Generation 109 Evals: 50
     Generation 109 Evals: 50
     Generation 110 Best Fitness: 4.1542
     Generation 110 Evals: 50
     Generation 110 Evals: 50
     Generation 111 Best Fitness: 4.1530
     Generation 111 Evals: 50
     Generation 111 Evals: 50
     Generation 112 Best Fitness: 4.1528
     Generation 112 Evals: 50
     Generation 112 Evals: 50
     Generation 113 Best Fitness: 4.1523
     Generation 113 Evals: 50
     Generation 113 Evals: 50
     Generation 114 Best Fitness: 4.1512
     Generation 114 Evals: 50
     Generation 114 Evals: 50
     Generation 115 Best Fitness: 4.1517
     Generation 115 Evals: 50
     Generation 115 Evals: 50
     Generation 116 Best Fitness: 4.1512
     Generation 116 Evals: 50
     Generation 116 Evals: 50
     Generation 117 Best Fitness: 4.1501
     Generation 117 Evals: 50
     Generation 117 Evals: 50
     Generation 118 Best Fitness: 4.1503
     Generation 118 Evals: 50
     Generation 118 Evals: 50
     Generation 119 Best Fitness: 4.1501
     Generation 119 Evals: 50
     Generation 119 Evals: 50
     Generation 120 Best Fitness: 4.1497
     Generation 120 Evals: 50
     Generation 120 Evals: 50
     Generation 121 Best Fitness: 4.1497
     Generation 121 Evals: 50
     Generation 121 Evals: 50
     Generation 122 Best Fitness: 4.1487
     Generation 122 Evals: 50
     Generation 122 Evals: 50
     Generation 123 Best Fitness: 4.1485
     Generation 123 Evals: 50
     Generation 123 Evals: 50
     Generation 124 Best Fitness: 4.1482
     Generation 124 Evals: 50
     Generation 124 Evals: 50
     Generation 125 Best Fitness: 4.1475
     Generation 125 Evals: 50
     Generation 125 Evals: 50
     Generation 126 Best Fitness: 4.1471
     Generation 126 Evals: 50
     Generation 126 Evals: 50
     Generation 127 Best Fitness: 4.1467
     Generation 127 Evals: 50
     Generation 127 Evals: 50
     Generation 128 Best Fitness: 4.1464
     Generation 128 Evals: 50
     Generation 128 Evals: 50
     Generation 129 Best Fitness: 4.1456
     Generation 129 Evals: 50
     Generation 129 Evals: 50
     Generation 130 Best Fitness: 4.1455
     Generation 130 Evals: 50
     Generation 130 Evals: 50
     Generation 131 Best Fitness: 4.1443
     Generation 131 Evals: 50
     Generation 131 Evals: 50
     Generation 132 Best Fitness: 4.1437
     Generation 132 Evals: 50
     Generation 132 Evals: 50
     Generation 133 Best Fitness: 4.1437
     Generation 133 Evals: 50
     Generation 133 Evals: 50
     Generation 134 Best Fitness: 4.1436
     Generation 134 Evals: 50
     Generation 134 Evals: 50
     Generation 135 Best Fitness: 4.1429
     Generation 135 Evals: 50
     Generation 135 Evals: 50
     Generation 136 Best Fitness: 4.1429
     Generation 136 Evals: 50
     Generation 136 Evals: 50
     Generation 137 Best Fitness: 4.1424
     Generation 137 Evals: 50
     Generation 137 Evals: 50
     Generation 138 Best Fitness: 4.1422
     Generation 138 Evals: 50
     Generation 138 Evals: 50
     Generation 139 Best Fitness: 4.1420
     Generation 139 Evals: 50
     Generation 139 Evals: 50
     Generation 140 Best Fitness: 4.1415
     Generation 140 Evals: 50
     Generation 140 Evals: 50
     Generation 141 Best Fitness: 4.1407
     Generation 141 Evals: 50
     Generation 141 Evals: 50
     Generation 142 Best Fitness: 4.1400
     Generation 142 Evals: 50
     Generation 142 Evals: 50
     Generation 143 Best Fitness: 4.1398
     Generation 143 Evals: 50
     Generation 143 Evals: 50
     Generation 144 Best Fitness: 4.1379
     Generation 144 Evals: 50
     Generation 144 Evals: 50
     Generation 145 Best Fitness: 4.1379
     Generation 145 Evals: 50
     Generation 145 Evals: 50
     Generation 146 Best Fitness: 4.1376
     Generation 146 Evals: 50
     Generation 146 Evals: 50
     Generation 147 Best Fitness: 4.1375
     Generation 147 Evals: 50
     Generation 147 Evals: 50
     Generation 148 Best Fitness: 4.1374
     Generation 148 Evals: 50
     Generation 148 Evals: 50
     Generation 149 Best Fitness: 4.1371
     Generation 149 Evals: 50
     Generation 149 Evals: 50
     Generation 150 Best Fitness: 4.1367
     Generation 150 Evals: 50
     Generation 150 Evals: 50
     Generation 151 Best Fitness: 4.1359
     Generation 151 Evals: 50
     Generation 151 Evals: 50
     Generation 152 Best Fitness: 4.1346
     Generation 152 Evals: 50
     Generation 152 Evals: 50
     Generation 153 Best Fitness: 4.1355
     Generation 153 Evals: 50
     Generation 153 Evals: 50
     Generation 154 Best Fitness: 4.1349
     Generation 154 Evals: 50
     Generation 154 Evals: 50
     Generation 155 Best Fitness: 4.1348
     Generation 155 Evals: 50
     Generation 155 Evals: 50
     Generation 156 Best Fitness: 4.1339
     Generation 156 Evals: 50
     Generation 156 Evals: 50
     Generation 157 Best Fitness: 4.1338
     Generation 157 Evals: 50
     Generation 157 Evals: 50
     Generation 158 Best Fitness: 4.1327
     Generation 158 Evals: 50
     Generation 158 Evals: 50
     Generation 159 Best Fitness: 4.1324
     Generation 159 Evals: 50
     Generation 159 Evals: 50
     Generation 160 Best Fitness: 4.1323
     Generation 160 Evals: 50
     Generation 160 Evals: 50
     Generation 161 Best Fitness: 4.1311
     Generation 161 Evals: 50
     Generation 161 Evals: 50
     Generation 162 Best Fitness: 4.1313
     Generation 162 Evals: 50
     Generation 162 Evals: 50
     Generation 163 Best Fitness: 4.1311
     Generation 163 Evals: 50
     Generation 163 Evals: 50
     Generation 164 Best Fitness: 4.1304
     Generation 164 Evals: 50
     Generation 164 Evals: 50
     Generation 165 Best Fitness: 4.1303
     Generation 165 Evals: 50
     Generation 165 Evals: 50
     Generation 166 Best Fitness: 4.1295
     Generation 166 Evals: 50
     Generation 166 Evals: 50
     Generation 167 Best Fitness: 4.1295
     Generation 167 Evals: 50
     Generation 167 Evals: 50
     Generation 168 Best Fitness: 4.1291
     Generation 168 Evals: 50
     Generation 168 Evals: 50
     Generation 169 Best Fitness: 4.1280
     Generation 169 Evals: 50
     Generation 169 Evals: 50
     Generation 170 Best Fitness: 4.1284
     Generation 170 Evals: 50
     Generation 170 Evals: 50
     Generation 171 Best Fitness: 4.1278
     Generation 171 Evals: 50
     Generation 171 Evals: 50
     Generation 172 Best Fitness: 4.1273
     Generation 172 Evals: 50
     Generation 172 Evals: 50
     Generation 173 Best Fitness: 4.1274
     Generation 173 Evals: 50
     Generation 173 Evals: 50
     Generation 174 Best Fitness: 4.1266
     Generation 174 Evals: 50
     Generation 174 Evals: 50
     Generation 175 Best Fitness: 4.1255
     Generation 175 Evals: 50
     Generation 175 Evals: 50
     Generation 176 Best Fitness: 4.1248
     Generation 176 Evals: 50
     Generation 176 Evals: 50
     Generation 177 Best Fitness: 4.1251
     Generation 177 Evals: 50
     Generation 177 Evals: 50
     Generation 178 Best Fitness: 4.1242
     Generation 178 Evals: 50
     Generation 178 Evals: 50
     Generation 179 Best Fitness: 4.1249
     Generation 179 Evals: 50
     Generation 179 Evals: 50
     Generation 180 Best Fitness: 4.1247
     Generation 180 Evals: 50
     Generation 180 Evals: 50
     Generation 181 Best Fitness: 4.1242
     Generation 181 Evals: 50
     Generation 181 Evals: 50
     Generation 182 Best Fitness: 4.1239
     Generation 182 Evals: 50
     Generation 182 Evals: 50
     Generation 183 Best Fitness: 4.1229
     Generation 183 Evals: 50
     Generation 183 Evals: 50
     Generation 184 Best Fitness: 4.1226
     Generation 184 Evals: 50
     Generation 184 Evals: 50
     Generation 185 Best Fitness: 4.1226
     Generation 185 Evals: 50
     Generation 185 Evals: 50
     Generation 186 Best Fitness: 4.1224
     Generation 186 Evals: 50
     Generation 186 Evals: 50
     Generation 187 Best Fitness: 4.1218
     Generation 187 Evals: 50
     Generation 187 Evals: 50
     Generation 188 Best Fitness: 4.1210
     Generation 188 Evals: 50
     Generation 188 Evals: 50
     Generation 189 Best Fitness: 4.1206
     Generation 189 Evals: 50
     Generation 189 Evals: 50
     Generation 190 Best Fitness: 4.1202
     Generation 190 Evals: 50
     Generation 190 Evals: 50
     Generation 191 Best Fitness: 4.1194
     Generation 191 Evals: 50
     Generation 191 Evals: 50
     Generation 192 Best Fitness: 4.1187
     Generation 192 Evals: 50
     Generation 192 Evals: 50
     Generation 193 Best Fitness: 4.1176
     Generation 193 Evals: 50
     Generation 193 Evals: 50
     Generation 194 Best Fitness: 4.1174
     Generation 194 Evals: 50
     Generation 194 Evals: 50
     Generation 195 Best Fitness: 4.1152
     Generation 195 Evals: 50
     Generation 195 Evals: 50
     Generation 196 Best Fitness: 4.1152
     Generation 196 Evals: 50
     Generation 196 Evals: 50
     Generation 197 Best Fitness: 4.1152
     Generation 197 Evals: 50
     Generation 197 Evals: 50
     Generation 198 Best Fitness: 4.1141
     Generation 198 Evals: 50
     Generation 198 Evals: 50
     Generation 199 Best Fitness: 4.1135
     Generation 199 Evals: 50
     Generation 199 Evals: 50

4. GENETIC ALGORITHM
   Status: SUCCESS
   Timestamp: 2025-10-14T06:53:34.415601
   Duration: 2674.8636 seconds
   Memory Change: +60.70 MB
   Peak Memory: 788.44 MB
   Performance: Slow
   Step Details:
     Parameters: 36994
     Parameters: 36994
     Max Evals: 10000
     Max Evals: 10000
     Pop Size: 50
     Pop Size: 50
     Mutation Rate: 0.1000
     Mutation Std: 0.0010
     Crossover Rate: 0.7000
     Plateau Threshold: 250
     Plateau Threshold: 250
     Min Delta: 0.0000
     Initial Fitness: 4.3979
     Best Loss: 4.1135
     Evals: 10000
     Evals: 10000
     Wall Clock Time: 2,688.2171
     History: 200 items
     Generation Count: 199
     Generation Count: 199
     Learning Curve Points:
       algo: ga
       evals: [50, 100, 150, 200, 250, 300, 350, 400, 450, 500, 550, 600, 650, 700, 750, 800, 850, 900, 950, 1000, 1050, 1100, 1150, 1200, 1250, 1300, 1350, 1400, 1450, 1500, 1550, 1600, 1650, 1700, 1750, 1800, 1850, 1900, 1950, 2000, 2050, 2100, 2150, 2200, 2250, 2300, 2350, 2400, 2450, 2500, 2550, 2600, 2650, 2700, 2750, 2800, 2850, 2900, 2950, 3000, 3050, 3100, 3150, 3200, 3250, 3300, 3350, 3400, 3450, 3500, 3550, 3600, 3650, 3700, 3750, 3800, 3850, 3900, 3950, 4000, 4050, 4100, 4150, 4200, 4250, 4300, 4350, 4400, 4450, 4500, 4550, 4600, 4650, 4700, 4750, 4800, 4850, 4900, 4950, 5000, 5050, 5100, 5150, 5200, 5250, 5300, 5350, 5400, 5450, 5500, 5550, 5600, 5650, 5700, 5750, 5800, 5850, 5900, 5950, 6000, 6050, 6100, 6150, 6200, 6250, 6300, 6350, 6400, 6450, 6500, 6550, 6600, 6650, 6700, 6750, 6800, 6850, 6900, 6950, 7000, 7050, 7100, 7150, 7200, 7250, 7300, 7350, 7400, 7450, 7500, 7550, 7600, 7650, 7700, 7750, 7800, 7850, 7900, 7950, 8000, 8050, 8100, 8150, 8200, 8250, 8300, 8350, 8400, 8450, 8500, 8550, 8600, 8650, 8700, 8750, 8800, 8850, 8900, 8950, 9000, 9050, 9100, 9150, 9200, 9250, 9300, 9350, 9400, 9450, 9500, 9550, 9600, 9650, 9700, 9750, 9800, 9850, 9900, 9950, 10000]
       raw_losses: [4.397860641007895, 4.379800310938349, 4.344336058630612, 4.363691796749939, 4.333157472994738, 4.311859894584823, 4.2770899298426865, 4.274439208673471, 4.265012332371303, 4.257521527154105, 4.253324106499389, 4.24881078515734, 4.24027739907359, 4.234515418063153, 4.231780854336945, 4.217090617169391, 4.218108045749175, 4.215971478175768, 4.208556083969144, 4.2053662311463125, 4.205285343931708, 4.198169979420337, 4.198342459542411, 4.198430710223132, 4.198169979420337, 4.194606609396882, 4.19448291862404, 4.193817448703361, 4.193841654302436, 4.1933485221513465, 4.1933172936841245, 4.1917348728948465, 4.190495712853177, 4.190593936941126, 4.190593936941126, 4.190054566868932, 4.18877895891448, 4.18877895891448, 4.18902615400461, 4.1889463147837604, 4.186280947465163, 4.185775952024774, 4.185775952024774, 4.186174176114819, 4.185660790174436, 4.1856890593692935, 4.185150864796761, 4.18514902425773, 4.184362270019867, 4.183369883687505, 4.18289042479826, 4.180359303732931, 4.181438831182627, 4.181132946258936, 4.179320227095496, 4.179635985867008, 4.179497131497869, 4.179026453486292, 4.178995642469916, 4.178354395614876, 4.177942198711437, 4.177318856393025, 4.17675426591447, 4.17522558930156, 4.17522558930156, 4.174343376805931, 4.174669158327711, 4.174429478226127, 4.173404623737265, 4.173616294022445, 4.17329495774084, 4.17329495774084, 4.172707633221106, 4.172121227005899, 4.172121227005899, 4.17149130547003, 4.171408277728182, 4.170814882704627, 4.169887660623907, 4.170091719854446, 4.169821465408409, 4.168598082912711, 4.168598082912711, 4.168244630425841, 4.167055204674438, 4.166800255740519, 4.166800255740519, 4.165741806065206, 4.164602570044688, 4.164723268795362, 4.163310861412858, 4.162046740779947, 4.161705782561948, 4.162209959257217, 4.162232382393582, 4.1616959405906035, 4.161982239384354, 4.160230937021556, 4.160209605108688, 4.160045433830429, 4.159441415206853, 4.158524666513715, 4.158510382795509, 4.158048648100633, 4.157157780049921, 4.157157780049921, 4.156241489417387, 4.155969282209655, 4.154731133045295, 4.154384282919077, 4.154241981523814, 4.1530206727457575, 4.1528048899584205, 4.152287445662222, 4.151212247736725, 4.151721763523507, 4.151242630822318, 4.150108653547126, 4.150302354232732, 4.150061261959565, 4.1497120922738375, 4.1497120922738375, 4.148679918858594, 4.148512964720254, 4.148167434629503, 4.147486519900871, 4.147119415112031, 4.146738422222627, 4.146448590379932, 4.1455684668851855, 4.14550036912436, 4.14430756577642, 4.143656272591252, 4.143656272591252, 4.143632111095247, 4.142874064462962, 4.142874064462962, 4.142422189205994, 4.1422142668084785, 4.141964253925142, 4.141454559542757, 4.140698668284294, 4.140012449397272, 4.139783077187591, 4.1378689620084375, 4.1378689620084375, 4.1375954408785365, 4.137510308852563, 4.137382332658593, 4.137104590297182, 4.1367219647208415, 4.1359376440118085, 4.1345930357119105, 4.135502314829564, 4.13487678919083, 4.134843109291552, 4.133941948195517, 4.13382855177799, 4.132680765875093, 4.13242246336116, 4.132323476857755, 4.131066939332983, 4.131346393417526, 4.131084331662664, 4.130368183820676, 4.130331185274509, 4.129460024746346, 4.129460024746346, 4.1291042269367875, 4.128031266914619, 4.128375902717367, 4.1278398141756165, 4.127264454251244, 4.12740190081544, 4.126577825336666, 4.1254953897043025, 4.124798228889158, 4.125138216839606, 4.124245952337216, 4.124860161826724, 4.124709894368936, 4.124177124037411, 4.123919853360662, 4.122862897949778, 4.122587631473611, 4.122604953937041, 4.122436564920586, 4.121751898374313, 4.121014474075793, 4.120648870101342, 4.120235399012164, 4.119367830482595, 4.118668830001747, 4.117554183844682, 4.117371392337394, 4.115227872198755, 4.115227872198755, 4.115206000132439, 4.114127732895233, 4.11347496072888]
       best_so_far: [4.397860641007895, 4.379800310938349, 4.344336058630612, 4.344336058630612, 4.333157472994738, 4.311859894584823, 4.2770899298426865, 4.274439208673471, 4.265012332371303, 4.257521527154105, 4.253324106499389, 4.24881078515734, 4.24027739907359, 4.234515418063153, 4.231780854336945, 4.217090617169391, 4.217090617169391, 4.215971478175768, 4.208556083969144, 4.2053662311463125, 4.205285343931708, 4.198169979420337, 4.198169979420337, 4.198169979420337, 4.198169979420337, 4.194606609396882, 4.19448291862404, 4.193817448703361, 4.193817448703361, 4.1933485221513465, 4.1933172936841245, 4.1917348728948465, 4.190495712853177, 4.190495712853177, 4.190495712853177, 4.190054566868932, 4.18877895891448, 4.18877895891448, 4.18877895891448, 4.18877895891448, 4.186280947465163, 4.185775952024774, 4.185775952024774, 4.185775952024774, 4.185660790174436, 4.185660790174436, 4.185150864796761, 4.18514902425773, 4.184362270019867, 4.183369883687505, 4.18289042479826, 4.180359303732931, 4.180359303732931, 4.180359303732931, 4.179320227095496, 4.179320227095496, 4.179320227095496, 4.179026453486292, 4.178995642469916, 4.178354395614876, 4.177942198711437, 4.177318856393025, 4.17675426591447, 4.17522558930156, 4.17522558930156, 4.174343376805931, 4.174343376805931, 4.174343376805931, 4.173404623737265, 4.173404623737265, 4.17329495774084, 4.17329495774084, 4.172707633221106, 4.172121227005899, 4.172121227005899, 4.17149130547003, 4.171408277728182, 4.170814882704627, 4.169887660623907, 4.169887660623907, 4.169821465408409, 4.168598082912711, 4.168598082912711, 4.168244630425841, 4.167055204674438, 4.166800255740519, 4.166800255740519, 4.165741806065206, 4.164602570044688, 4.164602570044688, 4.163310861412858, 4.162046740779947, 4.161705782561948, 4.161705782561948, 4.161705782561948, 4.1616959405906035, 4.1616959405906035, 4.160230937021556, 4.160209605108688, 4.160045433830429, 4.159441415206853, 4.158524666513715, 4.158510382795509, 4.158048648100633, 4.157157780049921, 4.157157780049921, 4.156241489417387, 4.155969282209655, 4.154731133045295, 4.154384282919077, 4.154241981523814, 4.1530206727457575, 4.1528048899584205, 4.152287445662222, 4.151212247736725, 4.151212247736725, 4.151212247736725, 4.150108653547126, 4.150108653547126, 4.150061261959565, 4.1497120922738375, 4.1497120922738375, 4.148679918858594, 4.148512964720254, 4.148167434629503, 4.147486519900871, 4.147119415112031, 4.146738422222627, 4.146448590379932, 4.1455684668851855, 4.14550036912436, 4.14430756577642, 4.143656272591252, 4.143656272591252, 4.143632111095247, 4.142874064462962, 4.142874064462962, 4.142422189205994, 4.1422142668084785, 4.141964253925142, 4.141454559542757, 4.140698668284294, 4.140012449397272, 4.139783077187591, 4.1378689620084375, 4.1378689620084375, 4.1375954408785365, 4.137510308852563, 4.137382332658593, 4.137104590297182, 4.1367219647208415, 4.1359376440118085, 4.1345930357119105, 4.1345930357119105, 4.1345930357119105, 4.1345930357119105, 4.133941948195517, 4.13382855177799, 4.132680765875093, 4.13242246336116, 4.132323476857755, 4.131066939332983, 4.131066939332983, 4.131066939332983, 4.130368183820676, 4.130331185274509, 4.129460024746346, 4.129460024746346, 4.1291042269367875, 4.128031266914619, 4.128031266914619, 4.1278398141756165, 4.127264454251244, 4.127264454251244, 4.126577825336666, 4.1254953897043025, 4.124798228889158, 4.124798228889158, 4.124245952337216, 4.124245952337216, 4.124245952337216, 4.124177124037411, 4.123919853360662, 4.122862897949778, 4.122587631473611, 4.122587631473611, 4.122436564920586, 4.121751898374313, 4.121014474075793, 4.120648870101342, 4.120235399012164, 4.119367830482595, 4.118668830001747, 4.117554183844682, 4.117371392337394, 4.115227872198755, 4.115227872198755, 4.115206000132439, 4.114127732895233, 4.11347496072888]
     Ga Test Loss: 4.4058
     Rhc Test Loss: 0.5030
     Sa Test Loss: 4.6931

======================================================================
Report Generated: 2025-10-14 06:53:34 EDT
Log File: logs/experiment_logs.json
======================================================================
