episode,wall_clock_sec,action_entropy,episode_return,exploration_ratio,max_q_value,mean_abs_q_change,mean_abs_td_error,mean_q_value,q_change_std,q_table_nonzero,q_table_size,steps,td_error_std,unique_states_visited
0,0.10350298881530762,0.47413931305783735,11.0,0.0,0.42810615811900005,0.09535162786473544,0.9535162786473546,0.34962263550403,0.018917380871953108,3,3,11,0.1891738087195311,2
1,0.10350298881530762,-0.0,10.0,0.2,0.79047418009151,0.0926932341221372,0.9269323412213721,0.49395006193336555,0.02122418779512106,4,4,10,0.2122418779512105,3
2,0.10350298881530762,0.3250829733914482,10.0,0.0,1.0147667541658723,0.09450309417786139,0.9450309417786139,0.5841662379024152,0.03915333034493455,5,5,10,0.39153330344934517,4
3,0.10350298881530762,0.34883209584303193,9.0,0.2222222222222222,1.4578336516780808,0.09258127208309912,0.9258127208309914,0.6087203044626585,0.043841171345916655,6,6,9,0.43841171345916635,2
4,0.10450124740600586,-0.0,8.0,0.0,1.8589247035598262,0.07656417363445948,0.7656417363445949,0.706341466917125,0.03819839549437514,6,6,8,0.38198395494375126,2
5,0.10450124740600586,0.30463609734923813,11.0,0.0,2.0970876505363654,0.10929288145663486,1.0929288145663483,0.8769579771733427,0.0712158479221174,6,6,11,0.7121584792211743,4
6,0.10450124740600586,-0.0,9.0,0.0,2.5544132681774356,0.08504963194782984,0.8504963194782981,0.9780052090880194,0.024530819045694673,6,6,9,0.2453081904569458,2
7,0.10450124740600586,-0.0,10.0,0.1,2.8913485404006933,0.11264328991795114,1.1264328991795112,1.1272441769202735,0.059141261425248115,6,6,10,0.5914126142524809,4
8,0.10450124740600586,0.2868359830561607,12.0,0.08333333333333333,3.119488888245373,0.11429123078361723,1.142912307836172,1.1250941060433797,0.05027168699016649,7,7,12,0.502716869901665,4
9,0.10450124740600586,0.34883209584303193,9.0,0.1111111111111111,3.2738180473952294,0.1596632001404406,1.5966320014044064,1.0884453281795108,0.10622251318284531,8,8,9,1.0622251318284528,3
10,0.10450124740600586,0.2868359830561607,12.0,0.0,3.468634998534442,0.12038147065157744,1.203814706515774,1.0907184732626554,0.049054144704037794,9,9,12,0.4905414470403781,4
11,0.10450124740600586,-0.0,10.0,0.1,3.6459796915732294,0.11978628880671324,1.1978628880671323,1.1821958252480484,0.04796567820683803,9,9,10,0.47965678206838047,4
12,0.10450124740600586,-0.0,9.0,0.1111111111111111,3.9802216934000465,0.10126273315281559,1.0126273315281553,1.2314560654521503,0.016300447064299225,9,9,9,0.16300447064299223,2
13,0.10450124740600586,0.30463609734923813,11.0,0.09090909090909091,4.0318628220787645,0.1426565571037113,1.426565571037112,1.3315408801548858,0.09810425108329782,9,9,11,0.9810425108329787,4
14,0.10450124740600586,-0.0,9.0,0.2222222222222222,4.423484117588384,0.10497943920582171,1.0497943920582173,1.3760224447509826,0.027583624157434154,9,9,9,0.27583624157433995,2
15,0.10450124740600586,-0.0,9.0,0.1111111111111111,4.6891067448929675,0.15264782271555977,1.5264782271555974,1.4616333648303894,0.12705544001832342,9,9,9,1.2705544001832343,3
16,0.10450124740600586,-0.0,10.0,0.3,4.7567898079478335,0.13928065494958458,1.392806549495846,1.5476991409570569,0.06896449105078413,9,9,10,0.6896449105078412,4
17,0.10450124740600586,0.47413931305783735,11.0,0.2727272727272727,4.572401038210979,0.14622919844926788,1.4622919844926785,1.6438728049885942,0.08052974497372331,9,9,11,0.8052974497372327,4
18,0.10450124740600586,-0.0,9.0,0.0,4.910019199556115,0.11058968188980299,1.1058968188980303,1.6820185592758676,0.04348265029814032,9,9,9,0.43482650298140374,2
19,0.10450124740600586,0.34883209584303193,9.0,0.0,4.926204410677289,0.1828308941551312,1.8283089415513123,1.7633709879929957,0.14048533543313246,9,9,9,1.404853354331325,3
20,0.10450124740600586,0.6365141682948128,12.0,0.08333333333333333,4.708693787015112,0.17949056448117884,1.7949056448117888,1.8722313444015184,0.13916313702361027,9,9,12,1.391631370236102,3
21,0.10450124740600586,-0.0,10.0,0.2,4.768732523053798,0.11624289168677171,1.1624289168677175,1.9322770220615193,0.044308536016755315,9,9,10,0.4430853601675545,3
22,0.10450124740600586,0.6172417697303416,13.0,0.0,4.504728719041882,0.14559147824404867,1.4559147824404872,2.021176303451435,0.10749345545193731,9,9,13,1.0749345545193731,3
23,0.10450124740600586,0.30463609734923813,11.0,0.0,4.599482595143946,0.16597998846836742,1.6597998846836723,2.085705577264884,0.13507880272173145,9,9,11,1.3507880272173154,3
24,0.10450124740600586,-0.0,10.0,0.1,4.6843818946969265,0.10856175376822015,1.0856175376822006,2.139608733753035,0.03129140915656219,9,9,10,0.312914091565623,3
25,0.10450124740600586,-0.0,10.0,0.0,4.760451128284585,0.13621630304644358,1.3621630304644352,2.220180420768293,0.08322325342897517,9,9,10,0.8322325342897515,4
26,0.10450124740600586,-0.0,10.0,0.2,4.922799625243394,0.1358779526065148,1.358779526065149,2.296565206270694,0.07934058349027302,9,9,10,0.79340583490273,4
27,0.10450124740600586,-0.0,10.0,0.1,5.18490005034858,0.10772794373482397,1.0772794373482397,2.3423457376133023,0.03746302292790638,9,9,10,0.3746302292790651,3
28,0.10450124740600586,-0.0,10.0,0.3,5.431078174315039,0.10759154143146321,1.075915414314632,2.384297622400137,0.042138471388635225,9,9,10,0.42138471388635274,3
29,0.10450124740600586,-0.0,10.0,0.1,5.743001955758409,0.1318614236980594,1.318614236980593,2.4561696514146165,0.09427894808795473,9,9,10,0.9427894808795476,4
30,0.10450124740600586,0.4293230219306162,13.0,0.0,5.851010057478616,0.1642945692658936,1.642945692658936,2.5578997795046803,0.10742021615383662,9,9,13,1.0742021615383657,4
31,0.10450124740600586,-0.0,10.0,0.1,6.100975501796237,0.10237750323552697,1.02377503235527,2.59195654619518,0.03945266410733815,9,9,10,0.3945266410733815,3
32,0.10550332069396973,-0.0,9.0,0.1111111111111111,6.100975501796237,0.14783406639292504,1.4783406639292498,2.6611803805744416,0.0999909080378332,9,9,9,0.9999090803783313,3
33,0.10550332069396973,-0.0,9.0,0.1111111111111111,6.100975501796237,0.14898171561279186,1.4898171561279183,2.726102270201036,0.09687523409647875,9,9,9,0.9687523409647882,3
34,0.10550332069396973,-0.0,8.0,0.0,6.100975501796237,0.1206295190831917,1.2062951908319175,2.746370099188958,0.052448236370297836,9,9,8,0.5244823637029771,2
35,0.10550332069396973,-0.0,10.0,0.0,6.298483062108378,0.10705698727994602,1.0705698727994604,2.7777166733650085,0.057140981735830786,9,9,10,0.5714098173583065,3
36,0.10550332069396973,-0.0,8.0,0.0,6.298483062108378,0.12198851942756667,1.2198851942756674,2.795817938058135,0.0571587953904362,9,9,8,0.5715879539043621,2
37,0.10550332069396973,-0.0,10.0,0.1,6.667371834565489,0.10643779008182515,1.0643779008182503,2.824343987566295,0.060822992089783146,9,9,10,0.6082299208978315,3
38,0.10550332069396973,-0.0,9.0,0.0,6.667371834565489,0.12171184627154119,1.2171184627154106,2.8507538972440667,0.060707242653011945,9,9,9,0.6070724265301185,2
39,0.10550332069396973,-0.0,10.0,0.0,6.840996755264152,0.14391137919014665,1.4391137919014676,2.9147779484207756,0.11806925893476321,9,9,10,1.1806925893476312,4
40,0.10550332069396973,0.45056120886630463,12.0,0.08333333333333333,6.840996755264152,0.1694841431215961,1.694841431215959,3.0052479642385466,0.11122080903851084,9,9,12,1.1122080903851086,3
41,0.10550332069396973,-0.0,10.0,0.3,7.071599837337024,0.1117588626950261,1.117588626950261,3.027641403126157,0.057005155919480306,9,9,10,0.5700515591948028,3
42,0.10550332069396973,-0.0,10.0,0.2,7.279573875708683,0.14732514696199317,1.4732514696199313,3.086541392073082,0.11018399121987998,9,9,10,1.1018399121987994,4
43,0.10550332069396973,-0.0,8.0,0.0,7.279573875708683,0.12376119120630735,1.2376119120630746,3.1029186573565184,0.06442575436778258,9,9,8,0.6442575436778244,2
44,0.10550332069396973,-0.0,9.0,0.1111111111111111,7.279573875708683,0.15294234986510244,1.5294234986510225,3.1582660002796206,0.10187819634814976,9,9,9,1.0187819634814974,3
45,0.10550332069396973,0.3250829733914482,10.0,0.1,7.3250813990900925,0.12727834111540187,1.2727834111540195,3.213783814541423,0.10588981242921362,9,9,10,1.0588981242921376,4
46,0.10550332069396973,-0.0,8.0,0.125,7.3250813990900925,0.16033708741159436,1.6033708741159427,3.255534243984194,0.10665146764030899,9,9,8,1.066514676403091,3
47,0.10550332069396973,0.30463609734923813,11.0,0.0,7.544804635093373,0.12227094250401765,1.2227094250401775,3.315938994399503,0.09047200636637187,9,9,11,0.9047200636637199,4
48,0.10550332069396973,-0.0,10.0,0.2,7.648794900774354,0.1444485274706782,1.4444852747067816,3.3610900161111346,0.09738196151125816,9,9,10,0.9738196151125831,4
49,0.10550332069396973,-0.0,10.0,0.3,7.572992869283485,0.1581052389008152,1.5810523890081516,3.4189652463433737,0.1270262256503115,9,9,10,1.2702622565031145,4
50,0.10550332069396973,-0.0,10.0,0.2,7.842349172761624,0.11858407269190781,1.185840726919078,3.4327291948987626,0.06208418748943594,9,9,10,0.6208418748943593,3
51,0.10550332069396973,-0.0,9.0,0.1111111111111111,7.842349172761624,0.12476356887876877,1.2476356887876887,3.455785152757308,0.0708725063724221,9,9,9,0.708725063724222,2
52,0.10550332069396973,-0.0,9.0,0.0,7.842349172761624,0.12630643237392247,1.2630643237392243,3.477107910328016,0.07374107518166216,9,9,9,0.7374107518166199,2
53,0.10550332069396973,-0.0,8.0,0.125,7.842349172761624,0.15318375626208525,1.531837562620852,3.509468984521753,0.09102894267039935,9,9,8,0.9102894267039933,3
54,0.10550332069396973,0.47413931305783735,11.0,0.09090909090909091,7.842349172761624,0.18209312137302264,1.8209312137302263,3.55236519314242,0.10258381714782706,9,9,11,1.0258381714782714,2
55,0.10550332069396973,0.30463609734923813,11.0,0.0,8.0672609848783,0.10178466535248147,1.0178466535248156,3.574087651912862,0.02232205873226915,9,9,11,0.22322058732269,3
56,0.10550332069396973,0.2868359830561607,12.0,0.08333333333333333,8.185574751517253,0.18287590295082498,1.8287590295082488,3.691025789419734,0.1509965224371392,9,9,12,1.509965224371392,4
57,0.10550332069396973,0.34883209584303193,9.0,0.2222222222222222,8.185574751517253,0.1015206132498307,1.0152061324983077,3.717353062344547,0.024372179812175012,9,9,9,0.24372179812174888,2
58,0.10651731491088867,-0.0,11.0,0.09090909090909091,8.299789769927017,0.14447540507633738,1.4447540507633745,3.7622974402357467,0.08298585811085228,9,9,11,0.8298585811085227,4
59,0.10651731491088867,0.30463609734923813,11.0,0.0,8.402547426809049,0.14272160222936348,1.4272160222936348,3.7800423301835644,0.06944638309046991,9,9,11,0.6944638309046994,3
60,0.10651731491088867,-0.0,9.0,0.2222222222222222,8.402547426809049,0.132681939930569,1.3268193993056898,3.81887633833162,0.060817177441484675,9,9,9,0.6081717744148475,3
61,0.10651731491088867,-0.0,9.0,0.2222222222222222,8.402547426809049,0.12410478103868922,1.2410478103868923,3.842572066852382,0.06387623041135725,9,9,9,0.6387623041135716,2
62,0.10651731491088867,0.3250829733914482,10.0,0.0,8.503642532488312,0.10687966691382136,1.068796669138214,3.848266327631591,0.028999097354081883,9,9,10,0.2899909735408191,3
63,0.10651731491088867,-0.0,10.0,0.1,8.684038073042554,0.12747117148229087,1.2747117148229095,3.8512628608403423,0.06318070115502974,9,9,10,0.6318070115502968,3
64,0.10651731491088867,0.2868359830561607,12.0,0.16666666666666666,8.671199855304364,0.18804033907586082,1.8804033907586069,3.961343770007796,0.15510717551745815,9,9,12,1.5510717551745812,4
65,0.10651731491088867,-0.0,10.0,0.0,8.658064290801772,0.15055202684793118,1.5055202684793128,3.9882798603792327,0.08378170403486895,9,9,10,0.8378170403486893,4
66,0.10651731491088867,0.30463609734923813,11.0,0.09090909090909091,8.726460216393876,0.14302965406629145,1.4302965406629136,4.023571020362565,0.08534963520182394,9,9,11,0.8534963520182389,4
67,0.10651731491088867,-0.0,9.0,0.2222222222222222,8.726460216393876,0.13526310410424333,1.352631041042432,4.060492339428866,0.07166867469733953,9,9,9,0.7166867469733941,3
68,0.10651731491088867,-0.0,8.0,0.25,8.726460216393876,0.12697425760952308,1.2697425760952314,4.073722107233566,0.07478725045710997,9,9,8,0.7478725045711001,2
69,0.10651731491088867,-0.0,10.0,0.1,8.716105162835085,0.14570989170672782,1.457098917067277,4.0940647340025045,0.07913447374365211,9,9,10,0.7913447374365199,4
70,0.10651731491088867,-0.0,10.0,0.2,8.784835795858827,0.14263580555993788,1.4263580555993798,4.111292743021811,0.07426966024378524,9,9,10,0.7426966024378543,4
71,0.10651731491088867,0.3250829733914482,10.0,0.1,8.784835795858827,0.1488250460169831,1.4882504601698316,4.158042996443129,0.07474214872161851,9,9,10,0.7474214872161863,3
72,0.10651731491088867,-0.0,8.0,0.25,8.784835795858827,0.12432313167892117,1.2432313167892126,4.173859954159594,0.06487309336945932,9,9,8,0.6487309336945944,2
73,0.10651731491088867,-0.0,9.0,0.0,8.784835795858827,0.12432117277919907,1.2432117277919899,4.197386925699653,0.06846570700431348,9,9,9,0.6846570700431363,2
74,0.10651731491088867,-0.0,9.0,0.0,8.784835795858827,0.12544794653356092,1.2544794653356097,4.218674219993389,0.07458256930708455,9,9,9,0.7458256930708466,2
75,0.10651731491088867,0.45056120886630463,12.0,0.08333333333333333,8.599107479059544,0.14110839285018958,1.411083928501893,4.240970111510945,0.08675821592439396,9,9,12,0.8675821592439394,3
76,0.10651731491088867,0.5004024235381879,10.0,0.1,8.466440892555745,0.09872251093628717,0.9872251093628707,4.2590477562482585,0.047926610747212516,9,9,10,0.4792661074721244,4
77,0.10651731491088867,0.3250829733914482,10.0,0.0,8.44544108500352,0.1558734988565073,1.5587349885650714,4.273414139511213,0.10460681440991804,9,9,10,1.0460681440991826,4
78,0.10651731491088867,0.45056120886630463,12.0,0.0,8.574523455620586,0.1682547947265041,1.6825479472650413,4.381705670497785,0.19946699246823182,9,9,12,1.9946699246823183,4
79,0.10651731491088867,-0.0,10.0,0.1,8.603897213817588,0.12907309759276223,1.2907309759276213,4.384673093014623,0.06795873964896726,9,9,10,0.6795873964896728,3
80,0.10651731491088867,-0.0,9.0,0.0,8.603897213817588,0.12848798182303683,1.2848798182303698,4.403485315801863,0.07451008330513849,9,9,9,0.7451008330513843,2
81,0.10651731491088867,-0.0,9.0,0.1111111111111111,8.603897213817588,0.14283412430252604,1.4283412430252602,4.4356700753096385,0.0787288739860387,9,9,9,0.7872887398603875,3
82,0.10651731491088867,0.410116318288409,14.0,0.07142857142857142,8.224097034074706,0.19304812982038408,1.930481298203841,4.479937866189997,0.20699344550562665,9,9,14,2.069934455056267,4
83,0.10651731491088867,-0.0,10.0,0.2,8.434830761936166,0.12455206159753777,1.2455206159753778,4.486327592430816,0.06434901751322059,9,9,10,0.6434901751322046,3
84,0.10651731491088867,0.47413931305783735,11.0,0.0,8.434830761936166,0.1367007090744401,1.3670070907444005,4.549404156821735,0.08013117072521211,9,9,11,0.8013117072521195,3
85,0.10651731491088867,0.5297061990576545,9.0,0.3333333333333333,8.434830761936166,0.11379550263763272,1.1379550263763276,4.580807728985794,0.03797263305814124,9,9,9,0.3797263305814112,3
86,0.10651731491088867,-0.0,9.0,0.2222222222222222,8.434830761936166,0.13827556756205941,1.3827556756205943,4.60626453779979,0.08971513101759442,9,9,9,0.8971513101759447,3
87,0.10753107070922852,-0.0,9.0,0.1111111111111111,8.4247258435079,0.13011321008966092,1.3011321008966092,4.6011672559839605,0.09017761376050704,9,9,9,0.9017761376050708,3
88,0.10753107070922852,-0.0,9.0,0.0,8.414581187684952,0.13000648129449768,1.3000648129449768,4.596194016762136,0.09064118211905572,9,9,9,0.9064118211905559,3
89,0.10753107070922852,-0.0,10.0,0.1,8.568871385060328,0.1275847310222622,1.2758473102226209,4.603284919733093,0.08073553867269717,9,9,10,0.8073553867269716,4
90,0.10753107070922852,0.3250829733914482,10.0,0.1,8.568871385060328,0.14516232589684125,1.4516232589684126,4.632509726264808,0.09104846582695585,9,9,10,0.9104846582695592,2
91,0.10753107070922852,0.30463609734923813,11.0,0.0,8.568871385060328,0.17792755805551166,1.7792755805551173,4.267598016542628,0.1752596462542996,10,10,11,1.7525964625429953,3
92,0.10753107070922852,-0.0,10.0,0.2,8.682112266786953,0.12952730228915707,1.29527302289157,4.272866371397638,0.07055859488086091,10,10,10,0.7055859488086089,4
93,0.10753107070922852,-0.0,10.0,0.1,8.687465016156246,0.13018405499969937,1.301840549996995,4.274556941436036,0.07140281909376488,10,10,10,0.7140281909376501,3
94,0.10753107070922852,-0.0,9.0,0.2222222222222222,8.687465016156246,0.12617035336350238,1.261703533635024,4.294130510370938,0.072833212294782,10,10,9,0.7283321229478189,3
95,0.10753107070922852,0.34883209584303193,9.0,0.1111111111111111,8.687465016156246,0.10550095066085936,1.0550095066085943,4.313213825361821,0.022005287898160922,10,10,9,0.22005287898160966,2
96,0.10753107070922852,0.30463609734923813,11.0,0.18181818181818182,8.687465016156246,0.14064236974902125,1.406423697490213,4.350595432727927,0.08169686535052469,10,10,11,0.8169686535052466,3
97,0.10753107070922852,0.30463609734923813,11.0,0.09090909090909091,8.79672675491825,0.1160019210263241,1.1600192102632396,4.364433369801761,0.07135799247013426,10,10,11,0.7135799247013416,4
98,0.10753107070922852,0.3250829733914482,10.0,0.0,8.679085680997243,0.11311334641470712,1.1311334641470705,4.369378408248267,0.03029918163898941,10,10,10,0.3029918163898965,4
99,0.10753107070922852,-0.0,9.0,0.1111111111111111,8.679085680997243,0.13124311017942247,1.3124311017942245,4.386568472048772,0.07510100675903174,10,10,9,0.7510100675903172,3
100,0.10753107070922852,-0.0,10.0,0.0,8.761163705997646,0.1289241509853314,1.289241509853313,4.38794629791678,0.0701084638962696,10,10,10,0.7010846389626968,3
101,0.10753107070922852,-0.0,9.0,0.1111111111111111,8.761163705997646,0.13058933254436222,1.3058933254436238,4.40276813472191,0.07948684074788692,10,10,9,0.7948684074788692,2
102,0.10753107070922852,-0.0,11.0,0.0,8.8815511385504,0.1277496553899885,1.2774965538998866,4.41315191453201,0.06828840668498475,10,10,11,0.6828840668498469,4
103,0.10753107070922852,0.3250829733914482,10.0,0.0,8.975661819978683,0.14614412155762202,1.4614412155762204,4.4130825012984465,0.09128851797624145,10,10,10,0.9128851797624149,3
104,0.10753107070922852,-0.0,11.0,0.0,9.04839040035794,0.13030195346873086,1.3030195346873086,4.422139151986944,0.06919371088831873,10,10,11,0.6919371088831885,4
105,0.10753107070922852,-0.0,10.0,0.1,9.109414793562287,0.13297205570438106,1.3297205570438098,4.419400510585147,0.07353288301414965,10,10,10,0.7353288301414961,3
106,0.10753107070922852,0.3250829733914482,10.0,0.1,9.109414793562287,0.13441573010408242,1.3441573010408236,4.447147230376666,0.08015931536508274,10,10,10,0.8015931536508261,2
107,0.10753107070922852,0.2711893730418441,13.0,0.15384615384615385,9.240389238060958,0.17637483636213067,1.763748363621305,4.5395737381776025,0.18201176902878882,10,10,13,1.820117690287889,4
108,0.10753107070922852,-0.0,9.0,0.2222222222222222,9.240389238060958,0.12687122482824964,1.2687122482824966,4.558175484974884,0.07363669623843848,10,10,9,0.7363669623843841,2
109,0.10753107070922852,-0.0,9.0,0.1111111111111111,9.240389238060958,0.1252785924754155,1.2527859247541553,4.574440347230387,0.0749170097224117,10,10,9,0.749170097224118,3
110,0.10753107070922852,-0.0,8.0,0.0,9.240389238060958,0.13205339439653452,1.3205339439653445,4.58269431453443,0.07748924967882924,10,10,8,0.774892496788292,2
111,0.10753107070922852,0.5004024235381879,15.0,0.06666666666666667,9.134986092958169,0.20399282387093332,2.039928238709333,4.625761045033765,0.2176754441153847,10,10,15,2.1767544411538466,4
112,0.10850214958190918,0.2868359830561607,12.0,0.16666666666666666,9.182908243570205,0.19595591457186687,1.959559145718669,4.642346662804182,0.18327362342678108,10,10,12,1.8327362342678117,4
113,0.10850214958190918,-0.0,9.0,0.0,9.182908243570205,0.12741999783652025,1.2741999783652016,4.660359212881028,0.07254857175737328,10,10,9,0.7254857175737319,2
114,0.10850214958190918,-0.0,8.0,0.25,9.182908243570205,0.12799916068644002,1.2799916068644006,4.667044943904644,0.07782213421150576,10,10,8,0.7782213421150562,3
115,0.10850214958190918,0.3250829733914482,10.0,0.1,9.182908243570205,0.13245235131817337,1.3245235131817326,4.693503975442129,0.08121103945524356,10,10,10,0.8121103945524352,2
116,0.10850214958190918,0.3250829733914482,10.0,0.0,9.172135760359366,0.09621569806127495,0.962156980612748,4.692118704272402,0.05325352211316043,10,10,10,0.5325352211316035,4
117,0.10850214958190918,-0.0,10.0,0.0,9.161898400737726,0.11518113845092195,1.15181138450922,4.689209146934866,0.08067361524930557,10,10,10,0.806736152493057,4
118,0.10850214958190918,-0.0,9.0,0.0,9.161898400737726,0.12783492676584693,1.2783492676584691,4.703478247290334,0.08239334606461296,10,10,9,0.823933460646128,3
119,0.10850214958190918,-0.0,9.0,0.1111111111111111,9.161898400737726,0.12932073129192695,1.293207312919271,4.7168739937585835,0.08710449304164247,10,10,9,0.8710449304164243,3
120,0.10850214958190918,0.3250829733914482,10.0,0.1,9.162023842639279,0.0961400704468828,0.9614007044688275,4.715772402116551,0.04739329148117984,10,10,10,0.47393291481180005,4
121,0.10850214958190918,0.34883209584303193,9.0,0.3333333333333333,9.162023842639279,0.14316519477490472,1.4316519477490468,4.727394867462909,0.10764925469743598,10,10,9,1.0764925469743605,2
122,0.10850214958190918,0.45056120886630463,12.0,0.08333333333333333,9.162023842639279,0.14672680880575908,1.4672680880575906,4.767097636517423,0.09462185620111993,10,10,12,0.9462185620111996,2
123,0.10850214958190918,-0.0,10.0,0.1,9.162023842639279,0.1251238083248956,1.2512380832489547,4.773640935582315,0.08344672860754139,10,10,10,0.8344672860754137,3
124,0.10850214958190918,0.3250829733914482,10.0,0.2,9.162023842639279,0.13264468198761015,1.3264468198761021,4.797012481297124,0.08907768864242482,10,10,10,0.8907768864242486,2
125,0.10850214958190918,-0.0,10.0,0.2,9.162023842639279,0.12623716500185234,1.2623716500185247,4.802428412609746,0.07728118940951499,10,10,10,0.7728118940951483,3
126,0.10850214958190918,0.2868359830561607,12.0,0.08333333333333333,9.175742770807332,0.16211165172584385,1.6211165172584387,4.874496545336852,0.1688481657747237,10,10,12,1.688481657747237,4
127,0.10850214958190918,0.3250829733914482,10.0,0.1,9.211741989168434,0.1281513086231753,1.281513086231753,4.872478124026754,0.08437754137703879,10,10,10,0.843775413770388,4
128,0.10850214958190918,0.3250829733914482,10.0,0.1,9.211741989168434,0.1265905804423128,1.2659058044231277,4.874512273073721,0.07159242632149897,10,10,10,0.7159242632149888,3
129,0.10850214958190918,-0.0,10.0,0.2,9.211741989168434,0.13073020612274547,1.3073020612274548,4.873637393876915,0.06826316892602816,10,10,10,0.6826316892602801,3
130,0.10850214958190918,0.3250829733914482,10.0,0.1,9.211741989168434,0.12568739913657137,1.256873991365714,4.906249845305374,0.0754035605625769,10,10,10,0.7540356056257685,3
131,0.10850214958190918,0.3250829733914482,10.0,0.1,9.211741989168434,0.12400918277707507,1.2400918277707507,4.9348973001676715,0.07101367537101792,10,10,10,0.7101367537101795,2
132,0.10850214958190918,0.2711893730418441,13.0,0.0,9.062203552154585,0.18636634873094368,1.8636634873094355,4.958358497427688,0.14764707324248008,10,10,13,1.4764707324248008,4
133,0.10850214958190918,0.3250829733914482,10.0,0.1,9.114396761813378,0.13746013775306626,1.3746013775306638,4.956507879291542,0.07836676873924331,10,10,10,0.7836676873924326,3
134,0.10850214958190918,-0.0,8.0,0.375,9.114396761813378,0.12977430468395074,1.2977430468395073,4.965928753108201,0.08106764658982171,10,10,8,0.8106764658982184,2
135,0.10850214958190918,0.5004024235381879,10.0,0.1,9.015332192962783,0.13221316512442857,1.3221316512442869,4.96718913234631,0.07532298993990783,10,10,10,0.7532298993990779,4
136,0.10850214958190918,0.6108643020548935,10.0,0.0,9.10522537010893,0.13256582492597477,1.3256582492597464,4.966557491687032,0.07061815341875072,10,10,10,0.7061815341875088,4
137,0.10950303077697754,0.47413931305783735,11.0,0.18181818181818182,9.167674945064979,0.12431578059622259,1.243157805962227,4.97476392530044,0.06789929744703638,10,10,11,0.6789929744703653,4
138,0.10950303077697754,0.5297061990576545,9.0,0.2222222222222222,9.167674945064979,0.11892730826113428,1.1892730826113422,4.987277086504802,0.07912806703005217,10,10,9,0.791280670300521,3
139,0.10950303077697754,0.5297061990576545,9.0,0.1111111111111111,9.167674945064979,0.12353553254072994,1.2353553254072998,5.004964370672499,0.0800301126221258,10,10,9,0.8003011262212563,2
140,0.10950303077697754,0.6730116670092565,10.0,0.0,9.167674945064979,0.12287820641520701,1.2287820641520693,5.026133971384075,0.07559656370348297,10,10,10,0.7559656370348308,3
141,0.10950303077697754,0.6108643020548935,10.0,0.0,9.167674945064979,0.132213218008049,1.3221321800804886,5.025374307354,0.06913128678943523,10,10,10,0.6913128678943514,3
142,0.10950303077697754,0.6931471805599453,12.0,0.08333333333333333,9.167674945064979,0.12340078558983192,1.2340078558983187,5.068508595709363,0.06912223261857973,10,10,12,0.6912223261857975,2
143,0.10950303077697754,0.6365141682948128,9.0,0.2222222222222222,9.167674945064979,0.1263980378520485,1.263980378520484,5.080234451963422,0.07465854593882963,10,10,9,0.7465854593882959,3
144,0.10950303077697754,0.5859526183035508,11.0,0.0,9.233206146944372,0.12596388900231117,1.2596388900231108,5.08560069659204,0.06627681144423991,10,10,11,0.6627681144424002,4
145,0.10950303077697754,0.6829081047004717,14.0,0.14285714285714285,9.302543571381607,0.1478083577148785,1.4780835771487861,5.119337237156966,0.09274882306810112,10,10,14,0.9274882306810117,4
146,0.10950303077697754,0.6365141682948128,9.0,0.1111111111111111,9.302543571381607,0.1255171405247658,1.2551714052476575,5.130449098845839,0.07391682624121929,10,10,9,0.7391682624121914,3
147,0.10950303077697754,0.47413931305783735,11.0,0.09090909090909091,9.338917290609139,0.12153373422757459,1.2153373422757443,5.134163580038903,0.06877911896595575,10,10,11,0.6877911896595587,4
148,0.10950303077697754,0.6931471805599453,10.0,0.2,9.338917290609139,0.12949865551597553,1.2949865551597546,5.156998008038042,0.07250015949411194,10,10,10,0.7250015949411186,2
149,0.10950303077697754,0.6365141682948128,9.0,0.0,9.338917290609139,0.1320977982479475,1.3209779824794752,5.170134606368366,0.07487860856181601,10,10,9,0.7487860856181611,2
150,0.10950303077697754,0.6365141682948128,9.0,0.0,9.338917290609139,0.13035794296256384,1.3035794296256382,5.180590367951168,0.07818300662840515,10,10,9,0.7818300662840507,3
151,0.10950303077697754,0.5297061990576545,9.0,0.0,9.338917290609139,0.13365993803936257,1.3365993803936254,5.191283050975496,0.08292901432456665,10,10,9,0.8292901432456675,2
152,0.10950303077697754,0.5004024235381879,10.0,0.1,9.338917290609139,0.13111776831688218,1.3111776831688222,5.189968719701126,0.07910743269814081,10,10,10,0.7910743269814071,3
153,0.10950303077697754,0.5859526183035508,11.0,0.09090909090909091,9.398644556936745,0.12641072038437925,1.2641072038437928,5.193501210133939,0.07627324877420641,10,10,11,0.7627324877420635,4
154,0.10950303077697754,0.6931471805599453,10.0,0.1,9.398644556936745,0.128249149055817,1.2824914905581697,5.212383084592497,0.07848315735165931,10,10,10,0.7848315735165943,3
155,0.10950303077697754,0.6172417697303416,13.0,0.07692307692307693,9.398644556936745,0.17762781771502326,1.776278177150232,5.32297284274954,0.18616770574702737,10,10,13,1.8616770574702732,3
156,0.10950303077697754,0.6931471805599453,10.0,0.3,9.398644556936745,0.1308300863321969,1.3083008633219684,5.344340281880462,0.07577332434591688,10,10,10,0.7577332434591699,2
157,0.10950303077697754,0.5859526183035508,11.0,0.0,9.465168361146258,0.12815710273648398,1.28157102736484,5.347213951484102,0.06835381527821388,10,10,11,0.6835381527821384,4
158,0.10950303077697754,0.6365141682948128,9.0,0.0,9.465168361146258,0.13226802251568592,1.3226802251568597,5.360178895448838,0.07524322072105702,10,10,9,0.7524322072105704,2
159,0.10950303077697754,0.5859526183035508,11.0,0.0,9.53448927942753,0.1292508927651919,1.2925089276519164,5.362353040547951,0.06982502057751602,10,10,11,0.6982502057751608,4
160,0.10950303077697754,0.6853142072764582,16.0,0.125,9.687128606767407,0.177197084835085,1.7719708483508503,5.455949269426756,0.1435826578255964,10,10,16,1.4358265782559643,4
161,0.10950303077697754,0.6890092384766586,11.0,0.09090909090909091,9.687128606767407,0.11501339031655404,1.1501339031655398,5.46308889819272,0.06055328933982373,10,10,11,0.6055328933982367,3
162,0.10950303077697754,0.6365141682948128,9.0,0.1111111111111111,9.687128606767407,0.13448161275836482,1.3448161275836488,5.470510429303834,0.085151877759267,10,10,9,0.8515187775926704,3
163,0.10950303077697754,0.5297061990576545,9.0,0.1111111111111111,9.687128606767407,0.13365098793389033,1.3365098793389028,5.476760633819461,0.08854929609451787,10,10,9,0.8854929609451792,3
164,0.1105337142944336,-0.0,10.0,0.1,9.718720582659232,0.1261695720210318,1.261695720210317,5.468043707447299,0.10023776948541377,10,10,10,1.0023776948541383,4
165,0.1105337142944336,0.5297061990576545,9.0,0.0,9.718720582659232,0.1179303577777092,1.179303577777091,5.4782146646475045,0.08878683288704875,10,10,9,0.8878683288704871,2
166,0.1105337142944336,0.5004024235381879,10.0,0.0,9.718720582659232,0.13442234347838045,1.3442234347838034,5.472832098170457,0.07549524253724703,10,10,10,0.7549524253724694,3
167,0.1105337142944336,0.5297061990576545,9.0,0.1111111111111111,9.718720582659232,0.12928086329766325,1.2928086329766317,5.478472578956196,0.08800120205639977,10,10,9,0.8800120205639974,3
168,0.1105337142944336,0.5859526183035508,11.0,0.0,9.782170045797615,0.14818239017487567,1.4818239017487576,5.478650161803985,0.0886775549345739,10,10,11,0.8867755493457405,4
169,0.1105337142944336,0.5859526183035508,11.0,0.0,9.838670244459168,0.1297708002753934,1.297708002753933,5.477606717768367,0.07762505046581351,10,10,11,0.7762505046581339,4
170,0.1105337142944336,0.6108643020548935,10.0,0.1,9.838670244459168,0.13822000023413766,1.3822000023413776,5.470357261929017,0.07696501446281363,10,10,10,0.7696501446281359,3
171,0.1105337142944336,0.6108643020548935,10.0,0.2,9.838670244459168,0.13770312307699598,1.377031230769961,5.463102280063155,0.07453182099849996,10,10,10,0.7453182099849991,3
172,0.1105337142944336,0.5297061990576545,9.0,0.0,9.838670244459168,0.13035680181571271,1.3035680181571268,5.478786991329093,0.08165825913127243,10,10,9,0.8165825913127244,2
173,0.1105337142944336,0.6554817739013927,11.0,0.18181818181818182,9.838670244459168,0.11902750100147622,1.1902750100147612,5.503230562107242,0.08485893766517658,10,10,11,0.8485893766517651,3
174,0.1105337142944336,0.5004024235381879,10.0,0.2,9.838670244459168,0.13778172423393503,1.3778172423393507,5.495036440349587,0.0803919170637026,10,10,10,0.8039191706370268,3
175,0.1105337142944336,0.5297061990576545,9.0,0.1111111111111111,9.838670244459168,0.132479977976146,1.324799779761459,5.509389832136108,0.08584988746363498,10,10,9,0.8584988746363491,2
176,0.1105337142944336,0.6931471805599453,10.0,0.1,9.838670244459168,0.1318868349235281,1.3188683492352808,5.529901333635385,0.08497257458456368,10,10,10,0.8497257458456376,2
177,0.1105337142944336,0.6365141682948128,9.0,0.1111111111111111,9.838670244459168,0.1255365390555907,1.2553653905559075,5.535413066890886,0.08899203635598522,10,10,9,0.8899203635598525,3
178,0.1105337142944336,0.6730116670092565,10.0,0.0,9.838670244459168,0.13150352454150055,1.3150352454150067,5.555274966750346,0.08297857427287293,10,10,10,0.8297857427287277,2
179,0.1105337142944336,0.5859526183035508,11.0,0.09090909090909091,9.838670244459168,0.13515350527093994,1.3515350527093986,5.554908893501586,0.07674111478820025,10,10,11,0.7674111478820036,3
180,0.1105337142944336,0.5004024235381879,10.0,0.2,9.92107940997424,0.13807668350368002,1.3807668350367994,5.544736222814024,0.07898849624686616,10,10,10,0.7898849624686621,4
181,0.1105337142944336,0.6554817739013927,11.0,0.0,9.99074625427227,0.1231451304822948,1.2314513048229472,5.5435242010630805,0.0684778768031269,10,10,11,0.68477876803127,4
182,0.1105337142944336,0.5859526183035508,11.0,0.18181818181818182,9.99074625427227,0.13563950017814966,1.356395001781498,5.542600802974714,0.07899891236259138,10,10,11,0.7899891236259131,3
183,0.1105337142944336,0.6108643020548935,10.0,0.1,10.063095080549834,0.13836037254658756,1.3836037254658762,5.531542161045269,0.08103666198979548,10,10,10,0.8103666198979549,4
184,0.1105337142944336,0.5297061990576545,9.0,0.0,10.063095080549834,0.11376931364879012,1.1376931364879,5.537832470330895,0.08651110010440201,10,10,9,0.8651110010440213,3
185,0.1105337142944336,0.5004024235381879,10.0,0.0,10.115299502724232,0.1345950446289285,1.3459504462892862,5.5256734487998544,0.08017151711844976,10,10,10,0.8017151711844962,4
186,0.1105337142944336,0.5859526183035508,11.0,0.09090909090909091,10.150393281588894,0.14061352445576028,1.4061352445576027,5.522172596723163,0.08638476265952873,10,10,11,0.8638476265952886,4
187,0.1105337142944336,0.6730116670092565,10.0,0.3,10.150393281588894,0.12215846163368412,1.2215846163368418,5.536038592676865,0.08495087895500712,10,10,10,0.849508789550072,3
188,0.1105337142944336,0.6365141682948128,15.0,0.06666666666666667,10.253750081083515,0.1965957958465829,1.9659579584658293,5.639354022660285,0.1951158275680921,10,10,15,1.9511582756809218,4
189,0.1105337142944336,0.5859526183035508,11.0,0.09090909090909091,10.249079346987646,0.12383934157760536,1.238393415776054,5.6337104438349055,0.07730409443326475,10,10,11,0.7730409443326461,4
190,0.1105337142944336,0.6172417697303416,13.0,0.15384615384615385,10.332537429639826,0.16943608789557485,1.694360878955749,5.710418571564324,0.17993351295542895,10,10,13,1.7993351295542888,4
191,0.1105337142944336,0.5004024235381879,10.0,0.0,10.332537429639826,0.13653478812006942,1.3653478812006952,5.703739142617115,0.07121060829996649,10,10,10,0.7121060829996638,3
192,0.1105337142944336,0.3250829733914482,10.0,0.4,10.332537429639826,0.14384828549763312,1.4384828549763315,5.697457011382671,0.08022187565344102,10,10,10,0.80221875653441,3
193,0.11153101921081543,0.6931471805599453,190.0,0.09473684210526316,11.800064465582862,0.15111453478396264,1.5111453478396257,6.122277812536751,0.15980422661771582,12,12,190,1.5980422661771583,6
194,0.11153101921081543,0.6931300811840717,171.0,0.0935672514619883,14.849366126556047,0.14970298869389484,1.4970298869389473,6.229416014325195,0.19259909309392786,14,14,171,1.9259909309392784,6
195,0.11153101921081543,0.6931471805599453,148.0,0.08108108108108109,17.888541030825596,0.13528130349524467,1.3528130349524472,6.536869199857149,0.1853742793062556,15,15,148,1.8537427930625565,4
196,0.11153101921081543,0.6931065988893228,111.0,0.14414414414414414,20.338479635242805,0.15341098984864546,1.5341098984864536,7.1052571071168735,0.2382115315392282,15,15,111,2.3821153153922827,5
197,0.11153101921081543,0.6930628469360363,77.0,0.1038961038961039,21.848760445062435,0.14936193404093867,1.493619340409386,7.444261925525476,0.2782412420549814,15,15,77,2.7824124205498144,6
198,0.11153101921081543,0.6931106544376726,117.0,0.1111111111111111,22.11020079471254,0.17667010461038812,1.766701046103881,7.926569269820745,0.25981747121308096,15,15,117,2.59817471213081,4
199,0.11153101921081543,0.6928703384028123,170.0,0.08823529411764706,24.404246090927558,0.1603863353232926,1.6038633532329274,8.666079353837391,0.26820646435959133,15,15,170,2.682064643595913,4
200,0.11153101921081543,0.69313085394048,175.0,0.09142857142857143,27.307800362376163,0.13906523690048245,1.390652369004827,8.811726899568907,0.24506867037957122,16,16,175,2.450686703795711,6
201,0.11153101921081543,0.6890092384766586,44.0,0.09090909090909091,26.698570815498655,0.21070312222591134,2.1070312222591148,8.955096585568377,0.37685165691157924,16,16,44,3.7685165691157936,5
202,0.11153101921081543,0.6210863745552451,16.0,0.125,26.698570815498655,0.405686019471299,4.056860194712988,8.929687843704986,0.574911638266126,16,16,16,5.749116382661259,3
203,0.11153101921081543,0.5402041423888608,13.0,0.15384615384615385,26.140104204519833,0.34249962910783965,3.4249962910783998,8.82632854284455,0.49556255346036754,16,16,13,4.955625534603677,3
204,0.11153101921081543,0.6930421569294483,69.0,0.08695652173913043,26.649225417900496,0.14334856284493155,1.4334856284493132,9.049047069230513,0.2710413773667059,16,16,69,2.7104137736670615,4
205,0.11153101921081543,0.6931471805599453,100.0,0.08,28.2178385018552,0.13288858072661067,1.3288858072661076,9.344825800947543,0.24801425944990665,16,16,100,2.4801425944990685,3
206,0.11153101921081543,0.6931233991585846,145.0,0.1310344827586207,30.43493250514625,0.13507027079798756,1.350702707979878,9.838037113273828,0.26042442718868797,16,16,145,2.6042442718868797,4
207,0.11153101921081543,0.693055870256981,148.0,0.0945945945945946,30.194231152028927,0.18502365567316367,1.8502365567316368,10.325073524665937,0.29317086065396647,16,16,148,2.931708606539664,4
208,0.11153101921081543,0.6930917778747354,95.0,0.10526315789473684,31.107706320733026,0.1372016621202185,1.3720166212021851,10.604374007966838,0.28055917769893574,16,16,95,2.805591776989357,4
209,0.11153101921081543,0.6931220307087461,141.0,0.10638297872340426,31.93268181263861,0.1507816241554651,1.5078162415546505,11.026017115722222,0.2643137989729983,16,16,141,2.643137989729982,3
210,0.11153101921081543,-0.0,10.0,0.0,31.93268181263861,0.40981767710797284,4.098176771079729,10.929644917504952,0.7170305893929629,16,16,10,7.1703058939296325,3
211,0.11153101921081543,0.605797499372304,17.0,0.058823529411764705,31.93268181263861,0.34364896368742054,3.4364896368742084,10.941818666427109,0.614506397697478,16,16,17,6.145063976974782,4
212,0.11153101921081543,0.30463609734923813,11.0,0.18181818181818182,31.93268181263861,0.4312782886152778,4.3127828861527755,10.91525222933705,0.6688783283503311,16,16,11,6.6887832835033105,4
213,0.11153101921081543,0.6925092898114951,56.0,0.05357142857142857,30.160343559278402,0.308295901554159,3.0829590155415922,10.365540177662034,0.5845970293094368,17,17,56,5.845970293094369,5
214,0.11153101921081543,0.6924611526112329,81.0,0.08641975308641975,29.509512510168086,0.16480406629170222,1.6480406629170223,10.553261924732178,0.2835871663873847,17,17,81,2.835871663873847,5
215,0.11153101921081543,-0.0,8.0,0.0,29.509512510168086,0.3881022107486798,3.881022107486803,10.42415377133332,0.7320221789899206,17,17,8,7.320221789899209,2
216,0.11153101921081543,0.693053351391456,146.0,0.10273972602739725,32.004492682842,0.115049114676005,1.1504911467600518,10.859040661965034,0.24364993405613306,17,17,146,2.4364993405613316,5
217,0.11153101921081543,0.6930811201807139,174.0,0.11494252873563218,35.42540941315357,0.11958343287839313,1.195834328783934,11.380177934854292,0.272744488208235,17,17,174,2.7274448820823487,5
218,0.1125333309173584,0.6931337573207383,193.0,0.08290155440414508,37.10963708390373,0.1408962188002697,1.4089621880026986,11.940998396207235,0.2920556560181161,17,17,193,2.9205565601811587,6
219,0.1125333309173584,0.6931161801776027,127.0,0.11023622047244094,37.20440902330169,0.1536183817617034,1.5361838176170344,12.211257223249746,0.3302716849542352,17,17,127,3.3027168495423513,5
220,0.1125333309173584,0.6930451362725594,140.0,0.10714285714285714,37.56079579869722,0.15482805004209935,1.5482805004209954,12.655857515518875,0.31664789893639406,17,17,140,3.166478989363939,5
221,0.1125333309173584,0.6930323919620441,132.0,0.11363636363636363,39.69313543095123,0.11525982688141612,1.1525982688141603,12.981870682742471,0.32148981810572674,17,17,132,3.2148981810572685,5
222,0.1125333309173584,0.6931331831261411,189.0,0.1111111111111111,42.92338493057895,0.10311946541782477,1.031194654178246,13.421794515317991,0.2927332720405797,17,17,189,2.9273327204057997,4
223,0.1125333309173584,0.6929074043489288,137.0,0.08029197080291971,42.16745396373162,0.17700971686788264,1.7700971686788272,12.972461083305635,0.37151462361938636,18,18,137,3.715146236193864,5
224,0.1125333309173584,0.6782093939033127,29.0,0.13793103448275862,41.41486364501752,0.559249847904816,5.592498479048158,12.993648858614314,1.0190835935961102,18,18,29,10.19083593596111,6
225,0.1125333309173584,0.6930421569294483,69.0,0.08695652173913043,39.86573786658546,0.2760363453393035,2.760363453393038,13.145123391793636,0.5189198621418327,18,18,69,5.1891986214183285,5
226,0.1125333309173584,0.6931258211016196,153.0,0.08496732026143791,41.446327791580515,0.1223222982275324,1.223222982275323,13.467832041518182,0.3247219215372149,18,18,153,3.2472192153721475,6
227,0.1125333309173584,0.6930868001634132,91.0,0.0989010989010989,41.80845113174675,0.14036041655653844,1.4036041655653846,13.570765890326445,0.3825210731348924,18,18,91,3.825210731348923,3
228,0.1125333309173584,0.6931180444457279,131.0,0.08396946564885496,42.43692370374666,0.13146897803247815,1.3146897803247848,13.824156771958682,0.308621587256854,18,18,131,3.086215872568542,5
229,0.1125333309173584,0.6927819059876479,74.0,0.12162162162162163,42.369865911961334,0.19511800206217259,1.9511800206217256,13.83738703172772,0.4552674091935954,18,18,74,4.552674091935953,4
230,0.1125333309173584,0.6925915220779792,60.0,0.11666666666666667,41.98309204229638,0.17270335106256424,1.7270335106256411,13.847469235586477,0.4625193467722174,18,18,60,4.62519346772217,4
231,0.1125333309173584,0.6918538909574949,59.0,0.1016949152542373,40.861094145996226,0.21279166803460187,2.127916680346021,13.940499141497224,0.49699298123967584,18,18,59,4.969929812396759,5
232,0.1125333309173584,0.45056120886630463,12.0,0.0,40.460402490935316,0.4096192125178639,4.0961921251786295,13.760114535123282,0.8731752336934003,18,18,12,8.731752336934,3
233,0.1125333309173584,0.6517565611726531,28.0,0.14285714285714285,40.149869411977654,0.35667318081493177,3.56673180814932,13.638479619743213,0.7021657909622058,18,18,28,7.0216579096220535,5
234,0.1125333309173584,0.30463609734923813,11.0,0.18181818181818182,40.149869411977654,0.4825239694928737,4.825239694928743,13.5517453444976,0.9034826805621805,18,18,11,9.034826805621808,4
235,0.1125333309173584,0.6145033203107282,23.0,0.13043478260869565,38.78385978236535,0.6997568478895771,6.997568478895765,12.101013548818752,1.075952763479459,20,20,23,10.759527634794594,7
236,0.1125333309173584,0.6918966592050799,80.0,0.075,37.076942489163045,0.2968873422784547,2.9688734227845446,12.170642494075588,0.5894733178133552,20,20,80,5.894733178133548,6
237,0.1125333309173584,0.6931000500240548,103.0,0.10679611650485436,37.75990810943428,0.12959671132967812,1.2959671132967796,12.333178689810381,0.326615020960762,20,20,103,3.266150209607622,3
238,0.1125333309173584,-0.0,9.0,0.0,37.75990810943428,0.4318573040800626,4.318573040800623,12.19339310943946,0.9122491277592973,20,20,9,9.122491277592962,3
239,0.1125333309173584,0.6931288149746025,165.0,0.10303030303030303,39.74848352480433,0.15307261285485418,1.5307261285485385,12.592076176579337,0.40056466483455955,20,20,165,4.005646648345597,7
240,0.1125333309173584,0.6931151802186033,125.0,0.128,40.515223138614886,0.17981734259646662,1.7981734259646716,12.783084677286201,0.45552851020220064,20,20,125,4.555285102022006,4
241,0.1125333309173584,-0.0,10.0,0.0,40.515223138614886,0.49613097188182653,4.961309718818268,12.690822291417422,0.8870227901137592,20,20,10,8.870227901137588,4
242,0.1125333309173584,0.6920129648318738,105.0,0.0761904761904762,37.62701172207863,0.25046044237404913,2.504604423740494,12.857993664542619,0.47215739586438926,20,20,105,4.721573958643894,6
243,0.1125333309173584,0.6591525038229908,27.0,0.1111111111111111,37.07559629319593,0.2832732870818163,2.8327328708181616,12.759963424751124,0.5682221427383968,20,20,27,5.682221427383968,5
244,0.1125333309173584,0.34883209584303193,9.0,0.1111111111111111,36.81063716366303,0.41699839624634577,4.169983962463458,12.608770424242248,0.8852896357772196,20,20,9,8.8528963577722,3
245,0.1125333309173584,0.666278442414676,39.0,0.10256410256410256,36.544496681166194,0.4779678176842853,4.779678176842855,12.600050027464992,0.8417889955060859,20,20,39,8.417889955060856,7
246,0.1125333309173584,0.6876794221118472,67.0,0.11940298507462686,35.48859388854847,0.20320327059596052,2.032032705959605,12.65293125923654,0.4101369875800208,20,20,67,4.101369875800203,5
247,0.11353063583374023,0.6931151802186033,125.0,0.112,36.484758986643456,0.12652983221210937,1.2652983221210923,12.881746896799967,0.31250470371336664,20,20,125,3.125047037133664,3
248,0.11353063583374023,0.6931227292872543,143.0,0.15384615384615385,38.21728217760579,0.12361850683003586,1.2361850683003586,13.159742304012875,0.3133134634759396,20,20,143,3.1331346347593945,5
249,0.11353063583374023,0.6800829048357611,31.0,0.22580645161290322,37.626577827233476,0.286560062294947,2.8656006229494677,13.126511669141028,0.5629064754641939,20,20,31,5.629064754641939,6
250,0.11353063583374023,0.6929346030562364,194.0,0.0979381443298969,40.63778491584356,0.10114785434114505,1.0114785434114504,13.548828063920846,0.21423216026711595,20,20,194,2.1423216026711605,5
251,0.11353063583374023,0.6931227292872543,143.0,0.13986013986013987,42.17623199093051,0.14398466671723262,1.4398466671723271,13.778496335427556,0.30504674304431045,20,20,143,3.0504674304431054,5
252,0.11353063583374023,0.6930917778747354,95.0,0.1368421052631579,41.77172631117996,0.22460742868870914,2.246074286887091,13.921817381185047,0.5004627273113905,20,20,95,5.004627273113905,6
253,0.11353063583374023,0.6923025066041153,73.0,0.1095890410958904,39.728758581718495,0.20702835959469498,2.0702835959469525,13.993011210624704,0.4275628250965958,20,20,73,4.275628250965961,5
254,0.11353063583374023,0.6730116670092565,35.0,0.22857142857142856,39.18568250051833,0.36126123232667706,3.612612323266771,13.924117410351565,0.6915265354367748,20,20,35,6.915265354367742,5
255,0.11353063583374023,0.6754645824509031,32.0,0.15625,38.5598054761086,0.3496556951290313,3.496556951290313,13.836154517553373,0.651650111309658,20,20,32,6.516501113096579,5
256,0.11353063583374023,-0.0,9.0,0.0,38.5598054761086,0.4152718761978062,4.152718761978063,13.69836956455627,0.8766495657418945,20,20,9,8.766495657418938,2
257,0.11353063583374023,0.6571577614973405,30.0,0.0,38.23691262356594,0.2437942545155309,2.437942545155308,13.620121757438179,0.5133529959453679,20,20,30,5.133529959453675,5
258,0.11353063583374023,0.30463609734923813,11.0,0.09090909090909091,38.23691262356594,0.5888506247735255,5.888506247735259,13.4890578350564,0.8409612086877029,20,20,11,8.409612086877033,4
259,0.11353063583374023,0.6914160776171183,34.0,0.14705882352941177,38.14299139113775,0.6249774834602568,6.249774834602565,12.247707966779325,1.0302911566401858,22,22,34,10.302911566401859,7
260,0.11353063583374023,0.5004024235381879,10.0,0.2,38.14299139113775,0.36776587343695677,3.677658734369563,12.1263788414839,0.7268305084983416,22,22,10,7.2683050849834165,3
261,0.11353063583374023,0.6872920626194337,74.0,0.16216216216216217,35.46728646227254,0.36977098072429937,3.697709807242995,12.187870821417414,0.6260264505312338,22,22,74,6.260264505312337,7
262,0.11353063583374023,0.6928767397383337,43.0,0.09302325581395349,35.20775202709097,0.37085043807822554,3.7085043807822515,12.175054887058648,0.643907119566656,22,22,43,6.43907119566656,8
263,0.11353063583374023,0.6931471805599453,12.0,0.16666666666666666,35.20775202709097,0.29609637446904585,2.960963744690456,12.08706517336562,0.6049697815483427,22,22,12,6.049697815483425,2
264,0.11353063583374023,0.6909233093138181,60.0,0.11666666666666667,34.7202393009832,0.3240565442717726,3.240565442717728,12.145201308920631,0.5016253866715537,22,22,60,5.016253866715535,8
265,0.11353063583374023,0.6911927820032008,32.0,0.03125,34.208475617353045,0.31596848190560983,3.1596848190561,12.091975979429487,0.48981151444533144,22,22,32,4.898115144453315,5
266,0.11353063583374023,0.6883336081894993,51.0,0.0784313725490196,33.27391996327082,0.2787759113963906,2.7877591139639044,12.15151520492438,0.3811874163616118,22,22,51,3.81187416361612,6
267,0.11353063583374023,0.6704776487973955,33.0,0.21212121212121213,33.13397215460315,0.48692710570680753,4.869271057068073,12.114880895592593,0.6074096943480937,22,22,33,6.0740969434809395,7
268,0.11353063583374023,0.6930745993293921,83.0,0.024096385542168676,32.500974868583036,0.21645692978682893,2.1645692978682907,12.225371747112973,0.3468960882471533,22,22,83,3.468960882471531,5
269,0.11353063583374023,0.6829081047004717,35.0,0.08571428571428572,32.462981194007305,0.32595124917931073,3.2595124917931084,12.207316108639509,0.5233693077879551,22,22,35,5.23369307787955,7
270,0.11353063583374023,0.6888543401070146,108.0,0.14814814814814814,31.495564440465884,0.213744414815079,2.137444148150789,12.493038491948257,0.30262345975020494,22,22,108,3.026234597502049,7
271,0.1145021915435791,0.6886051523183013,42.0,0.14285714285714285,31.239823776377992,0.29613722924912633,2.9613722924912635,12.525953255596304,0.42303291560151196,22,22,42,4.2303291560151175,7
272,0.1145021915435791,0.6841393377231006,97.0,0.13402061855670103,31.332992737707134,0.15276341542584282,1.5276341542584282,12.75382826340648,0.24323109225068135,22,22,97,2.432310922506813,6
273,0.1145021915435791,0.6918966592050799,40.0,0.1,31.502781716390814,0.19328931538709634,1.9328931538709653,12.749466403374226,0.30704899310155137,22,22,40,3.0704899310155107,6
274,0.1145021915435791,0.6884572217893625,124.0,0.08064516129032258,30.693212832481677,0.19087231782362796,1.908723178236279,13.068607711298393,0.2589497924128891,22,22,124,2.58949792412889,6
275,0.1145021915435791,0.6896709283570267,24.0,0.041666666666666664,30.646661511616223,0.31312349656460414,3.131234965646037,13.023384169096072,0.49443786074407525,22,22,24,4.944378607440755,5
276,0.1145021915435791,0.6854896902887295,89.0,0.056179775280898875,30.65769393620512,0.24395390581301965,2.4395390581301966,13.236539387350206,0.3388500547175596,22,22,89,3.3885005471755947,6
277,0.1145021915435791,0.6907435287735013,101.0,0.09900990099009901,30.65769393620512,0.14918286208734827,1.4918286208734826,13.47530911826492,0.22217289257676298,22,22,101,2.221728925767631,5
278,0.1145021915435791,0.6856314566031323,98.0,0.07142857142857142,30.698665491330857,0.14800389574777792,1.4800389574777804,13.675071493461735,0.22605738616404358,22,22,98,2.260573861640434,5
279,0.1145021915435791,0.6931331831261411,189.0,0.13227513227513227,33.62622965709244,0.11263412176039785,1.1263412176039784,14.135304962689906,0.22863447681362595,22,22,189,2.28634476813626,4
280,0.1145021915435791,0.6930606129649808,152.0,0.039473684210526314,36.21082548206244,0.11205984141077707,1.120598414107771,14.442734554142561,0.2620002047224236,22,22,152,2.620002047224235,5
281,0.1145021915435791,0.6919760677529896,124.0,0.10483870967741936,36.33704147574513,0.14369438936517148,1.436943893651715,14.037591647083412,0.2496275781292355,23,23,124,2.4962757812923537,6
282,0.1145021915435791,0.6864285191146048,95.0,0.10526315789473684,35.754137661725565,0.2312148391994703,2.3121483919947035,14.185874616016468,0.39670780581893833,23,23,95,3.967078058189383,4
283,0.1145021915435791,0.6829081047004717,35.0,0.05714285714285714,35.754137661725565,0.19274476862799722,1.9274476862799743,14.166587508472908,0.3607543210696153,23,23,35,3.6075432106961536,4
284,0.1145021915435791,0.6791932659915256,24.0,0.0,35.754137661725565,0.2124798747260772,2.12479874726077,14.109039110644698,0.4107250958944766,23,23,24,4.107250958944768,3
285,0.1145021915435791,0.6925092898114951,168.0,0.09523809523809523,34.312026481238306,0.19750634060361527,1.9750634060361536,14.487698148240618,0.28917202652170204,23,23,168,2.891720265217019,7
286,0.1145021915435791,0.5004024235381879,10.0,0.1,34.312026481238306,0.35489379879373006,3.5489379879372933,14.375776337564943,0.5927384597166132,23,23,10,5.927384597166137,3
287,0.1145021915435791,0.6920432203634352,149.0,0.10738255033557047,35.101744416885246,0.12692021253722938,1.2692021253722947,14.677404332778464,0.20133950483908164,23,23,149,2.013395048390813,7
288,0.1145021915435791,0.6930709707288083,162.0,0.09876543209876543,37.67546317843199,0.11303380474397348,1.130338047439736,14.99250117658747,0.20136125737816676,23,23,162,2.0136125737816646,6
289,0.1145021915435791,0.6931322502100272,183.0,0.08196721311475409,39.82923375140484,0.12086730965030756,1.2086730965030767,15.32780040602119,0.26721411397337497,23,23,183,2.6721411397337507,5
290,0.1145021915435791,0.6824410737934514,89.0,0.056179775280898875,37.506970775570494,0.18429914439352477,1.8429914439352513,15.453827671292501,0.3292990833178581,23,23,89,3.292990833178583,6
291,0.1145021915435791,0.691526898828444,123.0,0.07317073170731707,38.69186043284921,0.12393017531916359,1.2393017531916368,15.666661529924253,0.235555847088471,23,23,123,2.3555584708847115,6
292,0.1145021915435791,0.5004024235381879,10.0,0.3,38.69186043284921,0.4655026935581715,4.655026935581718,15.534978810452445,0.663846382777763,23,23,10,6.63846382777763,2
293,0.1145021915435791,0.6917115444317026,112.0,0.07142857142857142,38.43903484038939,0.16045979847199263,1.6045979847199259,15.788492958559674,0.26691712449408633,23,23,112,2.669171244940864,8
294,0.1145021915435791,0.5859526183035508,11.0,0.09090909090909091,38.43903484038939,0.4410992488326199,4.410992488326193,15.69728131042781,0.6430137196244508,23,23,11,6.430137196244514,4
295,0.1145021915435791,0.6930479906110416,142.0,0.1267605633802817,39.96002642891159,0.11930413874555175,1.1930413874555181,15.928682666303928,0.2950435033850577,23,23,142,2.95043503385058,5
296,0.1145021915435791,0.6916588387203568,55.0,0.12727272727272726,37.45061326050707,0.34295330203447755,3.429533020344778,15.975579650339006,0.5311502204022377,23,23,55,5.311502204022378,8
297,0.11550545692443848,0.6890092384766586,77.0,0.12987012987012986,37.7446534613066,0.2158350209875112,2.1583502098751124,16.058224304237733,0.3549595728380786,23,23,77,3.5495957283807837,6
298,0.11550545692443848,0.6910057266303486,107.0,0.09345794392523364,38.88942189065647,0.15790944871996931,1.579094487199692,16.230850616871948,0.33756740002551217,23,23,107,3.3756740002551235,7
299,0.11550545692443848,0.6927145922272342,68.0,0.04411764705882353,37.365911153520855,0.24178176676365304,2.4178176676365304,16.26818974824987,0.40994657166777,23,23,68,4.0994657166777,6
300,0.11550545692443848,0.6855278846488313,73.0,0.0958904109589041,37.4616615948346,0.27287847463661613,2.728784746366161,16.33530209432229,0.42153041146544906,23,23,73,4.215304114654489,6
301,0.11550545692443848,0.6928767397383337,43.0,0.11627906976744186,37.57833000063533,0.2193755301936162,2.193755301936163,16.307197657122597,0.35933418483262464,23,23,43,3.5933418483262436,5
302,0.11550545692443848,0.6878782224978909,78.0,0.11538461538461539,37.438359005885125,0.21482144659098631,2.148214465909864,16.38593285392522,0.4295613064642087,23,23,78,4.295613064642085,8
303,0.11550545692443848,0.6894691997751603,35.0,0.11428571428571428,37.175816211714086,0.3552146579637876,3.552146579637881,16.330349239209095,0.5459262013672931,23,23,35,5.459262013672929,7
304,0.11550545692443848,-0.0,8.0,0.25,37.175816211714086,0.44624582231591425,4.46245822315914,16.211349675934915,0.6568482950589144,23,23,8,6.568482950589145,2
305,0.11550545692443848,0.6905939864775922,112.0,0.08928571428571429,35.83363359855439,0.1967273812115211,1.9672738121152078,16.447978014843397,0.2783979930776619,23,23,112,2.7839799307766193,7
306,0.11550545692443848,0.6875967375909238,38.0,0.10526315789473684,35.32627168213101,0.3425405112770786,3.4254051127707874,16.438985335936582,0.5139515056086854,23,23,38,5.139515056086855,7
307,0.11550545692443848,0.5004024235381879,10.0,0.0,35.32627168213101,0.42233998002604345,4.22339980026044,16.3371423428774,0.5971701035760213,23,23,10,5.971701035760208,4
308,0.11550545692443848,0.6909233093138181,60.0,0.08333333333333333,35.27939462106754,0.21501758681335864,2.150175868133585,16.3868795213834,0.3939821340666732,23,23,60,3.9398213406667333,8
309,0.11550545692443848,0.6895519477750731,59.0,0.1016949152542373,35.319117917214044,0.19845972305681583,1.9845972305681603,16.4449649220175,0.2956651702320229,23,23,59,2.9566517023202263,6
310,0.11550545692443848,0.6877868229921127,29.0,0.034482758620689655,35.016149544839514,0.22272727986040064,2.227272798604009,16.386637721413617,0.3795533297218082,23,23,29,3.795533297218082,4
311,0.11550545692443848,0.605797499372304,17.0,0.17647058823529413,35.016149544839514,0.2744787081153395,2.744787081153394,16.303578198853124,0.46073075991060775,23,23,17,4.607307599106078,4
312,0.11550545692443848,0.5004024235381879,10.0,0.0,35.016149544839514,0.37116448182276435,3.711644818227638,16.184292830976457,0.5490315558233839,23,23,10,5.490315558233842,3
313,0.11550545692443848,0.6922017029622767,69.0,0.15942028985507245,34.293253383565286,0.22935073399543046,2.293507339954303,16.256259328784086,0.359692896893612,23,23,69,3.596928968936118,5
314,0.11550545692443848,0.6931471805599453,132.0,0.07575757575757576,36.90895978418603,0.10724720759888984,1.0724720759888968,16.48763669600815,0.2756655676506864,23,23,132,2.756655676506863,5
315,0.11550545692443848,0.6931471805599453,38.0,0.07894736842105263,35.00739242924979,0.27277060812284826,2.7277060812284812,16.449437906245482,0.4872615039240829,23,23,38,4.87261503924083,7
316,0.11550545692443848,0.6820148175994905,47.0,0.0851063829787234,34.88934848746324,0.1868508603995728,1.8685086039957286,16.433736864192184,0.3494746893065058,23,23,47,3.4947468930650603,5
317,0.11550545692443848,0.6895212477618784,94.0,0.09574468085106383,34.974607736901966,0.16505208773671534,1.6505208773671536,16.616463527774325,0.25098478947878045,23,23,94,2.5098478947878062,6
318,0.11550545692443848,0.6881388137135884,40.0,0.1,34.535457958680965,0.2696525392333037,2.696525392333033,16.596413314751054,0.42140043106882114,23,23,40,4.214004310688211,8
319,0.11550545692443848,0.6108643020548935,10.0,0.1,34.40388303340043,0.37504751033083605,3.7504751033083585,16.476438734920126,0.601210614721732,23,23,10,6.0121061472173265,3
320,0.11550545692443848,0.6926267989248349,31.0,0.06451612903225806,34.26894185373049,0.22283374701427772,2.2283374701427747,16.43129352732175,0.3668656075219454,23,23,31,3.668656075219455,6
321,0.11550545692443848,0.6108643020548935,10.0,0.1,34.10263716757443,0.3734184084771675,3.734184084771681,16.31317070136183,0.5524826338987309,23,23,10,5.524826338987309,3
322,0.11550545692443848,0.6931471805599453,64.0,0.109375,34.2873755566298,0.24421400321838516,2.442140032183851,16.36377156428353,0.4015618044381454,23,23,64,4.015618044381454,8
323,0.11550545692443848,0.5146531654289292,19.0,0.10526315789473684,34.194841035609514,0.2465131333653761,2.4651313336537646,16.269436340246738,0.4038044804783114,23,23,19,4.038044804783112,5
324,0.11550545692443848,0.6907114543575098,43.0,0.13953488372093023,34.4313808761159,0.23680331071554966,2.3680331071554996,16.24522322050229,0.3951233167371742,23,23,43,3.9512331673717385,7
325,0.11550545692443848,0.6637254974722313,29.0,0.10344827586206896,34.22807693767018,0.2573478967265171,2.5734789672651712,16.20611284051168,0.358097426588946,23,23,29,3.580974265889458,5
326,0.11550545692443848,0.6907114543575098,43.0,0.09302325581395349,34.12888786474177,0.24808404844619975,2.480840484462002,16.18920749267551,0.40864644313233844,23,23,43,4.086464431323381,7
327,0.11650276184082031,0.5859526183035508,11.0,0.09090909090909091,34.12888786474177,0.33197023532227293,3.3197023532227337,16.08105930586924,0.4872089706142117,23,23,11,4.872089706142116,3
328,0.11650276184082031,0.6881388137135884,40.0,0.05,33.889722210883555,0.2860210033255319,2.860210033255316,16.07952076014385,0.418900416939451,23,23,40,4.189004169394508,7
329,0.11650276184082031,0.6645284386549151,42.0,0.11904761904761904,33.77086430519822,0.30320156028407536,3.03201560284075,16.064145333835324,0.4420498965297216,23,23,42,4.4204989652972175,8
330,0.11650276184082031,0.6890092384766586,33.0,0.18181818181818182,33.5251835190107,0.23065048662525764,2.3065048662525736,16.024390789755046,0.3313181021516931,23,23,33,3.313181021516934,5
331,0.11650276184082031,0.5859526183035508,22.0,0.13636363636363635,33.369514328787815,0.2089520510190426,2.0895205101904257,15.943945719353849,0.33840993519710816,23,23,22,3.384099351971077,5
332,0.11650276184082031,0.6859298002523728,25.0,0.08,33.294322521303215,0.22408294000473986,2.2408294000473963,15.904386588488087,0.3458152644709465,23,23,25,3.4581526447094646,5
333,0.11650276184082031,0.6893616831435102,46.0,0.06521739130434782,33.781910247038574,0.15744773465409098,1.5744773465409105,15.894306577389417,0.26939993927062433,23,23,46,2.6939993927062433,6
334,0.11650276184082031,0.649248354870898,34.0,0.029411764705882353,33.78673948572728,0.32532206279011067,3.2532206279011078,15.86516456280782,0.45355660442038676,23,23,34,4.535566044203869,7
335,0.11650276184082031,0.6931471805599453,42.0,0.14285714285714285,33.59341856540882,0.19809043148472752,1.9809043148472745,15.860711531286233,0.32377302583796236,23,23,42,3.237730258379625,5
336,0.11650276184082031,0.6856925884481759,41.0,0.07317073170731707,33.43015350571914,0.18085552386297266,1.8085552386297254,15.860340656798199,0.3030931734428081,23,23,41,3.0309317344280826,5
337,0.11650276184082031,0.5763341277567499,19.0,0.15789473684210525,33.33523752032737,0.24986137041337528,2.4986137041337564,15.77150625012197,0.3822767223257675,23,23,19,3.822767223257669,5
338,0.11650276184082031,0.6730116670092565,35.0,0.05714285714285714,33.36889967965301,0.18082373049534967,1.8082373049534946,15.729701717399127,0.3103754903009775,23,23,35,3.103754903009776,5
339,0.11650276184082031,0.6901856760188042,26.0,0.07692307692307693,33.3146214027381,0.30277295002324933,3.027729500232491,15.67150790274134,0.40489541724109784,23,23,26,4.048954172410979,5
340,0.11650276184082031,-0.0,10.0,0.0,33.3146214027381,0.3360332392040135,3.3603323920401365,15.571995998874758,0.46329268973786575,23,23,10,4.632926897378658,4
341,0.11650276184082031,0.6210863745552451,16.0,0.25,33.3146214027381,0.24272052374838904,2.427205237483891,15.492619909519275,0.389527870780117,23,23,16,3.8952787078011717,3
342,0.11650276184082031,0.6554817739013927,33.0,0.12121212121212122,33.329060371430565,0.28675767227770743,2.867576722777076,15.446668987510797,0.4124580242405028,23,23,33,4.124580242405029,7
343,0.11650276184082031,0.6637254974722313,29.0,0.1724137931034483,33.10925261941834,0.22240149879751603,2.2240149879751603,15.392855865515509,0.31931375385904914,23,23,29,3.1931375385904883,5
344,0.11650276184082031,-0.0,9.0,0.0,33.10925261941834,0.30625541073282975,3.0625541073282965,15.32080696629723,0.452967897999804,23,23,9,4.529678979998046,2
345,0.11650276184082031,0.6800829048357611,62.0,0.03225806451612903,32.88358753908063,0.3496460212723801,3.4964602127238003,15.36664621556928,0.5574518759539342,23,23,62,5.574518759539343,8
346,0.11650276184082031,0.6796490894965843,122.0,0.10655737704918032,32.63099567267723,0.11733837138408272,1.1733837138408283,13.331764819097996,0.29338125587546765,27,27,122,2.9338125587546773,9
347,0.11650276184082031,0.6812657296632041,26.0,0.0,32.885652901806026,0.30819505139988806,3.081950513998877,13.280415273045687,0.41171021653872547,27,27,26,4.117102165387259,7
348,0.11650276184082031,0.6859298002523728,50.0,0.08,33.00740262022908,0.27888082390120295,2.7888082390120275,13.295032463606267,0.4697113732582743,27,27,50,4.697113732582743,8
349,0.11650276184082031,0.6822947159310485,136.0,0.08088235294117647,32.81476569124538,0.14311054358343225,1.4311054358343231,13.04821814283431,0.2878843979646842,28,28,136,2.8788439796468426,9
350,0.11650276184082031,0.6917614988524178,38.0,0.18421052631578946,32.87232662912812,0.3580719166703973,3.580719166703975,13.025145211412019,0.596966183416478,28,28,38,5.969661834164782,7
351,0.11650276184082031,0.6670936741211575,44.0,0.06818181818181818,32.91443555621466,0.4182145956251976,4.182145956251974,13.059292239923852,0.6187512983541197,28,28,44,6.187512983541196,8
352,0.11650276184082031,0.3250829733914482,10.0,0.1,32.91443555621466,0.4175370403753778,4.17537040375378,12.984122647188803,0.4670760249323623,28,28,10,4.670760249323622,3
353,0.11650276184082031,0.6854284351999519,137.0,0.08029197080291971,32.85236407262029,0.15157367851536496,1.515736785153649,13.256705711038302,0.3264974601886917,28,28,137,3.264974601886916,9
354,0.11650276184082031,0.6837757023521253,139.0,0.1079136690647482,33.08336680804018,0.14593197743283937,1.459319774328392,13.499873292753321,0.2928464331211846,28,28,139,2.928464331211846,9
355,0.11650276184082031,0.6891320020523701,134.0,0.11940298507462686,32.60793411597569,0.1982504250037321,1.9825042500373204,12.41068437607154,0.3103403024686597,31,31,134,3.1034030246865947,6
356,0.11650276184082031,0.6773247392117049,124.0,0.13709677419354838,32.43725504037139,0.19575929861681465,1.9575929861681445,12.620176364081784,0.3468429237252047,31,31,124,3.468429237252048,10
357,0.11750221252441406,0.6904011819103343,54.0,0.09259259259259259,32.823405827434186,0.2819042646907963,2.819042646907963,12.642009628293112,0.46138959831494725,31,31,54,4.6138959831494715,8
358,0.11750221252441406,0.6900275917730929,76.0,0.05263157894736842,33.02568641244389,0.24126104198758197,2.4126104198758216,12.730418825136745,0.4067019607749733,31,31,76,4.067019607749733,8
359,0.11750221252441406,0.6882151112958581,131.0,0.08396946564885496,32.73397340677296,0.19513757746149932,1.9513757746149927,12.527399632506352,0.41834687117278285,32,32,131,4.183468711727827,12
360,0.11750221252441406,0.5859526183035508,11.0,0.2727272727272727,32.69666031125135,0.41306191533448683,4.130619153344867,12.477176689522178,0.6248719843392466,32,32,11,6.248719843392468,4
361,0.11750221252441406,0.5004024235381879,10.0,0.0,32.55005141971892,0.435860432198124,4.358604321981242,12.422005098826611,0.589356074792689,32,32,10,5.893560747926894,4
362,0.11750221252441406,0.6854068711410621,169.0,0.10650887573964497,34.8417155842271,0.12067724612531355,1.2067724612531372,12.692931379445202,0.2609022583820586,32,32,169,2.6090225838205874,7
363,0.11750221252441406,0.6799028359995001,117.0,0.06837606837606838,33.090176187792984,0.19070071402130684,1.907007140213068,12.84238027721534,0.362785236660958,32,32,117,3.6278523666095817,9
364,0.11750221252441406,0.6909233093138181,60.0,0.11666666666666667,33.11876471092171,0.21585706284710035,2.1585706284710087,12.871303897777977,0.37415988463152816,32,32,60,3.7415988463152834,8
365,0.11750221252441406,0.6925092898114951,56.0,0.16071428571428573,33.40539908619192,0.186734460066381,1.8673446006638101,12.888693654568705,0.33756306201532865,32,32,56,3.375630620153288,7
366,0.11750221252441406,0.6911086741443572,47.0,0.1276595744680851,33.26941544181043,0.20479123886313888,2.047912388631388,12.882785736376196,0.330799131929639,32,32,47,3.3079913192963897,7
367,0.11750221252441406,0.667431707658747,31.0,0.22580645161290322,33.11554673144838,0.3664699701487972,3.664699701487974,12.864157311977987,0.5529711216524483,32,32,31,5.5297112165244835,7
368,0.11750221252441406,0.6883927638893563,195.0,0.07179487179487179,36.069483982598555,0.10411572236785534,1.0411572236785556,13.179108370159977,0.23526501323838075,32,32,195,2.352650132383806,7
369,0.11750221252441406,0.6871302239570765,146.0,0.08904109589041095,36.69342203993861,0.14897693984786498,1.489769398478651,13.377077272509428,0.31621549345735783,32,32,146,3.1621549345735755,7
370,0.11750221252441406,0.6926267989248349,31.0,0.1935483870967742,36.11545082659899,0.285262320723552,2.852623207235527,13.338511577433705,0.4092459645464879,32,32,31,4.09245964546488,7
371,0.11750221252441406,0.6931471805599453,26.0,0.11538461538461539,34.8581086052705,0.25057008424114985,2.5057008424114993,13.28775444098412,0.46371953837752133,32,32,26,4.637195383775214,6
372,0.11750221252441406,0.6809991432654108,135.0,0.08888888888888889,35.02513735869061,0.15581310168449297,1.5581310168449274,13.470745354775255,0.34074296971570334,32,32,135,3.407429697157032,10
373,0.11750221252441406,0.6874777893536668,47.0,0.1276595744680851,35.14259840636525,0.22565295091478457,2.2565295091478395,13.462169796620556,0.42069679023213047,32,32,47,4.2069679023213045,7
374,0.11750221252441406,0.6798376211857489,43.0,0.11627906976744186,35.42755263736565,0.25569873734352794,2.5569873734352773,13.442104597648353,0.4684032148301574,32,32,43,4.684032148301573,6
375,0.11750221252441406,0.6914160776171183,51.0,0.11764705882352941,35.128876351938125,0.3069914390325868,3.0699143903258657,13.436873120221456,0.4763990481108891,32,32,51,4.763990481108893,7
376,0.11750221252441406,0.6901856760188042,39.0,0.15384615384615385,35.17122885080655,0.22303506812394594,2.2303506812394596,13.417918055265208,0.37391399751698207,32,32,39,3.7391399751698216,7
377,0.11750221252441406,0.5623351446188083,12.0,0.08333333333333333,34.69935542166376,0.3869681641714662,3.86968164171466,13.333709205097342,0.5769199452629997,32,32,12,5.7691994526299935,4
378,0.11750221252441406,0.6838206287849113,44.0,0.11363636363636363,34.66750214377239,0.3409513161020145,3.409513161020145,13.329711434902617,0.49658096946104013,32,32,44,4.965809694610401,8
379,0.11750221252441406,0.5859526183035508,11.0,0.0,34.53682758698808,0.41874613440556663,4.187461344055672,13.269387583172945,0.6013457631756093,32,32,11,6.013457631756095,4
380,0.11750221252441406,0.6774944044487072,119.0,0.1092436974789916,34.39928609951049,0.17631657212076068,1.7631657212076062,13.432671926812475,0.35613484905278026,32,32,119,3.5613484905278026,10
381,0.11750221252441406,0.6869615765973234,54.0,0.09259259259259259,34.311413176032616,0.22658694009087074,2.2658694009087066,13.443120448000872,0.4014005366391597,32,32,54,4.014005366391598,7
382,0.11750221252441406,0.6901856760188042,39.0,0.1282051282051282,34.41809925687455,0.21994135346802707,2.1994135346802683,13.424816982760387,0.37362949985137217,32,32,39,3.73629499851372,7
383,0.11850309371948242,0.6927819059876479,37.0,0.16216216216216217,34.32934933756728,0.24262056697640674,2.426205669764066,13.393276125498804,0.46058980023261076,32,32,37,4.605898002326107,7
384,0.11850309371948242,0.6730116670092565,10.0,0.1,34.32934933756728,0.3541848901894529,3.5418489018945274,13.31905168055811,0.605882058406852,32,32,10,6.058820584068523,2
385,0.11850309371948242,0.6922542347203888,71.0,0.08450704225352113,34.08582904129685,0.2588090552706249,2.5880905527062463,13.367477849663176,0.4340727420720721,32,32,71,4.340727420720722,8
386,0.11850309371948242,0.6365141682948128,9.0,0.1111111111111111,34.08582904129685,0.37872738935663997,3.787273893566401,13.29260699495597,0.6256330582099866,32,32,9,6.256330582099859,2
387,0.11850309371948242,0.6924611526112329,27.0,0.14814814814814814,34.11212388629048,0.25328233637869446,2.5328233637869393,13.251669110496128,0.3961342272675907,32,32,27,3.961342272675912,5
388,0.11850309371948242,0.5004024235381879,10.0,0.0,33.80421586923817,0.43846481037169005,4.384648103716902,13.188609085187146,0.54099243587375,32,32,10,5.409924358737501,4
389,0.11850309371948242,0.6886051523183013,42.0,0.07142857142857142,33.399134887040226,0.23732109891368758,2.373210989136877,13.18966395099886,0.36813705031877686,32,32,42,3.6813705031877695,7
390,0.11850309371948242,0.6931471805599453,10.0,0.0,33.399134887040226,0.3386824437101577,3.386824437101579,13.122925913026524,0.5210097298503831,32,32,10,5.21009729850383,2
391,0.11850309371948242,0.6881388137135884,40.0,0.2,33.073975964537546,0.20244437665066398,2.0244437665066397,13.108423818176503,0.3015637287068299,32,32,40,3.0156372870683006,5
392,0.11850309371948242,0.6931471805599453,46.0,0.06521739130434782,33.157717474345226,0.23326841242977844,2.3326841242977827,13.120680872026913,0.3460095436170639,32,32,46,3.460095436170638,7
393,0.11850309371948242,0.6910645689482917,62.0,0.16129032258064516,33.41745480443588,0.2726913509654795,2.7269135096547945,13.161378845462753,0.507612511994446,32,32,62,5.07612511994446,8
394,0.11850309371948242,0.6894691997751603,35.0,0.14285714285714285,33.44533315087299,0.33045401469221036,3.304540146922103,13.150156516351249,0.5082944469267321,32,32,35,5.082944469267321,7
395,0.11850309371948242,0.6924611526112329,54.0,0.16666666666666666,33.52707130425714,0.21464224067270474,2.146422406727046,13.16573664814477,0.3787757878050002,32,32,54,3.7877578780500043,7
396,0.11850309371948242,0.6365141682948128,9.0,0.1111111111111111,33.52707130425714,0.34161675003996095,3.4161675003996117,13.102803892503715,0.5322777859521077,32,32,9,5.322777859521084,2
397,0.11850309371948242,0.6791932659915256,24.0,0.125,33.390904834223704,0.3614816248106559,3.614816248106559,13.06545773342723,0.5271442615883964,32,32,24,5.271442615883964,7
398,0.11850309371948242,0.5004024235381879,10.0,0.1,33.390904834223704,0.34936840370793154,3.4936840370793165,12.98798334750839,0.5059342522694603,32,32,10,5.059342522694603,3
399,0.11850309371948242,0.6924611526112329,81.0,0.16049382716049382,32.62783372314439,0.3289600877169726,3.2896008771697254,13.07632514317356,0.45070852230660213,32,32,81,4.507085223066022,8
400,0.11850309371948242,0.6172417697303416,13.0,0.15384615384615385,32.62783372314439,0.33163246414054287,3.316324641405431,13.00933940012817,0.4286301547520523,32,32,13,4.286301547520526,4
401,0.11850309371948242,0.6904678087032025,41.0,0.04878048780487805,32.62783372314439,0.23007244111528063,2.300724411152805,13.000158978898888,0.3971367275998787,32,32,41,3.9713672759987872,7
402,0.11850309371948242,0.6517565611726531,14.0,0.0,32.62783372314439,0.2881826725545074,2.88182672554507,12.935907059095886,0.4223359670576574,32,32,14,4.223359670576576,4
403,0.11850309371948242,0.5859526183035508,11.0,0.36363636363636365,32.62783372314439,0.31543478187478124,3.1543478187478056,12.8646982481701,0.4446048289680808,32,32,11,4.446048289680809,3
404,0.11850309371948242,0.6896709283570267,48.0,0.0,32.56825541282114,0.285263523522254,2.8526352352225395,12.871893157227813,0.44829013030119524,32,32,48,4.482901303011953,8
405,0.11850309371948242,0.6925525323607232,58.0,0.08620689655172414,31.90937734594323,0.28713658920960355,2.871365892096036,12.91930789826316,0.39993426058903986,32,32,58,3.999342605890399,8
406,0.11950182914733887,0.6925092898114951,56.0,0.05357142857142857,32.01172227272488,0.20756312016797138,2.0756312016797143,12.943798521559778,0.3413408807202701,32,32,56,3.413408807202701,7
407,0.11950182914733887,0.6918966592050799,40.0,0.225,32.01172227272488,0.2165071541720292,2.165071541720292,12.936234011421522,0.36124370814256035,32,32,40,3.6124370814256026,7
408,0.11950182914733887,0.6816244336247836,33.0,0.21212121212121213,32.02855884074643,0.2791141230339502,2.7911412303395053,12.911854927642105,0.4453519943215068,32,32,33,4.453519943215068,7
409,0.11950182914733887,0.687396352150425,56.0,0.07142857142857142,31.878649746360377,0.292799108645641,2.9279910864564136,12.953624075578787,0.3921125031701259,32,32,56,3.9211250317012594,8
410,0.11950182914733887,0.6931189141395071,133.0,0.09774436090225563,31.941676899857633,0.18713453617382728,1.8713453617382731,13.144075402660182,0.28595159846320245,32,32,133,2.8595159846320266,8
411,0.11950182914733887,0.6875967375909238,38.0,0.13157894736842105,31.941676899857633,0.2807216402408869,2.807216402408868,13.140892541951246,0.4997340156332447,32,32,38,4.997340156332449,7
412,0.11950182914733887,0.6931471805599453,118.0,0.1271186440677966,31.43460098018621,0.19719693521125514,1.9719693521125525,13.297008336723,0.3009584334163132,32,32,118,3.009584334163131,8
413,0.11950182914733887,0.6921443948876715,67.0,0.07462686567164178,31.11694909402401,0.22593404076382803,2.2593404076382795,13.356095723856134,0.4065025782788407,32,32,67,4.065025782788408,7
414,0.11950182914733887,0.6859298002523728,25.0,0.0,31.116259708548366,0.2768685299846375,2.7686852998463736,13.315497809493348,0.4339185714595177,32,32,25,4.339185714595177,7
415,0.11950182914733887,0.6862107122427636,34.0,0.058823529411764705,31.116259708548366,0.20867541114833557,2.086754111483357,13.294249526656397,0.40896945323957345,32,32,34,4.089694532395736,7
416,0.11950182914733887,0.6929818821956966,55.0,0.09090909090909091,31.24897641552277,0.18048788024431495,1.8048788024431521,13.319251963818559,0.30958062245085166,32,32,55,3.0958062245085167,7
417,0.11950182914733887,0.6921592008280879,90.0,0.13333333333333333,31.08905070806819,0.20999008293779206,2.09990082937792,13.42696501701645,0.3410988059425934,32,32,90,3.4109880594259345,8
418,0.11950182914733887,0.6923469670899615,25.0,0.08,31.08905070806819,0.20872261135361797,2.08722611353618,13.397331821238486,0.4072932833113441,32,32,25,4.0729328331134385,6
419,0.11950182914733887,0.6914160776171183,34.0,0.08823529411764706,31.167949919273887,0.20720151140509402,2.0720151140509384,13.37588782101604,0.39353217290312587,32,32,34,3.9353217290312568,7
420,0.11950182914733887,0.6901856760188042,39.0,0.05128205128205128,31.167949919273887,0.22568509331099798,2.2568509331099826,13.377409315037877,0.37096741808438044,32,32,39,3.7096741808438023,7
421,0.11950182914733887,0.6922017029622767,69.0,0.14492753623188406,30.882537556844365,0.20792035642736229,2.0792035642736244,13.441227722004648,0.32770461502056486,32,32,69,3.2770461502056496,8
422,0.11950182914733887,0.6923469670899615,50.0,0.08,31.09414696452178,0.18392222991216278,1.8392222991216274,13.461312381881818,0.3483778128568659,32,32,50,3.483778128568661,8
423,0.11950182914733887,0.6881388137135884,40.0,0.025,31.12760184828157,0.19969467731476645,1.9969467731476633,13.459254678377999,0.3611273453610653,32,32,40,3.611273453610653,7
424,0.11950182914733887,0.6820148175994905,47.0,0.1276595744680851,31.492426387652678,0.20005851237628786,2.00058512376288,13.464459384043742,0.3371762323003474,32,32,47,3.3717623230034723,7
425,0.11950182914733887,0.6912717888263618,49.0,0.08163265306122448,31.700086721330536,0.17849422430404163,1.7849422430404163,13.482685365721636,0.2892483481770796,32,32,49,2.892483481770795,7
426,0.11950182914733887,0.6839884329677817,37.0,0.0,31.886223400300658,0.24906055612810296,2.4906055612810327,13.467117988501865,0.3739621228266985,32,32,37,3.7396212282669867,7
427,0.11950182914733887,0.686371452146747,43.0,0.16279069767441862,31.886223400300658,0.31389400080905533,3.138940008090551,13.46621243189495,0.5012199319395074,32,32,43,5.012199319395076,7
428,0.11950182914733887,0.5004024235381879,10.0,0.1,31.886223400300658,0.360447688039838,3.6044768803983773,13.402368363381452,0.4999214849111024,32,32,10,4.999214849111021,4
429,0.11950182914733887,0.6901856760188042,26.0,0.07692307692307693,31.886223400300658,0.2578495015189087,2.578495015189089,13.380583228464326,0.428762040924819,32,32,26,4.287620409248192,5
430,0.11950182914733887,0.6931471805599453,70.0,0.05714285714285714,31.886223400300658,0.1511861299512948,1.5118612995129481,13.434011466318688,0.24347312688614065,32,32,70,2.434731268861406,5
431,0.11950182914733887,0.6905939864775922,28.0,0.07142857142857142,31.886223400300658,0.2496542662828737,2.496542662828737,13.401282418416159,0.42697361428301467,32,32,28,4.269736142830146,7
432,0.12050271034240723,0.666278442414676,26.0,0.11538461538461539,31.886223400300658,0.20294980662463566,2.029498066246357,13.37216940246571,0.34346712445189514,32,32,26,3.4346712445189516,5
433,0.12050271034240723,0.6928184134311288,39.0,0.1282051282051282,31.886223400300658,0.23720251493105574,2.3720251493105593,13.372726766929091,0.3618029406215935,32,32,39,3.618029406215934,7
434,0.12050271034240723,0.5402041423888608,13.0,0.0,31.886223400300658,0.28720243751295765,2.872024375129579,13.307060442855507,0.4370035341652242,32,32,13,4.370035341652243,3
435,0.12050271034240723,0.6927819059876479,37.0,0.08108108108108109,31.97166712356633,0.24726841614672251,2.472684161467226,13.30497673391747,0.4268226564561063,32,32,37,4.26822656456106,7
436,0.12050271034240723,0.649248354870898,17.0,0.17647058823529413,31.97166712356633,0.2458627699765724,2.4586276997657217,13.247431556139338,0.3923530875411979,32,32,17,3.9235308754119784,5
437,0.12050271034240723,0.6929818821956966,55.0,0.09090909090909091,32.068199050075236,0.2581950183902057,2.581950183902061,13.273230016120946,0.4329453940654794,32,32,55,4.329453940654793,8
438,0.12050271034240723,0.6909233093138181,45.0,0.022222222222222223,32.2505752747281,0.26443614890455774,2.6443614890455764,13.290568539651408,0.40180022785854186,32,32,45,4.018002278585416,8
439,0.12050271034240723,0.34883209584303193,9.0,0.1111111111111111,32.2505752747281,0.44639162724113646,4.463916272411364,13.231708380262429,0.4774445370904249,32,32,9,4.774445370904244,2
440,0.12050271034240723,0.6693279632926454,23.0,0.08695652173913043,32.2505752747281,0.21664643528240646,2.166464352824065,13.187693926761622,0.37804525160086544,32,32,23,3.7804525160086553,5
441,0.12050271034240723,0.5297061990576545,9.0,0.0,32.2505752747281,0.3240484832225358,3.240484832225351,13.129691288200167,0.5193486820612419,32,32,9,5.193486820612422,2
442,0.12050271034240723,0.6926036694533748,91.0,0.07692307692307693,32.208585791098685,0.21214103482857688,2.12141034828577,13.244678327610078,0.3471564083316671,32,32,91,3.471564083316671,8
443,0.12050271034240723,0.6929549344838639,51.0,0.09803921568627451,32.129895682128414,0.2699870770389968,2.6998707703899667,13.274732056644915,0.38986987465896966,32,32,51,3.898698746589698,8
444,0.12050271034240723,0.6786591340630184,53.0,0.11320754716981132,32.29547020698561,0.2511582817822203,2.5115828178222053,13.308154444893336,0.3877506972977039,32,32,53,3.8775069729770397,8
445,0.12050271034240723,0.6581099875431143,19.0,0.10526315789473684,32.29547020698561,0.23461005115515232,2.3461005115515254,13.257781297676756,0.36884235409148647,32,32,19,3.6884235409148647,5
446,0.12050271034240723,0.6930263670822564,193.0,0.11917098445595854,33.45671866757889,0.10929428268452737,1.0929428268452759,13.585830583475815,0.21628895857708783,32,32,193,2.162889585770879,4
447,0.12050271034240723,0.6710806543560228,43.0,0.06976744186046512,32.504448178816816,0.286182878372415,2.861828783724149,13.582143654072809,0.4166708062821364,32,32,43,4.166708062821364,8
448,0.12050271034240723,0.693035793042558,134.0,0.08208955223880597,33.47837683769722,0.1561092215320458,1.561092215320456,13.766824362679404,0.29962225280879595,32,32,134,2.99622252808796,9
449,0.12050271034240723,0.6929877333097798,112.0,0.14285714285714285,33.022278103066625,0.17159550638754686,1.7159550638754695,13.912164588722723,0.3358547155495135,32,32,112,3.358547155495136,8
450,0.12050271034240723,0.6929877333097798,112.0,0.07142857142857142,34.37383718648767,0.11899243426565964,1.1899243426565937,14.072288705619115,0.27211555456867736,32,32,112,2.721155545686773,7
451,0.12050271034240723,0.6881388137135884,60.0,0.15,33.141179507164615,0.28935538443281267,2.893553844328126,14.118386481941904,0.4709294855694578,32,32,60,4.709294855694581,7
452,0.12050271034240723,0.6914160776171183,68.0,0.10294117647058823,33.301703979832766,0.236983649245759,2.369836492457588,14.157595918670111,0.35407694298950815,32,32,68,3.5407694298950845,8
453,0.12050271034240723,0.693129252237378,167.0,0.10778443113772455,33.82672487722482,0.13294060801831742,1.3294060801831746,14.40647893107195,0.24409315319877092,32,32,167,2.440931531987709,8
454,0.12050271034240723,0.6108643020548935,10.0,0.2,33.82672487722482,0.3578867224557758,3.578867224557753,14.329368934420149,0.7709159796338616,32,32,10,7.709159796338617,2
455,0.12050271034240723,0.6365141682948128,12.0,0.25,33.49365363688626,0.4134664473288862,4.13466447328886,14.256906411077,0.6383204694557002,32,32,12,6.383204694557002,5
456,0.12050271034240723,0.6108643020548935,10.0,0.1,33.49365363688626,0.3580470610402031,3.58047061040203,14.176077933393847,0.644289404664251,32,32,10,6.4428940466425075,3
457,0.12050271034240723,0.693035793042558,134.0,0.07462686567164178,33.824946688256716,0.14115579282293053,1.4115579282293056,14.37056693812503,0.3140228098590039,32,32,134,3.140228098590035,9
458,0.12150239944458008,0.6925525323607232,58.0,0.034482758620689655,33.43854721147685,0.23857477735140076,2.3857477735140074,14.385391374607627,0.4070621990422611,32,32,58,4.070621990422611,8
459,0.12150239944458008,0.6931471805599453,28.0,0.07142857142857142,33.62614615867351,0.2630950994395652,2.630950994395647,14.341668433296988,0.41651116747402867,32,32,28,4.165111674740291,5
460,0.12150239944458008,0.6774944044487072,34.0,0.029411764705882353,33.93814590498435,0.26074376467829685,2.6074376467829645,14.308377663038673,0.3958810374009899,32,32,34,3.9588103740098997,7
461,0.12150239944458008,0.6929932791588755,114.0,0.12280701754385964,34.18439807907433,0.12886813026502456,1.2886813026502466,14.441030088599286,0.3030156629705697,32,32,114,3.0301566297056985,7
462,0.12150239944458008,0.689294893666163,57.0,0.12280701754385964,34.05877321541908,0.24621385289242975,2.462138528924299,14.45224303746199,0.4070469583078753,32,32,57,4.070469583078753,8
463,0.12150239944458008,0.6894691997751603,35.0,0.08571428571428572,34.14275831990186,0.2405217835772985,2.405217835772989,14.440853090539546,0.42515777180223446,32,32,35,4.251577718022343,7
464,0.12150239944458008,0.6931471805599453,10.0,0.0,34.14275831990186,0.36635956989202434,3.6635956989202443,14.36338276078764,0.6082554208471014,32,32,10,6.082554208471011,2
465,0.12150239944458008,0.6730116670092565,25.0,0.12,33.8738323654509,0.27134947792874586,2.7134947792874606,14.31722048867758,0.3898194401544587,32,32,25,3.898194401544584,6
466,0.12150239944458008,0.6554817739013927,11.0,0.0,33.78934033997556,0.3961979711369743,3.961979711369739,14.25411704599391,0.5358303659711808,32,32,11,5.358303659711811,4
467,0.12150239944458008,0.6172417697303416,26.0,0.23076923076923078,33.71978253937311,0.28901613948660076,2.890161394866011,14.214668841316273,0.41192725186600626,32,32,26,4.1192725186600585,7
468,0.12150239944458008,0.5297061990576545,9.0,0.1111111111111111,33.71978253937311,0.37221174848631755,3.7221174848631744,14.141565503651005,0.5614305519348192,32,32,9,5.614305519348187,2
469,0.12150239944458008,0.667431707658747,31.0,0.06451612903225806,33.62140227110303,0.20704138923166351,2.0704138923166284,14.101368754120825,0.33730044251214353,32,32,31,3.3730044251214366,5
470,0.12150239944458008,0.5859526183035508,11.0,0.0,33.62140227110303,0.3827820144964869,3.827820144964872,14.035986916132131,0.4932053982441963,32,32,11,4.932053982441967,4
471,0.12150239944458008,0.6581099875431143,38.0,0.02631578947368421,33.67927251735262,0.23487611640188444,2.3487611640188426,14.012482976204032,0.33265594111241925,32,32,38,3.326559411124195,7
472,0.12150239944458008,0.5004024235381879,10.0,0.0,33.67927251735262,0.3960127641645805,3.9601276416458,13.945990355546034,0.48705700339613067,32,32,10,4.870570033961303,4
473,0.12150239944458008,0.6748952737438281,42.0,0.14285714285714285,33.62140227110303,0.20463201492916705,2.0463201492916703,13.944333597359806,0.3101859028139939,32,32,42,3.1018590281399376,7
474,0.12150239944458008,0.666278442414676,52.0,0.1346153846153846,33.81730963743442,0.26997053709562774,2.6997053709562775,13.953843578926802,0.44923295824749815,32,32,52,4.492329582474983,8
475,0.12150239944458008,0.6931471805599453,50.0,0.06,33.62653780037053,0.23442198579966753,2.344219857996675,13.982783502608951,0.3070059837628156,32,32,50,3.070059837628154,7
476,0.12150239944458008,0.5908422462755826,18.0,0.0,33.62653780037053,0.26202597943702954,2.6202597943702983,13.929926486050974,0.35629177651491145,32,32,18,3.5629177651491153,4
477,0.12150239944458008,0.6904678087032025,82.0,0.0975609756097561,33.576194150549085,0.20372180337068627,2.0372180337068633,14.005930419285185,0.3639017182369859,32,32,82,3.6390171823698587,8
478,0.12150239944458008,0.6893616831435102,46.0,0.15217391304347827,33.76922347462671,0.24095485058785912,2.4095485058785906,14.027618023704568,0.41579874442505665,32,32,46,4.157987444250566,6
479,0.12150239944458008,0.6899944580334814,189.0,0.0582010582010582,34.367781769718064,0.12201332072733331,1.2201332072733335,14.335108351512792,0.24737668560199852,32,32,189,2.473766856019985,8
480,0.12150239944458008,0.6901856760188042,52.0,0.15384615384615385,34.046846147996064,0.24600886444631606,2.460088644463159,14.342960821288173,0.4823309052178145,32,32,52,4.8233090521781445,7
481,0.12150239944458008,0.6882935552322021,193.0,0.08290155440414508,35.844462377743945,0.13501753552813667,1.3501753552813665,14.226473486021836,0.2632515720060775,33,33,193,2.6325157200607756,10
482,0.12150239944458008,0.6901856760188042,13.0,0.07692307692307693,35.844462377743945,0.2995395277568882,2.9953952775688846,14.151775766873923,0.6539003936028246,33,33,13,6.539003936028248,3
483,0.12150239944458008,0.6554817739013927,11.0,0.18181818181818182,35.571182996662316,0.39473862651658304,3.947386265165831,14.077932185077293,0.6394413126537065,33,33,11,6.394413126537064,3
484,0.12250232696533203,0.6840977964176764,134.0,0.08208955223880597,35.61822088488721,0.16427293566908502,1.6427293566908485,14.253982695083465,0.3184478512433194,33,33,134,3.184478512433194,10
485,0.12250232696533203,0.686371452146747,43.0,0.09302325581395349,34.51657547833957,0.2767755628579602,2.767755628579606,14.237808524488969,0.47226100120265474,33,33,43,4.7226100120265455,7
486,0.12250232696533203,0.686371452146747,43.0,0.023255813953488372,34.902029385464054,0.3000088548457848,3.000088548457852,14.219015130569865,0.4907502121296469,33,33,43,4.90750212129647,8
487,0.12250232696533203,0.5859526183035508,11.0,0.0,34.9477060466909,0.4273615194710174,4.273615194710168,14.161948941512128,0.6087278209928777,33,33,11,6.087278209928777,4
488,0.12250232696533203,0.6591525038229908,27.0,0.07407407407407407,34.940316030047214,0.3056968310202698,3.0569683102026963,14.134822468183817,0.4925583974156446,33,33,27,4.925583974156449,7
489,0.12250232696533203,0.6108643020548935,10.0,0.3,34.77011616712525,0.3792281933781023,3.792281933781021,14.049999471248471,0.6035588920616612,33,33,10,6.03558892061661,3
490,0.12250232696533203,0.6865484015656658,61.0,0.09836065573770492,34.13168231098654,0.250145708513736,2.501457085137361,14.087845455334316,0.3861954106942733,33,33,61,3.861954106942732,7
491,0.12250232696533203,0.6892493800749915,68.0,0.10294117647058823,34.37101412330388,0.2131312723653546,2.131312723653545,14.122192952062882,0.3883391917269194,33,33,68,3.883391917269194,8
492,0.12250232696533203,0.6365141682948128,9.0,0.1111111111111111,34.37101412330388,0.37837349273170495,3.7837349273170537,14.050182383344353,0.5747760986829888,33,33,9,5.747760986829886,2
493,0.12250232696533203,0.6652042646399301,34.0,0.08823529411764706,34.39889524142698,0.1941557360289817,1.941557360289816,14.014150835973656,0.3349267844349081,33,33,34,3.3492678443490784,6
494,0.12250232696533203,0.6895519477750731,59.0,0.13559322033898305,34.68017667578168,0.23378518747635701,2.337851874763571,14.029584525188513,0.3203479279031999,33,33,59,3.203479279031997,7
495,0.12250232696533203,0.6460905050608089,23.0,0.0,34.68017667578168,0.21989203860596596,2.1989203860596573,13.977189225898822,0.3757158365169899,33,33,23,3.7571583651698943,5
496,0.12250232696533203,0.6581099875431143,19.0,0.10526315789473684,34.68017667578168,0.23473877197799473,2.347387719779943,13.916661600650912,0.4058011788787573,33,33,19,4.0580117887875735,5
497,0.12250232696533203,0.6682484776645385,36.0,0.08333333333333333,34.77721465457231,0.2685308991839688,2.6853089918396855,13.891057369272932,0.35661444398688097,33,33,36,3.5661444398688054,7
498,0.12250232696533203,0.5004024235381879,10.0,0.0,34.77721465457231,0.3709336248889203,3.709336248889204,13.818252308804434,0.4919526892463855,33,33,10,4.919526892463851,4
499,0.12250232696533203,0.6909233093138181,30.0,0.2,34.77721465457231,0.30865311757113134,3.086531175711313,13.784472847261691,0.5126195772388146,33,33,30,5.126195772388146,5
500,0.12250232696533203,0.6774944044487072,51.0,0.11764705882352941,34.83239403548758,0.19006879063742327,1.9006879063742332,13.803829937770804,0.3292262003009524,33,33,51,3.292262003009522,7
501,0.12250232696533203,0.6886051523183013,42.0,0.09523809523809523,34.83239403548758,0.27556962690170805,2.755696269017082,13.80194611705932,0.5235809521801003,33,33,42,5.235809521801002,7
502,0.12250232696533203,0.6895519477750731,59.0,0.1016949152542373,34.83239403548758,0.2082911705273532,2.0829117052735326,13.820232321713014,0.40004625191938553,33,33,59,4.000462519193852,7
503,0.12250232696533203,0.6869615765973234,45.0,0.044444444444444446,34.83239403548758,0.22369071473114654,2.236907147311468,13.8132260937272,0.4132017481969942,33,33,45,4.13201748196994,7
504,0.12250232696533203,0.6869615765973234,9.0,0.1111111111111111,34.83239403548758,0.3501229702309744,3.50122970230975,13.750097632267549,0.5578893003451189,33,33,9,5.578893003451191,2
505,0.12250232696533203,0.6920129648318738,42.0,0.11904761904761904,34.83239403548758,0.20923626880583587,2.0923626880583606,13.737761175314388,0.3271195230513701,33,33,42,3.271195230513701,5
506,0.12250232696533203,0.6931471805599453,46.0,0.1956521739130435,34.83239403548758,0.24361461989693792,2.4361461989693787,13.733408319173334,0.39735236595365214,33,33,46,3.9735236595365238,7
507,0.12250232696533203,0.6912717888263618,49.0,0.0,34.90380888284245,0.23289157710831346,2.3289157710831354,13.734654778371176,0.4301119072576791,33,33,49,4.301119072576792,7
508,0.12250232696533203,0.6829081047004717,42.0,0.07142857142857142,34.90380888284245,0.2672832745385313,2.6728327453853122,13.734651097253915,0.39512459120366555,33,33,42,3.951245912036657,7
509,0.12250232696533203,0.6923469670899615,100.0,0.09,34.945951215994455,0.19266624107529695,1.9266624107529688,13.849459857899747,0.34435609544095996,33,33,100,3.443560954409599,8
510,0.12250232696533203,0.6846162778013047,46.0,0.06521739130434782,34.30677711494938,0.27186730956199,2.7186730956198972,13.846349224796672,0.40158603176324004,33,33,46,4.015860317632401,7
511,0.12350177764892578,0.6682484776645385,36.0,0.16666666666666666,34.27709369326072,0.22987931868087064,2.298793186808708,13.823112432604583,0.3810600056871142,33,33,36,3.81060005687114,7
512,0.12350177764892578,0.6916031758694977,36.0,0.05555555555555555,34.27709369326072,0.26487700295013344,2.648770029501334,13.807895747175843,0.4743983126723958,33,33,36,4.74398312672396,7
513,0.12350177764892578,0.6730116670092565,25.0,0.16,34.27709369326072,0.26075551812060316,2.607555181206033,13.773591631141894,0.40320820569320925,33,33,25,4.032082056932092,5
514,0.12350177764892578,0.6927389617440811,70.0,0.15714285714285714,34.290935034755115,0.2365609423282172,2.3656094232821707,13.81984405127756,0.41700566644656356,33,33,70,4.170056664465635,8
515,0.12350177764892578,0.6890092384766586,33.0,0.12121212121212122,34.311930398295736,0.2629280163604563,2.629280163604563,13.804304442290196,0.42569360150777114,33,33,33,4.256936015077715,6
516,0.12350177764892578,0.6808899872666533,64.0,0.125,34.206758537396226,0.23499143263228472,2.3499143263228484,13.839465397940325,0.39901874772966184,33,33,64,3.9901874772966193,8
517,0.12350177764892578,0.6922788736563188,48.0,0.0,34.249576979677286,0.231731711082086,2.3173171108208592,13.84201526673845,0.375680235297906,33,33,48,3.7568023529790593,7
518,0.12350177764892578,0.6910374151095725,77.0,0.12987012987012986,34.24048380229505,0.2289125542115675,2.289125542115674,13.909584667189677,0.35577299874953217,33,33,77,3.557729987495321,8
519,0.12350177764892578,0.6931471805599453,60.0,0.08333333333333333,34.30404550002353,0.17251372252546257,1.725137225254625,13.937380141605164,0.29935643881517776,33,33,60,2.9935643881517757,7
520,0.12350177764892578,0.6917614988524178,38.0,0.07894736842105263,34.30404550002353,0.3179559136728858,3.1795591367288583,13.927166156391706,0.49710099327301166,33,33,38,4.971009932730118,7
521,0.12350177764892578,0.6874777893536668,47.0,0.10638297872340426,34.42167941654138,0.19158222725850185,1.9158222725850191,13.926723971794928,0.28496494015161306,33,33,47,2.84964940151613,7
522,0.12350177764892578,0.6931471805599453,26.0,0.0,34.42167941654138,0.27718198166232244,2.7718198166232244,13.883738799334099,0.5088869749275013,33,33,26,5.088869749275011,7
523,0.12350177764892578,0.6916855479178767,74.0,0.05405405405405406,34.44631330574544,0.22741278442712895,2.2741278442712876,13.949683963775497,0.35970618778298097,33,33,74,3.597061877829811,8
524,0.12350177764892578,0.6859298002523728,50.0,0.12,34.32340918781506,0.2493557388466175,2.493557388466178,13.965793917918134,0.3815588686791053,33,33,50,3.8155886867910516,8
525,0.12350177764892578,0.6930128020601277,61.0,0.01639344262295082,34.31401567099134,0.18559494589261305,1.8559494589261294,14.004696140461997,0.3545584590556507,33,33,61,3.545584590556507,7
526,0.12350177764892578,0.6928767397383337,43.0,0.06976744186046512,34.31401567099134,0.2157694531860935,2.1576945318609373,14.007652165219753,0.3573329956891067,33,33,43,3.5733299568910635,7
527,0.12350177764892578,0.6923469670899615,25.0,0.08,34.31401567099134,0.19626255746014934,1.9626255746014964,13.96308838860126,0.4434798419858746,33,33,25,4.434798419858746,5
528,0.12350177764892578,0.6922017029622767,46.0,0.08695652173913043,34.20130081216518,0.2517085603467591,2.5170856034675895,13.97089266337818,0.4020148821075589,33,33,46,4.020148821075592,8
529,0.12350177764892578,0.6894691997751603,35.0,0.08571428571428572,34.20130081216518,0.21614010663029462,2.161401066302949,13.956362238662274,0.35863917702936754,33,33,35,3.586391770293673,7
530,0.12350177764892578,0.6916855479178767,74.0,0.10810810810810811,34.201715561571824,0.22154715940451347,2.2154715940451344,14.020379910133508,0.3827860588240853,33,33,74,3.827860588240853,8
531,0.12350177764892578,0.5004024235381879,10.0,0.3,34.201715561571824,0.3401332691130783,3.4013326911307873,13.947708542472592,0.6129225361327778,33,33,10,6.129225361327772,3
532,0.12350177764892578,0.6554817739013927,11.0,0.09090909090909091,34.201715561571824,0.29812927386757787,2.981292738675779,13.889036756019589,0.5464647723231661,33,33,11,5.464647723231657,2
533,0.12350177764892578,0.6929002466535776,45.0,0.1111111111111111,34.188431827034684,0.29618504260985423,2.9618504260985445,13.899545153394019,0.43780424803878276,33,33,45,4.378042480387829,8
534,0.12350177764892578,0.6886905739680003,53.0,0.07547169811320754,34.09947770107132,0.22015404453796297,2.201540445379632,13.925001337111054,0.37236191442545347,33,33,53,3.723619144254534,8
535,0.12350177764892578,0.6517565611726531,14.0,0.14285714285714285,34.09947770107132,0.27073939752708437,2.7073939752708447,13.862643502377608,0.36563324584237605,33,33,14,3.656332458423759,4
536,0.12350177764892578,0.6909233093138181,30.0,0.03333333333333333,34.09947770107132,0.2623583557649395,2.623583557649398,13.828432451817326,0.4896419008725277,33,33,30,4.89641900872528,5
537,0.12350177764892578,0.6893616831435102,46.0,0.13043478260869565,34.09947770107132,0.20841832328268015,2.084183232826803,13.83726861163347,0.34352453206616484,33,33,46,3.4352453206616484,7
538,0.12350177764892578,0.6887461892700277,64.0,0.125,34.14496787819926,0.21738994338958834,2.173899433895882,13.881499260330292,0.359608001606461,33,33,64,3.5960800160646107,8
539,0.12350177764892578,0.6901856760188042,65.0,0.13846153846153847,34.06834592155059,0.24874740497197312,2.487474049719734,13.930302603925158,0.3723171496272388,33,33,65,3.7231714962723865,8
540,0.12350177764892578,0.6829081047004717,119.0,0.09243697478991597,34.06834592155059,0.14216167098140306,1.4216167098140318,14.088820969914416,0.2799353388681628,33,33,119,2.7993533886816278,9
541,0.12450289726257324,0.666278442414676,13.0,0.0,34.06834592155059,0.3042815971158008,3.042815971158001,14.020522773510043,0.4755251984828058,33,33,13,4.755251984828055,4
542,0.12450289726257324,0.6886905739680003,53.0,0.11320754716981132,34.06834592155059,0.17559049664359008,1.7559049664359023,14.035292714897226,0.27158094972458313,33,33,53,2.71580949724583,7
543,0.12450289726257324,0.6540548103069317,36.0,0.08333333333333333,34.06834592155059,0.18585202463351694,1.8585202463351702,14.016812196867262,0.3032364508301739,33,33,36,3.03236450830174,7
544,0.12450289726257324,0.6450331516760341,26.0,0.19230769230769232,34.06834592155059,0.20174514642185698,2.0174514642185652,13.973585645913744,0.31126229760421414,33,33,26,3.112622976042141,5
545,0.12450289726257324,0.6909233093138181,45.0,0.08888888888888889,34.343262547597604,0.23426779642245882,2.342677964224593,13.980595508096146,0.49552605807016303,33,33,45,4.955260580701631,7
546,0.12450289726257324,0.6901856760188042,52.0,0.11538461538461539,34.308761822035684,0.2568001048786738,2.5680010487867344,13.99316443127498,0.4868771842855534,33,33,52,4.868771842855535,8
547,0.12450289726257324,0.6918966592050799,40.0,0.05,34.308761822035684,0.21090899321184028,2.109089932118405,13.994370210678918,0.338573543762756,33,33,40,3.385735437627561,5
548,0.12450289726257324,0.6909233093138181,30.0,0.13333333333333333,34.308761822035684,0.27809228460034696,2.7809228460034663,13.966959044360207,0.43889533587964535,33,33,30,4.3889533587964555,5
549,0.12450289726257324,0.6798376211857489,43.0,0.09302325581395349,33.825461086912696,0.27914965089605775,2.7914965089605794,13.95512359230079,0.4613083663992233,33,33,43,4.613083663992231,8
550,0.12450289726257324,0.6901856760188042,78.0,0.10256410256410256,33.903411179775105,0.2273391814594757,2.2733918145947554,14.013312149739361,0.36859022620965376,33,33,78,3.685902262096539,8
551,0.12450289726257324,0.6931471805599453,26.0,0.07692307692307693,33.903411179775105,0.22901312594403564,2.290131259440355,13.968096389091706,0.38299670879237663,33,33,26,3.829967087923769,5
552,0.12450289726257324,0.6759010305740114,27.0,0.07407407407407407,33.903411179775105,0.2516196812469425,2.5161968124694254,13.924888466534286,0.3970313188745083,33,33,27,3.9703131887450818,7
553,0.12450289726257324,0.6849062404158356,39.0,0.07692307692307693,33.38842054664618,0.3025276510124967,3.0252765101249737,13.905437118847171,0.4742524066822628,33,33,39,4.742524066822624,7
554,0.12450289726257324,0.6924611526112329,54.0,0.14814814814814814,33.1449694369434,0.26932888256459603,2.693288825645962,13.925705291886215,0.4168325153710646,33,33,54,4.1683251537106445,8
555,0.12450289726257324,0.666278442414676,26.0,0.11538461538461539,33.1449694369434,0.2891957418260078,2.89195741826008,13.882581265847419,0.4178782094899856,33,33,26,4.178782094899856,7
556,0.12450289726257324,0.6890092384766586,11.0,0.09090909090909091,33.1449694369434,0.31108716234642614,3.11087162346426,13.815087581908346,0.5978065054680838,33,33,11,5.978065054680834,3
557,0.12450289726257324,0.6901856760188042,39.0,0.07692307692307693,33.27233695720723,0.2374985790951353,2.3749857909513548,13.818438720236367,0.40263387497496805,33,33,39,4.02633874974968,7
558,0.12450289726257324,0.6881388137135884,60.0,0.05,33.31985400851528,0.23470394635277328,2.347039463527733,13.850444740983246,0.3692956983077412,33,33,60,3.692956983077414,8
559,0.12450289726257324,-0.0,9.0,0.1111111111111111,33.31985400851528,0.3546890413927816,3.54689041392782,13.785380755987468,0.5595131021294771,33,33,9,5.595131021294776,2
560,0.12450289726257324,0.6759010305740114,54.0,0.1111111111111111,33.62966445252452,0.19881797308035795,1.9881797308035805,13.805758584204899,0.29759192057281036,33,33,54,2.9759192057281014,7
561,0.12450289726257324,0.6108643020548935,10.0,0.0,33.62966445252452,0.39148584186676805,3.9148584186676842,13.746926134525518,0.517480968230531,33,33,10,5.174809682305312,4
562,0.12450289726257324,0.6929471672244782,100.0,0.16,33.13815568293239,0.19725881641487064,1.9725881641487062,13.866618034112692,0.3056340815675523,33,33,100,3.0563408156755223,8
563,0.12450289726257324,0.6909233093138181,15.0,0.0,33.13815568293239,0.23889136222762322,2.3889136222762355,13.81816698024413,0.43154128043887646,33,33,15,4.315412804388765,2
564,0.12450289726257324,0.6915682658189464,89.0,0.07865168539325842,32.74280042425009,0.21190005491343555,2.119000549134357,13.9166037044948,0.38943381714071496,33,33,89,3.8943381714071483,8
565,0.12450289726257324,0.5004024235381879,10.0,0.2,32.74280042425009,0.3542410086100375,3.5424100861003764,13.849277604893771,0.5270496942083223,33,33,10,5.270496942083223,4
566,0.12450289726257324,0.6829081047004717,42.0,0.07142857142857142,32.832423200792356,0.19840438725165374,1.984043872516537,13.862622945515685,0.30700844713306713,33,33,42,3.0700844713306723,7
567,0.12450289726257324,0.6931471805599453,156.0,0.08974358974358974,32.93506695235288,0.13685597132810895,1.3685597132810916,14.09705009230413,0.2724552867150265,33,33,156,2.7245528671502632,7
568,0.12450289726257324,0.6930507268415149,144.0,0.0763888888888889,33.687054456875906,0.1467240211248732,1.4672402112487335,14.303504435857588,0.27735892428815473,33,33,144,2.7735892428815463,7
569,0.12450289726257324,0.6554817739013927,22.0,0.045454545454545456,33.819986303370214,0.2232412709217926,2.2324127092179213,14.254234929349174,0.3531929670875493,33,33,22,3.531929670875494,5
570,0.12450289726257324,0.6632646807257363,37.0,0.10810810810810811,33.321848706037585,0.20300541450226633,2.03005414502266,14.226649037723584,0.29930258007475297,33,33,37,2.993025800747529,7
571,0.12450289726257324,0.6930479906110416,142.0,0.07042253521126761,34.35224194925917,0.15884646075707345,1.588464607570736,14.416059786712374,0.33404189146380514,33,33,142,3.3404189146380503,10
572,0.12450289726257324,0.5297061990576545,9.0,0.2222222222222222,34.35224194925917,0.3085957064098803,3.0859570640988068,14.359497237909139,0.42077339326299107,33,33,9,4.20773393262991,2
573,0.12450289726257324,0.6928927635962525,133.0,0.11278195488721804,35.41553325449881,0.1253670636953151,1.2536706369531494,14.530635624172387,0.2614974769150285,33,33,133,2.6149747691502827,7
574,0.12450289726257324,0.6929818821956966,110.0,0.07272727272727272,35.64275485820116,0.15653654030960787,1.565365403096078,14.67796104505113,0.3143190899894229,33,33,110,3.1431908998942246,9
575,0.12450289726257324,0.6108643020548935,10.0,0.2,35.42783287109904,0.38487088934301744,3.8487088934301794,14.590024023284379,0.873628951736579,33,33,10,8.736289517365783,3
576,0.12450289726257324,0.6890092384766586,11.0,0.09090909090909091,35.25187807082823,0.3563460750225405,3.5634607502253974,14.505181947399691,0.7607562962723686,33,33,11,7.607562962723688,3
577,0.12450289726257324,0.5004024235381879,10.0,0.1,35.25187807082823,0.4341045622543117,4.3410456225431275,14.44671673856151,0.7201431323047736,33,33,10,7.201431323047733,4
578,0.1255049705505371,0.6929818821956966,165.0,0.10909090909090909,36.74130679007318,0.14367416190512322,1.4367416190512317,14.676774680931121,0.27955112913707314,33,33,165,2.7955112913707323,8
579,0.1255049705505371,0.6928397930080376,121.0,0.10743801652892562,38.94461562231558,0.1383884838716265,1.3838848387162666,14.825777432360459,0.3470841677240672,33,33,121,3.4708416772406716,9
580,0.1255049705505371,0.6931118719034328,119.0,0.1092436974789916,36.64405698288906,0.2064184406341654,2.064184406341656,14.971576046168789,0.3713439993691941,33,33,119,3.7134399936919453,9
581,0.1255049705505371,0.693053351391456,146.0,0.10273972602739725,37.59612994107407,0.14184256968183145,1.4184256968183169,15.148490877425271,0.2948066102884604,33,33,146,2.948066102884605,8
582,0.1255049705505371,0.6930251052799065,128.0,0.09375,37.93412184224616,0.14065789818887767,1.4065789818887762,15.290317550102548,0.3020392258517678,33,33,128,3.0203922585176803,7
583,0.1255049705505371,0.6931304742622273,173.0,0.1329479768786127,40.148490755600434,0.1261949212061157,1.2619492120611577,15.513670565749855,0.29815307962753346,33,33,173,2.9815307962753343,8
584,0.1255049705505371,0.6730116670092565,10.0,0.0,39.89839604715775,0.42888190233120793,4.288819023312077,15.411625047320161,0.8556488265378696,33,33,10,8.556488265378695,3
585,0.1255049705505371,0.6365141682948128,9.0,0.0,39.89839604715775,0.44424787587631914,4.442478758763199,15.318414006811233,0.8241405733335203,33,33,9,8.241405733335208,2
586,0.1255049705505371,0.6930035367960177,118.0,0.0423728813559322,39.18216619672982,0.17314531483639448,1.7314531483639457,15.434170453532989,0.3593315483821324,33,33,118,3.593315483821325,7
587,0.1255049705505371,0.6839884329677817,37.0,0.10810810810810811,38.18018697411301,0.2853843733216068,2.8538437332160727,15.39667141477641,0.47437795034609126,33,33,37,4.743779503460912,5
588,0.1255049705505371,0.693053351391456,146.0,0.0821917808219178,39.06842047045533,0.16083551518046219,1.608355151804622,15.56921802856394,0.3731478940380001,33,33,146,3.7314789403799997,11
589,0.1255049705505371,0.5004024235381879,10.0,0.0,39.06842047045533,0.5084805683154346,5.084805683154352,15.477456237859744,0.7165743574012002,33,33,10,7.165743574011998,3
590,0.1255049705505371,0.6930082852403007,120.0,0.1,39.06714648851967,0.18444753702976643,1.8444753702976668,15.614416324885239,0.39655103620173443,33,33,120,3.9655103620173437,9
591,0.1255049705505371,0.6108643020548935,10.0,0.0,39.06714648851967,0.4448205938595322,4.448205938595319,15.539248162514289,0.7401884337259558,33,33,10,7.401884337259559,4
592,0.1255049705505371,0.6931161801776027,127.0,0.09448818897637795,38.849269606282114,0.17787490712603848,1.7787490712603853,15.68646072351263,0.36010768278493727,33,33,127,3.601076827849372,9
593,0.1255049705505371,0.5859526183035508,11.0,0.2727272727272727,38.849269606282114,0.3744025301988032,3.7440253019880356,15.597306631383937,0.7322426560578336,33,33,11,7.3224265605783385,3
594,0.1255049705505371,0.6931471805599453,42.0,0.09523809523809523,39.0281897076776,0.3109380697127022,3.1093806971270292,15.579156957260638,0.5100913307395745,33,33,42,5.100913307395745,6
595,0.1255049705505371,0.6890092384766586,11.0,0.09090909090909091,39.0281897076776,0.38027219364348336,3.8027219364348284,15.48713614605496,0.6815466670804396,33,33,11,6.815466670804397,3
596,0.1255049705505371,0.5297061990576545,9.0,0.0,39.0281897076776,0.4144162482351273,4.144162482351263,15.402805525116559,0.6934161812855026,33,33,9,6.934161812855036,2
597,0.1255049705505371,0.6931471805599453,152.0,0.07894736842105263,39.04094090497589,0.12523935793064322,1.2523935793064338,15.592003333558395,0.2711532051659452,33,33,152,2.7115320516594505,6
598,0.1255049705505371,0.6869615765973234,27.0,0.07407407407407407,39.07622460678696,0.32985032683880006,3.2985032683879982,15.534324456740165,0.550141198386623,33,33,27,5.501411983866227,7
599,0.1255049705505371,0.6829081047004717,35.0,0.2,39.07414740479349,0.3248859161105138,3.2488591611051367,15.485035858134204,0.48069487477042905,33,33,35,4.8069487477042925,7
600,0.1255049705505371,0.6869615765973234,45.0,0.08888888888888889,39.07414740479349,0.27234597863286936,2.7234597863286933,15.462609523163968,0.4986579455351911,33,33,45,4.986579455351907,7
601,0.1255049705505371,0.6754645824509031,32.0,0.1875,39.07414740479349,0.3160609588531178,3.1606095885311762,15.423280253831518,0.5148219748588911,33,33,32,5.148219748588911,7
602,0.1255049705505371,0.6930951180154532,196.0,0.09693877551020408,40.13247538493421,0.10408394640541623,1.0408394640541618,15.706847531943088,0.2520041031094543,33,33,196,2.5200410310945403,7
603,0.1255049705505371,0.5799151714181009,15.0,0.06666666666666667,40.13247538493421,0.28231432988773925,2.823143298877384,15.624607415549832,0.5690322711837237,33,33,15,5.690322711837234,3
604,0.1255049705505371,0.6931300811840717,171.0,0.1286549707602339,41.0992381790616,0.13084473380477651,1.3084473380477681,15.822438498154762,0.2841454884132301,33,33,171,2.8414548841323,6
605,0.1255049705505371,0.6924611526112329,108.0,0.12037037037037036,39.45902826547937,0.23592851408093948,2.3592851408093947,15.913805890485433,0.4680226703963771,33,33,108,4.680226703963771,8
606,0.1255049705505371,0.6365141682948128,9.0,0.2222222222222222,39.45902826547937,0.43786578263401466,4.378657826340147,15.822883305022023,0.7558962840438466,33,33,9,7.55896284043847,2
607,0.1255049705505371,0.6930840558886805,89.0,0.10112359550561797,38.581924754882905,0.32627742037009816,3.262774203700985,15.883816579313795,0.4629271550140593,33,33,89,4.629271550140594,8
608,0.1255049705505371,0.6931471805599453,62.0,0.0967741935483871,38.53749033482428,0.22778988821233473,2.2778988821233446,15.882277318955486,0.4476332540134176,33,33,62,4.4763325401341785,6
609,0.1255049705505371,0.5004024235381879,10.0,0.0,38.47289569386149,0.4112860962052299,4.112860962052293,15.78516993152227,0.7048730503484079,33,33,10,7.0487305034840855,3
610,0.1255049705505371,0.6710806543560228,43.0,0.023255813953488372,38.581286876325024,0.34595648488392,3.4595648488392023,15.773217657681199,0.5296449319489454,33,33,43,5.296449319489452,8
611,0.1255049705505371,0.687396352150425,56.0,0.07142857142857142,38.79889840589453,0.2925841352173827,2.9258413521738267,15.778683872478348,0.44097626219578373,33,33,56,4.409762621957839,8
612,0.1255049705505371,0.5297061990576545,9.0,0.1111111111111111,38.79889840589453,0.4080723478464851,4.080723478464858,15.69638481407264,0.6656673617054729,33,33,9,6.656673617054722,2
613,0.1255049705505371,0.6779471359178069,46.0,0.13043478260869565,38.79889840589453,0.26588346898360704,2.6588346898360693,15.670828302820903,0.38388802022780694,33,33,46,3.8388802022780726,7
614,0.1255049705505371,0.6812657296632041,26.0,0.038461538461538464,38.79889840589453,0.24344213369507997,2.4344213369507983,15.607336085986349,0.4682264099670472,33,33,26,4.68226409967047,5
615,0.1255049705505371,0.6894691997751603,35.0,0.05714285714285714,38.79889840589453,0.2898169255890567,2.8981692558905716,15.578456203352864,0.4329367214821798,33,33,35,4.3293672148217945,7
616,0.12650465965270996,0.684399679283535,53.0,0.09433962264150944,38.79889840589453,0.18713455133953502,1.8713455133953518,15.568688069065516,0.32771932782601787,33,33,53,3.277193278260179,5
617,0.12650465965270996,0.693055870256981,148.0,0.14189189189189189,38.64671884447366,0.14115481510441175,1.411548151044115,15.764317613849581,0.33633763757820867,33,33,148,3.3633763757820847,8
618,0.12650465965270996,0.6881388137135884,40.0,0.1,38.56205635287773,0.2923931317750038,2.92393131775004,15.743943287982006,0.4453426749155589,33,33,40,4.453426749155592,7
619,0.12650465965270996,0.6875967375909238,38.0,0.07894736842105263,38.56205635287773,0.22055825057737902,2.205582505773792,15.71822753638863,0.4279986296545039,33,33,38,4.279986296545043,7
620,0.12650465965270996,0.6365141682948128,9.0,0.0,38.56205635287773,0.43128524131083723,4.312852413108368,15.62987498397346,0.6847345478806028,33,33,9,6.847345478806023,2
621,0.12650465965270996,0.6800829048357611,31.0,0.06451612903225806,38.56205635287773,0.18990272011942516,1.8990272011942502,15.580826403502025,0.4383776760820623,33,33,31,4.3837767608206235,5
622,0.12650465965270996,0.6901856760188042,91.0,0.13186813186813187,38.028561515693134,0.21965855843015464,2.1965855843015465,15.646694968210516,0.4014812306787266,33,33,91,4.014812306787266,8
623,0.12650465965270996,0.6916031758694977,36.0,0.08333333333333333,38.021697688836674,0.2604038405974014,2.604038405974014,15.607905584570954,0.4914810189007857,33,33,36,4.914810189007858,7
624,0.12650465965270996,0.6931471805599453,10.0,0.2,38.021697688836674,0.38652742597383527,3.865274259738352,15.525446609921573,0.6760208819731899,33,33,10,6.760208819731894,2
625,0.12650465965270996,0.6730116670092565,10.0,0.0,38.021697688836674,0.36213488027588403,3.6213488027588467,15.446249371402404,0.5199114498693386,33,33,10,5.199114498693385,2
626,0.12650465965270996,0.6910190163724763,92.0,0.15217391304347827,37.90274844479278,0.24592237438552073,2.4592237438552114,15.524598581254688,0.4037807395664013,33,33,92,4.037807395664009,8
627,0.12650465965270996,0.5004024235381879,10.0,0.2,37.90274844479278,0.3857668219331522,3.857668219331516,15.436437579541048,0.6121944730149905,33,33,10,6.121944730149912,3
628,0.12650465965270996,0.6904678087032025,41.0,0.0975609756097561,37.90274844479278,0.2474053861403704,2.474053861403708,15.408787394726136,0.37974445005323726,33,33,41,3.79744450053237,7
629,0.12650465965270996,0.5004024235381879,10.0,0.0,37.90274844479278,0.42550251754294166,4.255025175429415,15.322736706357084,0.5968218277236256,33,33,10,5.968218277236253,3
630,0.12650465965270996,0.6886051523183013,42.0,0.047619047619047616,37.882172047967,0.32432866260551335,3.2432866260551303,15.310305485831128,0.5702066102835464,33,33,42,5.702066102835466,7
631,0.12650465965270996,0.6829081047004717,35.0,0.11428571428571428,37.33417722830256,0.31950020808676854,3.1950020808676842,15.287385644781615,0.5136539860765165,33,33,35,5.136539860765162,7
632,0.12650465965270996,0.6829081047004717,28.0,0.10714285714285714,36.962153146374796,0.35869286067057043,3.586928606705702,15.253226377699056,0.49115839679750783,33,33,28,4.911583967975077,6
633,0.12650465965270996,0.4293230219306162,13.0,0.15384615384615385,36.962153146374796,0.35490546869170675,3.5490546869170654,15.173237471661334,0.3919430793402438,33,33,13,3.9194307934024426,4
634,0.12650465965270996,0.5004024235381879,10.0,0.1,36.962153146374796,0.4169248767410657,4.169248767410652,15.099485201075922,0.6332641987226336,33,33,10,6.332641987226339,4
635,0.12650465965270996,0.6365141682948128,24.0,0.125,36.962153146374796,0.23012498377573007,2.3012498377573007,15.041113039288085,0.4080823742990589,33,33,24,4.080823742990588,5
636,0.12650465965270996,0.6914160776171183,102.0,0.10784313725490197,36.962153146374796,0.20700418284756433,2.0700418284756434,15.134950890602699,0.3160052417442908,33,33,102,3.160052417442908,7
637,0.12650465965270996,0.6928184134311288,39.0,0.07692307692307693,36.962153146374796,0.22065579601654206,2.2065579601654197,15.107689119859728,0.3830095530509604,33,33,39,3.830095530509605,7
638,0.12650465965270996,0.6804961083634223,126.0,0.10317460317460317,36.962153146374796,0.1643682001615574,1.643682001615576,15.267218299489087,0.32139619881393133,33,33,126,3.2139619881393147,10
639,0.12650465965270996,0.6890092384766586,44.0,0.13636363636363635,36.962153146374796,0.2289806693863081,2.289806693863081,15.260207095501912,0.345569438418463,33,33,44,3.4556943841846284,7
640,0.12650465965270996,0.6887852792452958,75.0,0.06666666666666667,36.9856447170412,0.20078155208841217,2.007815520884117,15.300265786213215,0.37360305876144073,33,33,75,3.736030587614407,8
641,0.12650465965270996,0.6897840967421709,61.0,0.14754098360655737,37.20765008885662,0.23874775258592407,2.3874775258592402,15.316702715406143,0.42110031036380907,33,33,61,4.211003103638089,8
642,0.12650465965270996,0.5859526183035508,11.0,0.09090909090909091,37.20765008885662,0.3132275364424602,3.132275364424606,15.25160811863693,0.5408023311364768,33,33,11,5.408023311364767,2
643,0.12650465965270996,0.6365141682948128,30.0,0.13333333333333333,37.46294965701057,0.30303641130619513,3.030364113061954,15.21122752151957,0.5035890057281673,33,33,30,5.03589005728167,7
644,0.12650465965270996,0.6896709283570267,24.0,0.125,37.46294965701057,0.2332518108269109,2.332518108269116,15.156091817942045,0.5467193135714696,33,33,24,5.46719313571469,5
645,0.12650465965270996,0.6881388137135884,40.0,0.175,37.46294965701057,0.2148424373767722,2.1484243737677247,15.13370017423811,0.3498558814658057,33,33,40,3.4985588146580557,7
646,0.12650465965270996,0.6829081047004717,35.0,0.22857142857142856,37.59262006644987,0.27316092393432084,2.731609239343206,15.110868225762422,0.5575100422924072,33,33,35,5.575100422924074,7
647,0.12650465965270996,0.6881388137135884,40.0,0.025,37.59262006644987,0.2865023747896258,2.8650237478962586,15.089619360880373,0.44653684024946066,33,33,40,4.465368402494604,7
648,0.12650465965270996,0.6818546087307834,40.0,0.05,37.81800662219491,0.2512649614778768,2.512649614778767,15.077897818117657,0.49415080718581544,33,33,40,4.941508071858155,7
649,0.12650465965270996,0.6864755255818468,52.0,0.15384615384615385,37.69923438924698,0.2550436350747684,2.55043635074768,15.079654602140998,0.425591777974114,33,33,52,4.255917779741142,8
650,0.12650465965270996,0.687396352150425,56.0,0.10714285714285714,37.84690374660413,0.2007449841492692,2.0074498414926945,15.080724416707914,0.3945917121509731,33,33,56,3.945917121509728,7
651,0.12650465965270996,0.6896709283570267,24.0,0.16666666666666666,37.84690374660413,0.23693723661744967,2.3693723661744976,15.039785589251435,0.43419989077414256,33,33,24,4.3419989077414245,5
652,0.12650465965270996,0.6816244336247836,33.0,0.09090909090909091,37.84690374660413,0.27093800701038734,2.709380070103871,15.008401260786833,0.42929615191160125,33,33,33,4.2929615191160115,7
653,0.12650465965270996,0.6931018284004121,105.0,0.13333333333333333,37.499876883885214,0.23076103903247397,2.30761039032474,15.126398981537566,0.37474162246127163,33,33,105,3.7474162246127154,8
654,0.12650465965270996,0.5859526183035508,11.0,0.18181818181818182,37.499876883885214,0.3146883401271348,3.1468834012713445,15.051788515667722,0.5652603527582563,33,33,11,5.652603527582565,3
655,0.1275022029876709,0.6905939864775922,56.0,0.07142857142857142,37.499876883885214,0.23800293678881296,2.3800293678881324,15.057260299831633,0.37526462991451176,33,33,56,3.7526462991451144,7
656,0.1275022029876709,0.6554817739013927,22.0,0.13636363636363635,37.499876883885214,0.2582583465284101,2.582583465284094,15.006382830137884,0.5110067406854539,33,33,22,5.110067406854537,5
657,0.1275022029876709,0.6890092384766586,55.0,0.03636363636363636,37.591105864214946,0.205827593014144,2.05827593014144,15.009415503861016,0.423992248837592,33,33,55,4.239922488375921,7
658,0.1275022029876709,0.6930670630541902,79.0,0.05063291139240506,36.982008463566125,0.21876628611709523,2.1876628611709528,15.060798365851245,0.37563492426638184,33,33,79,3.7563492426638203,8
659,0.1275022029876709,0.6911927820032008,32.0,0.0625,36.75849621754573,0.30566711842968725,3.0566711842968717,15.032779729179884,0.456245169534691,33,33,32,4.562451695346912,7
660,0.1275022029876709,0.6791932659915256,36.0,0.16666666666666666,36.825939856197266,0.2699288273292104,2.6992882732921033,15.012933151220086,0.42288723535978046,33,33,36,4.228872353597805,7
661,0.1275022029876709,0.6853142072764582,48.0,0.0625,36.85962605674165,0.25763244541880354,2.5763244541880344,15.007777582602396,0.41683315641686636,33,33,48,4.168331564168667,8
662,0.1275022029876709,0.6365141682948128,18.0,0.1111111111111111,36.85962605674165,0.3029894242618044,3.029894242618043,14.94589570346255,0.40717959858793673,33,33,18,4.071795985879367,5
663,0.1275022029876709,0.6365141682948128,9.0,0.0,36.85962605674165,0.35817362127263347,3.581736212726332,14.880125692598517,0.5327840952724299,33,33,9,5.3278409527243,2
664,0.1275022029876709,-0.0,9.0,0.0,36.85962605674165,0.34763954366691824,3.4763954366691854,14.81679918095201,0.5133634657376411,33,33,9,5.133634657376406,2
665,0.1275022029876709,0.6914160776171183,68.0,0.1323529411764706,36.59608189088416,0.22684702359982348,2.268470235998235,14.85256658490017,0.371874365606976,33,33,68,3.7187436560697575,8
666,0.1275022029876709,0.6930628469360363,154.0,0.12337662337662338,36.36034482425098,0.13488098148367397,1.3488098148367398,15.065082287812498,0.26994654734154955,33,33,154,2.6994654734154966,8
667,0.1275022029876709,0.6921137666782082,44.0,0.06818181818181818,36.36034482425098,0.2618439249336531,2.6184392493365327,15.04657585196622,0.5027068099172339,33,33,44,5.027068099172339,7
668,0.1275022029876709,0.6931312208210461,177.0,0.0903954802259887,35.64208631593832,0.1518012437953063,1.518012437953063,15.30259750949219,0.27992318399240934,33,33,177,2.7992318399240936,11
669,0.1275022029876709,0.6927683767297783,109.0,0.05504587155963303,36.29545602446032,0.14850930775197088,1.4850930775197084,15.415399711869561,0.3012972932438204,33,33,109,3.0129729324382,8
670,0.1275022029876709,0.6927947231417368,113.0,0.05309734513274336,36.59816199619398,0.14202049246898657,1.4202049246898647,15.534088450025141,0.2927488835522811,33,33,113,2.9274888355228113,7
671,0.1275022029876709,0.6928591529055732,125.0,0.112,38.59857385295938,0.11765626207398412,1.1765626207398399,15.67589796645521,0.2904601509593769,33,33,125,2.9046015095937667,4
672,0.1275022029876709,0.6929549344838639,153.0,0.08496732026143791,39.30008841685651,0.13885883520818829,1.3885883520818834,15.851704818425315,0.2888037128380414,33,33,153,2.8880371283804105,4
673,0.1275022029876709,0.6931471805599453,164.0,0.08536585365853659,40.24490083782287,0.14037736174356272,1.4037736174356281,16.062320077464197,0.27939686406279746,33,33,164,2.7939686406279733,6
674,0.1275022029876709,0.692927104754399,143.0,0.1048951048951049,39.9092263586614,0.1516694602884521,1.5166946028845227,16.22363155456506,0.28326112361874567,33,33,143,2.832611236187455,8
675,0.1275022029876709,0.6931471805599453,122.0,0.09836065573770492,40.762129387475404,0.13594627683850347,1.359462768385038,16.328479854706657,0.3255094600609118,33,33,122,3.255094600609118,6
676,0.1275022029876709,0.6859298002523728,25.0,0.2,40.75095961066434,0.432298176836288,4.322981768362882,16.258717527921036,0.8082464773312853,33,33,25,8.082464773312854,5
677,0.1275022029876709,0.6931471805599453,76.0,0.013157894736842105,38.853135502493735,0.25400762033588115,2.5400762033588067,16.283806512014554,0.45041790873583387,33,33,76,4.504179087358341,8
678,0.1275022029876709,0.6929389195380611,49.0,0.061224489795918366,38.78776505322214,0.3074123104167006,3.074123104167008,16.26092535232572,0.4761876476861514,33,33,49,4.761876476861513,7
679,0.1275022029876709,0.6931357338918793,209.0,0.0861244019138756,41.33634052113338,0.1188271657662048,1.1882716576620473,16.564630160191,0.2855951374069104,33,33,209,2.8559513740691047,7
680,0.1275022029876709,0.6915443304085231,53.0,0.07547169811320754,39.891792534594,0.29966313837142916,2.996631383714292,16.546256853488334,0.4943833147983026,33,33,53,4.943833147983023,8
681,0.1275022029876709,0.6846162778013047,23.0,0.21739130434782608,39.99139932660826,0.2408536059808146,2.4085360598081405,16.492764230573886,0.5060528079734925,33,33,23,5.060528079734928,5
682,0.1275022029876709,0.6896709283570267,96.0,0.09375,40.109382391887046,0.25233615791620956,2.5233615791620942,16.572886477549343,0.4519456195155575,33,33,96,4.5194561951555725,8
683,0.1275022029876709,0.6909233093138181,45.0,0.13333333333333333,39.84655871944109,0.28528490594724953,2.852849059472497,16.548357335639626,0.48131634519435934,33,33,45,4.813163451943592,8
684,0.1275022029876709,0.6930507268415149,144.0,0.09722222222222222,39.2750694602967,0.13694222642001577,1.369422264200156,16.702677001926723,0.34205471157897055,33,33,144,3.4205471157897063,8
685,0.1275022029876709,0.6930211989529488,126.0,0.09523809523809523,41.11069441072203,0.13590959706387037,1.3590959706387031,16.838659216778005,0.349434463398614,33,33,126,3.494344633986141,8
686,0.1275022029876709,0.6931471805599453,140.0,0.08571428571428572,41.03243503634305,0.14601702163756317,1.4601702163756352,16.982780197173216,0.35950588151157886,33,33,140,3.595058815115789,8
687,0.1275022029876709,0.6365141682948128,9.0,0.1111111111111111,41.03243503634305,0.47128761389052126,4.71287613890521,16.88143167925144,0.8408227912447402,33,33,9,8.408227912447392,2
688,0.1275022029876709,0.6730116670092565,10.0,0.3,41.03243503634305,0.4247840841117874,4.247840841117872,16.784995615288363,0.7576209802403301,33,33,10,7.576209802403303,2
689,0.1275022029876709,0.5859526183035508,11.0,0.0,41.03243503634305,0.4546936829341051,4.546936829341052,16.707901503043054,0.6822455828044456,33,33,11,6.822455828044446,4
690,0.1275022029876709,0.6930649955339707,156.0,0.1282051282051282,41.434111650766,0.15489582638045563,1.5489582638045554,16.8736459708855,0.34771037540866667,33,33,156,3.477103754086668,8
691,0.1275022029876709,0.5004024235381879,10.0,0.2,41.434111650766,0.42078826256308516,4.20788262563085,16.773006463067937,0.7235858712443975,33,33,10,7.235858712443975,3
692,0.12850475311279297,0.6931471805599453,186.0,0.11290322580645161,43.55557881226483,0.1079720581750212,1.0797205817502111,16.985377436377522,0.24964188592951922,33,33,186,2.496418859295191,5
693,0.12850475311279297,0.6925525323607232,116.0,0.09482758620689655,40.75297814622177,0.26407382812157054,2.6407382812157034,17.09945669013006,0.51101462824893,33,33,116,5.110146282489302,9
694,0.12850475311279297,0.6931471805599453,154.0,0.11038961038961038,41.85779725949522,0.19558696701844508,1.955869670184452,17.257641229866564,0.49907029372532163,33,33,154,4.990702937253214,8
695,0.12850475311279297,0.6930479906110416,142.0,0.08450704225352113,41.480907634876175,0.1656285170744898,1.6562851707449,17.392005915970064,0.3536868196404439,33,33,142,3.536868196404436,7
696,0.12850475311279297,0.6931471805599453,36.0,0.1111111111111111,41.392577006604725,0.26133777109763734,2.6133777109763687,17.338744730880897,0.5156012111813805,33,33,36,5.156012111813801,7
697,0.12850475311279297,0.6931227292872543,143.0,0.06993006993006994,41.935762185286286,0.11791502130017856,1.1791502130017846,17.478510254499554,0.31750142144537713,33,33,143,3.1750142144537694,6
698,0.12850475311279297,0.6930128020601277,122.0,0.11475409836065574,41.505480300614174,0.15537355874270464,1.5537355874270484,17.573762483145117,0.3533669060393627,33,33,122,3.5336690603936276,8
699,0.12850475311279297,0.6460905050608089,23.0,0.13043478260869565,41.505480300614174,0.2834783912287403,2.8347839122874077,17.492888685881365,0.5120639407862491,33,33,23,5.120639407862489,5
700,0.12850475311279297,0.6925525323607232,29.0,0.1724137931034483,41.505480300614174,0.5128687006277066,5.128687006277071,17.423740231017238,0.6841935827117642,33,33,29,6.841935827117643,5
701,0.12850475311279297,0.6730116670092565,25.0,0.12,41.505480300614174,0.28024472034276615,2.802447203427663,17.34678976004056,0.4643508472809856,33,33,25,4.643508472809855,5
702,0.12850475311279297,0.6918966592050799,40.0,0.05,41.505480300614174,0.25105281623377335,2.5105281623377294,17.29524286839508,0.5386783009466627,33,33,40,5.386783009466626,7
703,0.12850475311279297,0.6931471805599453,12.0,0.16666666666666666,41.505480300614174,0.3843055296527978,3.8430552965279747,17.193367805844645,0.729615761184326,33,33,12,7.29615761184326,3
704,0.12850475311279297,0.6884572217893625,62.0,0.11290322580645161,41.54708776263713,0.3318854251618688,3.3188542516186867,17.18140568146967,0.5460418229450483,33,33,62,5.460418229450484,7
705,0.12850475311279297,0.6931197454668,135.0,0.08888888888888889,41.20360017787702,0.14470516761299732,1.4470516761299763,17.33474388944792,0.3313270477273244,33,33,135,3.3132704772732433,8
706,0.12850475311279297,0.6931471805599453,22.0,0.045454545454545456,41.20360017787702,0.31007152603460236,3.1007152603460173,17.27251936081108,0.5060804817808565,33,33,22,5.060804817808571,5
707,0.12850475311279297,0.6914160776171183,68.0,0.10294117647058823,41.16692312041289,0.2525104737472721,2.525104737472723,17.280712014176256,0.4253012203600361,33,33,68,4.253012203600362,8
708,0.1290576457977295,0.6930211989529488,63.0,0.09523809523809523,40.643355838259026,0.2137421052267842,2.1374210522678414,17.30478496734819,0.4418471877708871,33,33,63,4.418471877708872,6
709,0.1290576457977295,0.6931345545630174,199.0,0.09547738693467336,42.316223081952344,0.10495338286344989,1.0495338286344982,17.563790178866284,0.25716252302144327,33,33,199,2.571625230214433,7
710,0.1290576457977295,0.5004024235381879,10.0,0.1,42.316223081952344,0.4819514902900487,4.819514902900489,17.475056018893028,0.8385935043060306,33,33,10,8.385935043060304,4
711,0.1290576457977295,0.693131918432913,181.0,0.08839779005524862,44.74239752027287,0.1102543452594323,1.1025434525943256,17.687097979095796,0.284034100696311,33,33,181,2.840341006963109,7
712,0.1290576457977295,0.6931315754726863,179.0,0.11731843575418995,45.17726149244315,0.1438872825533801,1.438872825533799,17.874377227839368,0.33307319111817457,33,33,179,3.3307319111817466,8
713,0.1290576457977295,0.6890092384766586,11.0,0.09090909090909091,44.86238083332488,0.43981960543654125,4.398196054365416,17.75867930489003,0.8036791707653624,33,33,11,8.036791707653622,3
714,0.1290576457977295,0.6926267989248349,31.0,0.25806451612903225,44.696234059987255,0.3181981114536995,3.1819811145369954,17.703344735684563,0.5937566851790708,33,33,31,5.9375668517907085,6
715,0.1290576457977295,0.6929002466535776,180.0,0.12222222222222222,45.41773902313971,0.12299190834687429,1.2299190834687435,17.887983982217577,0.3132251249987907,33,33,180,3.1322512499879096,5
716,0.1290576457977295,0.6930763172080534,168.0,0.08333333333333333,46.57037652053964,0.11674469420784417,1.167446942078446,18.036219760633056,0.30459643282807297,33,33,168,3.0459643282807276,5
717,0.1290576457977295,0.6930479906110416,71.0,0.07042253521126761,42.963925327377815,0.33439857857784133,3.343985785778414,18.047613793482384,0.5986171200591784,33,33,71,5.9861712005917855,8
718,0.1290576457977295,0.6927015808432448,134.0,0.07462686567164178,45.59959396473894,0.13025084163992237,1.3025084163992242,18.157812532350025,0.36133257393352,33,33,134,3.6133257393352003,7
719,0.1290576457977295,0.6931471805599453,184.0,0.1358695652173913,48.012585651571065,0.11338096386524724,1.1338096386524719,18.324100035325085,0.31629040293708593,33,33,184,3.16290402937086,6
720,0.1290576457977295,0.6890092384766586,44.0,0.13636363636363635,45.699748445339225,0.28810142429734287,2.881014242973431,18.26767474632119,0.5491872168506362,33,33,44,5.491872168506364,7
721,0.1290576457977295,0.6931171339877542,129.0,0.08527131782945736,46.57592991571145,0.14089108527942823,1.4089108527942822,18.349352186069694,0.41556805451495704,33,33,129,4.155680545149569,7
722,0.1290576457977295,0.6877868229921127,58.0,0.10344827586206896,45.630856183647744,0.34700276090087573,3.4700276090087545,18.315104614429114,0.5522674571013213,33,33,58,5.522674571013215,8
723,0.1290576457977295,0.6909233093138181,90.0,0.12222222222222222,45.621997589271146,0.22855260429404128,2.285526042940411,18.338106703231816,0.46220437854729796,33,33,90,4.622043785472978,6
724,0.1290576457977295,0.6907114543575098,86.0,0.05813953488372093,45.41055395952784,0.22066054839187235,2.206605483918724,18.348400743606692,0.45756007526975445,33,33,86,4.575600752697542,5
725,0.1290576457977295,0.6862107122427636,34.0,0.08823529411764706,45.14689154838848,0.34900749866035113,3.49007498660351,18.277707820611266,0.5485804212956247,33,33,34,5.485804212956246,7
726,0.1290576457977295,0.6554817739013927,11.0,0.0,45.14689154838848,0.42162226559774235,4.216222655977424,18.16853033605289,0.7297082892323206,33,33,11,7.297082892323197,3
727,0.1290576457977295,0.6931471805599453,30.0,0.1,44.68533267525851,0.3007589500535796,3.0075895005357958,18.114562967288272,0.504334341624613,33,33,30,5.04334341624613,5
728,0.1290576457977295,0.6838206287849113,44.0,0.09090909090909091,43.68018085882937,0.2410163764732049,2.4101637647320473,18.056755528219874,0.4138872489364248,33,33,44,4.13887248936425,5
729,0.1290576457977295,0.5004024235381879,10.0,0.2,43.44443748645326,0.4601466457143065,4.601466457143058,17.943517966160535,0.7197935078824429,33,33,10,7.197935078824423,3
730,0.1290576457977295,0.6869615765973234,54.0,0.07407407407407407,42.94118814908693,0.3176708051972145,3.1767080519721436,17.92180443151302,0.5532896096724471,33,33,54,5.5328960967244685,8
731,0.1290576457977295,0.4659992569610426,17.0,0.17647058823529413,42.60279472680334,0.33054331133343323,3.3054331133343307,17.82535314055385,0.5529838011825914,33,33,17,5.529838011825906,5
732,0.1290576457977295,0.6829081047004717,35.0,0.08571428571428572,42.254431077028364,0.347505900601273,3.4750590060127298,17.7624409744642,0.6632129704626669,33,33,35,6.6321297046266725,7
733,0.1290576457977295,0.5004024235381879,10.0,0.2,41.825984189648054,0.48009627176321246,4.800962717632121,17.664262722078895,0.6502216688971673,33,33,10,6.502216688971681,4
734,0.1290576457977295,0.6756650018636826,59.0,0.06779661016949153,41.73050245591448,0.31972577500712274,3.197257750071226,17.644852166589946,0.5110432747848066,33,33,59,5.110432747848064,8
735,0.1290576457977295,0.6879923392546189,69.0,0.057971014492753624,41.712748906936554,0.2518099040911606,2.518099040911603,17.653844880819285,0.46238375855609,33,33,69,4.623837585560901,8
736,0.1290576457977295,0.5859526183035508,11.0,0.0,41.712748906936554,0.41692507420345815,4.169250742034583,17.55581657002127,0.5971685847185565,33,33,11,5.971685847185569,3
737,0.1290576457977295,0.5982695885852573,14.0,0.35714285714285715,41.712748906936554,0.3358689635070477,3.3586896350704802,17.457211541419532,0.515680395510271,33,33,14,5.156803955102709,5
738,0.1290576457977295,0.6829081047004717,63.0,0.06349206349206349,41.624779564930336,0.2372989976582671,2.3729899765826707,17.455349583499135,0.3746682042789284,33,33,63,3.7466820427892866,7
739,0.1290576457977295,0.6856925884481759,41.0,0.0975609756097561,41.91039645944544,0.28847643829096575,2.8847643829096623,17.41774812736446,0.6380307684346165,33,33,41,6.380307684346162,7
740,0.1290576457977295,0.6888261034101271,183.0,0.1092896174863388,41.91039645944544,0.11795314644494768,1.17953146444948,17.642916868413867,0.28498985211123307,33,33,183,2.8498985211123298,6
741,0.1290576457977295,0.6893616831435102,184.0,0.06521739130434782,42.6273866115276,0.12350371035041985,1.235037103504198,17.85438827966524,0.28557263545769884,33,33,184,2.8557263545769898,7
742,0.1290576457977295,0.6841747170799278,157.0,0.050955414012738856,43.321424654173754,0.14167166651754376,1.4167166651754355,18.03575911247676,0.3327740882097918,33,33,157,3.3277408820979164,9
743,0.1300642490386963,0.6829081047004717,133.0,0.10526315789473684,44.13356854832669,0.13212588433526956,1.3212588433526955,18.16830196973749,0.3254680469480119,33,33,133,3.25468046948012,7
744,0.1300642490386963,0.6806294878916634,133.0,0.15037593984962405,43.997900510220646,0.14230676538132347,1.4230676538132354,18.276118720092274,0.37129774170722235,33,33,133,3.7129774170722256,8
745,0.1300642490386963,0.6875967375909238,38.0,0.10526315789473684,42.999890245616825,0.25099937421207597,2.509993742120757,18.214694192241467,0.44211980797514955,33,33,38,4.421198079751495,7
746,0.1300642490386963,0.6809991432654108,45.0,0.08888888888888889,42.504441651093764,0.23849052949792177,2.384905294979214,18.188134502568744,0.413722714895242,33,33,45,4.137227148952422,7
747,0.1300642490386963,0.6779471359178069,46.0,0.10869565217391304,42.890315143265354,0.20189734813925964,2.0189734813925955,18.14085787200076,0.38098392010071025,33,33,46,3.809839201007099,7
748,0.1300642490386963,0.6796490894965843,122.0,0.09836065573770492,43.03359208642648,0.131499589394323,1.3149958939432265,18.237429594617957,0.3559809041591023,33,33,122,3.559809041591022,9
749,0.1300642490386963,0.6914160776171183,34.0,0.11764705882352941,43.287664467404866,0.25116339405412386,2.51163394054124,18.174741481201092,0.4249909980542349,33,33,34,4.2499099805423475,7
750,0.1300642490386963,0.6236548495681085,19.0,0.05263157894736842,43.37229439126256,0.3002880026303942,3.0028800263039432,18.080162236625956,0.5001085728886788,33,33,19,5.00108572888679,5
751,0.1300642490386963,0.6903118023335733,186.0,0.10752688172043011,44.712995982691574,0.1327856346948755,1.3278563469487559,18.29395106753062,0.350936585238481,33,33,186,3.509365852384807,10
752,0.1300642490386963,0.6889191585712678,185.0,0.08108108108108109,46.32262992209456,0.12260727964537814,1.2260727964537808,18.491796113722334,0.31140790117094724,33,33,185,3.114079011709473,6
753,0.1300642490386963,0.6901856760188042,182.0,0.08791208791208792,45.84602345285495,0.14988351138364234,1.4988351138364249,18.66765530596009,0.33396202166784966,33,33,182,3.3396202166784983,10
754,0.1300642490386963,0.6899203078735621,137.0,0.11678832116788321,45.28730207240847,0.1771727708798871,1.7717277087988685,18.244222315901748,0.3400372378909649,34,34,137,3.4003723789096494,8
755,0.1300642490386963,0.6929208167159919,47.0,0.1276595744680851,44.978705463994764,0.30314893232264456,3.0314893232264457,18.191820073323406,0.6972470344543649,34,34,47,6.972470344543647,8
756,0.1300642490386963,0.3250829733914482,10.0,0.1,44.978705463994764,0.7388806007786635,7.388806007786632,18.079220973195874,1.1152822734857362,34,34,10,11.152822734857352,3
757,0.1300642490386963,0.6808899872666533,128.0,0.125,44.465420338750064,0.1702954241423988,1.7029542414239889,18.19934095855227,0.40363457671161423,34,34,128,4.036345767116144,10
758,0.1300642490386963,0.6774944044487072,34.0,0.11764705882352941,44.67386868399617,0.3029791009917725,3.029791009917726,18.13346619343633,0.5108016765389185,34,34,34,5.108016765389186,7
759,0.1300642490386963,0.6923469670899615,25.0,0.04,44.67654372981855,0.3060658393440574,3.0606583934405682,18.06049784304599,0.5027076961938504,34,34,25,5.027076961938506,5
760,0.1300642490386963,0.6926688387943101,97.0,0.10309278350515463,44.683444130286055,0.19326138876561602,1.932613887656162,18.101629485682203,0.44855410583218736,34,34,97,4.485541058321874,6
761,0.1300642490386963,0.6782093939033127,116.0,0.12931034482758622,44.738535634027144,0.16518815193309275,1.6518815193309286,18.175535596874322,0.3971889040250477,34,34,116,3.971889040250478,9
762,0.1300642490386963,0.6869615765973234,54.0,0.1111111111111111,44.61149599784511,0.3095570529107703,3.095570529107703,18.135534639724007,0.5691615489326602,34,34,54,5.691615489326603,8
763,0.1300642490386963,0.6929389195380611,49.0,0.16326530612244897,44.19712993540723,0.3105149308530433,3.1051493085304327,18.098619449633425,0.5204544574370016,34,34,49,5.204544574370017,8
764,0.1300642490386963,0.6918966592050799,40.0,0.075,44.18122348632259,0.34334071102859315,3.433407110285933,18.04826895729687,0.6907488020996879,34,34,40,6.907488020996883,6
765,0.1300642490386963,0.6845374249148136,145.0,0.0896551724137931,44.210302071598655,0.11289541597421154,1.1289541597421135,18.180624083939087,0.3095246104080967,34,34,145,3.095246104080965,6
766,0.1300642490386963,0.6791932659915256,24.0,0.125,44.40412993324287,0.38272976696772804,3.8272976696772787,18.101875953543377,0.6938911918036549,34,34,24,6.93891191803655,5
767,0.1300642490386963,0.6804961083634223,126.0,0.047619047619047616,44.49704180083489,0.14263241251495928,1.4263241251496002,18.222010253007095,0.3719983003543284,34,34,126,3.7199830035432844,10
768,0.1300642490386963,0.6914160776171183,34.0,0.058823529411764705,44.74547869342027,0.3302335851846848,3.30233585184685,18.148434607545727,0.6885441844736548,34,34,34,6.885441844736547,7
769,0.1300642490386963,0.6890092384766586,22.0,0.045454545454545456,44.67284453408442,0.38370602713541807,3.8370602713541797,18.098937751729924,0.6490122332952944,34,34,22,6.490122332952948,4
770,0.1300642490386963,0.687661208297261,172.0,0.0872093023255814,44.35074131957438,0.15166777916254143,1.516677791625416,18.27547484990649,0.3663815416201645,34,34,172,3.6638154162016425,9
771,0.1300642490386963,0.5623351446188083,12.0,0.25,43.88749007190587,0.4952261062617567,4.95226106261756,18.186080668231696,0.7671991103756846,34,34,12,7.671991103756848,4
772,0.1300642490386963,0.5297061990576545,9.0,0.1111111111111111,43.88749007190587,0.4749605670964634,4.749605670964641,18.0859137504449,0.8270008067837344,34,34,9,8.270008067837338,2
773,0.1300642490386963,0.6928068773058083,115.0,0.08695652173913043,43.63084302221935,0.13615448640970118,1.3615448640970147,18.167621060888212,0.283544743861848,34,34,115,2.83544743861848,4
774,0.1300642490386963,0.6780102022798757,121.0,0.12396694214876033,43.738352483552475,0.1787179596941058,1.7871795969410573,18.2692216814432,0.45122616730966025,34,34,121,4.512261673096605,10
775,0.1300642490386963,0.6899437584583995,50.0,0.04,43.98366634173328,0.3624900604592343,3.624900604592343,18.234201317654968,0.6140291541930576,34,34,50,6.1402915419305755,7
776,0.1300642490386963,0.6751425885789244,37.0,0.08108108108108109,44.012113424026076,0.28766849021059543,2.876684902105953,18.17536814070518,0.5599599472783567,34,34,37,5.599599472783565,7
777,0.1300642490386963,0.5982695885852573,14.0,0.07142857142857142,43.836649488761054,0.4116162490361166,4.116162490361162,18.080338924992805,0.6997349960896042,34,34,14,6.997349960896043,5
778,0.1300642490386963,0.6774944044487072,34.0,0.17647058823529413,43.73016287053191,0.2992664428065608,2.992664428065608,18.021878787325456,0.5033716182015578,34,34,34,5.033716182015583,7
779,0.1300642490386963,0.6931471805599453,12.0,0.0,43.73016287053191,0.4069112471790331,4.0691124717903335,17.92920020553735,0.7142511194562692,34,34,12,7.142511194562695,2
780,0.1300642490386963,0.6108643020548935,10.0,0.1,43.68320417840833,0.46305938947720726,4.630593894772076,17.81941722880686,0.7531312624227491,34,34,10,7.531312624227493,3
781,0.1300642490386963,0.410116318288409,14.0,0.14285714285714285,43.68320417840833,0.39895535303710133,3.989553530371009,17.72553826078226,0.6342308587466798,34,34,14,6.342308587466799,5
782,0.1300642490386963,0.6909233093138181,60.0,0.08333333333333333,43.72847051774561,0.26844842347685377,2.684484234768537,17.71837991685948,0.5303482374410406,34,34,60,5.30348237441041,8
783,0.1300642490386963,0.5004024235381879,10.0,0.2,43.72847051774561,0.45102848479979973,4.510284847997992,17.611329905016813,0.7248720243865491,34,34,10,7.248720243865491,3
784,0.13106393814086914,0.6931471805599453,40.0,0.025,43.72847051774561,0.26942467011214993,2.6942467011214957,17.556928413570226,0.5249579228121262,34,34,40,5.249579228121257,7
785,0.13106393814086914,-0.0,10.0,0.3,43.72847051774561,0.5022292929601967,5.022292929601977,17.470485773746596,0.6635650453660037,34,34,10,6.635650453660032,4
786,0.13106393814086914,0.6921137666782082,132.0,0.12121212121212122,43.45413828066174,0.26644731910339065,2.6644731910339066,17.580318055361754,0.44847773600832963,34,34,132,4.484777360083296,8
787,0.13106393814086914,0.6929389195380611,49.0,0.04081632653061224,43.45413828066174,0.21871818432346843,2.187181843234685,17.561923875401167,0.39170190360032925,34,34,49,3.917019036003289,7
788,0.13106393814086914,0.2711893730418441,13.0,0.07692307692307693,43.45413828066174,0.3915771989374395,3.9157719893744005,17.468077546378087,0.5791844513399571,34,34,13,5.791844513399569,4
789,0.13106393814086914,0.6875967375909238,38.0,0.07894736842105263,43.45413828066174,0.2511688124375019,2.5116881243750195,17.41771127456231,0.5008997298321161,34,34,38,5.008997298321161,5
790,0.13106393814086914,0.6931471805599453,70.0,0.1,42.83652603000813,0.2646133723273667,2.646133723273671,17.435344600680722,0.4745905356955763,34,34,70,4.745905356955761,8
791,0.13106393814086914,0.6172417697303416,13.0,0.3076923076923077,42.83652603000813,0.374259706786046,3.742597067860465,17.34956964179445,0.5732492306084245,34,34,13,5.73249230608424,4
792,0.13106393814086914,0.6928497090635346,82.0,0.0975609756097561,42.746660993989295,0.21885347480390085,2.188534748039006,17.376280918398443,0.48231550109379095,34,34,82,4.823155010937909,8
793,0.13106393814086914,0.6849062404158356,39.0,0.10256410256410256,42.78627624959121,0.26191699173711147,2.6191699173711167,17.32769711852339,0.5708612703495127,34,34,39,5.7086127034951275,7
794,0.13106393814086914,0.5297061990576545,9.0,0.1111111111111111,42.78627624959121,0.4153033780622144,4.15303378062216,17.245516705670944,0.7143371862641804,34,34,9,7.143371862641801,2
795,0.13106393814086914,0.5004024235381879,10.0,0.3,42.78627624959121,0.43299463289977885,4.329946328997783,17.154725610570665,0.6280437167416041,34,34,10,6.280437167416039,4
796,0.13106393814086914,0.6923025066041153,146.0,0.1095890410958904,42.78627624959121,0.1966641632209316,1.9666416322093145,15.122392186510096,0.3905644655456476,39,39,146,3.905644655456475,9
797,0.13106393814086914,0.6210863745552451,16.0,0.125,42.78627624959121,0.33959658861037756,3.395965886103776,15.049519172360757,0.49326071949010625,39,39,16,4.932607194901064,4
798,0.13106393814086914,0.6931471805599453,146.0,0.08904109589041095,42.78627624959121,0.11166842676376793,1.1166842676376798,15.175793951257589,0.2943365180972635,39,39,146,2.9433651809726316,6
799,0.13106393814086914,0.6930288326958663,130.0,0.09230769230769231,42.78627624959121,0.13683285563315778,1.3683285563315741,15.281605331623382,0.3254622724343588,39,39,130,3.2546227243435863,6
800,0.13106393814086914,-0.0,8.0,0.25,42.78627624959121,0.428745455624421,4.287454556244203,15.21617251064588,0.6228347506051434,39,39,8,6.22834750605144,2
801,0.13106393814086914,0.6640641265641081,50.0,0.08,42.813198319289064,0.28618691109021727,2.8618691109021706,15.19101325079534,0.5094814529422426,39,39,50,5.094814529422422,8
802,0.13106393814086914,0.6931471805599453,164.0,0.07926829268292683,43.12259363759719,0.11172137964324648,1.1172137964324644,15.34124917503359,0.2786044377684405,39,39,164,2.786044377684405,5
803,0.13106393814086914,0.6921137666782082,44.0,0.1590909090909091,43.02546522476632,0.27879839432668524,2.787983943266853,15.33264686045573,0.4193610682378767,39,39,44,4.1936106823787656,5
804,0.13106393814086914,0.6791932659915256,24.0,0.16666666666666666,42.813198319289064,0.45970967725925616,4.597096772592564,15.260649494299647,0.7581545703439387,39,39,24,7.581545703439386,5
805,0.13106393814086914,0.6930171020789195,124.0,0.056451612903225805,42.813198319289064,0.13530489779268387,1.3530489779268395,15.352553568951285,0.32272641247266143,39,39,124,3.227264124726616,6
806,0.13106393814086914,0.6930649955339707,156.0,0.10256410256410256,44.56301587282194,0.11963247542264863,1.196324754226485,15.500976772235987,0.33093574357502603,39,39,156,3.3093574357502624,5
807,0.13106393814086914,0.6928068773058083,115.0,0.09565217391304348,43.627851599265185,0.18795606901144057,1.8795606901144057,15.588757836565454,0.3993871803156593,39,39,115,3.993871803156594,9
808,0.13106393814086914,0.5004024235381879,10.0,0.0,43.627851599265185,0.5041714606093013,5.041714606093011,15.516605311491395,0.5683604428822582,39,39,10,5.683604428822585,4
809,0.13106393814086914,0.6930507268415149,144.0,0.11805555555555555,44.50573762445337,0.12483433416362831,1.248343341636285,15.622769033489684,0.326949213878014,39,39,144,3.2694921387801408,5
810,0.13106393814086914,0.6911927820032008,64.0,0.15625,43.13797947490415,0.2807737954745524,2.8077379547455212,15.611071787971522,0.5802365450708243,39,39,64,5.802365450708244,8
811,0.13206863403320312,0.6849062404158356,39.0,0.1282051282051282,43.325977706539256,0.25661596196421044,2.5661596196421064,15.562080835105247,0.4614643296995523,39,39,39,4.6146432969955224,7
812,0.13206863403320312,0.6901856760188042,52.0,0.057692307692307696,43.35455431229992,0.21528777248589714,2.1528777248589757,15.528978710266742,0.5037234238714721,39,39,52,5.0372342387147215,5
813,0.13206863403320312,0.6708198443868175,38.0,0.07894736842105263,43.45106398140367,0.44928950024671677,4.492895002467167,15.485229633705163,0.6881535163164132,39,39,38,6.8815351631641315,7
814,0.13206863403320312,0.5859526183035508,11.0,0.09090909090909091,43.45106398140367,0.5023023274282058,5.023023274282056,15.415997826675968,0.7539254198296503,39,39,11,7.539254198296512,4
815,0.13206863403320312,0.6918538909574949,59.0,0.1016949152542373,43.45106398140367,0.30036618589752817,3.003661858975283,15.407852818178698,0.5019097546402193,39,39,59,5.0190975464021905,7
816,0.13206863403320312,0.6926879734424749,132.0,0.13636363636363635,43.45106398140367,0.12596733986733913,1.259673398673392,15.517440961072975,0.3349683598339597,39,39,132,3.349683598339596,7
817,0.13206863403320312,0.6365141682948128,9.0,0.1111111111111111,43.45106398140367,0.4594093246281127,4.59409324628113,15.43454938236046,0.8679597773166436,39,39,9,8.679597773166428,2
818,0.13206863403320312,0.6925314801644661,114.0,0.14035087719298245,43.45106398140367,0.21590052725487144,2.159005272548713,15.524655719697247,0.41176913430070866,39,39,114,4.117691343007086,9
819,0.13206863403320312,0.5004024235381879,10.0,0.2,43.45106398140367,0.5087228275167263,5.08722827516727,15.448470505404783,0.8614107659423647,39,39,10,8.61410765942364,4
820,0.13206863403320312,0.5297061990576545,9.0,0.3333333333333333,43.45106398140367,0.47139114088030354,4.713911408803036,15.359276643534809,0.8324795756790426,39,39,9,8.324795756790422,3
821,0.13206863403320312,0.6108643020548935,10.0,0.1,43.45106398140367,0.4463128227478201,4.463128227478191,15.268091547176951,0.7396803416794849,39,39,10,7.396803416794853,3
822,0.13206863403320312,0.6899944580334814,63.0,0.06349206349206349,43.60110228617296,0.23545074148341483,2.3545074148341465,15.257454737062599,0.47348440832364685,39,39,63,4.734844083236469,7
823,0.13206863403320312,0.6931151802186033,125.0,0.112,42.910407054725475,0.22283108088056544,2.228310808805654,15.358739943534475,0.43383127175512587,39,39,125,4.338312717551258,8
824,0.13206863403320312,0.6751425885789244,37.0,0.10810810810810811,42.79545296455203,0.34798082618246795,3.4798082618246777,15.311492314691918,0.6112619818296283,39,39,37,6.112619818296284,8
825,0.13206863403320312,0.6849062404158356,39.0,0.10256410256410256,42.79545296455203,0.43470202216153825,4.347020221615383,15.281760629492636,0.6792528264518851,39,39,39,6.792528264518849,7
826,0.13206863403320312,0.6365141682948128,9.0,0.1111111111111111,42.79545296455203,0.599655681041549,5.9965568104154885,15.207727099465627,0.730844723483644,39,39,9,7.308447234836448,2
827,0.13206863403320312,0.6894691997751603,35.0,0.11428571428571428,42.73618925673069,0.2932793503113323,2.9327935031133245,15.173266267046147,0.49255736853322124,39,39,35,4.925573685332212,7
828,0.13206863403320312,0.6918966592050799,80.0,0.125,42.68644942781297,0.2749530710780233,2.7495307107802303,15.2175799286527,0.4583505859657954,39,39,80,4.5835058596579525,8
829,0.13206863403320312,0.6931471805599453,12.0,0.16666666666666666,42.68644942781297,0.3424337041113734,3.4243370411137275,15.15034461491347,0.6076016730921409,39,39,12,6.076016730921402,2
830,0.13206863403320312,0.6785008770139085,41.0,0.0975609756097561,42.654282834895206,0.2458731305534302,2.4587313055343034,15.113929048748734,0.3996299843751009,39,39,41,3.996299843751009,7
831,0.13206863403320312,0.6923469670899615,25.0,0.04,42.654282834895206,0.2368291478060854,2.368291478060858,15.054760133745436,0.4239541373127233,39,39,25,4.23954137312723,5
832,0.13206863403320312,0.45056120886630463,12.0,0.16666666666666666,42.654282834895206,0.41290700501897454,4.12907005018975,14.98659090975375,0.5165901207860112,39,39,12,5.1659012078601085,4
833,0.13206863403320312,0.6615632381579821,16.0,0.1875,42.654282834895206,0.3427778303219602,3.4277783032196085,14.916175291312094,0.4953782526234543,39,39,16,4.953782526234545,4
834,0.13206863403320312,-0.0,10.0,0.2,42.654282834895206,0.43234972628238955,4.323497262823899,14.842006105167052,0.566894321364885,39,39,10,5.668943213648852,4
835,0.13206863403320312,0.689856498589211,37.0,0.0,42.654282834895206,0.3570802239639512,3.5708022396395105,14.821900618649511,0.6888721440370222,39,39,37,6.888721440370221,7
836,0.13206863403320312,0.6931471805599453,76.0,0.14473684210526316,42.36786049147839,0.27942742197038156,2.7942742197038193,14.848729302568767,0.5189634448300141,39,39,76,5.18963444830014,8
837,0.13306522369384766,0.6904147046754965,203.0,0.11822660098522167,42.36786049147839,0.11640213977692146,1.1640213977692149,15.085092611962027,0.2553826122883586,39,39,203,2.5538261228835872,8
838,0.13306522369384766,0.6927389617440811,35.0,0.11428571428571428,42.36786049147839,0.3178951329824715,3.1789513298247147,15.05857172710034,0.598969426183834,39,39,35,5.989694261838338,7
839,0.13306522369384766,0.6908360395756099,103.0,0.05825242718446602,41.714177013683006,0.2799073574531615,2.799073574531617,15.137190918581105,0.48335999901358623,39,39,103,4.833599990135861,8
840,0.13306522369384766,0.6769517353038275,117.0,0.06837606837606838,41.234411016686,0.1420810866627358,1.4208108666273573,15.249546912758497,0.3352724738552052,39,39,117,3.3527247385520527,10
841,0.13306522369384766,0.6812657296632041,130.0,0.16153846153846155,41.234411016686,0.1223640356524934,1.2236403565249332,15.357483180882836,0.3059453205253595,39,39,130,3.0594532052535968,9
842,0.13306522369384766,0.6931471805599453,32.0,0.09375,41.2045485458456,0.35273074245738323,3.527307424573831,15.30673542007699,0.6275111163425099,39,39,32,6.275111163425099,7
843,0.13306522369384766,0.678968036741767,125.0,0.08,41.2045485458456,0.1406458837205323,1.4064588372053226,15.411939190283388,0.3318285688259805,39,39,125,3.318285688259807,8
844,0.13306522369384766,0.6811685453222742,123.0,0.056910569105691054,41.2045485458456,0.1664566616076946,1.6645666160769443,15.530393244112593,0.35260220241826196,39,39,123,3.526022024182621,10
845,0.13306522369384766,0.6931471805599453,32.0,0.1875,41.19219557871636,0.2380460012083997,2.3804600120839967,15.496256895690012,0.5597271569625447,39,39,32,5.597271569625449,6
846,0.13306522369384766,0.6791932659915256,24.0,0.125,41.25973216857947,0.3348001917554093,3.348001917554089,15.436155730955088,0.6376735575791976,39,39,24,6.376735575791977,7
847,0.13306522369384766,0.6791932659915256,24.0,0.125,41.25973216857947,0.4542206542279618,4.542206542279623,15.387988811267029,0.6812951426156835,39,39,24,6.812951426156832,7
848,0.13306522369384766,0.5004024235381879,10.0,0.2,41.25973216857947,0.5092463515275156,5.092463515275151,15.319998995555371,0.7910727449913905,39,39,10,7.9107274499139075,4
849,0.13306522369384766,0.6931471805599453,34.0,0.14705882352941177,41.27306022175001,0.31497985299283754,3.1497985299283755,15.288617660681757,0.5177003840771175,39,39,34,5.177003840771175,7
850,0.13306522369384766,0.6791932659915256,12.0,0.3333333333333333,41.27306022175001,0.3793462622559254,3.793462622559261,15.205741477610603,0.6522316806773848,39,39,12,6.522316806773843,3
851,0.13306522369384766,0.6615632381579821,32.0,0.15625,41.27306022175001,0.24270658862401673,2.4270658862401593,15.153567301241557,0.43086310885625767,39,39,32,4.308631088562575,5
852,0.13306522369384766,0.6890092384766586,11.0,0.09090909090909091,41.27306022175001,0.37024020075547104,3.702402007554701,15.08118322648953,0.64884966114033,39,39,11,6.488496611403306,2
853,0.13306522369384766,0.6145033203107282,23.0,0.0,41.179858848820004,0.254619795674029,2.5461979567402846,15.021005276385734,0.470678403417313,39,39,23,4.706784034173125,6
854,0.13306522369384766,0.6108643020548935,10.0,0.1,41.179858848820004,0.42463036262647263,4.246303626264726,14.936673166525598,0.6303140539656216,39,39,10,6.30314053965622,3
855,0.13306522369384766,0.6450331516760341,26.0,0.19230769230769232,41.16117350483015,0.36943833193182596,3.6943833193182565,14.882580638304688,0.5896313973934477,39,39,26,5.896313973934482,7
856,0.13306522369384766,0.6108643020548935,10.0,0.3,41.16117350483015,0.46655084490132487,4.665508449013247,14.812301381019392,0.5904185030390409,39,39,10,5.9041850303904075,4
857,0.13306522369384766,0.6534181947937018,25.0,0.2,41.16117350483015,0.2270044417936387,2.27004441793639,14.75582849127557,0.4122551983538014,39,39,25,4.122551983538011,5
858,0.13306522369384766,0.6554817739013927,22.0,0.13636363636363635,41.16117350483015,0.23687529632520993,2.368752963252092,14.694337056346217,0.4211112074949532,39,39,22,4.211112074949533,5
859,0.13306522369384766,0.6365141682948128,24.0,0.125,41.16117350483015,0.24410804691527996,2.4410804691527983,14.652628638549698,0.4206270670449316,39,39,24,4.206270670449316,5
860,0.13306522369384766,0.6930451362725594,140.0,0.1357142857142857,40.94670042170357,0.12920881844320534,1.2920881844320549,14.781720745748602,0.31339283334780993,39,39,140,3.1339283334781016,8
861,0.13306522369384766,0.6931471805599453,46.0,0.08695652173913043,40.94670042170357,0.3481431974247261,3.4814319742472657,14.752585567547499,0.6171343659268373,39,39,46,6.171343659268374,7
862,0.1340646743774414,0.6931246588828293,149.0,0.11409395973154363,40.68490063886456,0.14347554000481727,1.4347554000481695,14.89102181501455,0.3195897740806912,39,39,149,3.1958977408069105,9
863,0.1340646743774414,0.6927683767297783,109.0,0.09174311926605505,40.68490063886456,0.19884780524782153,1.9884780524782153,14.967066924571277,0.3695633994465929,39,39,109,3.6956339944659296,7
864,0.1340646743774414,0.6931080227146618,113.0,0.1504424778761062,40.68490063886456,0.1583157409390873,1.583157409390869,15.065989503230503,0.35265222146060343,39,39,113,3.526522214606036,8
865,0.1340646743774414,0.34883209584303193,9.0,0.0,40.68490063886456,0.6787265378199199,6.7872653781991925,14.981076124237521,0.9485062020635161,39,39,9,9.485062020635153,3
866,0.1340646743774414,0.6931171339877542,129.0,0.07751937984496124,40.68490063886456,0.13670291642808036,1.367029164280803,15.10457739993607,0.31498782357308897,39,39,129,3.149878235730889,8
867,0.1340646743774414,0.6931471805599453,42.0,0.11904761904761904,40.75966346142212,0.28074650672522156,2.8074650672522203,15.07140473684848,0.5945542738095774,39,39,42,5.945542738095773,7
868,0.1340646743774414,0.6856925884481759,41.0,0.07317073170731707,40.75966346142212,0.25510966622949227,2.5510966622949236,15.04488592592233,0.4293011629172919,39,39,41,4.293011629172918,7
869,0.1340646743774414,0.6860923673472046,59.0,0.06779661016949153,41.061077799372406,0.3003299524604401,3.0032995246044014,15.041260348075047,0.5829022291667321,39,39,59,5.829022291667321,7
870,0.1340646743774414,0.6909233093138181,45.0,0.15555555555555556,41.061077799372406,0.24464406435555752,2.446440643555577,15.016616116363622,0.47448668980293934,39,39,45,4.744866898029391,6
871,0.1340646743774414,0.6930582890371242,150.0,0.08,41.061077799372406,0.10318749399546398,1.0318749399546407,15.160062352953455,0.26888858575940006,39,39,150,2.6888858575940016,4
872,0.1340646743774414,0.6929818821956966,110.0,0.05454545454545454,41.061077799372406,0.20083610656234488,2.0083610656234474,15.23435163180437,0.4317207482764263,39,39,110,4.317207482764265,7
873,0.1340646743774414,0.6924611526112329,81.0,0.1728395061728395,40.56098654110879,0.22785383240694224,2.2785383240694244,15.2580685387012,0.41299239453930303,39,39,81,4.129923945393029,8
874,0.1340646743774414,0.6930128020601277,122.0,0.10655737704918032,40.56098654110879,0.11205644110788707,1.1205644110788708,15.353155121459253,0.2715325525178043,39,39,122,2.7153255251780393,8
875,0.1340646743774414,0.6931296740679538,169.0,0.11834319526627218,41.41746574169249,0.1235229499717712,1.2352294997177158,15.513776064737318,0.28718241203099854,39,39,169,2.871824120309982,7
876,0.1340646743774414,0.6931328821132328,187.0,0.10160427807486631,43.426388805947035,0.11834244387562044,1.1834244387562027,15.692251892665212,0.2716985185794585,39,39,187,2.716985185794584,4
877,0.1340646743774414,0.6931189141395071,133.0,0.12781954887218044,44.20523119505411,0.1298192405182001,1.298192405181998,15.7810168390534,0.32743725941927154,39,39,133,3.2743725941927133,7
878,0.1340646743774414,0.666278442414676,13.0,0.0,44.20523119505411,0.35663232325670163,3.5663232325670156,15.696269431713432,0.8683594897843393,39,39,13,8.683594897843388,2
879,0.1340646743774414,0.5859526183035508,11.0,0.18181818181818182,44.20523119505411,0.483117040101734,4.831170401017326,15.63185712368811,0.8549006091489678,39,39,11,8.549006091489687,4
880,0.1340646743774414,0.6931471805599453,30.0,0.06666666666666667,43.986135827788566,0.31459100771827825,3.145910077182779,15.593176048047862,0.5887085130300994,39,39,30,5.887085130300993,6
881,0.1340646743774414,0.6926267989248349,31.0,0.06451612903225806,43.2991933221994,0.38561594971540836,3.8561594971540862,15.554982779509615,0.5634125654153933,39,39,31,5.634125654153928,6
882,0.1340646743774414,0.6929818821956966,165.0,0.13333333333333333,43.403399123262,0.1344046650073621,1.3440466500736203,15.705205049669932,0.2843462833089957,39,39,165,2.843462833089958,7
883,0.1340646743774414,0.5004024235381879,10.0,0.0,43.403399123262,0.5091113157882766,5.091113157882771,15.633125859814962,0.781982178209461,39,39,10,7.8198217820946105,4
884,0.1340646743774414,0.6928637070611732,168.0,0.1130952380952381,44.197587604849886,0.11861453356112656,1.186145335611266,15.773980664999625,0.282129474910054,39,39,168,2.8212947491005385,6
885,0.1340646743774414,0.6890092384766586,11.0,0.18181818181818182,44.197587604849886,0.4015645310619798,4.0156453106198,15.686246047970553,0.7380586038816133,39,39,11,7.380586038816127,3
886,0.1340646743774414,0.3250829733914482,10.0,0.1,44.197587604849886,0.4835486795746675,4.835486795746685,15.596991159172816,0.7566818459094149,39,39,10,7.5668184590941445,2
887,0.1340646743774414,0.6108643020548935,10.0,0.0,44.197587604849886,0.44066983564681195,4.406698356468121,15.507322895405846,0.7307964259872479,39,39,10,7.30796425987248,3
888,0.1340646743774414,0.6730116670092565,25.0,0.12,43.06206108347913,0.3929434523237562,3.929434523237568,15.447314828553763,0.5058584414863222,39,39,25,5.058584414863223,5
889,0.1340646743774414,0.6924858777484906,110.0,0.10909090909090909,42.14714589739323,0.272212893599076,2.7221289359907592,15.504108514458832,0.48473457252088475,39,39,110,4.847345725208849,8
890,0.1340646743774414,0.6879319439065483,49.0,0.08163265306122448,42.14714589739323,0.23663514032832053,2.3663514032832023,15.472985649884246,0.4043797305181635,39,39,49,4.043797305181633,7
891,0.1340646743774414,0.625491359725573,22.0,0.045454545454545456,42.14714589739323,0.3080525321863879,3.0805253218638744,15.401617293970926,0.4995381246705222,39,39,22,4.995381246705222,5
892,0.13506436347961426,0.6751425885789244,37.0,0.13513513513513514,42.14714589739323,0.2776049161005174,2.7760491610051736,15.366540167872836,0.441211119768804,39,39,37,4.412111197688036,7
893,0.13506436347961426,0.6931471805599453,44.0,0.11363636363636363,42.14714589739323,0.23288909889597137,2.3288909889597225,15.330672921820115,0.3906536661148466,39,39,44,3.906536661148463,7
894,0.13506436347961426,-0.0,10.0,0.0,42.14714589739323,0.4309158241588893,4.309158241588885,15.244669005570044,0.6524884765756994,39,39,10,6.524884765756996,3
895,0.13506436347961426,0.6914947971215378,87.0,0.06896551724137931,41.88981351040154,0.2902490448536726,2.9024904485367276,15.284223063376139,0.578343225941772,39,39,87,5.783432259417719,8
896,0.13506436347961426,0.5297061990576545,9.0,0.0,41.88981351040154,0.4487917683600268,4.487917683600262,15.198050972693755,0.48761821768602676,39,39,9,4.876182176860266,3
897,0.13506436347961426,0.6474466390346325,40.0,0.025,41.786076442555135,0.2862162256475601,2.862162256475605,15.15820985482113,0.5161513607103989,39,39,40,5.161513607103991,8
898,0.13506436347961426,0.6926267989248349,62.0,0.06451612903225806,41.81203587176125,0.23449272398167081,2.3449272398167023,15.150913040860441,0.4279159015380001,39,39,62,4.279159015380005,8
899,0.13506436347961426,0.6869615765973234,36.0,0.16666666666666666,41.81203587176125,0.19926579437683994,1.9926579437684038,15.106682520792305,0.3968472333144769,39,39,36,3.968472333144771,5
900,0.13506436347961426,0.6884572217893625,155.0,0.1032258064516129,41.81203587176125,0.12520748712091082,1.2520748712091077,15.254917215976048,0.2846098503035732,39,39,155,2.846098503035731,10
901,0.13506436347961426,0.687396352150425,56.0,0.10714285714285714,41.981973789647085,0.21923448390587308,2.192344839058731,15.23739918492195,0.434513935637854,39,39,56,4.345139356378541,7
902,0.13506436347961426,0.6926267989248349,31.0,0.03225806451612903,41.90317012116217,0.2377370079068241,2.3773700790682444,15.19787926087473,0.5646015695540474,39,39,31,5.646015695540475,6
903,0.13506436347961426,0.6853142072764582,32.0,0.09375,41.90317012116217,0.23525401212820396,2.3525401212820425,15.148372871954763,0.3379641118122582,39,39,32,3.379641118122584,5
904,0.13506436347961426,0.6897840967421709,61.0,0.03278688524590164,42.09835968090178,0.20408863055354093,2.0408863055354076,15.142947875913396,0.46734205682788965,39,39,61,4.673420568278895,7
905,0.13506436347961426,0.6916031758694977,72.0,0.09722222222222222,42.09835968090178,0.1763382911768813,1.7633829117688127,15.161017229015014,0.37303485085802485,39,39,72,3.730348508580246,7
906,0.13506436347961426,0.6591525038229908,27.0,0.14814814814814814,42.288632021404865,0.43229844069050993,4.322984406905097,15.105762486323183,0.7745294737180709,39,39,27,7.745294737180709,7
907,0.13506436347961426,0.693053351391456,73.0,0.0547945205479452,41.88183240488106,0.272640115461954,2.7264011546195395,15.113013643887012,0.4571843278771611,39,39,73,4.571843278771612,8
908,0.13506436347961426,0.6913095073117435,66.0,0.10606060606060606,41.6895924523477,0.2461654648067821,2.4616546480678227,15.125307580059976,0.4618178946416475,39,39,66,4.618178946416472,8
909,0.13506436347961426,0.6929932791588755,57.0,0.07017543859649122,41.580942506064225,0.25231488968291044,2.5231488968291034,15.111918977049864,0.4577722710411646,39,39,57,4.577722710411646,8
910,0.13506436347961426,0.6931471805599453,66.0,0.12121212121212122,41.580942506064225,0.1868021465141127,1.8680214651411307,15.124762107571708,0.3503585518661159,39,39,66,3.5035855186611577,5
911,0.13506436347961426,0.6930582890371242,75.0,0.2,41.4908680289492,0.2520884120883286,2.5208841208832853,15.15005592748705,0.4861264838132902,39,39,75,4.861264838132901,8
912,0.13506436347961426,0.6554817739013927,33.0,0.12121212121212122,41.4908680289492,0.33502584235714633,3.3502584235714643,15.111129791390418,0.5443210409067024,39,39,33,5.443210409067026,7
913,0.13506436347961426,0.6268694575724263,25.0,0.12,41.4908680289492,0.31413544329449195,3.141354432944923,15.050538659214785,0.4823822345578059,39,39,25,4.823822345578061,7
914,0.13506436347961426,0.6931471805599453,50.0,0.06,41.445206775235995,0.3315458776621418,3.3154587766214174,15.04408739008446,0.608701336050635,39,39,50,6.087013360506349,7
915,0.13506436347961426,0.6927819059876479,74.0,0.21621621621621623,41.445206775235995,0.21814575091442143,2.1814575091442165,15.073712040029017,0.347623107116932,39,39,74,3.476231071169318,7
916,0.13506436347961426,0.6846162778013047,46.0,0.043478260869565216,41.11187410810081,0.31757024993148014,3.1757024993148013,15.050518904819324,0.6042587068221332,39,39,46,6.042587068221329,7
917,0.13506436347961426,0.5195798391305154,14.0,0.14285714285714285,41.11187410810081,0.37670563588035183,3.7670563588035213,14.987700666738666,0.43232977978938575,39,39,14,4.323297797893858,4
918,0.13506436347961426,0.6785008770139085,41.0,0.0975609756097561,40.90303759052189,0.30383506042636443,3.038350604263647,14.96824722644962,0.511443841514104,39,39,41,5.114438415141043,8
919,0.13506436347961426,0.6931471805599453,34.0,0.08823529411764706,40.90303759052189,0.28934316613778416,2.8934316613778455,14.9403267298654,0.39154272781248445,39,39,34,3.91542727812484,5
920,0.136063814163208,0.6931471805599453,12.0,0.0,40.90303759052189,0.33994387451512864,3.39943874515129,14.867791586317644,0.5774755202781697,39,39,12,5.774755202781691,3
921,0.136063814163208,0.5402041423888608,13.0,0.07692307692307693,40.90303759052189,0.3330761367072694,3.3307613670726943,14.796087706814793,0.5438691980992215,39,39,13,5.438691980992213,4
922,0.136063814163208,0.5982695885852573,21.0,0.0,40.90303759052189,0.23951767707339974,2.3951767707339977,14.734939364437114,0.4267652919800628,39,39,21,4.2676529198006286,5
923,0.136063814163208,0.6838206287849113,44.0,0.11363636363636363,40.85390468082777,0.2790173006507741,2.7901730065077484,14.714946089599922,0.5586519515362856,39,39,44,5.586519515362853,7
924,0.136063814163208,0.6856152441778012,155.0,0.13548387096774195,40.85390468082777,0.16802287307360628,1.6802287307360633,14.520788907199421,0.349591073164148,40,40,155,3.4959107316414797,10
925,0.136063814163208,0.6869615765973234,36.0,0.16666666666666666,40.85390468082777,0.2838520129139137,2.8385201291391366,14.487772925715195,0.4286355103767383,40,40,36,4.2863551037673835,7
926,0.136063814163208,0.6909233093138181,60.0,0.05,40.81237399419938,0.23517241033743774,2.3517241033743805,14.503397044844252,0.44032308064583864,40,40,60,4.403230806458387,8
927,0.136063814163208,0.5297061990576545,9.0,0.0,40.81237399419938,0.37638757341674495,3.763875734167441,14.439778858091046,0.5458624623454972,40,40,9,5.458624623454977,2
928,0.136063814163208,0.6896709283570267,48.0,0.16666666666666666,40.634652974465375,0.20851387053141632,2.085138705314163,14.420572043253163,0.45856989722602265,40,40,48,4.585698972260223,6
929,0.136063814163208,0.6365141682948128,12.0,0.08333333333333333,40.634652974465375,0.3611592366866219,3.611592366866219,14.345253067023432,0.5260779196778338,40,40,12,5.260779196778339,3
930,0.136063814163208,0.625491359725573,22.0,0.045454545454545456,40.634652974465375,0.21071064090997088,2.1071064090997127,14.284671929762478,0.4111629302667123,40,40,22,4.111629302667126,5
931,0.136063814163208,0.6890092384766586,44.0,0.09090909090909091,40.634652974465375,0.21543111133879583,2.154311113387957,14.27754712810695,0.3560206588531923,40,40,44,3.56020658853192,7
932,0.136063814163208,0.6893616831435102,46.0,0.043478260869565216,40.537326026620924,0.2795802309661596,2.7958023096615956,14.261277393209465,0.6035097684427135,40,40,46,6.035097684427135,7
933,0.136063814163208,0.6929002466535776,45.0,0.08888888888888889,40.537326026620924,0.16611233044688645,1.6611233044688611,14.234736770595372,0.3196028312009928,40,40,45,3.196028312009928,5
934,0.136063814163208,0.6931471805599453,26.0,0.07692307692307693,40.537326026620924,0.2977171219927112,2.977171219927115,14.199843435508717,0.44304074218906586,40,40,26,4.430407421890659,7
935,0.136063814163208,0.666278442414676,39.0,0.07692307692307693,40.513407941932115,0.30221364498404096,3.022136449840406,14.173167772387512,0.529925985358508,40,40,39,5.29925985358508,8
936,0.136063814163208,0.689294893666163,57.0,0.05263157894736842,40.71316905652131,0.2573244063681243,2.5732440636812415,14.174642388168389,0.5382447039807232,40,40,57,5.382447039807229,8
937,0.136063814163208,0.6931471805599453,34.0,0.08823529411764706,40.71316905652131,0.2784122799475936,2.784122799475933,14.141526255569712,0.4350715675865647,40,40,34,4.350715675865645,5
938,0.136063814163208,0.6924611526112329,27.0,0.07407407407407407,40.71316905652131,0.25401923009059646,2.5401923009059675,14.089313590231665,0.39946728303884765,40,40,27,3.994672830388475,7
939,0.136063814163208,0.5859526183035508,11.0,0.09090909090909091,40.71316905652131,0.34227616658065085,3.4227616658065076,14.02056928831704,0.5000636133266657,40,40,11,5.000636133266653,4
940,0.136063814163208,0.6868056391332404,160.0,0.0875,40.71316905652131,0.117329329914581,1.1732932991458114,14.184607394193591,0.25078536609616836,40,40,160,2.507853660961685,10
941,0.136063814163208,0.6780102022798757,121.0,0.14049586776859505,40.71316905652131,0.15235272002203323,1.52352720022033,14.304308393999303,0.286834203485641,40,40,121,2.868342034856408,9
942,0.136063814163208,0.47413931305783735,11.0,0.0,40.71316905652131,0.7154664850719495,7.154664850719488,14.226250017299623,1.093864479150072,40,40,11,10.938644791500712,3
943,0.136063814163208,0.5004024235381879,10.0,0.0,40.71316905652131,0.48483990561780105,4.848399056178006,14.165293677020781,0.8403667700322495,40,40,10,8.403667700322496,4
944,0.136063814163208,0.6914160776171183,34.0,0.08823529411764706,40.71316905652131,0.22252332023138752,2.2252332023138774,14.122291137182135,0.4934020229639736,40,40,34,4.934020229639732,5
945,0.136063814163208,0.5859526183035508,11.0,0.0,40.71316905652131,0.3745911776405283,3.7459117764052934,14.045714967368507,0.7025698559566383,40,40,11,7.0256985595663854,3
946,0.136063814163208,0.6834451346889767,151.0,0.1390728476821192,40.71316905652131,0.15507443349949745,1.550744334994971,14.204253295796821,0.3213231049322751,40,40,151,3.213231049322749,7
947,0.136063814163208,0.6806294878916634,114.0,0.06140350877192982,40.71316905652131,0.18486212493075366,1.848621249307533,14.30819901335219,0.3360858374495677,40,40,114,3.360858374495679,9
948,0.136063814163208,0.6759010305740114,27.0,0.07407407407407407,40.6706248581515,0.41862466678039734,4.186246667803975,14.256526283893592,0.7324810963796896,40,40,27,7.324810963796895,7
949,0.136063814163208,0.6809991432654108,135.0,0.1111111111111111,40.6706248581515,0.13726680704009506,1.3726680704009504,14.381896810065133,0.3020599004058262,40,40,135,3.0205990040582593,10
950,0.136063814163208,0.6914160776171183,34.0,0.08823529411764706,40.59484631949869,0.3053030967995781,3.0530309679957828,14.355901496943897,0.6341943837005111,40,40,34,6.341943837005113,7
951,0.13708829879760742,0.6879319439065483,49.0,0.10204081632653061,40.61355034408909,0.2685276739281337,2.685276739281343,14.335348344488452,0.4993439535998863,40,40,49,4.993439535998861,7
952,0.13708829879760742,0.6855278846488313,146.0,0.07534246575342465,40.61355034408909,0.1439520790521855,1.4395207905218557,14.476066488584427,0.3372164795344203,40,40,146,3.3721647953442013,8
953,0.13708829879760742,0.6931471805599453,28.0,0.03571428571428571,40.61355034408909,0.3055127944648796,3.0551279446487944,14.438368543953493,0.5491712954876774,40,40,28,5.491712954876776,6
954,0.13708829879760742,0.6896709283570267,48.0,0.125,40.61355034408909,0.23049932569695555,2.3049932569695586,14.417700207873992,0.4915778704584194,40,40,48,4.9157787045841905,5
955,0.13708829879760742,0.6896055707318779,214.0,0.07009345794392523,41.5884004543628,0.10434223251469973,1.0434223251469972,14.659749970996085,0.2297107248926245,40,40,214,2.297107248926243,7
956,0.13708829879760742,0.6846162778013047,161.0,0.07453416149068323,41.44154435406838,0.1490068996353101,1.4900689963530984,14.808294919331445,0.31124353661275894,40,40,161,3.1124353661275896,8
957,0.13708829879760742,0.6730116670092565,10.0,0.0,41.44154435406838,0.43108644508917315,4.310864450891731,14.72687826980528,0.7766606888641481,40,40,10,7.766606888641478,2
958,0.13708829879760742,0.6926879734424749,33.0,0.12121212121212122,41.3336065028695,0.2888159818949613,2.888159818949616,14.694013327317965,0.5476455915172962,40,40,33,5.4764559151729655,6
959,0.13708829879760742,0.6108643020548935,10.0,0.0,41.3336065028695,0.4697096594416337,4.697096594416332,14.625670665886286,0.6990815942588666,40,40,10,6.990815942588666,4
960,0.13708829879760742,0.6774944044487072,119.0,0.10084033613445378,40.61355034408909,0.20072239902467132,2.0072239902467115,14.726721828592321,0.41463112539422986,40,40,119,4.1463112539423,10
961,0.13708829879760742,0.6928767397383337,43.0,0.18604651162790697,40.61355034408909,0.2250869135828265,2.2508691358282666,14.69239373593864,0.4131470358407692,40,40,43,4.1314703584076895,5
962,0.13708829879760742,0.6779471359178069,46.0,0.08695652173913043,40.61355034408909,0.21034082102635576,2.1034082102635505,14.664930785837123,0.4191760973386942,40,40,46,4.191760973386944,7
963,0.13708829879760742,0.6928184134311288,39.0,0.10256410256410256,40.76199213950948,0.24726693731040172,2.472669373104019,14.626369767275738,0.5175292445649247,40,40,39,5.175292445649245,7
964,0.13708829879760742,0.6108643020548935,10.0,0.0,40.76199213950948,0.42079289412726306,4.207928941272629,14.544449518177254,0.6980402311538388,40,40,10,6.980402311538381,3
965,0.13708829879760742,0.6682484776645385,54.0,0.14814814814814814,40.986573191924734,0.26987287145728595,2.698728714572861,14.52833069226665,0.5025696429162403,40,40,54,5.025696429162403,8
966,0.13708829879760742,0.6926267989248349,31.0,0.0967741935483871,40.986573191924734,0.22659831471488387,2.26598314714884,14.48711970764648,0.45551109121399697,40,40,31,4.555110912139973,5
967,0.13708829879760742,0.6812657296632041,26.0,0.07692307692307693,40.986573191924734,0.38536202513182233,3.8536202513182265,14.43089481617883,0.6249612676181522,40,40,26,6.249612676181521,7
968,0.13708829879760742,0.6931471805599453,10.0,0.1,40.986573191924734,0.3949795028792291,3.94979502879229,14.360633641540128,0.6817858286564394,40,40,10,6.817858286564394,2
969,0.13708829879760742,0.689856498589211,37.0,0.05405405405405406,40.9791008511308,0.27973725836328067,2.797372583632808,14.331490000838215,0.49767769743786594,40,40,37,4.976776974378666,7
970,0.13708829879760742,0.6883336081894993,51.0,0.058823529411764705,41.047525881060594,0.3484364401560403,3.484364401560408,14.331146413771336,0.52351000145052,40,40,51,5.235100014505201,8
971,0.13708829879760742,0.6920129648318738,42.0,0.14285714285714285,40.872088099636116,0.3471501193636562,3.4715011936365663,14.304448566322908,0.5791210907351193,40,40,42,5.791210907351194,8
972,0.13708829879760742,0.5623351446188083,12.0,0.0,40.872088099636116,0.4423237186417541,4.423237186417546,14.244302248566182,0.5693912890983532,40,40,12,5.693912890983528,4
973,0.13708829879760742,0.6365141682948128,9.0,0.0,40.872088099636116,0.39773979168942436,3.977397916894238,14.179825288150312,0.62644950843757,40,40,9,6.2644950843757,2
974,0.13708829879760742,0.6632646807257363,37.0,0.13513513513513514,40.76724307135542,0.2738798230052857,2.738798230052858,14.156623506127024,0.438271291116936,40,40,37,4.3827129111693655,7
975,0.13708829879760742,0.6896709283570267,24.0,0.16666666666666666,40.76724307135542,0.3854009671053757,3.85400967105376,14.11238333612015,0.6595508177558397,40,40,24,6.595508177558397,7
976,0.13708829879760742,0.6108643020548935,10.0,0.2,40.76724307135542,0.39526278402050535,3.952627840205049,14.038498375028066,0.5889934722455971,40,40,10,5.889934722455976,3
977,0.13708829879760742,0.6905193791272948,69.0,0.14492753623188406,40.347422726087714,0.2510507919537976,2.510507919537977,14.07050618608788,0.42196902905871675,40,40,69,4.219690290587167,8
978,0.13708829879760742,0.6912717888263618,49.0,0.08163265306122448,40.347422726087714,0.2253381589394619,2.2533815893946163,14.058023044799672,0.4245777321917483,40,40,49,4.2457773219174815,7
979,0.13708829879760742,0.6926879734424749,66.0,0.10606060606060606,40.00213699027378,0.2460913749702012,2.460913749702015,14.070301029778557,0.4420145049857925,40,40,66,4.420145049857926,8
980,0.13708829879760742,0.6930211989529488,63.0,0.07936507936507936,39.67046999311691,0.253608327136279,2.536083271362792,14.091208051722651,0.4527558401513799,40,40,63,4.5275584015138,8
981,0.13708829879760742,0.6931471805599453,66.0,0.15151515151515152,39.67046999311691,0.20445177999893704,2.0445177999893724,14.116421399131477,0.3592821963572883,40,40,66,3.592821963572881,6
982,0.13708829879760742,0.6918538909574949,59.0,0.06779661016949153,39.31578273938897,0.2208288096278438,2.2082880962784386,14.132760973403245,0.33368276886271575,40,40,59,3.3368276886271584,6
983,0.13806509971618652,0.6931471805599453,64.0,0.125,39.00045202083365,0.2726585476722406,2.7265854767224065,14.155131798533262,0.45895217980525826,40,40,64,4.589521798052583,8
984,0.13806509971618652,0.6931471805599453,22.0,0.13636363636363635,39.00045202083365,0.2449357714235714,2.4493577142357137,14.101837821923997,0.46936599060658507,40,40,22,4.6936599060658475,5
985,0.13806509971618652,0.6896709283570267,72.0,0.06944444444444445,38.78665375375033,0.2964805831224342,2.964805831224341,14.136053758176747,0.5052514722771527,40,40,72,5.052514722771529,8
986,0.13806509971618652,0.6927819059876479,37.0,0.02702702702702703,38.78665375375033,0.23406966690138856,2.3406966690138864,14.107560667631082,0.372961845459267,40,40,37,3.729618454592671,5
987,0.13806509971618652,0.6925525323607232,29.0,0.13793103448275862,38.50462822553355,0.23613934868124065,2.361393486812405,14.066208199513014,0.3986788761655768,40,40,29,3.986788761655764,6
988,0.13806509971618652,0.6812657296632041,26.0,0.038461538461538464,38.50462822553355,0.21228117852385567,2.1228117852385564,14.029744684249675,0.3947018206434101,40,40,26,3.9470182064340964,5
989,0.13806509971618652,0.2868359830561607,12.0,0.08333333333333333,38.50462822553355,0.33786343675217684,3.378634367521768,13.963813847494256,0.5325206239894601,40,40,12,5.325206239894598,4
990,0.13806509971618652,0.6897840967421709,61.0,0.18032786885245902,38.5512396194827,0.24831734251114265,2.4831734251114295,13.983908815802167,0.4613751634172917,40,40,61,4.613751634172916,8
991,0.13806509971618652,0.5859526183035508,11.0,0.0,38.5512396194827,0.3495590472607123,3.4955904726071263,13.916000475000654,0.5326516874973679,40,40,11,5.326516874973677,3
992,0.13806509971618652,0.6787585090999517,65.0,0.15384615384615385,38.22680152938757,0.2369305027349355,2.369305027349352,13.945692364378562,0.35745817955782133,40,40,65,3.5745817955782138,7
993,0.13806509971618652,0.6930628469360363,154.0,0.07792207792207792,38.03994932563651,0.1236041190605167,1.2360411906051667,14.108845300874384,0.25895805256370685,40,40,154,2.5895805256370705,9
994,0.13806509971618652,0.6930251052799065,128.0,0.1015625,38.03994932563651,0.14176586555678422,1.417658655567847,14.222845212940603,0.2938345689725565,40,40,128,2.938345689725567,7
995,0.13806509971618652,0.6930082852403007,120.0,0.16666666666666666,38.22765571314947,0.14923949505215697,1.4923949505215695,14.336831095622438,0.29351969692444996,40,40,120,2.9351969692445,9
996,0.13806509971618652,0.6923469670899615,25.0,0.08,38.22765571314947,0.23163051914593497,2.3163051914593438,14.28685485940853,0.595255342842159,40,40,25,5.95255342842159,5
997,0.13806509971618652,0.6929002466535776,45.0,0.13333333333333333,38.22765571314947,0.18709707983838364,1.870970798383834,14.276274215674675,0.3214598931639254,40,40,45,3.214598931639256,5
998,0.13806509971618652,0.6365141682948128,24.0,0.08333333333333333,38.094225942734816,0.3097202356081621,3.0972023560816226,14.235747113748493,0.43927144897533416,40,40,24,4.39271448975334,7
999,0.13806509971618652,0.6862107122427636,34.0,0.058823529411764705,38.057569868912324,0.22903400177707323,2.290340017770733,14.200295802905979,0.37316019862778965,40,40,34,3.7316019862778944,7
