======================================================================
ML EXPERIMENT DETAILED REPORT
======================================================================

RO ALGORITHMS SUMMARY TABLE
----------------------------------------
| Algorithm                | Best Val Loss | # Func Evals | Wall Time |
|--------------------------|--------|-------|----------|
| Randomized Hill Climbing | 0.4889 |  3151 | 1026.89s |
| Simulated Annealing      | 4.5618 |  2301 |  750.24s |
| Genetic Algorithm        | 4.2021 | 10000 | 9605.63s |


KEY METRICS
----------------------------------------
Restart 1 Best Loss: 0.48890600121501604
Restart 2 Best Loss: 0.5182269302916614
Restart 3 Best Loss: 0.5240811495990544
Restart 4 Best Loss: 0.5179931195009322
Restart 5 Best Loss: 0.5169874188445863
Avg Steps To L Sgd: 2700.0
Avg Test Metric Sgd: 0.46098248196608854
Avg Steps To L Sgd Momentum: 466.6666666666667
Avg Test Metric Sgd Momentum: 0.44619914358061025
Avg Steps To L Nesterov: 466.6666666666667
Avg Test Metric Nesterov: 0.44583984183304476
Avg Steps To L Adam: 100.0
Avg Test Metric Adam: 0.4775134413633882
Avg Steps To L Adam No Bias: 400.0
Avg Test Metric Adam No Bias: 0.4729981246485087
Avg Steps To L Rmsprop Like: 400.0
Avg Test Metric Rmsprop Like: 0.48588479949805036
Avg Steps To L Adamw: 100.0
Avg Test Metric Adamw: 0.4775134413633882

SYSTEM INFORMATION
------------------------------
Platform: win32
Python Version: 3.12.10
CPU Cores: 16
Total Memory: 15.77 GB
Process ID: 176944

EXPERIMENT CONFIGURATION
----------------------------------------
Dataset: hotels
Target: is_canceled
Method: classification
Subsample: 1.0
DATA ANALYSIS
------------------------------
Initial Rows: 87,138
Rows After Cleaning: 87,138
Training Set: 52282 samples x 14 features
Validation Set: 17428 samples x 14 features
Test Set: 17428 samples x 14 features
Memory Before Cleaning: Used cashed memory
Memory After Cleaning: 10.055253982543945 MB
Memory Reduction: 0.0%
Target Distribution:
  0: 38,022 (72.7%)
  1: 14,260 (27.3%)

DETAILED STEP ANALYSIS
------------------------------
1. LOAD DATA
   Status: SUCCESS
   Timestamp: 2025-10-14T07:14:15.367135
   Duration: 0.0323 seconds
   Memory Change: +12.98 MB
   Peak Memory: 915.81 MB
   Performance: Very Fast
   Step Details:
     Used Cached Df: True
     Used Cached Df: True
     N Loaded Rows: 87138
     N Loaded Rows: 87138
     N Cleaned Rows: 87138
     N Cleaned Rows: 87138
     Train Shape: 52282 samples x 14 features
     Validation Shape: 17428 samples x 14 features
     Test Shape: 17428 samples x 14 features
     Split Pct:
       train: 0
       val: 0
       test: 0
     Target Distribution:
       0: 38022
       1: 14260
     Memory Before Clean: Used cashed memory
     Memory After Clean: 10.055253982543945 MB
     Memory Reduction: 0.0%
     Restart 1 Best Loss: 0.4889
     Restart 1 Evals: 2145
     Restart 1 Evals: 2145
     Restart 2 Best Loss: 0.5182
     Restart 2 Evals: 250
     Restart 2 Evals: 250
     Restart 3 Best Loss: 0.5241
     Restart 3 Evals: 250
     Restart 3 Evals: 250
     Restart 4 Best Loss: 0.5180
     Restart 4 Evals: 250
     Restart 4 Evals: 250
     Restart 5 Best Loss: 0.5170
     Restart 5 Evals: 250
     Restart 5 Evals: 250

2. RANDOMIZED HILL CLIMBING
   Status: SUCCESS
   Timestamp: 2025-10-14T07:31:22.365961
   Duration: 1026.5529 seconds
   Memory Change: -197.53 MB
   Peak Memory: 743.82 MB
   Performance: Slow
   Step Details:
     Parameters: 49666
     Parameters: 49666
     Restarts: 5
     Restarts: 5
     Max Evals: 10000
     Max Evals: 10000
     Initial Perturb Scale: 0.1000
     Decay Rate: 0.9950
     Plateau Threshold: 250
     Plateau Threshold: 250
     Min Delta: 0.0000
     Initial Loss: 0.7007
     Best Loss: 0.4889
     Evals: 3151
     Evals: 3151
     Wall Clock Time: 1,026.8870
     History: 3151 items
     Restart Losses: 5 items
     Learning Curve Points:
       algo: rhc
       evals: [1, 2, 3, 4, 5, 6, 7, 8, 9, 10, 11, 12, 13, 14, 15, 16, 17, 18, 19, 20, 21, 22, 23, 24, 25, 26, 27, 28, 29, 30, 31, 32, 33, 34, 35, 36, 37, 38, 39, 40, 41, 42, 43, 44, 45, 46, 47, 48, 49, 50, 51, 52, 53, 54, 55, 56, 57, 58, 59, 60, 61, 62, 63, 64, 65, 66, 67, 68, 69, 70, 71, 72, 73, 74, 75, 76, 77, 78, 79, 80, 81, 82, 83, 84, 85, 86, 87, 88, 89, 90, 91, 92, 93, 94, 95, 96, 97, 98, 99, 100, 101, 102, 103, 104, 105, 106, 107, 108, 109, 110, 111, 112, 113, 114, 115, 116, 117, 118, 119, 120, 121, 122, 123, 124, 125, 126, 127, 128, 129, 130, 131, 132, 133, 134, 135, 136, 137, 138, 139, 140, 141, 142, 143, 144, 145, 146, 147, 148, 149, 150, 151, 152, 153, 154, 155, 156, 157, 158, 159, 160, 161, 162, 163, 164, 165, 166, 167, 168, 169, 170, 171, 172, 173, 174, 175, 176, 177, 178, 179, 180, 181, 182, 183, 184, 185, 186, 187, 188, 189, 190, 191, 192, 193, 194, 195, 196, 197, 198, 199, 200, 201, 202, 203, 204, 205, 206, 207, 208, 209, 210, 211, 212, 213, 214, 215, 216, 217, 218, 219, 220, 221, 222, 223, 224, 225, 226, 227, 228, 229, 230, 231, 232, 233, 234, 235, 236, 237, 238, 239, 240, 241, 242, 243, 244, 245, 246, 247, 248, 249, 250, 251, 252, 253, 254, 255, 256, 257, 258, 259, 260, 261, 262, 263, 264, 265, 266, 267, 268, 269, 270, 271, 272, 273, 274, 275, 276, 277, 278, 279, 280, 281, 282, 283, 284, 285, 286, 287, 288, 289, 290, 291, 292, 293, 294, 295, 296, 297, 298, 299, 300, 301, 302, 303, 304, 305, 306, 307, 308, 309, 310, 311, 312, 313, 314, 315, 316, 317, 318, 319, 320, 321, 322, 323, 324, 325, 326, 327, 328, 329, 330, 331, 332, 333, 334, 335, 336, 337, 338, 339, 340, 341, 342, 343, 344, 345, 346, 347, 348, 349, 350, 351, 352, 353, 354, 355, 356, 357, 358, 359, 360, 361, 362, 363, 364, 365, 366, 367, 368, 369, 370, 371, 372, 373, 374, 375, 376, 377, 378, 379, 380, 381, 382, 383, 384, 385, 386, 387, 388, 389, 390, 391, 392, 393, 394, 395, 396, 397, 398, 399, 400, 401, 402, 403, 404, 405, 406, 407, 408, 409, 410, 411, 412, 413, 414, 415, 416, 417, 418, 419, 420, 421, 422, 423, 424, 425, 426, 427, 428, 429, 430, 431, 432, 433, 434, 435, 436, 437, 438, 439, 440, 441, 442, 443, 444, 445, 446, 447, 448, 449, 450, 451, 452, 453, 454, 455, 456, 457, 458, 459, 460, 461, 462, 463, 464, 465, 466, 467, 468, 469, 470, 471, 472, 473, 474, 475, 476, 477, 478, 479, 480, 481, 482, 483, 484, 485, 486, 487, 488, 489, 490, 491, 492, 493, 494, 495, 496, 497, 498, 499, 500, 501, 502, 503, 504, 505, 506, 507, 508, 509, 510, 511, 512, 513, 514, 515, 516, 517, 518, 519, 520, 521, 522, 523, 524, 525, 526, 527, 528, 529, 530, 531, 532, 533, 534, 535, 536, 537, 538, 539, 540, 541, 542, 543, 544, 545, 546, 547, 548, 549, 550, 551, 552, 553, 554, 555, 556, 557, 558, 559, 560, 561, 562, 563, 564, 565, 566, 567, 568, 569, 570, 571, 572, 573, 574, 575, 576, 577, 578, 579, 580, 581, 582, 583, 584, 585, 586, 587, 588, 589, 590, 591, 592, 593, 594, 595, 596, 597, 598, 599, 600, 601, 602, 603, 604, 605, 606, 607, 608, 609, 610, 611, 612, 613, 614, 615, 616, 617, 618, 619, 620, 621, 622, 623, 624, 625, 626, 627, 628, 629, 630, 631, 632, 633, 634, 635, 636, 637, 638, 639, 640, 641, 642, 643, 644, 645, 646, 647, 648, 649, 650, 651, 652, 653, 654, 655, 656, 657, 658, 659, 660, 661, 662, 663, 664, 665, 666, 667, 668, 669, 670, 671, 672, 673, 674, 675, 676, 677, 678, 679, 680, 681, 682, 683, 684, 685, 686, 687, 688, 689, 690, 691, 692, 693, 694, 695, 696, 697, 698, 699, 700, 701, 702, 703, 704, 705, 706, 707, 708, 709, 710, 711, 712, 713, 714, 715, 716, 717, 718, 719, 720, 721, 722, 723, 724, 725, 726, 727, 728, 729, 730, 731, 732, 733, 734, 735, 736, 737, 738, 739, 740, 741, 742, 743, 744, 745, 746, 747, 748, 749, 750, 751, 752, 753, 754, 755, 756, 757, 758, 759, 760, 761, 762, 763, 764, 765, 766, 767, 768, 769, 770, 771, 772, 773, 774, 775, 776, 777, 778, 779, 780, 781, 782, 783, 784, 785, 786, 787, 788, 789, 790, 791, 792, 793, 794, 795, 796, 797, 798, 799, 800, 801, 802, 803, 804, 805, 806, 807, 808, 809, 810, 811, 812, 813, 814, 815, 816, 817, 818, 819, 820, 821, 822, 823, 824, 825, 826, 827, 828, 829, 830, 831, 832, 833, 834, 835, 836, 837, 838, 839, 840, 841, 842, 843, 844, 845, 846, 847, 848, 849, 850, 851, 852, 853, 854, 855, 856, 857, 858, 859, 860, 861, 862, 863, 864, 865, 866, 867, 868, 869, 870, 871, 872, 873, 874, 875, 876, 877, 878, 879, 880, 881, 882, 883, 884, 885, 886, 887, 888, 889, 890, 891, 892, 893, 894, 895, 896, 897, 898, 899, 900, 901, 902, 903, 904, 905, 906, 907, 908, 909, 910, 911, 912, 913, 914, 915, 916, 917, 918, 919, 920, 921, 922, 923, 924, 925, 926, 927, 928, 929, 930, 931, 932, 933, 934, 935, 936, 937, 938, 939, 940, 941, 942, 943, 944, 945, 946, 947, 948, 949, 950, 951, 952, 953, 954, 955, 956, 957, 958, 959, 960, 961, 962, 963, 964, 965, 966, 967, 968, 969, 970, 971, 972, 973, 974, 975, 976, 977, 978, 979, 980, 981, 982, 983, 984, 985, 986, 987, 988, 989, 990, 991, 992, 993, 994, 995, 996, 997, 998, 999, 1000, 1001, 1002, 1003, 1004, 1005, 1006, 1007, 1008, 1009, 1010, 1011, 1012, 1013, 1014, 1015, 1016, 1017, 1018, 1019, 1020, 1021, 1022, 1023, 1024, 1025, 1026, 1027, 1028, 1029, 1030, 1031, 1032, 1033, 1034, 1035, 1036, 1037, 1038, 1039, 1040, 1041, 1042, 1043, 1044, 1045, 1046, 1047, 1048, 1049, 1050, 1051, 1052, 1053, 1054, 1055, 1056, 1057, 1058, 1059, 1060, 1061, 1062, 1063, 1064, 1065, 1066, 1067, 1068, 1069, 1070, 1071, 1072, 1073, 1074, 1075, 1076, 1077, 1078, 1079, 1080, 1081, 1082, 1083, 1084, 1085, 1086, 1087, 1088, 1089, 1090, 1091, 1092, 1093, 1094, 1095, 1096, 1097, 1098, 1099, 1100, 1101, 1102, 1103, 1104, 1105, 1106, 1107, 1108, 1109, 1110, 1111, 1112, 1113, 1114, 1115, 1116, 1117, 1118, 1119, 1120, 1121, 1122, 1123, 1124, 1125, 1126, 1127, 1128, 1129, 1130, 1131, 1132, 1133, 1134, 1135, 1136, 1137, 1138, 1139, 1140, 1141, 1142, 1143, 1144, 1145, 1146, 1147, 1148, 1149, 1150, 1151, 1152, 1153, 1154, 1155, 1156, 1157, 1158, 1159, 1160, 1161, 1162, 1163, 1164, 1165, 1166, 1167, 1168, 1169, 1170, 1171, 1172, 1173, 1174, 1175, 1176, 1177, 1178, 1179, 1180, 1181, 1182, 1183, 1184, 1185, 1186, 1187, 1188, 1189, 1190, 1191, 1192, 1193, 1194, 1195, 1196, 1197, 1198, 1199, 1200, 1201, 1202, 1203, 1204, 1205, 1206, 1207, 1208, 1209, 1210, 1211, 1212, 1213, 1214, 1215, 1216, 1217, 1218, 1219, 1220, 1221, 1222, 1223, 1224, 1225, 1226, 1227, 1228, 1229, 1230, 1231, 1232, 1233, 1234, 1235, 1236, 1237, 1238, 1239, 1240, 1241, 1242, 1243, 1244, 1245, 1246, 1247, 1248, 1249, 1250, 1251, 1252, 1253, 1254, 1255, 1256, 1257, 1258, 1259, 1260, 1261, 1262, 1263, 1264, 1265, 1266, 1267, 1268, 1269, 1270, 1271, 1272, 1273, 1274, 1275, 1276, 1277, 1278, 1279, 1280, 1281, 1282, 1283, 1284, 1285, 1286, 1287, 1288, 1289, 1290, 1291, 1292, 1293, 1294, 1295, 1296, 1297, 1298, 1299, 1300, 1301, 1302, 1303, 1304, 1305, 1306, 1307, 1308, 1309, 1310, 1311, 1312, 1313, 1314, 1315, 1316, 1317, 1318, 1319, 1320, 1321, 1322, 1323, 1324, 1325, 1326, 1327, 1328, 1329, 1330, 1331, 1332, 1333, 1334, 1335, 1336, 1337, 1338, 1339, 1340, 1341, 1342, 1343, 1344, 1345, 1346, 1347, 1348, 1349, 1350, 1351, 1352, 1353, 1354, 1355, 1356, 1357, 1358, 1359, 1360, 1361, 1362, 1363, 1364, 1365, 1366, 1367, 1368, 1369, 1370, 1371, 1372, 1373, 1374, 1375, 1376, 1377, 1378, 1379, 1380, 1381, 1382, 1383, 1384, 1385, 1386, 1387, 1388, 1389, 1390, 1391, 1392, 1393, 1394, 1395, 1396, 1397, 1398, 1399, 1400, 1401, 1402, 1403, 1404, 1405, 1406, 1407, 1408, 1409, 1410, 1411, 1412, 1413, 1414, 1415, 1416, 1417, 1418, 1419, 1420, 1421, 1422, 1423, 1424, 1425, 1426, 1427, 1428, 1429, 1430, 1431, 1432, 1433, 1434, 1435, 1436, 1437, 1438, 1439, 1440, 1441, 1442, 1443, 1444, 1445, 1446, 1447, 1448, 1449, 1450, 1451, 1452, 1453, 1454, 1455, 1456, 1457, 1458, 1459, 1460, 1461, 1462, 1463, 1464, 1465, 1466, 1467, 1468, 1469, 1470, 1471, 1472, 1473, 1474, 1475, 1476, 1477, 1478, 1479, 1480, 1481, 1482, 1483, 1484, 1485, 1486, 1487, 1488, 1489, 1490, 1491, 1492, 1493, 1494, 1495, 1496, 1497, 1498, 1499, 1500, 1501, 1502, 1503, 1504, 1505, 1506, 1507, 1508, 1509, 1510, 1511, 1512, 1513, 1514, 1515, 1516, 1517, 1518, 1519, 1520, 1521, 1522, 1523, 1524, 1525, 1526, 1527, 1528, 1529, 1530, 1531, 1532, 1533, 1534, 1535, 1536, 1537, 1538, 1539, 1540, 1541, 1542, 1543, 1544, 1545, 1546, 1547, 1548, 1549, 1550, 1551, 1552, 1553, 1554, 1555, 1556, 1557, 1558, 1559, 1560, 1561, 1562, 1563, 1564, 1565, 1566, 1567, 1568, 1569, 1570, 1571, 1572, 1573, 1574, 1575, 1576, 1577, 1578, 1579, 1580, 1581, 1582, 1583, 1584, 1585, 1586, 1587, 1588, 1589, 1590, 1591, 1592, 1593, 1594, 1595, 1596, 1597, 1598, 1599, 1600, 1601, 1602, 1603, 1604, 1605, 1606, 1607, 1608, 1609, 1610, 1611, 1612, 1613, 1614, 1615, 1616, 1617, 1618, 1619, 1620, 1621, 1622, 1623, 1624, 1625, 1626, 1627, 1628, 1629, 1630, 1631, 1632, 1633, 1634, 1635, 1636, 1637, 1638, 1639, 1640, 1641, 1642, 1643, 1644, 1645, 1646, 1647, 1648, 1649, 1650, 1651, 1652, 1653, 1654, 1655, 1656, 1657, 1658, 1659, 1660, 1661, 1662, 1663, 1664, 1665, 1666, 1667, 1668, 1669, 1670, 1671, 1672, 1673, 1674, 1675, 1676, 1677, 1678, 1679, 1680, 1681, 1682, 1683, 1684, 1685, 1686, 1687, 1688, 1689, 1690, 1691, 1692, 1693, 1694, 1695, 1696, 1697, 1698, 1699, 1700, 1701, 1702, 1703, 1704, 1705, 1706, 1707, 1708, 1709, 1710, 1711, 1712, 1713, 1714, 1715, 1716, 1717, 1718, 1719, 1720, 1721, 1722, 1723, 1724, 1725, 1726, 1727, 1728, 1729, 1730, 1731, 1732, 1733, 1734, 1735, 1736, 1737, 1738, 1739, 1740, 1741, 1742, 1743, 1744, 1745, 1746, 1747, 1748, 1749, 1750, 1751, 1752, 1753, 1754, 1755, 1756, 1757, 1758, 1759, 1760, 1761, 1762, 1763, 1764, 1765, 1766, 1767, 1768, 1769, 1770, 1771, 1772, 1773, 1774, 1775, 1776, 1777, 1778, 1779, 1780, 1781, 1782, 1783, 1784, 1785, 1786, 1787, 1788, 1789, 1790, 1791, 1792, 1793, 1794, 1795, 1796, 1797, 1798, 1799, 1800, 1801, 1802, 1803, 1804, 1805, 1806, 1807, 1808, 1809, 1810, 1811, 1812, 1813, 1814, 1815, 1816, 1817, 1818, 1819, 1820, 1821, 1822, 1823, 1824, 1825, 1826, 1827, 1828, 1829, 1830, 1831, 1832, 1833, 1834, 1835, 1836, 1837, 1838, 1839, 1840, 1841, 1842, 1843, 1844, 1845, 1846, 1847, 1848, 1849, 1850, 1851, 1852, 1853, 1854, 1855, 1856, 1857, 1858, 1859, 1860, 1861, 1862, 1863, 1864, 1865, 1866, 1867, 1868, 1869, 1870, 1871, 1872, 1873, 1874, 1875, 1876, 1877, 1878, 1879, 1880, 1881, 1882, 1883, 1884, 1885, 1886, 1887, 1888, 1889, 1890, 1891, 1892, 1893, 1894, 1895, 1896, 1897, 1898, 1899, 1900, 1901, 1902, 1903, 1904, 1905, 1906, 1907, 1908, 1909, 1910, 1911, 1912, 1913, 1914, 1915, 1916, 1917, 1918, 1919, 1920, 1921, 1922, 1923, 1924, 1925, 1926, 1927, 1928, 1929, 1930, 1931, 1932, 1933, 1934, 1935, 1936, 1937, 1938, 1939, 1940, 1941, 1942, 1943, 1944, 1945, 1946, 1947, 1948, 1949, 1950, 1951, 1952, 1953, 1954, 1955, 1956, 1957, 1958, 1959, 1960, 1961, 1962, 1963, 1964, 1965, 1966, 1967, 1968, 1969, 1970, 1971, 1972, 1973, 1974, 1975, 1976, 1977, 1978, 1979, 1980, 1981, 1982, 1983, 1984, 1985, 1986, 1987, 1988, 1989, 1990, 1991, 1992, 1993, 1994, 1995, 1996, 1997, 1998, 1999, 2000, 2001, 2002, 2003, 2004, 2005, 2006, 2007, 2008, 2009, 2010, 2011, 2012, 2013, 2014, 2015, 2016, 2017, 2018, 2019, 2020, 2021, 2022, 2023, 2024, 2025, 2026, 2027, 2028, 2029, 2030, 2031, 2032, 2033, 2034, 2035, 2036, 2037, 2038, 2039, 2040, 2041, 2042, 2043, 2044, 2045, 2046, 2047, 2048, 2049, 2050, 2051, 2052, 2053, 2054, 2055, 2056, 2057, 2058, 2059, 2060, 2061, 2062, 2063, 2064, 2065, 2066, 2067, 2068, 2069, 2070, 2071, 2072, 2073, 2074, 2075, 2076, 2077, 2078, 2079, 2080, 2081, 2082, 2083, 2084, 2085, 2086, 2087, 2088, 2089, 2090, 2091, 2092, 2093, 2094, 2095, 2096, 2097, 2098, 2099, 2100, 2101, 2102, 2103, 2104, 2105, 2106, 2107, 2108, 2109, 2110, 2111, 2112, 2113, 2114, 2115, 2116, 2117, 2118, 2119, 2120, 2121, 2122, 2123, 2124, 2125, 2126, 2127, 2128, 2129, 2130, 2131, 2132, 2133, 2134, 2135, 2136, 2137, 2138, 2139, 2140, 2141, 2142, 2143, 2144, 2145, 2146, 2147, 2148, 2149, 2150, 2151, 2152, 2153, 2154, 2155, 2156, 2157, 2158, 2159, 2160, 2161, 2162, 2163, 2164, 2165, 2166, 2167, 2168, 2169, 2170, 2171, 2172, 2173, 2174, 2175, 2176, 2177, 2178, 2179, 2180, 2181, 2182, 2183, 2184, 2185, 2186, 2187, 2188, 2189, 2190, 2191, 2192, 2193, 2194, 2195, 2196, 2197, 2198, 2199, 2200, 2201, 2202, 2203, 2204, 2205, 2206, 2207, 2208, 2209, 2210, 2211, 2212, 2213, 2214, 2215, 2216, 2217, 2218, 2219, 2220, 2221, 2222, 2223, 2224, 2225, 2226, 2227, 2228, 2229, 2230, 2231, 2232, 2233, 2234, 2235, 2236, 2237, 2238, 2239, 2240, 2241, 2242, 2243, 2244, 2245, 2246, 2247, 2248, 2249, 2250, 2251, 2252, 2253, 2254, 2255, 2256, 2257, 2258, 2259, 2260, 2261, 2262, 2263, 2264, 2265, 2266, 2267, 2268, 2269, 2270, 2271, 2272, 2273, 2274, 2275, 2276, 2277, 2278, 2279, 2280, 2281, 2282, 2283, 2284, 2285, 2286, 2287, 2288, 2289, 2290, 2291, 2292, 2293, 2294, 2295, 2296, 2297, 2298, 2299, 2300, 2301, 2302, 2303, 2304, 2305, 2306, 2307, 2308, 2309, 2310, 2311, 2312, 2313, 2314, 2315, 2316, 2317, 2318, 2319, 2320, 2321, 2322, 2323, 2324, 2325, 2326, 2327, 2328, 2329, 2330, 2331, 2332, 2333, 2334, 2335, 2336, 2337, 2338, 2339, 2340, 2341, 2342, 2343, 2344, 2345, 2346, 2347, 2348, 2349, 2350, 2351, 2352, 2353, 2354, 2355, 2356, 2357, 2358, 2359, 2360, 2361, 2362, 2363, 2364, 2365, 2366, 2367, 2368, 2369, 2370, 2371, 2372, 2373, 2374, 2375, 2376, 2377, 2378, 2379, 2380, 2381, 2382, 2383, 2384, 2385, 2386, 2387, 2388, 2389, 2390, 2391, 2392, 2393, 2394, 2395, 2396, 2397, 2398, 2399, 2400, 2401, 2402, 2403, 2404, 2405, 2406, 2407, 2408, 2409, 2410, 2411, 2412, 2413, 2414, 2415, 2416, 2417, 2418, 2419, 2420, 2421, 2422, 2423, 2424, 2425, 2426, 2427, 2428, 2429, 2430, 2431, 2432, 2433, 2434, 2435, 2436, 2437, 2438, 2439, 2440, 2441, 2442, 2443, 2444, 2445, 2446, 2447, 2448, 2449, 2450, 2451, 2452, 2453, 2454, 2455, 2456, 2457, 2458, 2459, 2460, 2461, 2462, 2463, 2464, 2465, 2466, 2467, 2468, 2469, 2470, 2471, 2472, 2473, 2474, 2475, 2476, 2477, 2478, 2479, 2480, 2481, 2482, 2483, 2484, 2485, 2486, 2487, 2488, 2489, 2490, 2491, 2492, 2493, 2494, 2495, 2496, 2497, 2498, 2499, 2500, 2501, 2502, 2503, 2504, 2505, 2506, 2507, 2508, 2509, 2510, 2511, 2512, 2513, 2514, 2515, 2516, 2517, 2518, 2519, 2520, 2521, 2522, 2523, 2524, 2525, 2526, 2527, 2528, 2529, 2530, 2531, 2532, 2533, 2534, 2535, 2536, 2537, 2538, 2539, 2540, 2541, 2542, 2543, 2544, 2545, 2546, 2547, 2548, 2549, 2550, 2551, 2552, 2553, 2554, 2555, 2556, 2557, 2558, 2559, 2560, 2561, 2562, 2563, 2564, 2565, 2566, 2567, 2568, 2569, 2570, 2571, 2572, 2573, 2574, 2575, 2576, 2577, 2578, 2579, 2580, 2581, 2582, 2583, 2584, 2585, 2586, 2587, 2588, 2589, 2590, 2591, 2592, 2593, 2594, 2595, 2596, 2597, 2598, 2599, 2600, 2601, 2602, 2603, 2604, 2605, 2606, 2607, 2608, 2609, 2610, 2611, 2612, 2613, 2614, 2615, 2616, 2617, 2618, 2619, 2620, 2621, 2622, 2623, 2624, 2625, 2626, 2627, 2628, 2629, 2630, 2631, 2632, 2633, 2634, 2635, 2636, 2637, 2638, 2639, 2640, 2641, 2642, 2643, 2644, 2645, 2646, 2647, 2648, 2649, 2650, 2651, 2652, 2653, 2654, 2655, 2656, 2657, 2658, 2659, 2660, 2661, 2662, 2663, 2664, 2665, 2666, 2667, 2668, 2669, 2670, 2671, 2672, 2673, 2674, 2675, 2676, 2677, 2678, 2679, 2680, 2681, 2682, 2683, 2684, 2685, 2686, 2687, 2688, 2689, 2690, 2691, 2692, 2693, 2694, 2695, 2696, 2697, 2698, 2699, 2700, 2701, 2702, 2703, 2704, 2705, 2706, 2707, 2708, 2709, 2710, 2711, 2712, 2713, 2714, 2715, 2716, 2717, 2718, 2719, 2720, 2721, 2722, 2723, 2724, 2725, 2726, 2727, 2728, 2729, 2730, 2731, 2732, 2733, 2734, 2735, 2736, 2737, 2738, 2739, 2740, 2741, 2742, 2743, 2744, 2745, 2746, 2747, 2748, 2749, 2750, 2751, 2752, 2753, 2754, 2755, 2756, 2757, 2758, 2759, 2760, 2761, 2762, 2763, 2764, 2765, 2766, 2767, 2768, 2769, 2770, 2771, 2772, 2773, 2774, 2775, 2776, 2777, 2778, 2779, 2780, 2781, 2782, 2783, 2784, 2785, 2786, 2787, 2788, 2789, 2790, 2791, 2792, 2793, 2794, 2795, 2796, 2797, 2798, 2799, 2800, 2801, 2802, 2803, 2804, 2805, 2806, 2807, 2808, 2809, 2810, 2811, 2812, 2813, 2814, 2815, 2816, 2817, 2818, 2819, 2820, 2821, 2822, 2823, 2824, 2825, 2826, 2827, 2828, 2829, 2830, 2831, 2832, 2833, 2834, 2835, 2836, 2837, 2838, 2839, 2840, 2841, 2842, 2843, 2844, 2845, 2846, 2847, 2848, 2849, 2850, 2851, 2852, 2853, 2854, 2855, 2856, 2857, 2858, 2859, 2860, 2861, 2862, 2863, 2864, 2865, 2866, 2867, 2868, 2869, 2870, 2871, 2872, 2873, 2874, 2875, 2876, 2877, 2878, 2879, 2880, 2881, 2882, 2883, 2884, 2885, 2886, 2887, 2888, 2889, 2890, 2891, 2892, 2893, 2894, 2895, 2896, 2897, 2898, 2899, 2900, 2901, 2902, 2903, 2904, 2905, 2906, 2907, 2908, 2909, 2910, 2911, 2912, 2913, 2914, 2915, 2916, 2917, 2918, 2919, 2920, 2921, 2922, 2923, 2924, 2925, 2926, 2927, 2928, 2929, 2930, 2931, 2932, 2933, 2934, 2935, 2936, 2937, 2938, 2939, 2940, 2941, 2942, 2943, 2944, 2945, 2946, 2947, 2948, 2949, 2950, 2951, 2952, 2953, 2954, 2955, 2956, 2957, 2958, 2959, 2960, 2961, 2962, 2963, 2964, 2965, 2966, 2967, 2968, 2969, 2970, 2971, 2972, 2973, 2974, 2975, 2976, 2977, 2978, 2979, 2980, 2981, 2982, 2983, 2984, 2985, 2986, 2987, 2988, 2989, 2990, 2991, 2992, 2993, 2994, 2995, 2996, 2997, 2998, 2999, 3000, 3001, 3002, 3003, 3004, 3005, 3006, 3007, 3008, 3009, 3010, 3011, 3012, 3013, 3014, 3015, 3016, 3017, 3018, 3019, 3020, 3021, 3022, 3023, 3024, 3025, 3026, 3027, 3028, 3029, 3030, 3031, 3032, 3033, 3034, 3035, 3036, 3037, 3038, 3039, 3040, 3041, 3042, 3043, 3044, 3045, 3046, 3047, 3048, 3049, 3050, 3051, 3052, 3053, 3054, 3055, 3056, 3057, 3058, 3059, 3060, 3061, 3062, 3063, 3064, 3065, 3066, 3067, 3068, 3069, 3070, 3071, 3072, 3073, 3074, 3075, 3076, 3077, 3078, 3079, 3080, 3081, 3082, 3083, 3084, 3085, 3086, 3087, 3088, 3089, 3090, 3091, 3092, 3093, 3094, 3095, 3096, 3097, 3098, 3099, 3100, 3101, 3102, 3103, 3104, 3105, 3106, 3107, 3108, 3109, 3110, 3111, 3112, 3113, 3114, 3115, 3116, 3117, 3118, 3119, 3120, 3121, 3122, 3123, 3124, 3125, 3126, 3127, 3128, 3129, 3130, 3131, 3132, 3133, 3134, 3135, 3136, 3137, 3138, 3139, 3140, 3141, 3142, 3143, 3144, 3145, 3146, 3147, 3148, 3149, 3150, 3151]
       raw_losses: [0.7006614708201789, 0.6611667967541314, 0.9166680214169262, 0.8702178010137089, 0.6548464531863566, 0.9248012007374466, 1.000367073349027, 0.7495693791480291, 0.960895123499217, 0.7003666838228484, 0.7931971429905176, 0.8045535526432834, 0.8149693175986573, 0.8319976591801905, 0.8235289262327956, 0.7463736451152481, 0.9658778707186381, 0.7973571231950334, 0.8195628842591366, 0.8466371854582986, 0.8029841826512263, 0.8301350727622763, 1.0625099151125759, 0.8430597895667666, 0.8227477833464906, 0.724152860733179, 0.7790279663526095, 0.9617711120036059, 0.7981770425052434, 0.8064186079598172, 0.9333936390859303, 0.780671939090058, 0.698664842289446, 0.8276484855365404, 0.8908940503448793, 0.6936393316848811, 0.7994922148439038, 1.030060153522771, 0.8589205748432285, 0.7835309522929209, 0.8297299550566481, 0.8523643695827805, 0.8888380507846455, 0.8147964213357304, 0.6562715279750335, 0.9175843456725934, 0.8714379443353786, 0.7857125056532276, 0.7988555400799482, 0.842839390585274, 0.6515150582179045, 0.8262014026606913, 0.6966155147377825, 0.693727650703528, 0.8230002941666069, 0.7615408089571384, 0.799412129999517, 0.6523923369554373, 0.722319652964344, 0.7215213226529705, 1.0790684417490557, 0.7281176360535534, 0.6649802293314602, 0.9999942290477264, 0.8436926788899488, 0.6705002840403672, 0.7666901096756205, 0.791264364243427, 0.6524424294194022, 0.7263537842930455, 0.7584942598919292, 0.8121145282472882, 0.7165997314365792, 0.7182272912818434, 0.668962455712832, 0.8040476073493887, 0.6818670899003416, 0.9274775110758268, 0.7742117479607299, 0.636703977108875, 0.6286138213161148, 0.893870255449316, 0.6822747671123826, 0.7795577204271114, 0.8045292841645825, 0.6625044382972158, 0.6643327947282965, 0.7031868947294605, 0.7073360203386663, 0.7747402762100374, 0.7145514261154902, 0.7289620777626178, 0.8038394208792802, 0.6245131412923555, 0.6972105935379699, 0.7073798736373147, 0.6813727826862545, 0.7161743741332393, 0.6324932009745867, 0.7114546305530673, 0.702059628871771, 0.6753114479365366, 0.7182018872582432, 0.8166980068762224, 0.7905367334465404, 0.7433159701771789, 0.6912501648668841, 0.6844281812945565, 0.6054115868531741, 0.6769229503341647, 0.6286010324081659, 0.7045381635754973, 0.736915396246718, 0.651275247553766, 0.6275916148673047, 0.686930545083769, 0.6256104071280022, 0.6576880683829059, 0.6768925879901145, 0.7026565665508802, 0.6542573379072951, 0.7343869651411916, 0.6438323062854808, 0.6777424361461248, 0.7027107488104712, 0.6609045704860828, 0.6650504091065446, 0.7781367324865781, 0.6575500376713581, 0.7030817178579477, 0.6423826350833907, 0.723573815364104, 0.7075676120026207, 0.6553676929666009, 0.6890810278309134, 0.6514736024233011, 0.6013610354273311, 0.6668979218809596, 0.6471946366104014, 0.6354047177912114, 0.709569418277496, 0.6848301863495684, 0.6605543951630156, 0.643680887126224, 0.744427828125028, 0.6501751712390355, 0.6424664222932124, 0.7066759766239823, 0.7580807414247003, 0.6914061537155738, 0.7725384274681846, 0.6839666900398967, 0.6337169981919802, 0.641865128562564, 0.6279349859817561, 0.605432214208575, 0.6516250295516772, 0.5902880822127555, 0.6212390644864721, 0.634186062074843, 0.6467333963284125, 0.639747292130858, 0.6325558154355913, 0.6613397573158418, 0.6464340911680089, 0.6596675738965199, 0.6343611825953474, 0.6323362396750258, 0.7068264073941297, 0.6060265755697047, 0.6478752541891385, 0.6036713309995421, 0.6638663954787202, 0.6819191857790335, 0.6988922843347976, 0.6104287580474392, 0.6401429866259788, 0.6158352709296859, 0.623218433215068, 0.610563338130385, 0.6090521797155722, 0.609692462853023, 0.6481120824377179, 0.6115878753828041, 0.6195856762893034, 0.6808419916437659, 0.600791545359643, 0.6359433791576288, 0.626543436840777, 0.6035756779896034, 0.627365747541735, 0.608251541307121, 0.6418997042781704, 0.6464711282497797, 0.62346720629996, 0.6061105879890176, 0.6048061558396824, 0.6683796684602241, 0.6131462592345017, 0.6218626570133936, 0.6109131041900578, 0.6540145353301541, 0.6064830538117405, 0.581488596650707, 0.631018285895442, 0.6297033728260697, 0.6285454218204205, 0.6121690451225519, 0.6181311784209785, 0.5830892264406323, 0.615301542993867, 0.5996578114155011, 0.6168787979380989, 0.614067418780519, 0.5928443533815307, 0.5928823754682646, 0.639696383760089, 0.6189849792600988, 0.5872931020818787, 0.6016464415705685, 0.6156469133747366, 0.5959916707578596, 0.6416373827081897, 0.6143959542333861, 0.6005737535901122, 0.6678826061142233, 0.6286065765134581, 0.6226804705111535, 0.6105423005290957, 0.5846710016220917, 0.6964138239731282, 0.6005036740294306, 0.626308676196542, 0.6046122430445073, 0.5941463809310298, 0.6185626485845545, 0.6030481079995851, 0.6014195648960141, 0.6053006904465812, 0.5929129523235362, 0.5918019741446108, 0.6045385840393248, 0.6039967860057677, 0.6385349800516834, 0.586627185126364, 0.5970819795524681, 0.5945017084533915, 0.5941513772412534, 0.5912551018562946, 0.5950713999323792, 0.6027863051865127, 0.6254750936677604, 0.5972033543682798, 0.5988589774121295, 0.5960959188449078, 0.608735034644822, 0.6562445896230774, 0.6039209470644102, 0.5858618427108933, 0.5932103156388461, 0.6428472692276532, 0.6013420637928959, 0.5965339337294792, 0.5992692143489153, 0.5942219901870895, 0.610632808981361, 0.6245106684637594, 0.5902326053533798, 0.5959768690469064, 0.5905934578769809, 0.6005520075013786, 0.600444346229672, 0.6093754713788574, 0.5868577384031736, 0.5901954110725459, 0.587712369231514, 0.5749389226838346, 0.5941603715384837, 0.5915196056549366, 0.5996463567346006, 0.5988441766836704, 0.5867660249764229, 0.6075149430678441, 0.5868212814296122, 0.5995317040345608, 0.5907338907867125, 0.5847572479055915, 0.5894027713672582, 0.5945304626728589, 0.5899943152626792, 0.6230328393069816, 0.5878672239544628, 0.5965594729006072, 0.5935434895557362, 0.5952947855869055, 0.5979232551195682, 0.5981627844628834, 0.5882273190842443, 0.585040726613649, 0.588813046723495, 0.6039359938530695, 0.5741054116587936, 0.6096383951085828, 0.5901708337631855, 0.5788734322720832, 0.5785332374520354, 0.5870823963876173, 0.5909920435248713, 0.5853030815884307, 0.5757111671206715, 0.6054764514441019, 0.5986034666007255, 0.5841776461173327, 0.5868448978596992, 0.5774640230250446, 0.6245787758311946, 0.5740535978650873, 0.5843058936980181, 0.6003682420148955, 0.5896521463935629, 0.6084027285977598, 0.5841816756533179, 0.5872803294396662, 0.5798815475715385, 0.5792775602786095, 0.5775428685076508, 0.5908198826042287, 0.5801171313275347, 0.5866001823664585, 0.5908078924640194, 0.5814552766717834, 0.5855522859882523, 0.580638471540514, 0.587526261260658, 0.6012017063168815, 0.5794794028931922, 0.5700581597757863, 0.5747089975482815, 0.5854028499388433, 0.5796706960314796, 0.5708824413599985, 0.5899251818438589, 0.5785844868574387, 0.5709203717472789, 0.5781496317832024, 0.5928776327506963, 0.5956702354626778, 0.5727019495579786, 0.5789036469145136, 0.5737417773667709, 0.5744493756538782, 0.580550764288221, 0.5908990544932229, 0.5933063339182746, 0.5754090297571469, 0.5819515486558279, 0.5774875179533556, 0.5823144006641793, 0.5754246222667205, 0.5866989566511287, 0.5765319706756117, 0.5731739061219352, 0.5901794126837245, 0.5712472204760317, 0.5620590929801648, 0.5616294098642719, 0.5730758596470941, 0.5606216559043298, 0.5686274730897212, 0.5640041256125593, 0.5718059642410978, 0.5541472632588048, 0.5567030382680369, 0.5657816427749592, 0.5616484302959163, 0.5677062007752094, 0.5586570504602495, 0.5592698203775036, 0.5590141462537396, 0.5834694308239025, 0.5600489126893627, 0.5520708253095438, 0.5712115068138738, 0.5661870768437018, 0.5657720357288808, 0.5532436879563244, 0.5655246312583323, 0.5595943257485554, 0.548625349125146, 0.5485738888109997, 0.5663987276973305, 0.5556695463456514, 0.5558104293468671, 0.552964156582242, 0.5579031703673003, 0.5533637784339569, 0.5596602780696673, 0.5677748975299653, 0.5468485654492081, 0.5588697347885523, 0.5524717001687913, 0.5518363222971068, 0.5578869735146617, 0.5684095127678617, 0.5481837287053957, 0.5506802732909556, 0.5464196459495978, 0.5630385883343525, 0.5568512548238803, 0.5590763678262521, 0.5437280275882819, 0.5387544828456837, 0.540357652710471, 0.54926770565274, 0.5486711921927693, 0.5460774144191882, 0.5436765355068248, 0.5431764810294896, 0.540421785124929, 0.5398063685867812, 0.5420374658518222, 0.5412675252545884, 0.5453098558244251, 0.5427979668636462, 0.5435879357131846, 0.5489295188323918, 0.5494560045855386, 0.5387446154386569, 0.5414843371499589, 0.5458463795019157, 0.5428086116418733, 0.5459863216012388, 0.5402631352454315, 0.5399590489410219, 0.5437525454021636, 0.5395549949490543, 0.5395462457295302, 0.541820547301254, 0.5433910387557942, 0.5441521964012048, 0.539373455685137, 0.5416676724131727, 0.5487051673861214, 0.5462923787889027, 0.5469705569438446, 0.54703090937583, 0.5396011398607121, 0.5398662169992705, 0.5374064186772147, 0.5389468794340616, 0.5396665331426558, 0.5410080233336368, 0.5404711385349651, 0.5337875446120461, 0.5399191056415712, 0.5454627604056628, 0.5349059576516623, 0.5349811410510933, 0.5387962862248823, 0.5345554643279904, 0.53404166890588, 0.5349830854070056, 0.5415430927014613, 0.53436435513444, 0.5343213238558926, 0.5375348169070023, 0.541102817534527, 0.5353630430750794, 0.5361342490156055, 0.5384796158079699, 0.5378367607191805, 0.5377374570884984, 0.5327286311994979, 0.5338106749258635, 0.5340135340943878, 0.5361119853707897, 0.5414736174838447, 0.5361238612141801, 0.5340548890195923, 0.5370110729675153, 0.5320018849748395, 0.535692321184354, 0.5323345832553975, 0.5340607702295422, 0.5384018691904816, 0.5324626331364278, 0.5331742525537372, 0.5328505022840185, 0.5337653291094434, 0.529315343706599, 0.5325639824290852, 0.5289803585071704, 0.5323295404404511, 0.5308247825383267, 0.5314800030800886, 0.5291686542741545, 0.5338228994455093, 0.5328807681253105, 0.5311054855912596, 0.537597160745453, 0.5323871580454019, 0.5335671804545127, 0.5273571465259943, 0.5266278970154213, 0.5312610826431177, 0.5261429627954741, 0.5286585545583522, 0.5272124841973022, 0.5261336380527133, 0.5277229039878636, 0.5283145005013044, 0.5321567431911007, 0.5293324032982627, 0.5241748292149205, 0.531402818340085, 0.5264555448359185, 0.5253033907640547, 0.5235131438616868, 0.5241864750455151, 0.5260337192715306, 0.5244278079205817, 0.5258435425740895, 0.5280357338351644, 0.5271906729364569, 0.5260474029041472, 0.5253415019302577, 0.5224007591878101, 0.523427019516627, 0.523732914592757, 0.5218830313874688, 0.5210240931956323, 0.5246187630808834, 0.5238359615261301, 0.5210014626438364, 0.5227286096239264, 0.5232137996198494, 0.5208199584222102, 0.519891585404183, 0.5273326098263919, 0.5211567484633827, 0.5223235479204646, 0.5218529483992538, 0.5223000476430187, 0.5209140604013925, 0.5208620925744375, 0.5212004027523838, 0.5243243271614606, 0.5213247420805278, 0.5221118061315446, 0.5208336731671414, 0.5219089728353661, 0.5209881583631257, 0.5202409086864946, 0.5186373798838465, 0.5185778977233412, 0.5186580578922789, 0.5191966198084556, 0.5192174392960447, 0.5190441601878995, 0.5188618377669827, 0.5205229295915736, 0.5184080462097685, 0.5182351076995934, 0.5211189008239425, 0.5183859525364397, 0.5188553080017313, 0.518419718895203, 0.5219896674811185, 0.5188041775872856, 0.5184112768688481, 0.5195077307276673, 0.5210018775838635, 0.5209723220858382, 0.5199124912420908, 0.5191629127268389, 0.5181693106125562, 0.5177964544121599, 0.5164815510585631, 0.5176601042022635, 0.5165110984783032, 0.5197290224688393, 0.5207144072204283, 0.5179162754680647, 0.5185565524922185, 0.5192555768804236, 0.5169331383355807, 0.5187538994319273, 0.516588073619556, 0.5165891382065448, 0.5174395920156123, 0.5180248432543688, 0.5179405877223382, 0.5167269629218203, 0.5180258399400955, 0.5170659902113262, 0.5149437431450729, 0.5167205449425694, 0.5146525966160463, 0.5153245741412753, 0.5140290866186331, 0.5163922623181955, 0.5134956654393192, 0.5136760897907146, 0.5146862605770866, 0.5180145472615629, 0.5171020103024913, 0.5151719509900271, 0.5147134423692584, 0.5136531206059368, 0.5130917939729306, 0.5138046867026514, 0.5126182864873837, 0.5122265955467364, 0.5137619696038983, 0.5127677507016248, 0.5122956401044196, 0.5140761757071638, 0.5136317499391325, 0.5139560942903106, 0.5131537420845731, 0.5135290176222176, 0.5145849693607498, 0.5114519647407881, 0.5113573773003324, 0.5122012221987867, 0.5128709305992056, 0.5100086638123997, 0.5106501903507735, 0.5104872079995962, 0.5109224436265645, 0.5095206802581256, 0.5095276603331933, 0.5102946729887099, 0.5101812979677222, 0.5093936749867031, 0.509313777580366, 0.5091247516019004, 0.5105366144643162, 0.5094802140534579, 0.5097380940949087, 0.5099395341052241, 0.509439678091706, 0.5084669424063993, 0.5089458289382222, 0.5092022547791729, 0.5086785263412601, 0.5091673065891196, 0.5094782236294869, 0.509333726359811, 0.5104303854507405, 0.5078756895475772, 0.5106577855763418, 0.5077279439339271, 0.5077253415252699, 0.5077898534007999, 0.5091513719532516, 0.5078310994874864, 0.508983993049943, 0.5089983203253903, 0.50658322537775, 0.5063854451581236, 0.5080064413966713, 0.5067952041660909, 0.5067129184256544, 0.5066386823689107, 0.5061887338921264, 0.5068369408448538, 0.5065640916317811, 0.506308084660834, 0.5073046496499589, 0.5073572000959418, 0.5072879494328202, 0.5060956092762859, 0.5060679888550615, 0.5057707467140296, 0.5057901256468706, 0.5062689690581171, 0.50644655083562, 0.5069228858301491, 0.5054997657681559, 0.5051601696145404, 0.5057824429793235, 0.5046409393623198, 0.505175531019658, 0.5054101365389841, 0.5049090208588066, 0.5047974557011992, 0.5060690965626266, 0.5055422265451033, 0.5051497787564665, 0.5049481294748984, 0.5045707961578509, 0.5044150411427676, 0.5041740221199972, 0.5035231183300088, 0.5035677225816817, 0.5043576424156789, 0.5034437858578049, 0.5042283613603193, 0.5034304409673362, 0.504044649146852, 0.5034118940978697, 0.5030959329325637, 0.5032872844746697, 0.5025715270103552, 0.5025089662590306, 0.5026899668978247, 0.5026283135344257, 0.502887208928992, 0.503260327127827, 0.502614330022763, 0.5028039391660865, 0.5030799144571954, 0.5027056465218792, 0.5024696971688952, 0.5021739212366251, 0.5019725681224585, 0.5027102856408983, 0.5027983903666555, 0.5018779199856979, 0.5029254939966586, 0.5024247345251914, 0.5024878593373211, 0.5020726197586828, 0.5013123559646118, 0.5018450578490457, 0.5024042082575214, 0.5016335080831479, 0.5016293483121055, 0.5012386832045111, 0.501622770077143, 0.5009247434663249, 0.501528317893381, 0.5006510121918424, 0.501395820916354, 0.5013374728815896, 0.5008167524040837, 0.5010220001250396, 0.5013455916673709, 0.5005368565246736, 0.5014420544708168, 0.5006233678632603, 0.5012707038895114, 0.5001244865930997, 0.5004045705655555, 0.5002932087842361, 0.5002471231497251, 0.500184002267572, 0.5001932865097409, 0.5001972591702318, 0.5006026883265038, 0.5003933091085035, 0.4997655548455514, 0.4994927691671001, 0.49980899909913756, 0.49973946744269065, 0.4996858029575138, 0.5002422416821505, 0.49962206987234264, 0.4998424821720892, 0.49913577773632145, 0.4993056704054822, 0.49939115252686944, 0.4989247455265059, 0.49878391306915565, 0.49881724625716717, 0.4988490317985688, 0.49888453629864005, 0.4989153355250865, 0.498817510220594, 0.49851251336244434, 0.49833098479679655, 0.49846231631743604, 0.49788820023065083, 0.4981078272992438, 0.4979383037203834, 0.49809333223562974, 0.4981416347044291, 0.49821466021922045, 0.498141823889135, 0.4981853717412704, 0.49803909735801893, 0.49830760394697227, 0.49786440782494595, 0.4982056580620371, 0.49829951812932777, 0.4982813584717202, 0.49777075015144906, 0.49809155894286467, 0.49792740862448137, 0.4974903458859021, 0.4975225214774792, 0.4978440545854114, 0.49754638505942655, 0.497454944220218, 0.4975531340300382, 0.49774346137658143, 0.49778258123677294, 0.49736226620254936, 0.4974554437639076, 0.4976718822023371, 0.49781017065484884, 0.49758052553012694, 0.4973561901312608, 0.4976894634983915, 0.4973900412028526, 0.4973833596968389, 0.49742030475165816, 0.4975382013198657, 0.4976044332151448, 0.4974918314170488, 0.49797579908108974, 0.49708947670328746, 0.49718964154467044, 0.49714236239810566, 0.4973341053003793, 0.497231750588714, 0.496725503996615, 0.4968106266343113, 0.49677658528635354, 0.4965734442511758, 0.49700394916883756, 0.4967025957264743, 0.4964848049394377, 0.4963770852639125, 0.4965475869702769, 0.49635492478098187, 0.4964250618721539, 0.49656986196835834, 0.4967042917297, 0.4962218776072338, 0.4963526698477539, 0.49630081817343996, 0.4962479944849189, 0.4962637342594482, 0.49606692998400537, 0.49625947765814954, 0.49609445073665714, 0.4963826051343492, 0.4961307345729171, 0.49625795763054176, 0.4959661444246551, 0.4959104055668408, 0.4959684778482486, 0.49618318524116123, 0.4959583044488788, 0.4962242584088783, 0.4959678840942872, 0.4961512517798078, 0.4960938935533111, 0.49603866308163375, 0.49593468692713166, 0.4959892371853629, 0.4958698482085497, 0.4957152359433227, 0.49571598995299565, 0.4959593326835842, 0.49580634306202004, 0.4958642553060483, 0.49565451376604075, 0.49577397599325074, 0.49579903658056435, 0.4959116027905391, 0.49568712951499466, 0.495892780822712, 0.4955724348952045, 0.4957177221993387, 0.4955474094593481, 0.4955366873915816, 0.4955340728654966, 0.49577145545910567, 0.4954673183924986, 0.4957866336836483, 0.49553763167762055, 0.4953272352506826, 0.49532986123919925, 0.4956136030373556, 0.4956792638852046, 0.49539969321135635, 0.4953698220052125, 0.4953828848106957, 0.49513358838392263, 0.4952499952726748, 0.4950938059951796, 0.4952160181143345, 0.4951186865677327, 0.4953239335245265, 0.4952545411639161, 0.4950807304172726, 0.4954011015621297, 0.4950462024072151, 0.4950821429163545, 0.4949038144433018, 0.4948241581846943, 0.49487828695293745, 0.49508281701650375, 0.49494374355117043, 0.4949524601300557, 0.49472072600445033, 0.4948679382329459, 0.4946742493372697, 0.4946402689039489, 0.4945158329638806, 0.49465590649908714, 0.49466091820171904, 0.49440841425906173, 0.49450383638287637, 0.49452273105527017, 0.49434149778369585, 0.4943656376648299, 0.4943652189039922, 0.494428487051101, 0.49447939695019427, 0.49451320872202026, 0.4944414978935605, 0.4944010478454632, 0.49418060039425943, 0.4942745348036071, 0.49406329015672423, 0.49422039490043024, 0.49411656797587217, 0.4941001962392758, 0.4942688378658924, 0.4940685664777791, 0.4940822564420246, 0.4940407510860499, 0.49391840895016986, 0.49388950277160815, 0.4939851838372129, 0.49393330629055315, 0.4940147788533361, 0.49388084961817813, 0.4939162201715476, 0.4941212088415474, 0.4939296388582432, 0.49393734150317126, 0.4935788675978944, 0.49368520577748615, 0.4935911476830423, 0.4935961365699768, 0.49360548773091356, 0.4937172856304672, 0.4934604592594035, 0.49352166569713274, 0.493459199265246, 0.4935320080854954, 0.49350182488287764, 0.4934021051113422, 0.4933942416648725, 0.4935380849209461, 0.49357087511719366, 0.4934595002359523, 0.4934583450411702, 0.49346066547400785, 0.4934822390804361, 0.49338719991100577, 0.49338844877022964, 0.49343476660085683, 0.49346920476728307, 0.4933609481041248, 0.4932527371815273, 0.49350141769363765, 0.4933333512627598, 0.49319295841695626, 0.49344093808324346, 0.49306461433351256, 0.49333260631386616, 0.49308954872491156, 0.4933438481210352, 0.49305688374208445, 0.49309581179758566, 0.49310290824362646, 0.49310043847167884, 0.49316515568848496, 0.49307835778910597, 0.49327894761448815, 0.49314570088526266, 0.4929259241500617, 0.4930614867271521, 0.49276831669685167, 0.49280711942976646, 0.49269887990567274, 0.4926380828405038, 0.49265848356725533, 0.4926354499745282, 0.49264414592103645, 0.4926788982672569, 0.4925769873154469, 0.4926701122587854, 0.49246965976425144, 0.4924998489710001, 0.49246185013662763, 0.49259168881199733, 0.4925668321468018, 0.49242361211951396, 0.49243582430339994, 0.4924421896646311, 0.49252978207427506, 0.49242126384934226, 0.4924705860378978, 0.49243085888715893, 0.49245333682486425, 0.49243325016874095, 0.49235552036281904, 0.4924104162406572, 0.4923071666951581, 0.4923142450196402, 0.4922710733535962, 0.49226146990999636, 0.49223550924888027, 0.49232172638505367, 0.49230006358999034, 0.4921891715500381, 0.49232064520483054, 0.49221747720634546, 0.4923176102804177, 0.49218645211541173, 0.4922299976750608, 0.4921947797357818, 0.49219158793980383, 0.4921931355864137, 0.4922538064556681, 0.4921849279394953, 0.49210330833008875, 0.49202654038593446, 0.49204144242045644, 0.4919883401402624, 0.4919739204011994, 0.492006248934365, 0.49201122854218815, 0.4920137820444701, 0.4919547996459863, 0.49193053869974046, 0.4919445591095166, 0.4919211105767624, 0.49191055476883827, 0.49185172531194304, 0.491918071940705, 0.4917811361642984, 0.4918278033261771, 0.4917907187571892, 0.4918017212724511, 0.49182866781185836, 0.4918026294245388, 0.49174414078394574, 0.49175207780831026, 0.49177257569281607, 0.49184242829735025, 0.49179824608149547, 0.49177043854971947, 0.4917454863642598, 0.4917863081226419, 0.4917793251000918, 0.49176271701907065, 0.491802617197945, 0.49172947989715327, 0.49170907174711265, 0.4916399876713316, 0.49161883555489144, 0.4916228395460289, 0.49155906017446693, 0.49147593396487255, 0.49145380972505925, 0.4915365140080015, 0.49148727718727053, 0.4914281232889755, 0.49150454725101317, 0.4914187791146638, 0.4914338678230733, 0.4913965624112349, 0.49142889247272475, 0.49137023233232047, 0.4913907406967638, 0.4912947585512867, 0.4913303907755967, 0.4913292821947035, 0.4913203488121103, 0.4913006436912131, 0.49133223120546166, 0.49123807147745685, 0.4912038525163909, 0.4912138277794415, 0.49124218397961433, 0.4911246189485976, 0.49119032215286085, 0.49115710031418575, 0.49112830373830413, 0.49102903187493263, 0.4910879612187326, 0.49103061838464424, 0.49103199660559715, 0.49099767229932567, 0.4909589937973372, 0.49098056653043726, 0.4909625617794065, 0.4909464824985672, 0.4909638368384742, 0.4909378877489558, 0.49097258955131085, 0.4908917391256535, 0.49093069163434233, 0.49093918322206853, 0.49087201107989303, 0.49092429636162277, 0.4908685497530214, 0.49088115482539924, 0.49086227598207777, 0.4908675504473103, 0.49082905971086943, 0.4908152034867814, 0.49081376849950015, 0.490834381990817, 0.4907820082846142, 0.4907759271916889, 0.4907200737095578, 0.4907568497753842, 0.49068838019510763, 0.4906683887317504, 0.49069959198162233, 0.49067955641519456, 0.4906880177639343, 0.490694713024866, 0.4906391435927087, 0.49057444100414876, 0.49056996945496445, 0.49062207341194153, 0.4906077098933768, 0.4905808218669542, 0.49052826585350456, 0.4905804167518686, 0.49059392451803324, 0.49052444384211585, 0.4905523099960425, 0.4905358498349731, 0.4905189152383979, 0.4905208067579584, 0.4905343783862425, 0.4905322888395289, 0.4904899802400079, 0.49050231174234943, 0.4904910739743229, 0.49052029345935083, 0.49046914743416475, 0.49045142454978746, 0.49043462772072455, 0.49041615442915276, 0.4904337900898832, 0.49040465651850995, 0.4904177237997998, 0.49040992301462333, 0.4903962245354286, 0.4904215960275559, 0.49042479142601236, 0.49043970634212425, 0.49036408900777934, 0.4903540211719471, 0.4903668185948452, 0.4903580139189849, 0.49036750022744957, 0.4903677873340718, 0.4903775713382623, 0.4903989777023539, 0.49038544646549576, 0.4903694787523249, 0.4904055011359763, 0.49037973686452313, 0.49036305334978486, 0.4903798228873438, 0.490347520444856, 0.4903679578513889, 0.49033000956088196, 0.4903592601582244, 0.49032220309907265, 0.49031079808870953, 0.49033364795503165, 0.490280630496832, 0.49026704140198535, 0.49029633511990417, 0.49025168043353184, 0.49025899204579027, 0.4902652133078802, 0.4902583868293972, 0.4902501689208733, 0.49025595144474465, 0.49024822947743174, 0.4902535578706762, 0.49028367360869607, 0.4902562705370096, 0.49025568671715564, 0.49029511235135814, 0.49022074114708675, 0.49023197564013277, 0.4902515258544531, 0.4902219447024139, 0.49021416902542114, 0.49023438908241607, 0.49022421393639004, 0.4901801769113366, 0.4901932807632418, 0.49016786418554986, 0.49017143151262305, 0.49019859703905855, 0.4901391143327231, 0.4901212902514489, 0.49011592594258513, 0.4901121661558256, 0.4900990280257913, 0.4901299855429611, 0.4901302282190148, 0.4900862311487233, 0.49010552853455036, 0.49010592840966727, 0.49009173038678294, 0.49008078005287675, 0.4900708673419533, 0.4900819595916804, 0.4900931536933005, 0.4900823763875298, 0.4900734707331046, 0.490078818776232, 0.4901053772304521, 0.4900643302625789, 0.4900696919514583, 0.49008626007771755, 0.49006750088034967, 0.49006866677340133, 0.49006209399673967, 0.4900471234059596, 0.4900861362834553, 0.49003024557571273, 0.49003795094979113, 0.4900339983758472, 0.49004180582015067, 0.4900278389017224, 0.4900353807451088, 0.4900381007255652, 0.49005884991024, 0.4900470588888441, 0.4900226145436912, 0.4900332605227446, 0.49003648670601757, 0.48999681719493515, 0.4900248089989463, 0.490024127584674, 0.4899802177380293, 0.4899919601805481, 0.4899607679564438, 0.4899340952054048, 0.4899533226158156, 0.489920790378864, 0.48992674560337274, 0.4899024026734488, 0.48989805502769274, 0.48987688904716853, 0.4898520673150981, 0.4898855650162959, 0.48987242874208387, 0.4898543804338127, 0.4898619054656326, 0.48983935176671206, 0.48982205572145765, 0.48984131413501697, 0.4898109551751133, 0.48981298686383845, 0.48978552855414786, 0.4897768409042568, 0.48976606130599976, 0.48977436414568415, 0.48974881842459517, 0.4897485375404358, 0.4897518123025859, 0.48979273765951725, 0.4897543374217037, 0.48975280287501577, 0.4897739339224148, 0.48972819237918647, 0.48973679215043453, 0.4897343111343873, 0.4897247396764301, 0.4897170488214318, 0.4897038412618113, 0.4896713977768308, 0.4896907585881132, 0.4896588544924181, 0.4896550048620273, 0.4896624428885324, 0.4896839694444077, 0.4896831444768242, 0.4896790241147136, 0.4896483086186014, 0.48964153497647017, 0.48966724084410473, 0.489647585830409, 0.4896435934108692, 0.48963250116114215, 0.48962797208146736, 0.4896371890773703, 0.4896108581251277, 0.48961832857393955, 0.4896310691213433, 0.48960617577636634, 0.48961872528324196, 0.4895894262161884, 0.4895851840248038, 0.4895947986033373, 0.4895876027070559, 0.48960745105376613, 0.489587413085686, 0.48957878514960573, 0.48958172106044195, 0.48958957981277296, 0.489578006140915, 0.48958574077148576, 0.48958008258770674, 0.4895831557202252, 0.4895702776236412, 0.48958348299994137, 0.48957629048780643, 0.4895727175932664, 0.48957315513065885, 0.48956831099786163, 0.4895737552162492, 0.4895764212686937, 0.48957064540394934, 0.48955511293568454, 0.4895581990589589, 0.48954051907682594, 0.4895424735851777, 0.48953752508966913, 0.4895525037587344, 0.4895320595839085, 0.48952637902109614, 0.48951165809299485, 0.4895171086430113, 0.48950663176211684, 0.4895123635237907, 0.4895188122878581, 0.4895015037976779, 0.48950187681795476, 0.48951433702702923, 0.48949908642541795, 0.48950372598110103, 0.4895106777821705, 0.48949224258953833, 0.4895007528446533, 0.4894932559776656, 0.4894818672330388, 0.48948698209755587, 0.48949244716665247, 0.48948125524835273, 0.48948158132724273, 0.48948540322946543, 0.48949644952029975, 0.4895032427031479, 0.4894828409939022, 0.4894817842668666, 0.4894787950830145, 0.4894994120676439, 0.4894865467434838, 0.4894745654457218, 0.4894940767969404, 0.48949026362799897, 0.48947208071803, 0.4894693787499662, 0.4894625357874147, 0.48944746880304246, 0.4894713556373512, 0.48944734282545993, 0.4894585681485606, 0.4894436600007417, 0.48943567745414845, 0.4894427569794568, 0.4894388021130265, 0.48943316237830414, 0.4894302167516925, 0.48944022127123543, 0.48943826250540906, 0.4894235985619681, 0.4894275534283984, 0.48941402011738594, 0.4894108875985547, 0.4894162773431002, 0.4894176837288853, 0.48941298173024106, 0.48941342942007293, 0.4894105152332739, 0.48940068363270045, 0.48939410124942934, 0.4894062748977116, 0.4893870832937541, 0.4893770021396679, 0.48938014764925497, 0.4893758569881593, 0.489385133261209, 0.4893734748765226, 0.48936699947594725, 0.4893673687845796, 0.48936068018277484, 0.48936728505424526, 0.48936672110260626, 0.48937452669108744, 0.48936202576308896, 0.4893513678849398, 0.4893592962851891, 0.48935678808680383, 0.4893514528161004, 0.48936448920340764, 0.489349847420668, 0.4893480328631488, 0.48935091943094583, 0.4893509055668618, 0.4893521057380425, 0.48935091954011184, 0.4893479217321445, 0.4893505579822666, 0.48935866683394047, 0.48935396887443877, 0.48934782555688433, 0.4893461558626685, 0.489340453794151, 0.48933910799550484, 0.48934988366378535, 0.48933321925309986, 0.4893288424600175, 0.48932609060308435, 0.4893346274947072, 0.4893249976329314, 0.4893195907493214, 0.4893105293149913, 0.489318501381647, 0.48931141192223127, 0.4893117810125316, 0.48931167261067765, 0.4893074340217716, 0.4893112789580237, 0.48931199639708134, 0.4893017195083283, 0.4893068150504605, 0.4893005297079191, 0.48930448522934544, 0.48930340514078247, 0.48929261680924413, 0.4892777517820016, 0.48927721981600525, 0.48927721042772787, 0.48928045222174116, 0.48926876872887104, 0.4892764738846175, 0.4892771492947589, 0.489266472640055, 0.48926555739217625, 0.48927665793852054, 0.4892591052439623, 0.48926369796742447, 0.489256141714124, 0.4892579082385961, 0.489252989763742, 0.4892450688959478, 0.4892417474107428, 0.48924581166152115, 0.48924479357925527, 0.48923885865962546, 0.48924481104581785, 0.4892352173179934, 0.4892377310838455, 0.489242672592729, 0.489236837996668, 0.489232185341063, 0.48923120339274845, 0.4892254114805997, 0.4892288378743462, 0.48922964493870297, 0.48922296594350767, 0.489225073939278, 0.48921957273623007, 0.48920969714175216, 0.4892035271876898, 0.4892031918296884, 0.48921536984461134, 0.4892052051785228, 0.48919965965407236, 0.48919247216357414, 0.4891931283604968, 0.4891912675165868, 0.4891924873376504, 0.48919322540908505, 0.48918890734731935, 0.48918785880773497, 0.4891927824133918, 0.4891890037409115, 0.48919207141512916, 0.48919129502642283, 0.4891902033662621, 0.48918477967108565, 0.4891761934364235, 0.48918071203616076, 0.48917744207731534, 0.4891767428689824, 0.48917269237312205, 0.48916703626349733, 0.4891680128626771, 0.489173044979354, 0.48916521733933754, 0.4891658149141095, 0.48916303642066844, 0.48915863048025976, 0.48915702213734497, 0.48915705707047014, 0.48915254545735787, 0.4891505840715471, 0.48914447394046157, 0.4891480829689529, 0.4891434338066604, 0.48914344625158623, 0.48914216398756144, 0.4891356573655055, 0.48912971862506516, 0.48913130666310095, 0.48912744557027854, 0.48912959100999237, 0.4891276398857871, 0.489126681408166, 0.4891347081669958, 0.48912439885593595, 0.48912168171379594, 0.4891209168966873, 0.4891137632476541, 0.48910995324452716, 0.4891072719088404, 0.48910861770748654, 0.4891091591709263, 0.4891129401358929, 0.4891080896714668, 0.4891094275009938, 0.4891100581530686, 0.48910319270231783, 0.489102283786068, 0.48910028288215945, 0.48909200951729936, 0.4890914586655823, 0.4890844504256825, 0.4890873365568154, 0.4890837854954786, 0.48908571915312127, 0.48909364133090766, 0.4890808920502226, 0.4890773024532821, 0.4890769613094819, 0.4890774525565542, 0.4890816277200049, 0.48907791192714983, 0.48907600599767526, 0.4890729796973777, 0.48907316080379837, 0.48906910233881884, 0.4890656987607697, 0.48906222444314223, 0.48906069677391334, 0.4890661509264083, 0.48905574893340087, 0.4890605951403523, 0.48905044946915066, 0.48905618767161946, 0.4890434648091103, 0.48904339090371746, 0.4890382750567062, 0.4890367560115926, 0.4890372963833722, 0.4890357689324753, 0.48903566828140843, 0.4890401296781533, 0.4890382332461221, 0.489034897896833, 0.48903387293710815, 0.48903450468084314, 0.48903474080693593, 0.48903145840316464, 0.489028363764941, 0.48902906144494973, 0.4890285162698655, 0.4890274595428299, 0.48902867859973137, 0.48903084368932814, 0.48903163929125326, 0.489028805013978, 0.4890283512108492, 0.48902862379839135, 0.4890245168637007, 0.4890268747404818, 0.4890232923484984, 0.4890239469079308, 0.48902029672385133, 0.48902455354348207, 0.4890230424674876, 0.48902000132061185, 0.48902046516701414, 0.48901942645237123, 0.4890237646006839, 0.48902439492526073, 0.4890208956086155, 0.489024559547613, 0.489021360874176, 0.4890230436683138, 0.4890217975382403, 0.4890197263314174, 0.489018922323709, 0.489023262327844, 0.48901818010396575, 0.4890184667739239, 0.48901955177495765, 0.48902091471266834, 0.48902081231494526, 0.4890170387732677, 0.4890164348668668, 0.48901300094066524, 0.4890147892983405, 0.48901007649226064, 0.48901278228113504, 0.4890116369112944, 0.4890034196577666, 0.4890072082643544, 0.48900025668161695, 0.488999835955791, 0.48899904941464517, 0.4889960575016427, 0.48899597093299196, 0.48899741279773223, 0.4889963815063784, 0.4889974351767655, 0.4889993339012831, 0.48899151106457134, 0.4889962852219522, 0.48899598326875177, 0.4889919715268271, 0.4889907119693337, 0.4889946786256937, 0.4889891708726848, 0.4889895282822214, 0.48899039462372496, 0.4889889237208244, 0.48899105715227653, 0.4889895376704988, 0.4889888809277461, 0.4889883380451482, 0.4889888275455643, 0.4889887726350582, 0.48898979017149397, 0.4889870362404065, 0.488986794874345, 0.48898746395285747, 0.48898891225839275, 0.4889869959581466, 0.48898728317393486, 0.48898611891837346, 0.4889859398861071, 0.488984865801675, 0.48898656289656084, 0.48898659040639686, 0.48898321051737326, 0.4889839850502573, 0.48898374543085205, 0.4889800678461026, 0.48897943108073083, 0.48897934560374023, 0.48897899092335406, 0.4889798980929476, 0.4889792005221049, 0.4889751194597601, 0.48897355008911303, 0.488978813965242, 0.4889716828044081, 0.48896868936308135, 0.48896464781883436, 0.4889664505864238, 0.48896655178332066, 0.488965365476224, 0.48896338978966514, 0.4889626332691738, 0.48896115723547046, 0.4889615097325363, 0.4889598461516174, 0.48895995433513934, 0.4889595389584482, 0.488958987670067, 0.4889594377615513, 0.4889599085945786, 0.4889612403108087, 0.48896106411685875, 0.4889635643461248, 0.4889632581354498, 0.4889592157178746, 0.48895561607766064, 0.4889539041361966, 0.48895437715254425, 0.48895146820571395, 0.4889498413045764, 0.48895142355681337, 0.4889488882852561, 0.4889483827374357, 0.4889487945116483, 0.4889468810497186, 0.4889452914833586, 0.48894919285844096, 0.4889462290011046, 0.488944764538999, 0.48894697296750417, 0.48894796736074453, 0.4889462985398568, 0.48894756475647727, 0.4889422057967483, 0.4889426677873283, 0.4889429736705053, 0.48893910766521215, 0.4889396193263295, 0.4889412540874202, 0.4889393680261605, 0.488941279741434, 0.48894011177422797, 0.4889386963276636, 0.4889394962962294, 0.4889403263946156, 0.4889402979022854, 0.4889402787982326, 0.4889405865372319, 0.4889381738591107, 0.48893769352863997, 0.4889380509381766, 0.4889374302202092, 0.4889369593871819, 0.4889381951464838, 0.4889372578470698, 0.48893702030181885, 0.4889364065704765, 0.4889354156705486, 0.48893668679963975, 0.4889372950726813, 0.4889351664445339, 0.48893373615139135, 0.4889338197725596, 0.48893268149851005, 0.48893324130184046, 0.488932667634426, 0.48893182880275854, 0.48893255650342166, 0.488932755622235, 0.4889329741725992, 0.48893146975573165, 0.48893338212600124, 0.488930160964365, 0.48893035025823683, 0.488930602431734, 0.48893132762157876, 0.4889285887554015, 0.48892969133216385, 0.4889291497595581, 0.4889283442235255, 0.48893082261958837, 0.48892846201365686, 0.4889282720647889, 0.4889286687740913, 0.4889284823185358, 0.4889270974384559, 0.4889269218995021, 0.4889271376115499, 0.4889277029823471, 0.48892765604096017, 0.48892647322717603, 0.48892738312592, 0.48892585250920867, 0.48892616483318063, 0.48892728935231217, 0.4889265656907916, 0.4889259064372206, 0.48892526148439763, 0.4889270415454557, 0.4889264410232013, 0.48892593220040037, 0.48892451631717193, 0.48892507655716644, 0.4889242198222723, 0.4889249394446502, 0.4889261114509988, 0.4889245257054493, 0.4889241371835981, 0.4889247240601005, 0.48892354583128905, 0.4889244496167361, 0.4889249052756872, 0.4889264202816582, 0.48892587903655055, 0.48892322379154163, 0.48892323001400456, 0.48892474742162795, 0.4889244174127614, 0.48892212579975197, 0.48892053688838805, 0.48892116852295703, 0.48892058994307186, 0.48892120170942593, 0.48891991409626634, 0.48891997304591506, 0.48892025829671504, 0.4889198181393382, 0.4889199164979187, 0.48892046680380574, 0.4889200538287669, 0.4889208998653915, 0.48891988756892446, 0.488920896372079, 0.48891902406573734, 0.4889190577980363, 0.4889177278284625, 0.4889179737794967, 0.4889170681382274, 0.4889164658693167, 0.4889175594944657, 0.48891788175254514, 0.48891497891901176, 0.4889152283633585, 0.48891527574140947, 0.488914131572395, 0.48891629808115, 0.48891529506379433, 0.488915578022108, 0.488915652691663, 0.48891333575213786, 0.4889146290419303, 0.4889130354364276, 0.4889144486996717, 0.4889137837694678, 0.488913846430761, 0.4889131333583441, 0.48891242203258334, 0.4889139080003941, 0.488913425049939, 0.48891361892878354, 0.4889137339897645, 0.4889142956489172, 0.48891185164014933, 0.48891096870541134, 0.48891258512661134, 0.48891191692142694, 0.48891092121819435, 0.48891116498590825, 0.48891225184276427, 0.4889117534999009, 0.4889113443456727, 0.4889113724013388, 0.4889115686818357, 0.4889120949711992, 0.48891263053967404, 0.4889115496869489, 0.48891194475876104, 0.4889104194911845, 0.4889101932991992, 0.4889092307824355, 0.4889083594192952, 0.4889088170432346, 0.4889100141577668, 0.48890949387253424, 0.4889090286069737, 0.4889089505532722, 0.4889079594350123, 0.4889069688625825, 0.4889079795215593, 0.48890839708157074, 0.4889082253634275, 0.48890817612955423, 0.48890859532705594, 0.48890870318307983, 0.48890680969853106, 0.48890687159566215, 0.4889067421247671, 0.4889065614550105, 0.4889084740436121, 0.4889065140769595, 0.48890670358916344, 0.48890767462087636, 0.4889073826017834, 0.4889065948598114, 0.4889070381830027, 0.48890585274923415, 0.4889068970313439, 0.48890824173832986, 0.4889068825122638, 0.4889060255590376, 0.4889078515789884, 0.4889070862160498, 0.48890688120227155, 0.48890633362553493, 0.4889060725004245, 0.48890627947919096, 0.48890638449689844, 0.4889065722624461, 0.4889068301125761, 0.488906591693997, 0.488905641294661, 0.48890576246893885, 0.4889060791595515, 0.4889057506790091, 0.48890602916151615, 0.48890539905527136, 0.48890550712962727, 0.4889058672683143, 0.48890527744432943, 0.48890568485190145, 0.4889057643247611, 0.4889054421758477, 0.4889059848401136, 0.48890544446833406, 0.4889060833078601, 0.4889060914953113, 0.48890637958442773, 0.4889066864500989, 0.48890575984895446, 0.4889054144476796, 0.4889061020844149, 0.4889059900800824, 0.4889056417313251, 0.48890576006728653, 0.488905573175067, 0.48890605841800844, 0.4889062355944525, 0.4889050406632406, 0.4889057879046206, 0.4889062448735639, 0.48890496457452737, 0.4889065696424617, 0.48890562666641485, 0.48890600023252184, 0.48890636735783394, 0.4889058985989609, 0.48890665337279604, 0.4889055206662133, 0.4889055780875377, 0.48890552918116253, 0.4889053035350073, 0.48890604160644197, 0.4889061676931905, 0.48890602326655125, 0.4889059949925531, 0.48890587916741, 0.4889056929301866, 0.48890541182769526, 0.4889065541408874, 0.48890636801283, 0.48890608090620774, 0.4889057637789311, 0.48890542088847455, 0.48890537318292554, 0.4889052492794973, 0.48890519524231935, 0.4889057781888452, 0.48890522515380774, 0.4889055983924167, 0.4889062653967749, 0.48890541532100773, 0.4889052988408686, 0.4889051445892879, 0.48890542394512304, 0.4889052662002298, 0.48890547372482634, 0.4889050284366468, 0.48890557164674275, 0.48890599663004336, 0.48890532318489016, 0.4889055223037035, 0.4889056760094541, 0.4889062175820599, 0.48890513465518043, 0.48890527264102474, 0.4889064880954477, 0.4889054328967363, 0.48890592807378525, 0.48890586224667754, 0.4889055562543345, 0.4889050534356645, 0.488905525578684, 0.48890574991484703, 0.4889057887779487, 0.4889049427413242, 0.48890562972306334, 0.4889049239647694, 0.48890564686212784, 0.4889055558176704, 0.48890573768825324, 0.4889053517863864, 0.4889055147712484, 0.48890508574880526, 0.4889060704262702, 0.4889060180265825, 0.48890516194668443, 0.48890559599076433, 0.48890609597111795, 0.488906062347985, 0.48890574325572006, 0.4889054155393398, 0.48890530320750925, 0.4889052825751322, 0.4889057205491887, 0.4889048235320346, 0.48890578277381785, 0.4889055201203832, 0.48890477200567506, 0.48890615710408697, 0.48890549195555105, 0.48890554926770946, 0.48890530386250536, 0.48890561018234646, 0.4889052622702532, 0.48890601562493013, 0.48890600339833634, 0.4889056012307331, 0.48890662891960845, 0.48890583080686495, 0.48890583364518136, 0.48890584467094894, 0.4889059596227639, 0.48890606824294985, 0.4889061245726142, 0.48890527133103256, 0.4889054875889104, 0.48890560199489524, 0.4889053474197458, 0.4889057865946284, 0.4889055160812406, 0.48890568703522175, 0.4889058157419547, 0.4889058970706367, 0.4889057135625637, 0.48890519120317677, 0.48890579543707574, 0.48890538606451545, 0.4889062053554661, 0.48890582065442545, 0.4889053644496443, 0.48890539621695495, 0.4889059223971524, 0.48890601638909226, 0.4889055419535864, 0.4889051485192645, 0.4889055916241237, 0.48890494961878317, 0.4889058395401462, 0.4889052419653742, 0.48890592567213287, 0.48890525288197584, 0.48890539097698615, 0.4889053243857164, 0.4889050881504576, 0.48890557208340685, 0.4889057864854624, 0.4889056181514656, 0.488905756464808, 0.48890520135561627, 0.4889053532055446, 0.4889059446670197, 0.48890573801575127, 0.48890581727027893, 0.4889050671905825, 0.4889054826764397, 0.48890533573898204, 0.4889056106190105, 0.4889055942441081, 0.48890603199983257, 0.4889058165061168, 0.48890609804527224, 0.48890550887628353, 0.4889055299453246, 0.48890554686605714, 0.4889058088644957, 0.4889054516732911, 0.4889058267677223, 0.4889057305924622, 0.488905518810391, 0.4889054835497678, 0.4889055702275846, 0.48890561149233863, 0.4889053844270252, 0.48890537602124196, 0.48890562164477813, 0.4889055208845453, 0.4889060025250082, 0.4889053076833159, 0.488905396653619, 0.4889053622663239, 0.4889053553888649, 0.4889057103967492, 0.4889056111648406, 0.48890559184245574, 0.4889059285104493, 0.4889052617244231, 0.4889052762435033, 0.48890503149329523, 0.4889057459848704, 0.4889055904232975, 0.48890538202537287, 0.4889058224010817, 0.4889057765513549, 0.4889058911756718, 0.48890603341899075, 0.48890560472404565, 0.48890554359107663, 0.4889061885438996, 0.4889059316762638, 0.4889058270952204, 0.48890582076359146, 0.4889054433766739, 0.488905803842859, 0.4889058263310583, 0.48890559740992257, 0.488905355825529, 0.48890590787807225, 0.48890570330095817, 0.48890576257810486, 0.4889054291850918, 0.4889057864854624, 0.4889053390139625, 0.48890569740599327, 0.4889054998155042, 0.48890570755843277, 0.48890532362155426, 0.4889054685940236, 0.4889055976282546, 0.488905614003157, 0.48890581072031797, 0.48890553398446723, 0.4889056649836865, 0.48890592479880474, 0.48890558169001624, 0.4889054699040158, 0.48890557492172326, 0.4889055957724323, 0.48890596868354325, 0.4889056585428916, 0.48890582349274186, 0.4889054823489416, 0.4889055201203832, 0.4889058016595386, 0.4889056982793214, 0.48890583801182197, 0.488905756573974, 0.48890547907396115, 0.4889054209976406, 0.4889055562543345, 0.4889054021119198, 0.48890600121501604, 1.2862233299038786, 0.9328064730752519, 0.781351123319004, 0.7052624488706554, 0.8730962551557101, 0.6640406508585472, 0.6862197148275899, 0.7392525244981815, 0.633386437927847, 0.7158898476497594, 0.6728942928078411, 0.6952231895355951, 0.8420309716965253, 0.7261448410841135, 0.6973856696279057, 0.7008584508529077, 0.8289410560340672, 0.6753776725176927, 0.8469400377500624, 0.7084900982432313, 0.794486783690505, 0.6475681474793962, 0.6877363462806184, 0.6337147120372716, 0.8061377634277274, 0.5943636577644628, 0.7779579193164141, 0.8873814964469099, 0.6513121541821476, 0.7410839753491538, 0.8309409958975655, 0.695535686535713, 0.6610193940309378, 0.7708978623479277, 0.8388035007012196, 0.6954877531572139, 0.7844742044206068, 0.6970193342411475, 0.5963303664010087, 0.761406788677523, 0.6237399579186143, 0.6590328039703789, 0.6857115441844577, 0.6345517252172742, 0.8681539297103882, 0.6086815804133922, 0.6557103737151666, 0.6964798790194613, 0.6745033934439495, 0.5883907593868591, 0.6522040934789748, 0.5779884454313216, 0.6676001136119549, 0.819838109033885, 0.6795744675419706, 0.7811685784177466, 0.696339684637475, 0.5687743013813382, 0.6051138640541733, 0.678644937145841, 0.9257187437225174, 0.621329875328602, 0.6691432226271856, 0.6391579854837705, 0.6507843864924742, 0.7203096144801968, 0.5938896070688199, 0.6676702250491132, 0.5842861377057575, 0.6726452699511043, 0.623465814433255, 0.6057728543168023, 0.6425417484817925, 0.7319259309506678, 0.6212115982076624, 0.708306956422198, 0.6485419490616837, 0.6071946319642958, 0.6269486045444405, 0.6354787195776845, 0.6382979828141111, 0.6451621757540511, 0.6296766827176342, 0.5904305713735657, 0.6390576193402538, 0.5903759521224123, 0.6455880588009244, 0.595257383672309, 0.617396871358047, 0.6036782289817656, 0.591518704816972, 0.6210751607741192, 0.7123371082129496, 0.751594717904325, 0.7354116035905076, 0.5847727103984399, 0.6104205757270366, 0.6425148572895553, 0.6099347465640896, 0.587646966888791, 0.5874506729644734, 0.7256958526132744, 0.6350142369558524, 0.6667645812689603, 0.6149234926744258, 0.6834962791575617, 0.6322471905540634, 0.5995559692382812, 0.5731081481163318, 0.7362977035971352, 0.5855343672600422, 0.6609320339265761, 0.6266044355355777, 0.5590560531223213, 0.794032287466657, 0.6415864737915905, 0.7378851689480164, 0.6289649308819474, 0.5623211307185036, 0.5912798340722318, 0.5878959769731039, 0.5406541887657109, 0.6434984636175763, 0.5462822185986208, 0.6411388651791946, 0.5556861875039754, 0.577783233844317, 0.6061829170246265, 0.6494210418109055, 0.6017859342334034, 0.6185702430459606, 0.562569871926919, 0.6304852010566236, 0.55180083439027, 0.5356237257356609, 0.5797705131791013, 0.535239801629559, 0.5289123877064212, 0.5447505872983199, 0.5351633464460408, 0.561255252186632, 0.5356592237949371, 0.5624317276827145, 0.5382959408201141, 0.5505906189536001, 0.664199044634571, 0.6068268595161018, 0.5521066576351613, 0.6484499938322075, 0.5674473611644772, 0.5766132238147023, 0.5516635464442955, 0.5531494260489286, 0.5603653056062622, 0.5273309924226978, 0.5644905249496083, 0.5713369193531218, 0.5318768238409971, 0.5236868180416443, 0.5897848119229188, 0.5122443126453148, 0.57954379206612, 0.5274216520698952, 0.5584136209426782, 0.5277918972375192, 0.5112059906725481, 0.5711101308847085, 0.53245874890041, 0.5298402417492081, 0.5416859620875054, 0.5365363274301801, 0.5546620618074368, 0.5400906502108871, 0.506988287736208, 0.5981234766188122, 0.55534659244202, 0.5469349230820443, 0.5549120500192537, 0.5405953876919799, 0.5288802254330981, 0.5354376611037132, 0.5190249334324847, 0.5437362997523157, 0.5450209417404273, 0.5329217273237068, 0.5248247272584028, 0.5346787380866516, 0.5131475099058815, 0.5421841166394971, 0.5151485460145133, 0.5908316446966304, 0.5321501982517731, 0.5467793322526492, 0.5265237814559168, 0.5331267817116483, 0.5329999038369664, 0.533696473408968, 0.536416191976149, 0.5299833973685464, 0.52344514806192, 0.5266984410775013, 0.5421470652569781, 0.5140489284153823, 0.5117575929060088, 0.5682765762884538, 0.5361833118257069, 0.5706154254329947, 0.5460923655784173, 0.5173682802981072, 0.5329379306171403, 0.5304559222507826, 0.5420982494895712, 0.5214588262222626, 0.566793822543525, 0.5320665990258311, 0.5444323546065516, 0.5349618444294283, 0.529493395662133, 0.5714781503755968, 0.5226864449052147, 0.562096139996043, 0.5479836521786211, 0.5198490590184599, 0.5206313018615429, 0.5320247483777476, 0.5286761329069243, 0.5171463353074951, 0.5141620455862401, 0.5044927407097031, 0.5558642243945991, 0.5332385900911394, 0.5324621055370722, 0.5696245048727308, 0.5153882268802586, 0.5375332581254589, 0.5704521566301912, 0.5393013314449744, 0.5124667273772942, 0.5083612619520543, 0.5065457010880495, 0.5159802519794785, 0.5140203263733413, 0.5112886710481329, 0.5109024562023499, 0.5687990522646642, 0.5099960336318383, 0.5193076401184766, 0.5637994845271547, 0.5334384237235282, 0.506959740277175, 0.5182269302916614, 2.4141470075963616, 0.8250556460448674, 0.9622887264896225, 0.7102928741292639, 0.8223829568524064, 0.7419908869834173, 0.7602266636523571, 0.9264272431750874, 0.6476436403644827, 0.7243419671669985, 0.6707331290393522, 0.8126508436360202, 0.7949026927843199, 0.709932416895807, 0.6486374766398699, 0.6720022897580604, 0.6497496368684175, 0.6847951592324855, 0.7303776717011309, 0.6478153198629946, 0.6876890323100946, 1.017171649705796, 0.673616654816128, 0.6488928055806911, 0.6250042765786796, 0.7521454257406158, 0.6567650946068676, 0.6744534784839267, 0.6385835452830835, 0.710521861965403, 0.6619978511071467, 0.9810884282702491, 0.7360503432296571, 0.6917142969566387, 0.6477632305342635, 0.8653414570368253, 0.7324836606726105, 0.7309786385887271, 0.6350880911498716, 0.6910452102566813, 0.6423547624886691, 0.6249460604164626, 0.7450510551641275, 0.6607611138960381, 0.7030806618950742, 0.7765519105907761, 0.6764603962391724, 0.668452710895748, 0.6762431660196283, 0.6157565493505079, 0.7191431929558625, 0.6073368228835501, 0.7554578805144453, 0.6449817889557653, 0.6638838221956959, 0.669235885361612, 0.6034756361783206, 0.621300757804633, 0.7226823698251675, 0.6807255263511951, 0.5739888922198788, 0.6209490943304349, 0.6341301818470378, 0.60279299782746, 0.6235297657412924, 0.7529608846365751, 0.8492471538620554, 0.6856195772742177, 0.6768748417442099, 0.7601574855846364, 0.7086233994462988, 0.580845506745817, 0.6324292434440865, 0.576039656614646, 0.5790447431169586, 0.6109417325411087, 0.7110104156937791, 0.6663521704001304, 0.6113755634197822, 0.5688766375347808, 0.6480808005883143, 0.6154563990268078, 0.6034770162550958, 0.609231391669193, 0.7181002290257604, 0.5823970868255629, 0.5833990278043153, 0.5756525204076872, 0.5892162717087365, 0.6242995402970157, 0.6536142544432001, 0.5333761759511717, 0.6013290081923698, 0.6372353477137429, 0.7287957695595947, 0.6321712113343753, 0.5863074376469567, 0.5985346182143731, 0.6792559973049513, 0.575855362873811, 0.6143459142782749, 0.6656509798306686, 0.6298843198643499, 0.6226559255149339, 0.5700878409238962, 0.6760031568916726, 0.6418732321742691, 0.5430064302879375, 0.5857503779860207, 0.6318576464722881, 0.62214528520902, 0.5660085128995526, 0.6097372262687474, 0.6745783158274361, 0.6101913928112268, 0.5534126172353934, 0.5645430930804857, 0.5460106917135008, 0.5523221691449484, 0.5623797216476538, 0.5917940280594669, 0.5738584320623796, 0.6010180191024319, 0.5777852900953957, 0.6025634683095492, 0.5679666772211864, 0.5641044739620152, 0.5827115670446947, 0.5938009235448453, 0.5945761081499931, 0.5881759312563327, 0.5370103059670864, 0.5464932807199248, 0.6224689876640236, 0.6833871073556907, 0.5916201717905946, 0.5621097002710614, 0.5375688985372201, 0.5642835347207038, 0.5436282335838556, 0.5694617156362359, 0.5389240295677394, 0.5761231043181576, 0.5477833762055352, 0.5348041749699212, 0.5434879101676382, 0.673052211930027, 0.5575586547563364, 0.5622114810969804, 0.5574950404437907, 0.5245720792166043, 0.5375577479928404, 0.5676410925257337, 0.5458600323497157, 0.5369466414381733, 0.5721527934074402, 0.6458408517060262, 0.5575179695646405, 0.5618575521004505, 0.568320530238169, 0.5272790137883071, 0.539700530169211, 0.5572426588762374, 0.55718107068495, 0.5457139639627366, 0.5656821593478486, 0.5671513957200033, 0.5679799745152722, 0.5956852195900438, 0.5315880561486269, 0.5705501786518447, 0.5313122518114991, 0.5281375965355953, 0.5627004888468173, 0.5651180907920167, 0.564950780008302, 0.5567444187380892, 0.5190778978360004, 0.5366756441173973, 0.6144453177958618, 0.5727804862099253, 0.5530880600104838, 0.5489200328514253, 0.5556555375074729, 0.5215383584682758, 0.5404474502736396, 0.5441117855437073, 0.5394800274800031, 0.5495024490487445, 0.5547947814831367, 0.5593499428841657, 0.5410365415361774, 0.5254240560007619, 0.5346078082318708, 0.5399740544649271, 0.5380445773348267, 0.5403765466187026, 0.5394727157585787, 0.5190644224921426, 0.5118654976179312, 0.5285577873388926, 0.5474474150619227, 0.5315314721275162, 0.530630323039743, 0.5294577143131158, 0.5466566201531406, 0.5072994240911015, 0.5408056976594331, 0.541349144536497, 0.5347300192593655, 0.5198925701908139, 0.529403655956953, 0.5346833303734496, 0.516918081066984, 0.5204516362139594, 0.5200479992361733, 0.510228727545057, 0.5462377044089112, 0.5149633230525495, 0.5176585852663159, 0.542827410139007, 0.5336170185616601, 0.5688360511383295, 0.5253645005898598, 0.5649640945506184, 0.5158209143540798, 0.5421496293483636, 0.5129450798689664, 0.5236896369265113, 0.5670205517347916, 0.5184986219082997, 0.5139556770577972, 0.5170993378092518, 0.5141729577120407, 0.5334331416166745, 0.5083381420090085, 0.5151073192502116, 0.538633576461247, 0.5065754760097672, 0.5222302471106742, 0.5188098604425843, 0.5188289552162855, 0.5342234924381033, 0.5136351864853185, 0.5255021256404918, 0.5257172898931818, 0.5126270015379448, 0.5089285232863583, 0.4975036926321931, 0.5247986271922842, 0.5240811495990544, 2.9142076624182116, 0.6494922262408358, 0.6278983828348991, 0.6341960553502862, 0.7502469185726109, 0.6739032515239366, 0.8266294879136068, 0.8645837584257999, 0.8465165541722224, 0.7981399379588745, 0.734692571036545, 0.608461639601669, 0.6288390501296564, 0.8652084517828275, 0.9324948346658504, 0.7680038716985192, 0.7087355487512581, 0.6941608855357537, 0.7187048121468051, 0.8181590670412713, 0.7408249645661085, 0.6262865430051154, 0.6895094821741293, 0.62495476378626, 0.6581551849623739, 0.7798928008193061, 0.6350674639036368, 0.6344597389846495, 0.7235940767950191, 0.5970262495371012, 0.7194484917672126, 0.8598085205196898, 0.7084349347994878, 0.836255886615851, 0.6488237529447227, 0.7536324785524235, 0.9137357940603962, 0.6612039272820119, 0.6317861662024543, 0.9566359825623341, 0.6627248991758395, 0.6909320260578896, 0.6151988202835614, 0.786377625915157, 0.7306923669773143, 0.6391600659697048, 0.6160235246677539, 0.644064513099936, 0.6732935842140254, 0.6245768796174954, 0.6251096674155839, 0.6591905474444448, 0.6439983530358954, 0.7774540297277681, 0.8684634885071835, 0.7738289974984669, 0.6232104982648577, 0.6538514430487986, 0.6224846572448046, 0.7251192940460457, 0.6025396452281938, 0.5685826258344965, 0.784591059545021, 0.6719866981218149, 0.6517656109271905, 0.6532989488198206, 0.6325282761247166, 0.6672892047590389, 0.5941739290843516, 0.7476705638043609, 0.6206965674629141, 0.7322850712053068, 0.6000829595567543, 0.5909433331026699, 0.6317540058941195, 0.5987859142350627, 0.6182258320160401, 0.6755604281093611, 0.7705284730418698, 0.6451261655969934, 0.6457862061458629, 0.5993345729160658, 0.7614005298623235, 0.5470666080822438, 0.7395021682912177, 0.5817888169498234, 0.702336208942609, 0.5902420449387896, 0.6444295541052416, 0.6211609393904061, 0.6227684802624769, 0.6157337539580279, 0.7067032586305569, 0.593714822888811, 0.5830935045476362, 0.5848957193203461, 0.6877159624745994, 0.5879862978781536, 0.6228151457868653, 0.6276717851886819, 0.5593180867123516, 0.5919422450519743, 0.5867104294535878, 0.6023504223142352, 0.6955087502579113, 0.6151646267581772, 0.5793914332057967, 0.5811182922059364, 0.6629325428725162, 0.5658194762228173, 0.5431234064774636, 0.5908620723219582, 0.5648211783323532, 0.5698649504464188, 0.6499216685364971, 0.6227374273342091, 0.6448621828477461, 0.556864110541431, 0.5880803099045386, 0.615867038677027, 0.5689616203308105, 0.6653607664527473, 0.533726630957572, 0.5429128254507924, 0.5414868148910257, 0.5873519278271294, 0.5678769036745414, 0.5822882323693006, 0.5442020552498954, 0.5466788091284015, 0.5238983054737468, 0.575860525334711, 0.5942407860642388, 0.5607188649666615, 0.5571624338626862, 0.5722724408893795, 0.6679985587631826, 0.5758365868648767, 0.5259429836447859, 0.6105550871445582, 0.5865554936202891, 0.6011152856952542, 0.5501262620910183, 0.5700995911172021, 0.5813642335243714, 0.5969115633230943, 0.6373042646563534, 0.5247386391564604, 0.5694850329514388, 0.6516544580896259, 0.5899608462721437, 0.5501492111892491, 0.5270274931039566, 0.5798149489876114, 0.6252257547754071, 0.5263570504529136, 0.531382720003198, 0.5837955731393654, 0.5982821474581848, 0.5496206406926935, 0.5337306698818347, 0.5950588819744823, 0.5384372504421207, 0.547554381055273, 0.5781746314558791, 0.5234849159315829, 0.533563107361287, 0.5380141869351104, 0.5873016986873124, 0.5523863640023675, 0.6265611822133536, 0.5908237419503949, 0.519124740209335, 0.5185631543070406, 0.5212975274293851, 0.5514538912546068, 0.5471891705151443, 0.5200597882925809, 0.5370157691803608, 0.565342875845703, 0.5311238115087097, 0.5742590763630011, 0.5226646670491704, 0.5673457723615807, 0.6319009590716589, 0.5259812603066693, 0.5357884257049351, 0.6037426955533989, 0.5244495218053405, 0.5708052142635807, 0.5448255571690235, 0.5237682900585972, 0.5349923340610532, 0.5397345014325865, 0.5242763080876389, 0.5527313539396712, 0.5249251060651772, 0.5821280002375662, 0.5365979965134855, 0.5274102306846298, 0.5204958689736796, 0.5246689242102724, 0.5372364598534483, 0.5316897121977894, 0.5431710465268774, 0.5240670962211413, 0.5126335626338427, 0.5380307282065298, 0.5321993857294649, 0.5299049859300201, 0.5287834340399438, 0.5584107883028931, 0.5741519095041813, 0.5384349926705763, 0.5139428219952427, 0.5250242913598979, 0.5165978868802389, 0.5179590832837772, 0.5388410173274658, 0.5333198046946264, 0.5437091004935813, 0.5320384883400284, 0.5049217538737552, 0.5294836451719095, 0.5306417121118678, 0.5215738678808177, 0.5328435822502597, 0.51274318365387, 0.5370222702349499, 0.520500728171387, 0.5325261613169869, 0.5159870460356548, 0.5353053532022259, 0.5148740629136781, 0.5083444067191728, 0.5290062662227687, 0.5118982677276318, 0.5276283173115699, 0.5390312610528408, 0.5315380921730628, 0.5268741776218344, 0.5027127234272031, 0.5092316570081117, 0.5447283669924124, 0.5105637162377983, 0.512974969415001, 0.5188513347954103, 0.5274326463977059, 0.5177979232409061, 0.526034223946023, 0.5179931195009322, 2.972208415195619, 0.7253107396892575, 0.8122634208682693, 0.9088564157049298, 0.7984816462565691, 0.6486894427201687, 0.7849613279650063, 0.8053334183963664, 0.6436639742536859, 0.8451270443615896, 0.6887272534134624, 0.748859030750645, 0.6991912556655241, 0.643534331531315, 0.7258880513928312, 0.7815625899003975, 0.6983789295067281, 0.645336179287879, 0.6769558382339966, 0.6443734339305333, 0.6459263208366576, 0.6781181463828454, 0.6898165730547993, 0.5969940986170437, 0.7562653335022839, 0.8333074911173447, 0.7250258634378622, 0.8313658130474579, 0.796127050896704, 0.8889936619189196, 0.6761649885238745, 0.624585339656243, 0.7708880261623816, 0.6921271751651834, 0.6747592973621773, 0.6682334885055765, 0.6067657286212558, 0.6958567126766666, 0.5984262152687534, 0.6757593141807304, 0.6708839412355597, 0.74068520400987, 0.7005765826710851, 0.6819570378942804, 0.7023930660970918, 0.627535913671766, 0.718623623306498, 0.6019731090837346, 0.8617612470637311, 0.7187999453081753, 0.6880118305429871, 0.7290290136695344, 0.6512641170959332, 0.7611042954327859, 0.6816174356273679, 0.6920495188279903, 0.6529797698770251, 0.7150797377794217, 0.6030590002571706, 0.5968993851990053, 0.6477567072098072, 0.7673153486443963, 0.7538264861037006, 0.6826734452238886, 0.5751758270211272, 0.5750928701280238, 0.6653728396682949, 0.5527560598465986, 0.6571241360662621, 0.6274147173423907, 0.5705725809375009, 0.6591423702982319, 0.5526129711460281, 0.6051365316132487, 0.5825906169938517, 0.6408903436128036, 0.647618314067086, 0.6205480598704719, 0.5927443150635604, 0.5842687838025146, 0.5916467361397796, 0.5663978838440262, 0.6990362576075962, 0.5625393244373056, 0.7167667807676853, 0.6239002071894132, 0.5950864142987318, 0.5692344912679204, 0.6432754126660553, 0.6402833066580497, 0.615747292072345, 0.596354332380679, 0.7091314155103523, 0.5839543909161955, 0.5768721156067901, 0.5820202165907555, 0.5425143013725351, 0.6275706612146817, 0.5944159809268001, 0.5373276729723473, 0.7030244250218947, 0.5497882551762647, 0.6789645351769723, 0.5400197277793954, 0.6076975406962873, 0.6136420924803276, 0.5766479923174932, 0.5855826596855681, 0.5517525515713535, 0.6433278419377603, 0.6150260578581702, 0.5847710338267651, 0.5642066837012113, 0.5845605332554479, 0.6220939227076241, 0.5383427420378605, 0.5460198183199425, 0.5765041636896657, 0.5615772125703511, 0.5977112916144696, 0.553532579442957, 0.5482414954311245, 0.5533053389180711, 0.55129943051181, 0.5494766048677675, 0.6359926288599497, 0.6430695274155656, 0.5874881552252578, 0.6251096866288028, 0.5491268217781962, 0.5501665610533494, 0.6009904987864442, 0.6120857863854139, 0.6718428647998489, 0.5712229018901294, 0.6499908541366731, 0.5959277573304299, 0.5811052835467971, 0.5850843849417927, 0.5644443549297669, 0.5796236753900409, 0.6068373074680021, 0.5598189204167097, 0.5294989774297009, 0.5462073467589996, 0.6126037407052386, 0.5631934620521881, 0.57500978856733, 0.6012659457140354, 0.6044288285267658, 0.582634910777375, 0.5700766642888387, 0.56891101478657, 0.5474873446064554, 0.5913540151093032, 0.564744464425377, 0.5292410197712126, 0.5472889580787756, 0.5409367926173158, 0.5403469451617845, 0.5251738607010126, 0.5818974394283015, 0.6182921663090423, 0.547948685430345, 0.5518458450670207, 0.5337267131595821, 0.596498579114348, 0.5689528584480286, 0.6029911511765295, 0.5472902611935095, 0.512469443209442, 0.5399519950697274, 0.5248455441260076, 0.562865192091072, 0.58146402938462, 0.5334251541576106, 0.522083132039933, 0.543668344671473, 0.5389094121290214, 0.5305634976088346, 0.537028771507871, 0.56255960890225, 0.5213247579096001, 0.5611609840567732, 0.5458089373050592, 0.5490606689191126, 0.5195030820020389, 0.5072169652133635, 0.5409188455059415, 0.5121134456260737, 0.5180961581376883, 0.56059402685899, 0.5370421479473184, 0.5129631947685074, 0.540277823314562, 0.5664073217919458, 0.543169943185953, 0.5213351615400978, 0.5359989464719653, 0.5693718257186177, 0.5202279877968323, 0.542602484479492, 0.538743773441175, 0.5302729361004882, 0.520358668469684, 0.5569387089201819, 0.5370280703345498, 0.5250791027432397, 0.5380715664489802, 0.5247174033096859, 0.5256592612781804, 0.5441673520283822, 0.5292456052897178, 0.5207551704658256, 0.517754289256784, 0.5275732944736551, 0.5521214743018587, 0.5537497218930241, 0.5644295719953684, 0.5533413773491269, 0.5571182064521008, 0.5224933109003982, 0.5241791871222821, 0.5387109433993315, 0.5367500759088076, 0.5488425655897721, 0.5184437555052859, 0.5262924531003931, 0.5367892886692788, 0.5157621505059602, 0.5174356486116137, 0.5222433866598667, 0.5720796763023615, 0.5215501099715739, 0.5168347257179219, 0.5291235276630947, 0.5090368004727276, 0.5203232577432206, 0.5265851065571054, 0.50662627412286, 0.5187181898089119, 0.524536750364653, 0.5313251821986048, 0.54363819421866, 0.5070084859599997, 0.5050559935770629, 0.5170915310199444, 0.5157617010694721, 0.5342300260241651, 0.5391597569862128, 0.5169874188445863]
       best_so_far: [0.7006614708201789, 0.6611667967541314, 0.6611667967541314, 0.6611667967541314, 0.6548464531863566, 0.6548464531863566, 0.6548464531863566, 0.6548464531863566, 0.6548464531863566, 0.6548464531863566, 0.6548464531863566, 0.6548464531863566, 0.6548464531863566, 0.6548464531863566, 0.6548464531863566, 0.6548464531863566, 0.6548464531863566, 0.6548464531863566, 0.6548464531863566, 0.6548464531863566, 0.6548464531863566, 0.6548464531863566, 0.6548464531863566, 0.6548464531863566, 0.6548464531863566, 0.6548464531863566, 0.6548464531863566, 0.6548464531863566, 0.6548464531863566, 0.6548464531863566, 0.6548464531863566, 0.6548464531863566, 0.6548464531863566, 0.6548464531863566, 0.6548464531863566, 0.6548464531863566, 0.6548464531863566, 0.6548464531863566, 0.6548464531863566, 0.6548464531863566, 0.6548464531863566, 0.6548464531863566, 0.6548464531863566, 0.6548464531863566, 0.6548464531863566, 0.6548464531863566, 0.6548464531863566, 0.6548464531863566, 0.6548464531863566, 0.6548464531863566, 0.6515150582179045, 0.6515150582179045, 0.6515150582179045, 0.6515150582179045, 0.6515150582179045, 0.6515150582179045, 0.6515150582179045, 0.6515150582179045, 0.6515150582179045, 0.6515150582179045, 0.6515150582179045, 0.6515150582179045, 0.6515150582179045, 0.6515150582179045, 0.6515150582179045, 0.6515150582179045, 0.6515150582179045, 0.6515150582179045, 0.6515150582179045, 0.6515150582179045, 0.6515150582179045, 0.6515150582179045, 0.6515150582179045, 0.6515150582179045, 0.6515150582179045, 0.6515150582179045, 0.6515150582179045, 0.6515150582179045, 0.6515150582179045, 0.636703977108875, 0.6286138213161148, 0.6286138213161148, 0.6286138213161148, 0.6286138213161148, 0.6286138213161148, 0.6286138213161148, 0.6286138213161148, 0.6286138213161148, 0.6286138213161148, 0.6286138213161148, 0.6286138213161148, 0.6286138213161148, 0.6286138213161148, 0.6245131412923555, 0.6245131412923555, 0.6245131412923555, 0.6245131412923555, 0.6245131412923555, 0.6245131412923555, 0.6245131412923555, 0.6245131412923555, 0.6245131412923555, 0.6245131412923555, 0.6245131412923555, 0.6245131412923555, 0.6245131412923555, 0.6245131412923555, 0.6245131412923555, 0.6054115868531741, 0.6054115868531741, 0.6054115868531741, 0.6054115868531741, 0.6054115868531741, 0.6054115868531741, 0.6054115868531741, 0.6054115868531741, 0.6054115868531741, 0.6054115868531741, 0.6054115868531741, 0.6054115868531741, 0.6054115868531741, 0.6054115868531741, 0.6054115868531741, 0.6054115868531741, 0.6054115868531741, 0.6054115868531741, 0.6054115868531741, 0.6054115868531741, 0.6054115868531741, 0.6054115868531741, 0.6054115868531741, 0.6054115868531741, 0.6054115868531741, 0.6054115868531741, 0.6054115868531741, 0.6054115868531741, 0.6013610354273311, 0.6013610354273311, 0.6013610354273311, 0.6013610354273311, 0.6013610354273311, 0.6013610354273311, 0.6013610354273311, 0.6013610354273311, 0.6013610354273311, 0.6013610354273311, 0.6013610354273311, 0.6013610354273311, 0.6013610354273311, 0.6013610354273311, 0.6013610354273311, 0.6013610354273311, 0.6013610354273311, 0.6013610354273311, 0.6013610354273311, 0.6013610354273311, 0.6013610354273311, 0.5902880822127555, 0.5902880822127555, 0.5902880822127555, 0.5902880822127555, 0.5902880822127555, 0.5902880822127555, 0.5902880822127555, 0.5902880822127555, 0.5902880822127555, 0.5902880822127555, 0.5902880822127555, 0.5902880822127555, 0.5902880822127555, 0.5902880822127555, 0.5902880822127555, 0.5902880822127555, 0.5902880822127555, 0.5902880822127555, 0.5902880822127555, 0.5902880822127555, 0.5902880822127555, 0.5902880822127555, 0.5902880822127555, 0.5902880822127555, 0.5902880822127555, 0.5902880822127555, 0.5902880822127555, 0.5902880822127555, 0.5902880822127555, 0.5902880822127555, 0.5902880822127555, 0.5902880822127555, 0.5902880822127555, 0.5902880822127555, 0.5902880822127555, 0.5902880822127555, 0.5902880822127555, 0.5902880822127555, 0.5902880822127555, 0.5902880822127555, 0.5902880822127555, 0.5902880822127555, 0.5902880822127555, 0.5902880822127555, 0.5902880822127555, 0.5902880822127555, 0.581488596650707, 0.581488596650707, 0.581488596650707, 0.581488596650707, 0.581488596650707, 0.581488596650707, 0.581488596650707, 0.581488596650707, 0.581488596650707, 0.581488596650707, 0.581488596650707, 0.581488596650707, 0.581488596650707, 0.581488596650707, 0.581488596650707, 0.581488596650707, 0.581488596650707, 0.581488596650707, 0.581488596650707, 0.581488596650707, 0.581488596650707, 0.581488596650707, 0.581488596650707, 0.581488596650707, 0.581488596650707, 0.581488596650707, 0.581488596650707, 0.581488596650707, 0.581488596650707, 0.581488596650707, 0.581488596650707, 0.581488596650707, 0.581488596650707, 0.581488596650707, 0.581488596650707, 0.581488596650707, 0.581488596650707, 0.581488596650707, 0.581488596650707, 0.581488596650707, 0.581488596650707, 0.581488596650707, 0.581488596650707, 0.581488596650707, 0.581488596650707, 0.581488596650707, 0.581488596650707, 0.581488596650707, 0.581488596650707, 0.581488596650707, 0.581488596650707, 0.581488596650707, 0.581488596650707, 0.581488596650707, 0.581488596650707, 0.581488596650707, 0.581488596650707, 0.581488596650707, 0.581488596650707, 0.581488596650707, 0.581488596650707, 0.581488596650707, 0.581488596650707, 0.581488596650707, 0.581488596650707, 0.581488596650707, 0.581488596650707, 0.581488596650707, 0.581488596650707, 0.581488596650707, 0.581488596650707, 0.581488596650707, 0.581488596650707, 0.5749389226838346, 0.5749389226838346, 0.5749389226838346, 0.5749389226838346, 0.5749389226838346, 0.5749389226838346, 0.5749389226838346, 0.5749389226838346, 0.5749389226838346, 0.5749389226838346, 0.5749389226838346, 0.5749389226838346, 0.5749389226838346, 0.5749389226838346, 0.5749389226838346, 0.5749389226838346, 0.5749389226838346, 0.5749389226838346, 0.5749389226838346, 0.5749389226838346, 0.5749389226838346, 0.5749389226838346, 0.5749389226838346, 0.5749389226838346, 0.5749389226838346, 0.5741054116587936, 0.5741054116587936, 0.5741054116587936, 0.5741054116587936, 0.5741054116587936, 0.5741054116587936, 0.5741054116587936, 0.5741054116587936, 0.5741054116587936, 0.5741054116587936, 0.5741054116587936, 0.5741054116587936, 0.5741054116587936, 0.5741054116587936, 0.5741054116587936, 0.5740535978650873, 0.5740535978650873, 0.5740535978650873, 0.5740535978650873, 0.5740535978650873, 0.5740535978650873, 0.5740535978650873, 0.5740535978650873, 0.5740535978650873, 0.5740535978650873, 0.5740535978650873, 0.5740535978650873, 0.5740535978650873, 0.5740535978650873, 0.5740535978650873, 0.5740535978650873, 0.5740535978650873, 0.5740535978650873, 0.5740535978650873, 0.5740535978650873, 0.5700581597757863, 0.5700581597757863, 0.5700581597757863, 0.5700581597757863, 0.5700581597757863, 0.5700581597757863, 0.5700581597757863, 0.5700581597757863, 0.5700581597757863, 0.5700581597757863, 0.5700581597757863, 0.5700581597757863, 0.5700581597757863, 0.5700581597757863, 0.5700581597757863, 0.5700581597757863, 0.5700581597757863, 0.5700581597757863, 0.5700581597757863, 0.5700581597757863, 0.5700581597757863, 0.5700581597757863, 0.5700581597757863, 0.5700581597757863, 0.5700581597757863, 0.5700581597757863, 0.5700581597757863, 0.5700581597757863, 0.5620590929801648, 0.5616294098642719, 0.5616294098642719, 0.5606216559043298, 0.5606216559043298, 0.5606216559043298, 0.5606216559043298, 0.5541472632588048, 0.5541472632588048, 0.5541472632588048, 0.5541472632588048, 0.5541472632588048, 0.5541472632588048, 0.5541472632588048, 0.5541472632588048, 0.5541472632588048, 0.5541472632588048, 0.5520708253095438, 0.5520708253095438, 0.5520708253095438, 0.5520708253095438, 0.5520708253095438, 0.5520708253095438, 0.5520708253095438, 0.548625349125146, 0.5485738888109997, 0.5485738888109997, 0.5485738888109997, 0.5485738888109997, 0.5485738888109997, 0.5485738888109997, 0.5485738888109997, 0.5485738888109997, 0.5485738888109997, 0.5468485654492081, 0.5468485654492081, 0.5468485654492081, 0.5468485654492081, 0.5468485654492081, 0.5468485654492081, 0.5468485654492081, 0.5468485654492081, 0.5464196459495978, 0.5464196459495978, 0.5464196459495978, 0.5464196459495978, 0.5437280275882819, 0.5387544828456837, 0.5387544828456837, 0.5387544828456837, 0.5387544828456837, 0.5387544828456837, 0.5387544828456837, 0.5387544828456837, 0.5387544828456837, 0.5387544828456837, 0.5387544828456837, 0.5387544828456837, 0.5387544828456837, 0.5387544828456837, 0.5387544828456837, 0.5387544828456837, 0.5387544828456837, 0.5387446154386569, 0.5387446154386569, 0.5387446154386569, 0.5387446154386569, 0.5387446154386569, 0.5387446154386569, 0.5387446154386569, 0.5387446154386569, 0.5387446154386569, 0.5387446154386569, 0.5387446154386569, 0.5387446154386569, 0.5387446154386569, 0.5387446154386569, 0.5387446154386569, 0.5387446154386569, 0.5387446154386569, 0.5387446154386569, 0.5387446154386569, 0.5387446154386569, 0.5387446154386569, 0.5374064186772147, 0.5374064186772147, 0.5374064186772147, 0.5374064186772147, 0.5374064186772147, 0.5337875446120461, 0.5337875446120461, 0.5337875446120461, 0.5337875446120461, 0.5337875446120461, 0.5337875446120461, 0.5337875446120461, 0.5337875446120461, 0.5337875446120461, 0.5337875446120461, 0.5337875446120461, 0.5337875446120461, 0.5337875446120461, 0.5337875446120461, 0.5337875446120461, 0.5337875446120461, 0.5337875446120461, 0.5337875446120461, 0.5337875446120461, 0.5327286311994979, 0.5327286311994979, 0.5327286311994979, 0.5327286311994979, 0.5327286311994979, 0.5327286311994979, 0.5327286311994979, 0.5327286311994979, 0.5320018849748395, 0.5320018849748395, 0.5320018849748395, 0.5320018849748395, 0.5320018849748395, 0.5320018849748395, 0.5320018849748395, 0.5320018849748395, 0.5320018849748395, 0.529315343706599, 0.529315343706599, 0.5289803585071704, 0.5289803585071704, 0.5289803585071704, 0.5289803585071704, 0.5289803585071704, 0.5289803585071704, 0.5289803585071704, 0.5289803585071704, 0.5289803585071704, 0.5289803585071704, 0.5289803585071704, 0.5273571465259943, 0.5266278970154213, 0.5266278970154213, 0.5261429627954741, 0.5261429627954741, 0.5261429627954741, 0.5261336380527133, 0.5261336380527133, 0.5261336380527133, 0.5261336380527133, 0.5261336380527133, 0.5241748292149205, 0.5241748292149205, 0.5241748292149205, 0.5241748292149205, 0.5235131438616868, 0.5235131438616868, 0.5235131438616868, 0.5235131438616868, 0.5235131438616868, 0.5235131438616868, 0.5235131438616868, 0.5235131438616868, 0.5235131438616868, 0.5224007591878101, 0.5224007591878101, 0.5224007591878101, 0.5218830313874688, 0.5210240931956323, 0.5210240931956323, 0.5210240931956323, 0.5210014626438364, 0.5210014626438364, 0.5210014626438364, 0.5208199584222102, 0.519891585404183, 0.519891585404183, 0.519891585404183, 0.519891585404183, 0.519891585404183, 0.519891585404183, 0.519891585404183, 0.519891585404183, 0.519891585404183, 0.519891585404183, 0.519891585404183, 0.519891585404183, 0.519891585404183, 0.519891585404183, 0.519891585404183, 0.519891585404183, 0.5186373798838465, 0.5185778977233412, 0.5185778977233412, 0.5185778977233412, 0.5185778977233412, 0.5185778977233412, 0.5185778977233412, 0.5185778977233412, 0.5184080462097685, 0.5182351076995934, 0.5182351076995934, 0.5182351076995934, 0.5182351076995934, 0.5182351076995934, 0.5182351076995934, 0.5182351076995934, 0.5182351076995934, 0.5182351076995934, 0.5182351076995934, 0.5182351076995934, 0.5182351076995934, 0.5182351076995934, 0.5181693106125562, 0.5177964544121599, 0.5164815510585631, 0.5164815510585631, 0.5164815510585631, 0.5164815510585631, 0.5164815510585631, 0.5164815510585631, 0.5164815510585631, 0.5164815510585631, 0.5164815510585631, 0.5164815510585631, 0.5164815510585631, 0.5164815510585631, 0.5164815510585631, 0.5164815510585631, 0.5164815510585631, 0.5164815510585631, 0.5164815510585631, 0.5164815510585631, 0.5149437431450729, 0.5149437431450729, 0.5146525966160463, 0.5146525966160463, 0.5140290866186331, 0.5140290866186331, 0.5134956654393192, 0.5134956654393192, 0.5134956654393192, 0.5134956654393192, 0.5134956654393192, 0.5134956654393192, 0.5134956654393192, 0.5134956654393192, 0.5130917939729306, 0.5130917939729306, 0.5126182864873837, 0.5122265955467364, 0.5122265955467364, 0.5122265955467364, 0.5122265955467364, 0.5122265955467364, 0.5122265955467364, 0.5122265955467364, 0.5122265955467364, 0.5122265955467364, 0.5122265955467364, 0.5114519647407881, 0.5113573773003324, 0.5113573773003324, 0.5113573773003324, 0.5100086638123997, 0.5100086638123997, 0.5100086638123997, 0.5100086638123997, 0.5095206802581256, 0.5095206802581256, 0.5095206802581256, 0.5095206802581256, 0.5093936749867031, 0.509313777580366, 0.5091247516019004, 0.5091247516019004, 0.5091247516019004, 0.5091247516019004, 0.5091247516019004, 0.5091247516019004, 0.5084669424063993, 0.5084669424063993, 0.5084669424063993, 0.5084669424063993, 0.5084669424063993, 0.5084669424063993, 0.5084669424063993, 0.5084669424063993, 0.5078756895475772, 0.5078756895475772, 0.5077279439339271, 0.5077253415252699, 0.5077253415252699, 0.5077253415252699, 0.5077253415252699, 0.5077253415252699, 0.5077253415252699, 0.50658322537775, 0.5063854451581236, 0.5063854451581236, 0.5063854451581236, 0.5063854451581236, 0.5063854451581236, 0.5061887338921264, 0.5061887338921264, 0.5061887338921264, 0.5061887338921264, 0.5061887338921264, 0.5061887338921264, 0.5061887338921264, 0.5060956092762859, 0.5060679888550615, 0.5057707467140296, 0.5057707467140296, 0.5057707467140296, 0.5057707467140296, 0.5057707467140296, 0.5054997657681559, 0.5051601696145404, 0.5051601696145404, 0.5046409393623198, 0.5046409393623198, 0.5046409393623198, 0.5046409393623198, 0.5046409393623198, 0.5046409393623198, 0.5046409393623198, 0.5046409393623198, 0.5046409393623198, 0.5045707961578509, 0.5044150411427676, 0.5041740221199972, 0.5035231183300088, 0.5035231183300088, 0.5035231183300088, 0.5034437858578049, 0.5034437858578049, 0.5034304409673362, 0.5034304409673362, 0.5034118940978697, 0.5030959329325637, 0.5030959329325637, 0.5025715270103552, 0.5025089662590306, 0.5025089662590306, 0.5025089662590306, 0.5025089662590306, 0.5025089662590306, 0.5025089662590306, 0.5025089662590306, 0.5025089662590306, 0.5025089662590306, 0.5024696971688952, 0.5021739212366251, 0.5019725681224585, 0.5019725681224585, 0.5019725681224585, 0.5018779199856979, 0.5018779199856979, 0.5018779199856979, 0.5018779199856979, 0.5018779199856979, 0.5013123559646118, 0.5013123559646118, 0.5013123559646118, 0.5013123559646118, 0.5013123559646118, 0.5012386832045111, 0.5012386832045111, 0.5009247434663249, 0.5009247434663249, 0.5006510121918424, 0.5006510121918424, 0.5006510121918424, 0.5006510121918424, 0.5006510121918424, 0.5006510121918424, 0.5005368565246736, 0.5005368565246736, 0.5005368565246736, 0.5005368565246736, 0.5001244865930997, 0.5001244865930997, 0.5001244865930997, 0.5001244865930997, 0.5001244865930997, 0.5001244865930997, 0.5001244865930997, 0.5001244865930997, 0.5001244865930997, 0.4997655548455514, 0.4994927691671001, 0.4994927691671001, 0.4994927691671001, 0.4994927691671001, 0.4994927691671001, 0.4994927691671001, 0.4994927691671001, 0.49913577773632145, 0.49913577773632145, 0.49913577773632145, 0.4989247455265059, 0.49878391306915565, 0.49878391306915565, 0.49878391306915565, 0.49878391306915565, 0.49878391306915565, 0.49878391306915565, 0.49851251336244434, 0.49833098479679655, 0.49833098479679655, 0.49788820023065083, 0.49788820023065083, 0.49788820023065083, 0.49788820023065083, 0.49788820023065083, 0.49788820023065083, 0.49788820023065083, 0.49788820023065083, 0.49788820023065083, 0.49788820023065083, 0.49786440782494595, 0.49786440782494595, 0.49786440782494595, 0.49786440782494595, 0.49777075015144906, 0.49777075015144906, 0.49777075015144906, 0.4974903458859021, 0.4974903458859021, 0.4974903458859021, 0.4974903458859021, 0.497454944220218, 0.497454944220218, 0.497454944220218, 0.497454944220218, 0.49736226620254936, 0.49736226620254936, 0.49736226620254936, 0.49736226620254936, 0.49736226620254936, 0.4973561901312608, 0.4973561901312608, 0.4973561901312608, 0.4973561901312608, 0.4973561901312608, 0.4973561901312608, 0.4973561901312608, 0.4973561901312608, 0.4973561901312608, 0.49708947670328746, 0.49708947670328746, 0.49708947670328746, 0.49708947670328746, 0.49708947670328746, 0.496725503996615, 0.496725503996615, 0.496725503996615, 0.4965734442511758, 0.4965734442511758, 0.4965734442511758, 0.4964848049394377, 0.4963770852639125, 0.4963770852639125, 0.49635492478098187, 0.49635492478098187, 0.49635492478098187, 0.49635492478098187, 0.4962218776072338, 0.4962218776072338, 0.4962218776072338, 0.4962218776072338, 0.4962218776072338, 0.49606692998400537, 0.49606692998400537, 0.49606692998400537, 0.49606692998400537, 0.49606692998400537, 0.49606692998400537, 0.4959661444246551, 0.4959104055668408, 0.4959104055668408, 0.4959104055668408, 0.4959104055668408, 0.4959104055668408, 0.4959104055668408, 0.4959104055668408, 0.4959104055668408, 0.4959104055668408, 0.4959104055668408, 0.4959104055668408, 0.4958698482085497, 0.4957152359433227, 0.4957152359433227, 0.4957152359433227, 0.4957152359433227, 0.4957152359433227, 0.49565451376604075, 0.49565451376604075, 0.49565451376604075, 0.49565451376604075, 0.49565451376604075, 0.49565451376604075, 0.4955724348952045, 0.4955724348952045, 0.4955474094593481, 0.4955366873915816, 0.4955340728654966, 0.4955340728654966, 0.4954673183924986, 0.4954673183924986, 0.4954673183924986, 0.4953272352506826, 0.4953272352506826, 0.4953272352506826, 0.4953272352506826, 0.4953272352506826, 0.4953272352506826, 0.4953272352506826, 0.49513358838392263, 0.49513358838392263, 0.4950938059951796, 0.4950938059951796, 0.4950938059951796, 0.4950938059951796, 0.4950938059951796, 0.4950807304172726, 0.4950807304172726, 0.4950462024072151, 0.4950462024072151, 0.4949038144433018, 0.4948241581846943, 0.4948241581846943, 0.4948241581846943, 0.4948241581846943, 0.4948241581846943, 0.49472072600445033, 0.49472072600445033, 0.4946742493372697, 0.4946402689039489, 0.4945158329638806, 0.4945158329638806, 0.4945158329638806, 0.49440841425906173, 0.49440841425906173, 0.49440841425906173, 0.49434149778369585, 0.49434149778369585, 0.49434149778369585, 0.49434149778369585, 0.49434149778369585, 0.49434149778369585, 0.49434149778369585, 0.49434149778369585, 0.49418060039425943, 0.49418060039425943, 0.49406329015672423, 0.49406329015672423, 0.49406329015672423, 0.49406329015672423, 0.49406329015672423, 0.49406329015672423, 0.49406329015672423, 0.4940407510860499, 0.49391840895016986, 0.49388950277160815, 0.49388950277160815, 0.49388950277160815, 0.49388950277160815, 0.49388084961817813, 0.49388084961817813, 0.49388084961817813, 0.49388084961817813, 0.49388084961817813, 0.4935788675978944, 0.4935788675978944, 0.4935788675978944, 0.4935788675978944, 0.4935788675978944, 0.4935788675978944, 0.4934604592594035, 0.4934604592594035, 0.493459199265246, 0.493459199265246, 0.493459199265246, 0.4934021051113422, 0.4933942416648725, 0.4933942416648725, 0.4933942416648725, 0.4933942416648725, 0.4933942416648725, 0.4933942416648725, 0.4933942416648725, 0.49338719991100577, 0.49338719991100577, 0.49338719991100577, 0.49338719991100577, 0.4933609481041248, 0.4932527371815273, 0.4932527371815273, 0.4932527371815273, 0.49319295841695626, 0.49319295841695626, 0.49306461433351256, 0.49306461433351256, 0.49306461433351256, 0.49306461433351256, 0.49305688374208445, 0.49305688374208445, 0.49305688374208445, 0.49305688374208445, 0.49305688374208445, 0.49305688374208445, 0.49305688374208445, 0.49305688374208445, 0.4929259241500617, 0.4929259241500617, 0.49276831669685167, 0.49276831669685167, 0.49269887990567274, 0.4926380828405038, 0.4926380828405038, 0.4926354499745282, 0.4926354499745282, 0.4926354499745282, 0.4925769873154469, 0.4925769873154469, 0.49246965976425144, 0.49246965976425144, 0.49246185013662763, 0.49246185013662763, 0.49246185013662763, 0.49242361211951396, 0.49242361211951396, 0.49242361211951396, 0.49242361211951396, 0.49242126384934226, 0.49242126384934226, 0.49242126384934226, 0.49242126384934226, 0.49242126384934226, 0.49235552036281904, 0.49235552036281904, 0.4923071666951581, 0.4923071666951581, 0.4922710733535962, 0.49226146990999636, 0.49223550924888027, 0.49223550924888027, 0.49223550924888027, 0.4921891715500381, 0.4921891715500381, 0.4921891715500381, 0.4921891715500381, 0.49218645211541173, 0.49218645211541173, 0.49218645211541173, 0.49218645211541173, 0.49218645211541173, 0.49218645211541173, 0.4921849279394953, 0.49210330833008875, 0.49202654038593446, 0.49202654038593446, 0.4919883401402624, 0.4919739204011994, 0.4919739204011994, 0.4919739204011994, 0.4919739204011994, 0.4919547996459863, 0.49193053869974046, 0.49193053869974046, 0.4919211105767624, 0.49191055476883827, 0.49185172531194304, 0.49185172531194304, 0.4917811361642984, 0.4917811361642984, 0.4917811361642984, 0.4917811361642984, 0.4917811361642984, 0.4917811361642984, 0.49174414078394574, 0.49174414078394574, 0.49174414078394574, 0.49174414078394574, 0.49174414078394574, 0.49174414078394574, 0.49174414078394574, 0.49174414078394574, 0.49174414078394574, 0.49174414078394574, 0.49174414078394574, 0.49172947989715327, 0.49170907174711265, 0.4916399876713316, 0.49161883555489144, 0.49161883555489144, 0.49155906017446693, 0.49147593396487255, 0.49145380972505925, 0.49145380972505925, 0.49145380972505925, 0.4914281232889755, 0.4914281232889755, 0.4914187791146638, 0.4914187791146638, 0.4913965624112349, 0.4913965624112349, 0.49137023233232047, 0.49137023233232047, 0.4912947585512867, 0.4912947585512867, 0.4912947585512867, 0.4912947585512867, 0.4912947585512867, 0.4912947585512867, 0.49123807147745685, 0.4912038525163909, 0.4912038525163909, 0.4912038525163909, 0.4911246189485976, 0.4911246189485976, 0.4911246189485976, 0.4911246189485976, 0.49102903187493263, 0.49102903187493263, 0.49102903187493263, 0.49102903187493263, 0.49099767229932567, 0.4909589937973372, 0.4909589937973372, 0.4909589937973372, 0.4909464824985672, 0.4909464824985672, 0.4909378877489558, 0.4909378877489558, 0.4908917391256535, 0.4908917391256535, 0.4908917391256535, 0.49087201107989303, 0.49087201107989303, 0.4908685497530214, 0.4908685497530214, 0.49086227598207777, 0.49086227598207777, 0.49082905971086943, 0.4908152034867814, 0.49081376849950015, 0.49081376849950015, 0.4907820082846142, 0.4907759271916889, 0.4907200737095578, 0.4907200737095578, 0.49068838019510763, 0.4906683887317504, 0.4906683887317504, 0.4906683887317504, 0.4906683887317504, 0.4906683887317504, 0.4906391435927087, 0.49057444100414876, 0.49056996945496445, 0.49056996945496445, 0.49056996945496445, 0.49056996945496445, 0.49052826585350456, 0.49052826585350456, 0.49052826585350456, 0.49052444384211585, 0.49052444384211585, 0.49052444384211585, 0.4905189152383979, 0.4905189152383979, 0.4905189152383979, 0.4905189152383979, 0.4904899802400079, 0.4904899802400079, 0.4904899802400079, 0.4904899802400079, 0.49046914743416475, 0.49045142454978746, 0.49043462772072455, 0.49041615442915276, 0.49041615442915276, 0.49040465651850995, 0.49040465651850995, 0.49040465651850995, 0.4903962245354286, 0.4903962245354286, 0.4903962245354286, 0.4903962245354286, 0.49036408900777934, 0.4903540211719471, 0.4903540211719471, 0.4903540211719471, 0.4903540211719471, 0.4903540211719471, 0.4903540211719471, 0.4903540211719471, 0.4903540211719471, 0.4903540211719471, 0.4903540211719471, 0.4903540211719471, 0.4903540211719471, 0.4903540211719471, 0.490347520444856, 0.490347520444856, 0.49033000956088196, 0.49033000956088196, 0.49032220309907265, 0.49031079808870953, 0.49031079808870953, 0.490280630496832, 0.49026704140198535, 0.49026704140198535, 0.49025168043353184, 0.49025168043353184, 0.49025168043353184, 0.49025168043353184, 0.4902501689208733, 0.4902501689208733, 0.49024822947743174, 0.49024822947743174, 0.49024822947743174, 0.49024822947743174, 0.49024822947743174, 0.49024822947743174, 0.49022074114708675, 0.49022074114708675, 0.49022074114708675, 0.49022074114708675, 0.49021416902542114, 0.49021416902542114, 0.49021416902542114, 0.4901801769113366, 0.4901801769113366, 0.49016786418554986, 0.49016786418554986, 0.49016786418554986, 0.4901391143327231, 0.4901212902514489, 0.49011592594258513, 0.4901121661558256, 0.4900990280257913, 0.4900990280257913, 0.4900990280257913, 0.4900862311487233, 0.4900862311487233, 0.4900862311487233, 0.4900862311487233, 0.49008078005287675, 0.4900708673419533, 0.4900708673419533, 0.4900708673419533, 0.4900708673419533, 0.4900708673419533, 0.4900708673419533, 0.4900708673419533, 0.4900643302625789, 0.4900643302625789, 0.4900643302625789, 0.4900643302625789, 0.4900643302625789, 0.49006209399673967, 0.4900471234059596, 0.4900471234059596, 0.49003024557571273, 0.49003024557571273, 0.49003024557571273, 0.49003024557571273, 0.4900278389017224, 0.4900278389017224, 0.4900278389017224, 0.4900278389017224, 0.4900278389017224, 0.4900226145436912, 0.4900226145436912, 0.4900226145436912, 0.48999681719493515, 0.48999681719493515, 0.48999681719493515, 0.4899802177380293, 0.4899802177380293, 0.4899607679564438, 0.4899340952054048, 0.4899340952054048, 0.489920790378864, 0.489920790378864, 0.4899024026734488, 0.48989805502769274, 0.48987688904716853, 0.4898520673150981, 0.4898520673150981, 0.4898520673150981, 0.4898520673150981, 0.4898520673150981, 0.48983935176671206, 0.48982205572145765, 0.48982205572145765, 0.4898109551751133, 0.4898109551751133, 0.48978552855414786, 0.4897768409042568, 0.48976606130599976, 0.48976606130599976, 0.48974881842459517, 0.4897485375404358, 0.4897485375404358, 0.4897485375404358, 0.4897485375404358, 0.4897485375404358, 0.4897485375404358, 0.48972819237918647, 0.48972819237918647, 0.48972819237918647, 0.4897247396764301, 0.4897170488214318, 0.4897038412618113, 0.4896713977768308, 0.4896713977768308, 0.4896588544924181, 0.4896550048620273, 0.4896550048620273, 0.4896550048620273, 0.4896550048620273, 0.4896550048620273, 0.4896483086186014, 0.48964153497647017, 0.48964153497647017, 0.48964153497647017, 0.48964153497647017, 0.48963250116114215, 0.48962797208146736, 0.48962797208146736, 0.4896108581251277, 0.4896108581251277, 0.4896108581251277, 0.48960617577636634, 0.48960617577636634, 0.4895894262161884, 0.4895851840248038, 0.4895851840248038, 0.4895851840248038, 0.4895851840248038, 0.4895851840248038, 0.48957878514960573, 0.48957878514960573, 0.48957878514960573, 0.489578006140915, 0.489578006140915, 0.489578006140915, 0.489578006140915, 0.4895702776236412, 0.4895702776236412, 0.4895702776236412, 0.4895702776236412, 0.4895702776236412, 0.48956831099786163, 0.48956831099786163, 0.48956831099786163, 0.48956831099786163, 0.48955511293568454, 0.48955511293568454, 0.48954051907682594, 0.48954051907682594, 0.48953752508966913, 0.48953752508966913, 0.4895320595839085, 0.48952637902109614, 0.48951165809299485, 0.48951165809299485, 0.48950663176211684, 0.48950663176211684, 0.48950663176211684, 0.4895015037976779, 0.4895015037976779, 0.4895015037976779, 0.48949908642541795, 0.48949908642541795, 0.48949908642541795, 0.48949224258953833, 0.48949224258953833, 0.48949224258953833, 0.4894818672330388, 0.4894818672330388, 0.4894818672330388, 0.48948125524835273, 0.48948125524835273, 0.48948125524835273, 0.48948125524835273, 0.48948125524835273, 0.48948125524835273, 0.48948125524835273, 0.4894787950830145, 0.4894787950830145, 0.4894787950830145, 0.4894745654457218, 0.4894745654457218, 0.4894745654457218, 0.48947208071803, 0.4894693787499662, 0.4894625357874147, 0.48944746880304246, 0.48944746880304246, 0.48944734282545993, 0.48944734282545993, 0.4894436600007417, 0.48943567745414845, 0.48943567745414845, 0.48943567745414845, 0.48943316237830414, 0.4894302167516925, 0.4894302167516925, 0.4894302167516925, 0.4894235985619681, 0.4894235985619681, 0.48941402011738594, 0.4894108875985547, 0.4894108875985547, 0.4894108875985547, 0.4894108875985547, 0.4894108875985547, 0.4894105152332739, 0.48940068363270045, 0.48939410124942934, 0.48939410124942934, 0.4893870832937541, 0.4893770021396679, 0.4893770021396679, 0.4893758569881593, 0.4893758569881593, 0.4893734748765226, 0.48936699947594725, 0.48936699947594725, 0.48936068018277484, 0.48936068018277484, 0.48936068018277484, 0.48936068018277484, 0.48936068018277484, 0.4893513678849398, 0.4893513678849398, 0.4893513678849398, 0.4893513678849398, 0.4893513678849398, 0.489349847420668, 0.4893480328631488, 0.4893480328631488, 0.4893480328631488, 0.4893480328631488, 0.4893480328631488, 0.4893479217321445, 0.4893479217321445, 0.4893479217321445, 0.4893479217321445, 0.48934782555688433, 0.4893461558626685, 0.489340453794151, 0.48933910799550484, 0.48933910799550484, 0.48933321925309986, 0.4893288424600175, 0.48932609060308435, 0.48932609060308435, 0.4893249976329314, 0.4893195907493214, 0.4893105293149913, 0.4893105293149913, 0.4893105293149913, 0.4893105293149913, 0.4893105293149913, 0.4893074340217716, 0.4893074340217716, 0.4893074340217716, 0.4893017195083283, 0.4893017195083283, 0.4893005297079191, 0.4893005297079191, 0.4893005297079191, 0.48929261680924413, 0.4892777517820016, 0.48927721981600525, 0.48927721042772787, 0.48927721042772787, 0.48926876872887104, 0.48926876872887104, 0.48926876872887104, 0.489266472640055, 0.48926555739217625, 0.48926555739217625, 0.4892591052439623, 0.4892591052439623, 0.489256141714124, 0.489256141714124, 0.489252989763742, 0.4892450688959478, 0.4892417474107428, 0.4892417474107428, 0.4892417474107428, 0.48923885865962546, 0.48923885865962546, 0.4892352173179934, 0.4892352173179934, 0.4892352173179934, 0.4892352173179934, 0.489232185341063, 0.48923120339274845, 0.4892254114805997, 0.4892254114805997, 0.4892254114805997, 0.48922296594350767, 0.48922296594350767, 0.48921957273623007, 0.48920969714175216, 0.4892035271876898, 0.4892031918296884, 0.4892031918296884, 0.4892031918296884, 0.48919965965407236, 0.48919247216357414, 0.48919247216357414, 0.4891912675165868, 0.4891912675165868, 0.4891912675165868, 0.48918890734731935, 0.48918785880773497, 0.48918785880773497, 0.48918785880773497, 0.48918785880773497, 0.48918785880773497, 0.48918785880773497, 0.48918477967108565, 0.4891761934364235, 0.4891761934364235, 0.4891761934364235, 0.4891761934364235, 0.48917269237312205, 0.48916703626349733, 0.48916703626349733, 0.48916703626349733, 0.48916521733933754, 0.48916521733933754, 0.48916303642066844, 0.48915863048025976, 0.48915702213734497, 0.48915702213734497, 0.48915254545735787, 0.4891505840715471, 0.48914447394046157, 0.48914447394046157, 0.4891434338066604, 0.4891434338066604, 0.48914216398756144, 0.4891356573655055, 0.48912971862506516, 0.48912971862506516, 0.48912744557027854, 0.48912744557027854, 0.48912744557027854, 0.489126681408166, 0.489126681408166, 0.48912439885593595, 0.48912168171379594, 0.4891209168966873, 0.4891137632476541, 0.48910995324452716, 0.4891072719088404, 0.4891072719088404, 0.4891072719088404, 0.4891072719088404, 0.4891072719088404, 0.4891072719088404, 0.4891072719088404, 0.48910319270231783, 0.489102283786068, 0.48910028288215945, 0.48909200951729936, 0.4890914586655823, 0.4890844504256825, 0.4890844504256825, 0.4890837854954786, 0.4890837854954786, 0.4890837854954786, 0.4890808920502226, 0.4890773024532821, 0.4890769613094819, 0.4890769613094819, 0.4890769613094819, 0.4890769613094819, 0.48907600599767526, 0.4890729796973777, 0.4890729796973777, 0.48906910233881884, 0.4890656987607697, 0.48906222444314223, 0.48906069677391334, 0.48906069677391334, 0.48905574893340087, 0.48905574893340087, 0.48905044946915066, 0.48905044946915066, 0.4890434648091103, 0.48904339090371746, 0.4890382750567062, 0.4890367560115926, 0.4890367560115926, 0.4890357689324753, 0.48903566828140843, 0.48903566828140843, 0.48903566828140843, 0.489034897896833, 0.48903387293710815, 0.48903387293710815, 0.48903387293710815, 0.48903145840316464, 0.489028363764941, 0.489028363764941, 0.489028363764941, 0.4890274595428299, 0.4890274595428299, 0.4890274595428299, 0.4890274595428299, 0.4890274595428299, 0.4890274595428299, 0.4890274595428299, 0.4890245168637007, 0.4890245168637007, 0.4890232923484984, 0.4890232923484984, 0.48902029672385133, 0.48902029672385133, 0.48902029672385133, 0.48902000132061185, 0.48902000132061185, 0.48901942645237123, 0.48901942645237123, 0.48901942645237123, 0.48901942645237123, 0.48901942645237123, 0.48901942645237123, 0.48901942645237123, 0.48901942645237123, 0.48901942645237123, 0.489018922323709, 0.489018922323709, 0.48901818010396575, 0.48901818010396575, 0.48901818010396575, 0.48901818010396575, 0.48901818010396575, 0.4890170387732677, 0.4890164348668668, 0.48901300094066524, 0.48901300094066524, 0.48901007649226064, 0.48901007649226064, 0.48901007649226064, 0.4890034196577666, 0.4890034196577666, 0.48900025668161695, 0.488999835955791, 0.48899904941464517, 0.4889960575016427, 0.48899597093299196, 0.48899597093299196, 0.48899597093299196, 0.48899597093299196, 0.48899597093299196, 0.48899151106457134, 0.48899151106457134, 0.48899151106457134, 0.48899151106457134, 0.4889907119693337, 0.4889907119693337, 0.4889891708726848, 0.4889891708726848, 0.4889891708726848, 0.4889889237208244, 0.4889889237208244, 0.4889889237208244, 0.4889888809277461, 0.4889883380451482, 0.4889883380451482, 0.4889883380451482, 0.4889883380451482, 0.4889870362404065, 0.488986794874345, 0.488986794874345, 0.488986794874345, 0.488986794874345, 0.488986794874345, 0.48898611891837346, 0.4889859398861071, 0.488984865801675, 0.488984865801675, 0.488984865801675, 0.48898321051737326, 0.48898321051737326, 0.48898321051737326, 0.4889800678461026, 0.48897943108073083, 0.48897934560374023, 0.48897899092335406, 0.48897899092335406, 0.48897899092335406, 0.4889751194597601, 0.48897355008911303, 0.48897355008911303, 0.4889716828044081, 0.48896868936308135, 0.48896464781883436, 0.48896464781883436, 0.48896464781883436, 0.48896464781883436, 0.48896338978966514, 0.4889626332691738, 0.48896115723547046, 0.48896115723547046, 0.4889598461516174, 0.4889598461516174, 0.4889595389584482, 0.488958987670067, 0.488958987670067, 0.488958987670067, 0.488958987670067, 0.488958987670067, 0.488958987670067, 0.488958987670067, 0.488958987670067, 0.48895561607766064, 0.4889539041361966, 0.4889539041361966, 0.48895146820571395, 0.4889498413045764, 0.4889498413045764, 0.4889488882852561, 0.4889483827374357, 0.4889483827374357, 0.4889468810497186, 0.4889452914833586, 0.4889452914833586, 0.4889452914833586, 0.488944764538999, 0.488944764538999, 0.488944764538999, 0.488944764538999, 0.488944764538999, 0.4889422057967483, 0.4889422057967483, 0.4889422057967483, 0.48893910766521215, 0.48893910766521215, 0.48893910766521215, 0.48893910766521215, 0.48893910766521215, 0.48893910766521215, 0.4889386963276636, 0.4889386963276636, 0.4889386963276636, 0.4889386963276636, 0.4889386963276636, 0.4889386963276636, 0.4889381738591107, 0.48893769352863997, 0.48893769352863997, 0.4889374302202092, 0.4889369593871819, 0.4889369593871819, 0.4889369593871819, 0.4889369593871819, 0.4889364065704765, 0.4889354156705486, 0.4889354156705486, 0.4889354156705486, 0.4889351664445339, 0.48893373615139135, 0.48893373615139135, 0.48893268149851005, 0.48893268149851005, 0.488932667634426, 0.48893182880275854, 0.48893182880275854, 0.48893182880275854, 0.48893182880275854, 0.48893146975573165, 0.48893146975573165, 0.488930160964365, 0.488930160964365, 0.488930160964365, 0.488930160964365, 0.4889285887554015, 0.4889285887554015, 0.4889285887554015, 0.4889283442235255, 0.4889283442235255, 0.4889283442235255, 0.4889282720647889, 0.4889282720647889, 0.4889282720647889, 0.4889270974384559, 0.4889269218995021, 0.4889269218995021, 0.4889269218995021, 0.4889269218995021, 0.48892647322717603, 0.48892647322717603, 0.48892585250920867, 0.48892585250920867, 0.48892585250920867, 0.48892585250920867, 0.48892585250920867, 0.48892526148439763, 0.48892526148439763, 0.48892526148439763, 0.48892526148439763, 0.48892451631717193, 0.48892451631717193, 0.4889242198222723, 0.4889242198222723, 0.4889242198222723, 0.4889242198222723, 0.4889241371835981, 0.4889241371835981, 0.48892354583128905, 0.48892354583128905, 0.48892354583128905, 0.48892354583128905, 0.48892354583128905, 0.48892322379154163, 0.48892322379154163, 0.48892322379154163, 0.48892322379154163, 0.48892212579975197, 0.48892053688838805, 0.48892053688838805, 0.48892053688838805, 0.48892053688838805, 0.48891991409626634, 0.48891991409626634, 0.48891991409626634, 0.4889198181393382, 0.4889198181393382, 0.4889198181393382, 0.4889198181393382, 0.4889198181393382, 0.4889198181393382, 0.4889198181393382, 0.48891902406573734, 0.48891902406573734, 0.4889177278284625, 0.4889177278284625, 0.4889170681382274, 0.4889164658693167, 0.4889164658693167, 0.4889164658693167, 0.48891497891901176, 0.48891497891901176, 0.48891497891901176, 0.488914131572395, 0.488914131572395, 0.488914131572395, 0.488914131572395, 0.488914131572395, 0.48891333575213786, 0.48891333575213786, 0.4889130354364276, 0.4889130354364276, 0.4889130354364276, 0.4889130354364276, 0.4889130354364276, 0.48891242203258334, 0.48891242203258334, 0.48891242203258334, 0.48891242203258334, 0.48891242203258334, 0.48891242203258334, 0.48891185164014933, 0.48891096870541134, 0.48891096870541134, 0.48891096870541134, 0.48891092121819435, 0.48891092121819435, 0.48891092121819435, 0.48891092121819435, 0.48891092121819435, 0.48891092121819435, 0.48891092121819435, 0.48891092121819435, 0.48891092121819435, 0.48891092121819435, 0.48891092121819435, 0.4889104194911845, 0.4889101932991992, 0.4889092307824355, 0.4889083594192952, 0.4889083594192952, 0.4889083594192952, 0.4889083594192952, 0.4889083594192952, 0.4889083594192952, 0.4889079594350123, 0.4889069688625825, 0.4889069688625825, 0.4889069688625825, 0.4889069688625825, 0.4889069688625825, 0.4889069688625825, 0.4889069688625825, 0.48890680969853106, 0.48890680969853106, 0.4889067421247671, 0.4889065614550105, 0.4889065614550105, 0.4889065140769595, 0.4889065140769595, 0.4889065140769595, 0.4889065140769595, 0.4889065140769595, 0.4889065140769595, 0.48890585274923415, 0.48890585274923415, 0.48890585274923415, 0.48890585274923415, 0.48890585274923415, 0.48890585274923415, 0.48890585274923415, 0.48890585274923415, 0.48890585274923415, 0.48890585274923415, 0.48890585274923415, 0.48890585274923415, 0.48890585274923415, 0.48890585274923415, 0.48890585274923415, 0.488905641294661, 0.488905641294661, 0.488905641294661, 0.488905641294661, 0.488905641294661, 0.48890539905527136, 0.48890539905527136, 0.48890539905527136, 0.48890527744432943, 0.48890527744432943, 0.48890527744432943, 0.48890527744432943, 0.48890527744432943, 0.48890527744432943, 0.48890527744432943, 0.48890527744432943, 0.48890527744432943, 0.48890527744432943, 0.48890527744432943, 0.48890527744432943, 0.48890527744432943, 0.48890527744432943, 0.48890527744432943, 0.48890527744432943, 0.48890527744432943, 0.48890527744432943, 0.48890527744432943, 0.4889050406632406, 0.4889050406632406, 0.4889050406632406, 0.48890496457452737, 0.48890496457452737, 0.48890496457452737, 0.48890496457452737, 0.48890496457452737, 0.48890496457452737, 0.48890496457452737, 0.48890496457452737, 0.48890496457452737, 0.48890496457452737, 0.48890496457452737, 0.48890496457452737, 0.48890496457452737, 0.48890496457452737, 0.48890496457452737, 0.48890496457452737, 0.48890496457452737, 0.48890496457452737, 0.48890496457452737, 0.48890496457452737, 0.48890496457452737, 0.48890496457452737, 0.48890496457452737, 0.48890496457452737, 0.48890496457452737, 0.48890496457452737, 0.48890496457452737, 0.48890496457452737, 0.48890496457452737, 0.48890496457452737, 0.48890496457452737, 0.48890496457452737, 0.48890496457452737, 0.48890496457452737, 0.48890496457452737, 0.48890496457452737, 0.48890496457452737, 0.48890496457452737, 0.48890496457452737, 0.48890496457452737, 0.48890496457452737, 0.48890496457452737, 0.48890496457452737, 0.48890496457452737, 0.48890496457452737, 0.48890496457452737, 0.48890496457452737, 0.48890496457452737, 0.48890496457452737, 0.48890496457452737, 0.48890496457452737, 0.48890496457452737, 0.48890496457452737, 0.48890496457452737, 0.4889049427413242, 0.4889049427413242, 0.4889049239647694, 0.4889049239647694, 0.4889049239647694, 0.4889049239647694, 0.4889049239647694, 0.4889049239647694, 0.4889049239647694, 0.4889049239647694, 0.4889049239647694, 0.4889049239647694, 0.4889049239647694, 0.4889049239647694, 0.4889049239647694, 0.4889049239647694, 0.4889049239647694, 0.4889049239647694, 0.4889049239647694, 0.4889049239647694, 0.4889048235320346, 0.4889048235320346, 0.4889048235320346, 0.48890477200567506, 0.48890477200567506, 0.48890477200567506, 0.48890477200567506, 0.48890477200567506, 0.48890477200567506, 0.48890477200567506, 0.48890477200567506, 0.48890477200567506, 0.48890477200567506, 0.48890477200567506, 0.48890477200567506, 0.48890477200567506, 0.48890477200567506, 0.48890477200567506, 0.48890477200567506, 0.48890477200567506, 0.48890477200567506, 0.48890477200567506, 0.48890477200567506, 0.48890477200567506, 0.48890477200567506, 0.48890477200567506, 0.48890477200567506, 0.48890477200567506, 0.48890477200567506, 0.48890477200567506, 0.48890477200567506, 0.48890477200567506, 0.48890477200567506, 0.48890477200567506, 0.48890477200567506, 0.48890477200567506, 0.48890477200567506, 0.48890477200567506, 0.48890477200567506, 0.48890477200567506, 0.48890477200567506, 0.48890477200567506, 0.48890477200567506, 0.48890477200567506, 0.48890477200567506, 0.48890477200567506, 0.48890477200567506, 0.48890477200567506, 0.48890477200567506, 0.48890477200567506, 0.48890477200567506, 0.48890477200567506, 0.48890477200567506, 0.48890477200567506, 0.48890477200567506, 0.48890477200567506, 0.48890477200567506, 0.48890477200567506, 0.48890477200567506, 0.48890477200567506, 0.48890477200567506, 0.48890477200567506, 0.48890477200567506, 0.48890477200567506, 0.48890477200567506, 0.48890477200567506, 0.48890477200567506, 0.48890477200567506, 0.48890477200567506, 0.48890477200567506, 0.48890477200567506, 0.48890477200567506, 0.48890477200567506, 0.48890477200567506, 0.48890477200567506, 0.48890477200567506, 0.48890477200567506, 0.48890477200567506, 0.48890477200567506, 0.48890477200567506, 0.48890477200567506, 0.48890477200567506, 0.48890477200567506, 0.48890477200567506, 0.48890477200567506, 0.48890477200567506, 0.48890477200567506, 0.48890477200567506, 0.48890477200567506, 0.48890477200567506, 0.48890477200567506, 0.48890477200567506, 0.48890477200567506, 0.48890477200567506, 0.48890477200567506, 0.48890477200567506, 0.48890477200567506, 0.48890477200567506, 0.48890477200567506, 0.48890477200567506, 0.48890477200567506, 0.48890477200567506, 0.48890477200567506, 0.48890477200567506, 0.48890477200567506, 0.48890477200567506, 0.48890477200567506, 0.48890477200567506, 0.48890477200567506, 0.48890477200567506, 0.48890477200567506, 0.48890477200567506, 0.48890477200567506, 0.48890477200567506, 0.48890477200567506, 0.48890477200567506, 0.48890477200567506, 0.48890477200567506, 0.48890477200567506, 0.48890477200567506, 0.48890477200567506, 0.48890477200567506, 0.48890477200567506, 0.48890477200567506, 0.48890477200567506, 0.48890477200567506, 0.48890477200567506, 0.48890477200567506, 0.48890477200567506, 0.48890477200567506, 0.48890477200567506, 0.48890477200567506, 0.48890477200567506, 0.48890477200567506, 0.48890477200567506, 0.48890477200567506, 0.48890477200567506, 0.48890477200567506, 0.48890477200567506, 0.48890477200567506, 0.48890477200567506, 0.48890477200567506, 0.48890477200567506, 0.48890477200567506, 0.48890477200567506, 0.48890477200567506, 0.48890477200567506, 0.48890477200567506, 0.48890477200567506, 0.48890477200567506, 0.48890477200567506, 0.48890477200567506, 0.48890477200567506, 0.48890477200567506, 0.48890477200567506, 0.48890477200567506, 0.48890477200567506, 0.48890477200567506, 0.48890477200567506, 0.48890477200567506, 0.48890477200567506, 0.48890477200567506, 0.48890477200567506, 0.48890477200567506, 0.48890477200567506, 0.48890477200567506, 0.48890477200567506, 0.48890477200567506, 0.48890477200567506, 0.48890477200567506, 0.48890477200567506, 0.48890477200567506, 0.48890477200567506, 0.48890477200567506, 0.48890477200567506, 0.48890477200567506, 0.48890477200567506, 0.48890477200567506, 0.48890477200567506, 0.48890477200567506, 0.48890477200567506, 0.48890477200567506, 0.48890477200567506, 0.48890477200567506, 0.48890477200567506, 0.48890477200567506, 0.48890477200567506, 0.48890477200567506, 0.48890477200567506, 0.48890477200567506, 0.48890477200567506, 0.48890477200567506, 0.48890477200567506, 0.48890477200567506, 0.48890477200567506, 0.48890477200567506, 0.48890477200567506, 0.48890477200567506, 0.48890477200567506, 0.48890477200567506, 0.48890477200567506, 0.48890477200567506, 0.48890477200567506, 0.48890477200567506, 0.48890477200567506, 0.48890477200567506, 0.48890477200567506, 0.48890477200567506, 0.48890477200567506, 0.48890477200567506, 0.48890477200567506, 0.48890477200567506, 0.48890477200567506, 0.48890477200567506, 0.48890477200567506, 0.48890477200567506, 0.48890477200567506, 0.48890477200567506, 0.48890477200567506, 0.48890477200567506, 0.48890477200567506, 0.48890477200567506, 0.48890477200567506, 0.48890477200567506, 0.48890477200567506, 0.48890477200567506, 0.48890477200567506, 0.48890477200567506, 0.48890477200567506, 0.48890477200567506, 0.48890477200567506, 0.48890477200567506, 0.48890477200567506, 0.48890477200567506, 0.48890477200567506, 0.48890477200567506, 0.48890477200567506, 0.48890477200567506, 0.48890477200567506, 0.48890477200567506, 0.48890477200567506, 0.48890477200567506, 0.48890477200567506, 0.48890477200567506, 0.48890477200567506, 0.48890477200567506, 0.48890477200567506, 0.48890477200567506, 0.48890477200567506, 0.48890477200567506, 0.48890477200567506, 0.48890477200567506, 0.48890477200567506, 0.48890477200567506, 0.48890477200567506, 0.48890477200567506, 0.48890477200567506, 0.48890477200567506, 0.48890477200567506, 0.48890477200567506, 0.48890477200567506, 0.48890477200567506, 0.48890477200567506, 0.48890477200567506, 0.48890477200567506, 0.48890477200567506, 0.48890477200567506, 0.48890477200567506, 0.48890477200567506, 0.48890477200567506, 0.48890477200567506, 0.48890477200567506, 0.48890477200567506, 0.48890477200567506, 0.48890477200567506, 0.48890477200567506, 0.48890477200567506, 0.48890477200567506, 0.48890477200567506, 0.48890477200567506, 0.48890477200567506, 0.48890477200567506, 0.48890477200567506, 0.48890477200567506, 0.48890477200567506, 0.48890477200567506, 0.48890477200567506, 0.48890477200567506, 0.48890477200567506, 0.48890477200567506, 0.48890477200567506, 0.48890477200567506, 0.48890477200567506, 0.48890477200567506, 0.48890477200567506, 0.48890477200567506, 0.48890477200567506, 0.48890477200567506, 0.48890477200567506, 0.48890477200567506, 0.48890477200567506, 0.48890477200567506, 0.48890477200567506, 0.48890477200567506, 0.48890477200567506, 0.48890477200567506, 0.48890477200567506, 0.48890477200567506, 0.48890477200567506, 0.48890477200567506, 0.48890477200567506, 0.48890477200567506, 0.48890477200567506, 0.48890477200567506, 0.48890477200567506, 0.48890477200567506, 0.48890477200567506, 0.48890477200567506, 0.48890477200567506, 0.48890477200567506, 0.48890477200567506, 0.48890477200567506, 0.48890477200567506, 0.48890477200567506, 0.48890477200567506, 0.48890477200567506, 0.48890477200567506, 0.48890477200567506, 0.48890477200567506, 0.48890477200567506, 0.48890477200567506, 0.48890477200567506, 0.48890477200567506, 0.48890477200567506, 0.48890477200567506, 0.48890477200567506, 0.48890477200567506, 0.48890477200567506, 0.48890477200567506, 0.48890477200567506, 0.48890477200567506, 0.48890477200567506, 0.48890477200567506, 0.48890477200567506, 0.48890477200567506, 0.48890477200567506, 0.48890477200567506, 0.48890477200567506, 0.48890477200567506, 0.48890477200567506, 0.48890477200567506, 0.48890477200567506, 0.48890477200567506, 0.48890477200567506, 0.48890477200567506, 0.48890477200567506, 0.48890477200567506, 0.48890477200567506, 0.48890477200567506, 0.48890477200567506, 0.48890477200567506, 0.48890477200567506, 0.48890477200567506, 0.48890477200567506, 0.48890477200567506, 0.48890477200567506, 0.48890477200567506, 0.48890477200567506, 0.48890477200567506, 0.48890477200567506, 0.48890477200567506, 0.48890477200567506, 0.48890477200567506, 0.48890477200567506, 0.48890477200567506, 0.48890477200567506, 0.48890477200567506, 0.48890477200567506, 0.48890477200567506, 0.48890477200567506, 0.48890477200567506, 0.48890477200567506, 0.48890477200567506, 0.48890477200567506, 0.48890477200567506, 0.48890477200567506, 0.48890477200567506, 0.48890477200567506, 0.48890477200567506, 0.48890477200567506, 0.48890477200567506, 0.48890477200567506, 0.48890477200567506, 0.48890477200567506, 0.48890477200567506, 0.48890477200567506, 0.48890477200567506, 0.48890477200567506, 0.48890477200567506, 0.48890477200567506, 0.48890477200567506, 0.48890477200567506, 0.48890477200567506, 0.48890477200567506, 0.48890477200567506, 0.48890477200567506, 0.48890477200567506, 0.48890477200567506, 0.48890477200567506, 0.48890477200567506, 0.48890477200567506, 0.48890477200567506, 0.48890477200567506, 0.48890477200567506, 0.48890477200567506, 0.48890477200567506, 0.48890477200567506, 0.48890477200567506, 0.48890477200567506, 0.48890477200567506, 0.48890477200567506, 0.48890477200567506, 0.48890477200567506, 0.48890477200567506, 0.48890477200567506, 0.48890477200567506, 0.48890477200567506, 0.48890477200567506, 0.48890477200567506, 0.48890477200567506, 0.48890477200567506, 0.48890477200567506, 0.48890477200567506, 0.48890477200567506, 0.48890477200567506, 0.48890477200567506, 0.48890477200567506, 0.48890477200567506, 0.48890477200567506, 0.48890477200567506, 0.48890477200567506, 0.48890477200567506, 0.48890477200567506, 0.48890477200567506, 0.48890477200567506, 0.48890477200567506, 0.48890477200567506, 0.48890477200567506, 0.48890477200567506, 0.48890477200567506, 0.48890477200567506, 0.48890477200567506, 0.48890477200567506, 0.48890477200567506, 0.48890477200567506, 0.48890477200567506, 0.48890477200567506, 0.48890477200567506, 0.48890477200567506, 0.48890477200567506, 0.48890477200567506, 0.48890477200567506, 0.48890477200567506, 0.48890477200567506, 0.48890477200567506, 0.48890477200567506, 0.48890477200567506, 0.48890477200567506, 0.48890477200567506, 0.48890477200567506, 0.48890477200567506, 0.48890477200567506, 0.48890477200567506, 0.48890477200567506, 0.48890477200567506, 0.48890477200567506, 0.48890477200567506, 0.48890477200567506, 0.48890477200567506, 0.48890477200567506, 0.48890477200567506, 0.48890477200567506, 0.48890477200567506, 0.48890477200567506, 0.48890477200567506, 0.48890477200567506, 0.48890477200567506, 0.48890477200567506, 0.48890477200567506, 0.48890477200567506, 0.48890477200567506, 0.48890477200567506, 0.48890477200567506, 0.48890477200567506, 0.48890477200567506, 0.48890477200567506, 0.48890477200567506, 0.48890477200567506, 0.48890477200567506, 0.48890477200567506, 0.48890477200567506, 0.48890477200567506, 0.48890477200567506, 0.48890477200567506, 0.48890477200567506, 0.48890477200567506, 0.48890477200567506, 0.48890477200567506, 0.48890477200567506, 0.48890477200567506, 0.48890477200567506, 0.48890477200567506, 0.48890477200567506, 0.48890477200567506, 0.48890477200567506, 0.48890477200567506, 0.48890477200567506, 0.48890477200567506, 0.48890477200567506, 0.48890477200567506, 0.48890477200567506, 0.48890477200567506, 0.48890477200567506, 0.48890477200567506, 0.48890477200567506, 0.48890477200567506, 0.48890477200567506, 0.48890477200567506, 0.48890477200567506, 0.48890477200567506, 0.48890477200567506, 0.48890477200567506, 0.48890477200567506, 0.48890477200567506, 0.48890477200567506, 0.48890477200567506, 0.48890477200567506, 0.48890477200567506, 0.48890477200567506, 0.48890477200567506, 0.48890477200567506, 0.48890477200567506, 0.48890477200567506, 0.48890477200567506, 0.48890477200567506, 0.48890477200567506, 0.48890477200567506, 0.48890477200567506, 0.48890477200567506, 0.48890477200567506, 0.48890477200567506, 0.48890477200567506, 0.48890477200567506, 0.48890477200567506, 0.48890477200567506, 0.48890477200567506, 0.48890477200567506, 0.48890477200567506, 0.48890477200567506, 0.48890477200567506, 0.48890477200567506, 0.48890477200567506, 0.48890477200567506, 0.48890477200567506, 0.48890477200567506, 0.48890477200567506, 0.48890477200567506, 0.48890477200567506, 0.48890477200567506, 0.48890477200567506, 0.48890477200567506, 0.48890477200567506, 0.48890477200567506, 0.48890477200567506, 0.48890477200567506, 0.48890477200567506, 0.48890477200567506, 0.48890477200567506, 0.48890477200567506, 0.48890477200567506, 0.48890477200567506, 0.48890477200567506, 0.48890477200567506, 0.48890477200567506, 0.48890477200567506, 0.48890477200567506, 0.48890477200567506, 0.48890477200567506, 0.48890477200567506, 0.48890477200567506, 0.48890477200567506, 0.48890477200567506, 0.48890477200567506, 0.48890477200567506, 0.48890477200567506, 0.48890477200567506, 0.48890477200567506, 0.48890477200567506, 0.48890477200567506, 0.48890477200567506, 0.48890477200567506, 0.48890477200567506, 0.48890477200567506, 0.48890477200567506, 0.48890477200567506, 0.48890477200567506, 0.48890477200567506, 0.48890477200567506, 0.48890477200567506, 0.48890477200567506, 0.48890477200567506, 0.48890477200567506, 0.48890477200567506, 0.48890477200567506, 0.48890477200567506, 0.48890477200567506, 0.48890477200567506, 0.48890477200567506, 0.48890477200567506, 0.48890477200567506, 0.48890477200567506, 0.48890477200567506, 0.48890477200567506, 0.48890477200567506, 0.48890477200567506, 0.48890477200567506, 0.48890477200567506, 0.48890477200567506, 0.48890477200567506, 0.48890477200567506, 0.48890477200567506, 0.48890477200567506, 0.48890477200567506, 0.48890477200567506, 0.48890477200567506, 0.48890477200567506, 0.48890477200567506, 0.48890477200567506, 0.48890477200567506, 0.48890477200567506, 0.48890477200567506, 0.48890477200567506, 0.48890477200567506, 0.48890477200567506, 0.48890477200567506, 0.48890477200567506, 0.48890477200567506, 0.48890477200567506, 0.48890477200567506, 0.48890477200567506, 0.48890477200567506, 0.48890477200567506, 0.48890477200567506, 0.48890477200567506, 0.48890477200567506, 0.48890477200567506, 0.48890477200567506, 0.48890477200567506, 0.48890477200567506, 0.48890477200567506, 0.48890477200567506, 0.48890477200567506, 0.48890477200567506, 0.48890477200567506, 0.48890477200567506, 0.48890477200567506, 0.48890477200567506, 0.48890477200567506, 0.48890477200567506, 0.48890477200567506, 0.48890477200567506, 0.48890477200567506, 0.48890477200567506, 0.48890477200567506, 0.48890477200567506, 0.48890477200567506, 0.48890477200567506, 0.48890477200567506, 0.48890477200567506, 0.48890477200567506, 0.48890477200567506, 0.48890477200567506, 0.48890477200567506, 0.48890477200567506, 0.48890477200567506, 0.48890477200567506, 0.48890477200567506, 0.48890477200567506, 0.48890477200567506, 0.48890477200567506, 0.48890477200567506, 0.48890477200567506, 0.48890477200567506, 0.48890477200567506, 0.48890477200567506, 0.48890477200567506, 0.48890477200567506, 0.48890477200567506, 0.48890477200567506, 0.48890477200567506, 0.48890477200567506, 0.48890477200567506, 0.48890477200567506, 0.48890477200567506, 0.48890477200567506, 0.48890477200567506, 0.48890477200567506, 0.48890477200567506, 0.48890477200567506, 0.48890477200567506, 0.48890477200567506, 0.48890477200567506, 0.48890477200567506, 0.48890477200567506, 0.48890477200567506, 0.48890477200567506, 0.48890477200567506, 0.48890477200567506, 0.48890477200567506, 0.48890477200567506, 0.48890477200567506, 0.48890477200567506, 0.48890477200567506, 0.48890477200567506, 0.48890477200567506, 0.48890477200567506, 0.48890477200567506, 0.48890477200567506, 0.48890477200567506, 0.48890477200567506, 0.48890477200567506, 0.48890477200567506, 0.48890477200567506, 0.48890477200567506, 0.48890477200567506, 0.48890477200567506, 0.48890477200567506, 0.48890477200567506, 0.48890477200567506, 0.48890477200567506, 0.48890477200567506, 0.48890477200567506, 0.48890477200567506, 0.48890477200567506, 0.48890477200567506, 0.48890477200567506, 0.48890477200567506, 0.48890477200567506, 0.48890477200567506, 0.48890477200567506, 0.48890477200567506, 0.48890477200567506, 0.48890477200567506, 0.48890477200567506, 0.48890477200567506, 0.48890477200567506, 0.48890477200567506, 0.48890477200567506, 0.48890477200567506, 0.48890477200567506, 0.48890477200567506, 0.48890477200567506, 0.48890477200567506, 0.48890477200567506, 0.48890477200567506, 0.48890477200567506, 0.48890477200567506, 0.48890477200567506, 0.48890477200567506, 0.48890477200567506, 0.48890477200567506, 0.48890477200567506, 0.48890477200567506, 0.48890477200567506, 0.48890477200567506, 0.48890477200567506, 0.48890477200567506, 0.48890477200567506, 0.48890477200567506, 0.48890477200567506, 0.48890477200567506, 0.48890477200567506, 0.48890477200567506, 0.48890477200567506, 0.48890477200567506, 0.48890477200567506, 0.48890477200567506, 0.48890477200567506, 0.48890477200567506, 0.48890477200567506, 0.48890477200567506, 0.48890477200567506, 0.48890477200567506, 0.48890477200567506, 0.48890477200567506, 0.48890477200567506, 0.48890477200567506, 0.48890477200567506, 0.48890477200567506, 0.48890477200567506, 0.48890477200567506, 0.48890477200567506, 0.48890477200567506, 0.48890477200567506, 0.48890477200567506, 0.48890477200567506, 0.48890477200567506, 0.48890477200567506, 0.48890477200567506, 0.48890477200567506, 0.48890477200567506, 0.48890477200567506, 0.48890477200567506, 0.48890477200567506, 0.48890477200567506, 0.48890477200567506, 0.48890477200567506, 0.48890477200567506, 0.48890477200567506, 0.48890477200567506, 0.48890477200567506, 0.48890477200567506, 0.48890477200567506, 0.48890477200567506, 0.48890477200567506, 0.48890477200567506, 0.48890477200567506, 0.48890477200567506, 0.48890477200567506, 0.48890477200567506, 0.48890477200567506, 0.48890477200567506, 0.48890477200567506, 0.48890477200567506, 0.48890477200567506, 0.48890477200567506, 0.48890477200567506, 0.48890477200567506, 0.48890477200567506, 0.48890477200567506, 0.48890477200567506, 0.48890477200567506, 0.48890477200567506, 0.48890477200567506, 0.48890477200567506, 0.48890477200567506, 0.48890477200567506, 0.48890477200567506, 0.48890477200567506, 0.48890477200567506, 0.48890477200567506, 0.48890477200567506, 0.48890477200567506, 0.48890477200567506, 0.48890477200567506, 0.48890477200567506, 0.48890477200567506, 0.48890477200567506, 0.48890477200567506, 0.48890477200567506, 0.48890477200567506, 0.48890477200567506, 0.48890477200567506, 0.48890477200567506, 0.48890477200567506, 0.48890477200567506, 0.48890477200567506, 0.48890477200567506, 0.48890477200567506, 0.48890477200567506, 0.48890477200567506, 0.48890477200567506, 0.48890477200567506, 0.48890477200567506, 0.48890477200567506, 0.48890477200567506, 0.48890477200567506, 0.48890477200567506, 0.48890477200567506, 0.48890477200567506, 0.48890477200567506, 0.48890477200567506, 0.48890477200567506, 0.48890477200567506, 0.48890477200567506, 0.48890477200567506, 0.48890477200567506, 0.48890477200567506, 0.48890477200567506, 0.48890477200567506, 0.48890477200567506, 0.48890477200567506, 0.48890477200567506, 0.48890477200567506, 0.48890477200567506, 0.48890477200567506, 0.48890477200567506, 0.48890477200567506, 0.48890477200567506, 0.48890477200567506, 0.48890477200567506, 0.48890477200567506, 0.48890477200567506, 0.48890477200567506, 0.48890477200567506, 0.48890477200567506, 0.48890477200567506, 0.48890477200567506, 0.48890477200567506, 0.48890477200567506, 0.48890477200567506, 0.48890477200567506, 0.48890477200567506, 0.48890477200567506, 0.48890477200567506, 0.48890477200567506, 0.48890477200567506, 0.48890477200567506, 0.48890477200567506, 0.48890477200567506, 0.48890477200567506, 0.48890477200567506, 0.48890477200567506, 0.48890477200567506, 0.48890477200567506, 0.48890477200567506, 0.48890477200567506, 0.48890477200567506, 0.48890477200567506, 0.48890477200567506, 0.48890477200567506, 0.48890477200567506, 0.48890477200567506, 0.48890477200567506, 0.48890477200567506, 0.48890477200567506, 0.48890477200567506, 0.48890477200567506, 0.48890477200567506, 0.48890477200567506, 0.48890477200567506, 0.48890477200567506, 0.48890477200567506, 0.48890477200567506, 0.48890477200567506, 0.48890477200567506, 0.48890477200567506, 0.48890477200567506, 0.48890477200567506, 0.48890477200567506, 0.48890477200567506, 0.48890477200567506, 0.48890477200567506, 0.48890477200567506, 0.48890477200567506, 0.48890477200567506, 0.48890477200567506, 0.48890477200567506, 0.48890477200567506, 0.48890477200567506, 0.48890477200567506, 0.48890477200567506, 0.48890477200567506, 0.48890477200567506, 0.48890477200567506, 0.48890477200567506, 0.48890477200567506, 0.48890477200567506, 0.48890477200567506, 0.48890477200567506, 0.48890477200567506, 0.48890477200567506, 0.48890477200567506, 0.48890477200567506, 0.48890477200567506, 0.48890477200567506, 0.48890477200567506, 0.48890477200567506, 0.48890477200567506, 0.48890477200567506, 0.48890477200567506, 0.48890477200567506, 0.48890477200567506, 0.48890477200567506, 0.48890477200567506, 0.48890477200567506, 0.48890477200567506, 0.48890477200567506, 0.48890477200567506, 0.48890477200567506, 0.48890477200567506, 0.48890477200567506, 0.48890477200567506, 0.48890477200567506, 0.48890477200567506, 0.48890477200567506, 0.48890477200567506, 0.48890477200567506, 0.48890477200567506, 0.48890477200567506, 0.48890477200567506, 0.48890477200567506, 0.48890477200567506, 0.48890477200567506, 0.48890477200567506, 0.48890477200567506, 0.48890477200567506, 0.48890477200567506, 0.48890477200567506, 0.48890477200567506, 0.48890477200567506, 0.48890477200567506, 0.48890477200567506, 0.48890477200567506, 0.48890477200567506, 0.48890477200567506, 0.48890477200567506, 0.48890477200567506, 0.48890477200567506, 0.48890477200567506, 0.48890477200567506, 0.48890477200567506, 0.48890477200567506, 0.48890477200567506, 0.48890477200567506, 0.48890477200567506, 0.48890477200567506, 0.48890477200567506, 0.48890477200567506, 0.48890477200567506, 0.48890477200567506, 0.48890477200567506, 0.48890477200567506, 0.48890477200567506, 0.48890477200567506, 0.48890477200567506, 0.48890477200567506, 0.48890477200567506, 0.48890477200567506, 0.48890477200567506, 0.48890477200567506, 0.48890477200567506, 0.48890477200567506, 0.48890477200567506, 0.48890477200567506, 0.48890477200567506, 0.48890477200567506, 0.48890477200567506, 0.48890477200567506, 0.48890477200567506, 0.48890477200567506, 0.48890477200567506, 0.48890477200567506, 0.48890477200567506, 0.48890477200567506, 0.48890477200567506, 0.48890477200567506, 0.48890477200567506, 0.48890477200567506, 0.48890477200567506, 0.48890477200567506, 0.48890477200567506, 0.48890477200567506, 0.48890477200567506, 0.48890477200567506, 0.48890477200567506, 0.48890477200567506, 0.48890477200567506, 0.48890477200567506, 0.48890477200567506, 0.48890477200567506, 0.48890477200567506, 0.48890477200567506, 0.48890477200567506, 0.48890477200567506, 0.48890477200567506, 0.48890477200567506, 0.48890477200567506, 0.48890477200567506, 0.48890477200567506, 0.48890477200567506, 0.48890477200567506, 0.48890477200567506, 0.48890477200567506, 0.48890477200567506, 0.48890477200567506, 0.48890477200567506, 0.48890477200567506, 0.48890477200567506, 0.48890477200567506, 0.48890477200567506, 0.48890477200567506, 0.48890477200567506, 0.48890477200567506, 0.48890477200567506, 0.48890477200567506, 0.48890477200567506, 0.48890477200567506, 0.48890477200567506, 0.48890477200567506, 0.48890477200567506, 0.48890477200567506, 0.48890477200567506, 0.48890477200567506, 0.48890477200567506, 0.48890477200567506, 0.48890477200567506, 0.48890477200567506, 0.48890477200567506, 0.48890477200567506, 0.48890477200567506, 0.48890477200567506, 0.48890477200567506, 0.48890477200567506, 0.48890477200567506, 0.48890477200567506, 0.48890477200567506, 0.48890477200567506, 0.48890477200567506, 0.48890477200567506, 0.48890477200567506, 0.48890477200567506, 0.48890477200567506, 0.48890477200567506, 0.48890477200567506, 0.48890477200567506, 0.48890477200567506, 0.48890477200567506, 0.48890477200567506, 0.48890477200567506, 0.48890477200567506, 0.48890477200567506, 0.48890477200567506, 0.48890477200567506, 0.48890477200567506, 0.48890477200567506, 0.48890477200567506, 0.48890477200567506, 0.48890477200567506, 0.48890477200567506, 0.48890477200567506, 0.48890477200567506, 0.48890477200567506, 0.48890477200567506, 0.48890477200567506, 0.48890477200567506, 0.48890477200567506, 0.48890477200567506, 0.48890477200567506, 0.48890477200567506, 0.48890477200567506]
     Rhc Test Loss: 0.4940

3. SIMULATED ANNEALING
   Status: SUCCESS
   Timestamp: 2025-10-14T07:43:53.089622
   Duration: 749.9288 seconds
   Memory Change: -4.13 MB
   Peak Memory: 744.81 MB
   Performance: Slow
   Step Details:
     Parameters: 49666
     Parameters: 49666
     Max Evals: 10000
     Max Evals: 10000
     Initial Temp: 1.0000
     Min Temp: 0.0010
     Cooling Rate: 0.0030
     Plateau Threshold: 250
     Plateau Threshold: 250
     Min Delta: 0.0000
     Initial Loss: 0.4889
     Best Loss: 4.5618
     Evals: 2301
     Evals: 2301
     Wall Clock Time: 750.2370
     History: 2301 items
     Final Temp: 0.0010
     Learning Curve Points:
       algo: sa
       evals: [1, 2, 3, 4, 5, 6, 7, 8, 9, 10, 11, 12, 13, 14, 15, 16, 17, 18, 19, 20, 21, 22, 23, 24, 25, 26, 27, 28, 29, 30, 31, 32, 33, 34, 35, 36, 37, 38, 39, 40, 41, 42, 43, 44, 45, 46, 47, 48, 49, 50, 51, 52, 53, 54, 55, 56, 57, 58, 59, 60, 61, 62, 63, 64, 65, 66, 67, 68, 69, 70, 71, 72, 73, 74, 75, 76, 77, 78, 79, 80, 81, 82, 83, 84, 85, 86, 87, 88, 89, 90, 91, 92, 93, 94, 95, 96, 97, 98, 99, 100, 101, 102, 103, 104, 105, 106, 107, 108, 109, 110, 111, 112, 113, 114, 115, 116, 117, 118, 119, 120, 121, 122, 123, 124, 125, 126, 127, 128, 129, 130, 131, 132, 133, 134, 135, 136, 137, 138, 139, 140, 141, 142, 143, 144, 145, 146, 147, 148, 149, 150, 151, 152, 153, 154, 155, 156, 157, 158, 159, 160, 161, 162, 163, 164, 165, 166, 167, 168, 169, 170, 171, 172, 173, 174, 175, 176, 177, 178, 179, 180, 181, 182, 183, 184, 185, 186, 187, 188, 189, 190, 191, 192, 193, 194, 195, 196, 197, 198, 199, 200, 201, 202, 203, 204, 205, 206, 207, 208, 209, 210, 211, 212, 213, 214, 215, 216, 217, 218, 219, 220, 221, 222, 223, 224, 225, 226, 227, 228, 229, 230, 231, 232, 233, 234, 235, 236, 237, 238, 239, 240, 241, 242, 243, 244, 245, 246, 247, 248, 249, 250, 251, 252, 253, 254, 255, 256, 257, 258, 259, 260, 261, 262, 263, 264, 265, 266, 267, 268, 269, 270, 271, 272, 273, 274, 275, 276, 277, 278, 279, 280, 281, 282, 283, 284, 285, 286, 287, 288, 289, 290, 291, 292, 293, 294, 295, 296, 297, 298, 299, 300, 301, 302, 303, 304, 305, 306, 307, 308, 309, 310, 311, 312, 313, 314, 315, 316, 317, 318, 319, 320, 321, 322, 323, 324, 325, 326, 327, 328, 329, 330, 331, 332, 333, 334, 335, 336, 337, 338, 339, 340, 341, 342, 343, 344, 345, 346, 347, 348, 349, 350, 351, 352, 353, 354, 355, 356, 357, 358, 359, 360, 361, 362, 363, 364, 365, 366, 367, 368, 369, 370, 371, 372, 373, 374, 375, 376, 377, 378, 379, 380, 381, 382, 383, 384, 385, 386, 387, 388, 389, 390, 391, 392, 393, 394, 395, 396, 397, 398, 399, 400, 401, 402, 403, 404, 405, 406, 407, 408, 409, 410, 411, 412, 413, 414, 415, 416, 417, 418, 419, 420, 421, 422, 423, 424, 425, 426, 427, 428, 429, 430, 431, 432, 433, 434, 435, 436, 437, 438, 439, 440, 441, 442, 443, 444, 445, 446, 447, 448, 449, 450, 451, 452, 453, 454, 455, 456, 457, 458, 459, 460, 461, 462, 463, 464, 465, 466, 467, 468, 469, 470, 471, 472, 473, 474, 475, 476, 477, 478, 479, 480, 481, 482, 483, 484, 485, 486, 487, 488, 489, 490, 491, 492, 493, 494, 495, 496, 497, 498, 499, 500, 501, 502, 503, 504, 505, 506, 507, 508, 509, 510, 511, 512, 513, 514, 515, 516, 517, 518, 519, 520, 521, 522, 523, 524, 525, 526, 527, 528, 529, 530, 531, 532, 533, 534, 535, 536, 537, 538, 539, 540, 541, 542, 543, 544, 545, 546, 547, 548, 549, 550, 551, 552, 553, 554, 555, 556, 557, 558, 559, 560, 561, 562, 563, 564, 565, 566, 567, 568, 569, 570, 571, 572, 573, 574, 575, 576, 577, 578, 579, 580, 581, 582, 583, 584, 585, 586, 587, 588, 589, 590, 591, 592, 593, 594, 595, 596, 597, 598, 599, 600, 601, 602, 603, 604, 605, 606, 607, 608, 609, 610, 611, 612, 613, 614, 615, 616, 617, 618, 619, 620, 621, 622, 623, 624, 625, 626, 627, 628, 629, 630, 631, 632, 633, 634, 635, 636, 637, 638, 639, 640, 641, 642, 643, 644, 645, 646, 647, 648, 649, 650, 651, 652, 653, 654, 655, 656, 657, 658, 659, 660, 661, 662, 663, 664, 665, 666, 667, 668, 669, 670, 671, 672, 673, 674, 675, 676, 677, 678, 679, 680, 681, 682, 683, 684, 685, 686, 687, 688, 689, 690, 691, 692, 693, 694, 695, 696, 697, 698, 699, 700, 701, 702, 703, 704, 705, 706, 707, 708, 709, 710, 711, 712, 713, 714, 715, 716, 717, 718, 719, 720, 721, 722, 723, 724, 725, 726, 727, 728, 729, 730, 731, 732, 733, 734, 735, 736, 737, 738, 739, 740, 741, 742, 743, 744, 745, 746, 747, 748, 749, 750, 751, 752, 753, 754, 755, 756, 757, 758, 759, 760, 761, 762, 763, 764, 765, 766, 767, 768, 769, 770, 771, 772, 773, 774, 775, 776, 777, 778, 779, 780, 781, 782, 783, 784, 785, 786, 787, 788, 789, 790, 791, 792, 793, 794, 795, 796, 797, 798, 799, 800, 801, 802, 803, 804, 805, 806, 807, 808, 809, 810, 811, 812, 813, 814, 815, 816, 817, 818, 819, 820, 821, 822, 823, 824, 825, 826, 827, 828, 829, 830, 831, 832, 833, 834, 835, 836, 837, 838, 839, 840, 841, 842, 843, 844, 845, 846, 847, 848, 849, 850, 851, 852, 853, 854, 855, 856, 857, 858, 859, 860, 861, 862, 863, 864, 865, 866, 867, 868, 869, 870, 871, 872, 873, 874, 875, 876, 877, 878, 879, 880, 881, 882, 883, 884, 885, 886, 887, 888, 889, 890, 891, 892, 893, 894, 895, 896, 897, 898, 899, 900, 901, 902, 903, 904, 905, 906, 907, 908, 909, 910, 911, 912, 913, 914, 915, 916, 917, 918, 919, 920, 921, 922, 923, 924, 925, 926, 927, 928, 929, 930, 931, 932, 933, 934, 935, 936, 937, 938, 939, 940, 941, 942, 943, 944, 945, 946, 947, 948, 949, 950, 951, 952, 953, 954, 955, 956, 957, 958, 959, 960, 961, 962, 963, 964, 965, 966, 967, 968, 969, 970, 971, 972, 973, 974, 975, 976, 977, 978, 979, 980, 981, 982, 983, 984, 985, 986, 987, 988, 989, 990, 991, 992, 993, 994, 995, 996, 997, 998, 999, 1000, 1001, 1002, 1003, 1004, 1005, 1006, 1007, 1008, 1009, 1010, 1011, 1012, 1013, 1014, 1015, 1016, 1017, 1018, 1019, 1020, 1021, 1022, 1023, 1024, 1025, 1026, 1027, 1028, 1029, 1030, 1031, 1032, 1033, 1034, 1035, 1036, 1037, 1038, 1039, 1040, 1041, 1042, 1043, 1044, 1045, 1046, 1047, 1048, 1049, 1050, 1051, 1052, 1053, 1054, 1055, 1056, 1057, 1058, 1059, 1060, 1061, 1062, 1063, 1064, 1065, 1066, 1067, 1068, 1069, 1070, 1071, 1072, 1073, 1074, 1075, 1076, 1077, 1078, 1079, 1080, 1081, 1082, 1083, 1084, 1085, 1086, 1087, 1088, 1089, 1090, 1091, 1092, 1093, 1094, 1095, 1096, 1097, 1098, 1099, 1100, 1101, 1102, 1103, 1104, 1105, 1106, 1107, 1108, 1109, 1110, 1111, 1112, 1113, 1114, 1115, 1116, 1117, 1118, 1119, 1120, 1121, 1122, 1123, 1124, 1125, 1126, 1127, 1128, 1129, 1130, 1131, 1132, 1133, 1134, 1135, 1136, 1137, 1138, 1139, 1140, 1141, 1142, 1143, 1144, 1145, 1146, 1147, 1148, 1149, 1150, 1151, 1152, 1153, 1154, 1155, 1156, 1157, 1158, 1159, 1160, 1161, 1162, 1163, 1164, 1165, 1166, 1167, 1168, 1169, 1170, 1171, 1172, 1173, 1174, 1175, 1176, 1177, 1178, 1179, 1180, 1181, 1182, 1183, 1184, 1185, 1186, 1187, 1188, 1189, 1190, 1191, 1192, 1193, 1194, 1195, 1196, 1197, 1198, 1199, 1200, 1201, 1202, 1203, 1204, 1205, 1206, 1207, 1208, 1209, 1210, 1211, 1212, 1213, 1214, 1215, 1216, 1217, 1218, 1219, 1220, 1221, 1222, 1223, 1224, 1225, 1226, 1227, 1228, 1229, 1230, 1231, 1232, 1233, 1234, 1235, 1236, 1237, 1238, 1239, 1240, 1241, 1242, 1243, 1244, 1245, 1246, 1247, 1248, 1249, 1250, 1251, 1252, 1253, 1254, 1255, 1256, 1257, 1258, 1259, 1260, 1261, 1262, 1263, 1264, 1265, 1266, 1267, 1268, 1269, 1270, 1271, 1272, 1273, 1274, 1275, 1276, 1277, 1278, 1279, 1280, 1281, 1282, 1283, 1284, 1285, 1286, 1287, 1288, 1289, 1290, 1291, 1292, 1293, 1294, 1295, 1296, 1297, 1298, 1299, 1300, 1301, 1302, 1303, 1304, 1305, 1306, 1307, 1308, 1309, 1310, 1311, 1312, 1313, 1314, 1315, 1316, 1317, 1318, 1319, 1320, 1321, 1322, 1323, 1324, 1325, 1326, 1327, 1328, 1329, 1330, 1331, 1332, 1333, 1334, 1335, 1336, 1337, 1338, 1339, 1340, 1341, 1342, 1343, 1344, 1345, 1346, 1347, 1348, 1349, 1350, 1351, 1352, 1353, 1354, 1355, 1356, 1357, 1358, 1359, 1360, 1361, 1362, 1363, 1364, 1365, 1366, 1367, 1368, 1369, 1370, 1371, 1372, 1373, 1374, 1375, 1376, 1377, 1378, 1379, 1380, 1381, 1382, 1383, 1384, 1385, 1386, 1387, 1388, 1389, 1390, 1391, 1392, 1393, 1394, 1395, 1396, 1397, 1398, 1399, 1400, 1401, 1402, 1403, 1404, 1405, 1406, 1407, 1408, 1409, 1410, 1411, 1412, 1413, 1414, 1415, 1416, 1417, 1418, 1419, 1420, 1421, 1422, 1423, 1424, 1425, 1426, 1427, 1428, 1429, 1430, 1431, 1432, 1433, 1434, 1435, 1436, 1437, 1438, 1439, 1440, 1441, 1442, 1443, 1444, 1445, 1446, 1447, 1448, 1449, 1450, 1451, 1452, 1453, 1454, 1455, 1456, 1457, 1458, 1459, 1460, 1461, 1462, 1463, 1464, 1465, 1466, 1467, 1468, 1469, 1470, 1471, 1472, 1473, 1474, 1475, 1476, 1477, 1478, 1479, 1480, 1481, 1482, 1483, 1484, 1485, 1486, 1487, 1488, 1489, 1490, 1491, 1492, 1493, 1494, 1495, 1496, 1497, 1498, 1499, 1500, 1501, 1502, 1503, 1504, 1505, 1506, 1507, 1508, 1509, 1510, 1511, 1512, 1513, 1514, 1515, 1516, 1517, 1518, 1519, 1520, 1521, 1522, 1523, 1524, 1525, 1526, 1527, 1528, 1529, 1530, 1531, 1532, 1533, 1534, 1535, 1536, 1537, 1538, 1539, 1540, 1541, 1542, 1543, 1544, 1545, 1546, 1547, 1548, 1549, 1550, 1551, 1552, 1553, 1554, 1555, 1556, 1557, 1558, 1559, 1560, 1561, 1562, 1563, 1564, 1565, 1566, 1567, 1568, 1569, 1570, 1571, 1572, 1573, 1574, 1575, 1576, 1577, 1578, 1579, 1580, 1581, 1582, 1583, 1584, 1585, 1586, 1587, 1588, 1589, 1590, 1591, 1592, 1593, 1594, 1595, 1596, 1597, 1598, 1599, 1600, 1601, 1602, 1603, 1604, 1605, 1606, 1607, 1608, 1609, 1610, 1611, 1612, 1613, 1614, 1615, 1616, 1617, 1618, 1619, 1620, 1621, 1622, 1623, 1624, 1625, 1626, 1627, 1628, 1629, 1630, 1631, 1632, 1633, 1634, 1635, 1636, 1637, 1638, 1639, 1640, 1641, 1642, 1643, 1644, 1645, 1646, 1647, 1648, 1649, 1650, 1651, 1652, 1653, 1654, 1655, 1656, 1657, 1658, 1659, 1660, 1661, 1662, 1663, 1664, 1665, 1666, 1667, 1668, 1669, 1670, 1671, 1672, 1673, 1674, 1675, 1676, 1677, 1678, 1679, 1680, 1681, 1682, 1683, 1684, 1685, 1686, 1687, 1688, 1689, 1690, 1691, 1692, 1693, 1694, 1695, 1696, 1697, 1698, 1699, 1700, 1701, 1702, 1703, 1704, 1705, 1706, 1707, 1708, 1709, 1710, 1711, 1712, 1713, 1714, 1715, 1716, 1717, 1718, 1719, 1720, 1721, 1722, 1723, 1724, 1725, 1726, 1727, 1728, 1729, 1730, 1731, 1732, 1733, 1734, 1735, 1736, 1737, 1738, 1739, 1740, 1741, 1742, 1743, 1744, 1745, 1746, 1747, 1748, 1749, 1750, 1751, 1752, 1753, 1754, 1755, 1756, 1757, 1758, 1759, 1760, 1761, 1762, 1763, 1764, 1765, 1766, 1767, 1768, 1769, 1770, 1771, 1772, 1773, 1774, 1775, 1776, 1777, 1778, 1779, 1780, 1781, 1782, 1783, 1784, 1785, 1786, 1787, 1788, 1789, 1790, 1791, 1792, 1793, 1794, 1795, 1796, 1797, 1798, 1799, 1800, 1801, 1802, 1803, 1804, 1805, 1806, 1807, 1808, 1809, 1810, 1811, 1812, 1813, 1814, 1815, 1816, 1817, 1818, 1819, 1820, 1821, 1822, 1823, 1824, 1825, 1826, 1827, 1828, 1829, 1830, 1831, 1832, 1833, 1834, 1835, 1836, 1837, 1838, 1839, 1840, 1841, 1842, 1843, 1844, 1845, 1846, 1847, 1848, 1849, 1850, 1851, 1852, 1853, 1854, 1855, 1856, 1857, 1858, 1859, 1860, 1861, 1862, 1863, 1864, 1865, 1866, 1867, 1868, 1869, 1870, 1871, 1872, 1873, 1874, 1875, 1876, 1877, 1878, 1879, 1880, 1881, 1882, 1883, 1884, 1885, 1886, 1887, 1888, 1889, 1890, 1891, 1892, 1893, 1894, 1895, 1896, 1897, 1898, 1899, 1900, 1901, 1902, 1903, 1904, 1905, 1906, 1907, 1908, 1909, 1910, 1911, 1912, 1913, 1914, 1915, 1916, 1917, 1918, 1919, 1920, 1921, 1922, 1923, 1924, 1925, 1926, 1927, 1928, 1929, 1930, 1931, 1932, 1933, 1934, 1935, 1936, 1937, 1938, 1939, 1940, 1941, 1942, 1943, 1944, 1945, 1946, 1947, 1948, 1949, 1950, 1951, 1952, 1953, 1954, 1955, 1956, 1957, 1958, 1959, 1960, 1961, 1962, 1963, 1964, 1965, 1966, 1967, 1968, 1969, 1970, 1971, 1972, 1973, 1974, 1975, 1976, 1977, 1978, 1979, 1980, 1981, 1982, 1983, 1984, 1985, 1986, 1987, 1988, 1989, 1990, 1991, 1992, 1993, 1994, 1995, 1996, 1997, 1998, 1999, 2000, 2001, 2002, 2003, 2004, 2005, 2006, 2007, 2008, 2009, 2010, 2011, 2012, 2013, 2014, 2015, 2016, 2017, 2018, 2019, 2020, 2021, 2022, 2023, 2024, 2025, 2026, 2027, 2028, 2029, 2030, 2031, 2032, 2033, 2034, 2035, 2036, 2037, 2038, 2039, 2040, 2041, 2042, 2043, 2044, 2045, 2046, 2047, 2048, 2049, 2050, 2051, 2052, 2053, 2054, 2055, 2056, 2057, 2058, 2059, 2060, 2061, 2062, 2063, 2064, 2065, 2066, 2067, 2068, 2069, 2070, 2071, 2072, 2073, 2074, 2075, 2076, 2077, 2078, 2079, 2080, 2081, 2082, 2083, 2084, 2085, 2086, 2087, 2088, 2089, 2090, 2091, 2092, 2093, 2094, 2095, 2096, 2097, 2098, 2099, 2100, 2101, 2102, 2103, 2104, 2105, 2106, 2107, 2108, 2109, 2110, 2111, 2112, 2113, 2114, 2115, 2116, 2117, 2118, 2119, 2120, 2121, 2122, 2123, 2124, 2125, 2126, 2127, 2128, 2129, 2130, 2131, 2132, 2133, 2134, 2135, 2136, 2137, 2138, 2139, 2140, 2141, 2142, 2143, 2144, 2145, 2146, 2147, 2148, 2149, 2150, 2151, 2152, 2153, 2154, 2155, 2156, 2157, 2158, 2159, 2160, 2161, 2162, 2163, 2164, 2165, 2166, 2167, 2168, 2169, 2170, 2171, 2172, 2173, 2174, 2175, 2176, 2177, 2178, 2179, 2180, 2181, 2182, 2183, 2184, 2185, 2186, 2187, 2188, 2189, 2190, 2191, 2192, 2193, 2194, 2195, 2196, 2197, 2198, 2199, 2200, 2201, 2202, 2203, 2204, 2205, 2206, 2207, 2208, 2209, 2210, 2211, 2212, 2213, 2214, 2215, 2216, 2217, 2218, 2219, 2220, 2221, 2222, 2223, 2224, 2225, 2226, 2227, 2228, 2229, 2230, 2231, 2232, 2233, 2234, 2235, 2236, 2237, 2238, 2239, 2240, 2241, 2242, 2243, 2244, 2245, 2246, 2247, 2248, 2249, 2250, 2251, 2252, 2253, 2254, 2255, 2256, 2257, 2258, 2259, 2260, 2261, 2262, 2263, 2264, 2265, 2266, 2267, 2268, 2269, 2270, 2271, 2272, 2273, 2274, 2275, 2276, 2277, 2278, 2279, 2280, 2281, 2282, 2283, 2284, 2285, 2286, 2287, 2288, 2289, 2290, 2291, 2292, 2293, 2294, 2295, 2296, 2297, 2298, 2299, 2300, 2301]
       raw_losses: [0.488905641294661, 0.6442680810834025, 0.8677150096212115, 0.8936205327292501, 0.9970847110608558, 1.190491259316385, 1.2074518585816407, 1.380945894307706, 1.844639045414907, 1.9891053774417975, 1.7744035249228005, 2.236109326610635, 2.145551864917462, 1.9205651444829863, 2.448785567458296, 2.713208563598521, 2.9013817681497707, 3.336101022395459, 3.43654502311469, 3.899694922206166, 3.904694859361474, 3.890021649909107, 2.835671304783105, 2.7018017436995176, 2.9336978568262233, 3.108141093900352, 2.69070373917674, 2.8082475780130745, 3.02264251944783, 3.668735471400586, 4.319452813256791, 4.034709037878574, 4.394061231787825, 4.60292597480746, 4.368668692452567, 4.4897919827765165, 4.486620282078837, 4.0464914334126005, 5.3888769665043865, 3.442961805469387, 3.8654618167178536, 3.9116406929798617, 4.380683505928124, 4.277187145673311, 4.709552489794218, 4.613980513352614, 4.134664133791522, 4.362181800189036, 4.37467349754585, 4.882665745067945, 5.727188857047112, 4.86554236464448, 5.019796512065789, 4.79707766365219, 4.537131369768918, 4.5182847282388705, 4.855951423610087, 4.360927036830357, 4.499440445568099, 3.9206586215958925, 4.579432317625472, 3.9605109185089558, 4.407095472454588, 4.76830284237425, 3.5889839165376656, 4.205113727094489, 3.4049264913076884, 2.848473709581536, 3.0017536140623546, 2.8164511298958637, 2.6537198697254336, 2.4618011040565295, 3.0564882864445555, 2.8668411681940267, 2.5234962697430845, 2.3953821183124306, 2.58042207131019, 3.032544107882531, 3.1236256059709486, 3.5602823343032446, 3.2342574177207526, 3.221040277690678, 3.235322653155624, 3.5089414661183898, 3.4354821683722974, 3.2242233761937626, 2.770253898896577, 3.0870215539093855, 3.340684716954773, 3.308521251975398, 3.5273268152942587, 3.975417835371835, 3.7176857671458206, 3.9441897773044015, 3.7732875757601674, 3.927484400106437, 3.873525700726352, 4.532426792186695, 4.2477718360258105, 3.983743816941649, 4.29929824801155, 4.065922188671517, 4.150837490846823, 4.021517635701777, 4.104693739405482, 4.184565645871145, 4.195834154611106, 4.011196114641407, 4.126311862425053, 4.073948745325808, 4.1564783582757245, 4.411112718093089, 4.376539971802261, 4.20036816072988, 3.8908868298862442, 4.2039501282758325, 4.254901782933609, 4.19469323961726, 4.242436349610269, 4.265122535901192, 4.385056275587815, 4.126002383756114, 4.436892097249572, 4.606755652270475, 4.695717388893659, 5.196630121587397, 5.166956691951542, 4.985875937528226, 5.180167067181933, 5.690588351134416, 4.863611384625837, 4.5992438810648935, 4.530980435919849, 4.09113681884039, 4.119778082047627, 4.313523232281863, 4.007351200222533, 4.313477873365521, 4.303936146554493, 4.551080876654321, 4.596632968811762, 4.75458994278541, 4.880018277046008, 4.980200033048134, 5.197346383398706, 5.401617085104023, 5.323933426713769, 5.31828290726239, 5.309168908185574, 5.980899112128513, 5.245174924969237, 5.135082017807734, 5.0407554544372, 5.65033260457245, 5.71479403142964, 5.301420495623634, 5.848855323407239, 4.892073672333043, 5.42145050226987, 5.312247204693246, 5.101297655385056, 4.970979760418008, 5.154520175395867, 4.929910247579162, 4.678289218699976, 4.74778400017665, 4.563892875398908, 4.483378838706803, 4.478960485248775, 4.887928304218111, 4.647701907070565, 4.658354339582143, 4.73035837879111, 4.637289707477276, 4.901549979443952, 4.889339907265408, 5.1309131401362436, 4.945814037497664, 4.939444582977575, 4.7425825622055555, 4.890949434849805, 4.645949499947684, 4.500250641242925, 4.775357461237645, 4.796307947172787, 4.585282503903567, 4.829960870218801, 4.508977151615715, 4.803254728352194, 4.989304490578481, 5.256338223869547, 5.295230661556397, 5.563740006296626, 5.50164736146892, 5.9989808557671065, 5.735985019704798, 5.739435665773385, 6.349528436695699, 6.263227308189476, 5.443040720272413, 5.585505917832092, 5.437070877124102, 5.68570001134069, 6.054557014297653, 5.935306535972344, 5.700480704779153, 6.29147732476175, 5.670090566187988, 5.854868031246758, 5.768898085360125, 5.628826738713862, 5.563688092179351, 5.307205673539158, 5.21852798426981, 5.365161032030434, 5.496560115080613, 5.46986277723487, 5.595413678731674, 5.356242965865921, 5.564301736188895, 5.272114579057519, 5.545508515703809, 5.225099979302822, 5.731260850752666, 5.242338268748133, 5.33181982250004, 5.485772717130053, 5.634520185736073, 5.934879870641799, 5.536151265050028, 5.808758582824316, 5.554390852267925, 5.495158290688371, 5.802893032521118, 5.664892799251682, 5.450568503075903, 5.448775453008575, 5.261206628638746, 5.12667327049451, 5.214573380711315, 5.2897331679697, 5.067671067548758, 5.198563242133284, 4.822629124253661, 4.570976621502048, 4.503292781529409, 4.590380587420621, 4.372763572595058, 4.443788171032846, 4.970793422761854, 4.497947097697974, 4.565978096954988, 4.809942448095525, 4.804096292663407, 5.319441162186228, 5.5319694974920255, 5.554446877140702, 5.722391581797337, 5.46767917570177, 6.037703749897716, 5.4374390705164535, 5.456056618428493, 5.689467569847246, 5.774362672379602, 5.876861059622014, 5.610391692800836, 5.755544847621149, 5.896404881180424, 5.917870057808174, 6.304529804013151, 6.454185176681686, 6.527298917700519, 6.719027451979808, 6.467284108256246, 6.8588673535720766, 6.812740167855343, 6.924628718868717, 6.622731290020785, 6.638114652354202, 6.530422022927811, 6.544616606645969, 6.737965204776862, 6.49536009149237, 6.555136823828841, 6.443073621163001, 6.391356848098419, 6.6348562485132465, 6.579510166531517, 6.447661754412529, 6.460524231522948, 6.238796295263828, 5.939112910420904, 6.090660674231393, 6.396639899893121, 6.423782556484907, 6.044027691795712, 5.967813313662351, 6.289901216388185, 6.248033946250384, 6.2667147397121665, 6.170435129941165, 6.224466901122432, 6.003588637152871, 6.052427049084898, 5.955375774439438, 5.721980694012764, 6.200443517594111, 6.266864740804875, 6.483108723119939, 6.335328192937942, 6.427141053336007, 6.4043683647672776, 6.030366482752147, 6.136348841391204, 6.406470209687621, 5.754057554098276, 6.341599061812237, 6.064500076866849, 5.859051500921284, 5.926759552169632, 5.94150308287624, 6.017195974077497, 6.334107391126863, 6.537075633094425, 6.609458677061311, 6.560187352882637, 6.398155488374033, 6.635867285641122, 6.333178373483511, 6.328264377929352, 6.447313739266588, 6.689076510104504, 6.696865210166345, 6.541844606399536, 6.331074015998142, 6.659184995588365, 6.872867400829609, 6.550580050045754, 6.356832874563588, 6.33662334903256, 6.2324653553875375, 6.310678708247649, 6.451254711919652, 6.767191620536776, 6.587889040782775, 6.894427715203701, 6.4622820890866794, 6.3172301058367495, 6.144339740494669, 6.1482557359632555, 6.108414287532206, 6.178743365046742, 6.380231035498036, 6.497801434862745, 6.630625009536743, 6.852001494977063, 6.591935990930914, 6.370669197250199, 6.369775861174196, 6.299133823031471, 6.317503839185386, 6.180280438272944, 6.210400832005036, 6.445742863001841, 6.59562732011844, 6.448223196106516, 6.832678085718399, 6.731266857503535, 6.453745596574777, 6.908611425986657, 6.724214143368787, 6.8683184284866945, 6.898986445241795, 6.952458930102897, 7.000318551674868, 6.931683341225425, 6.81692148128272, 6.688694650000269, 6.984770164384947, 6.666896014859825, 6.7507061416849545, 6.932226097190773, 6.670310431784326, 7.018613304410662, 6.988938480069786, 7.227646400640299, 7.26357604994442, 7.212108268842592, 7.233661351186452, 7.792466389827239, 7.845923378354027, 7.053365723117367, 7.088525860300868, 7.143648229675852, 6.989841674273704, 7.281691683954372, 7.16013840965299, 7.42460856682215, 8.016665278773605, 7.6513625396477, 7.43394830375364, 7.295302053947588, 7.829404025724083, 7.677753759391142, 7.632766816205594, 8.005221939785576, 7.902666249118009, 7.965627293010335, 8.173714454357441, 8.866102513812837, 7.810937657024398, 7.435226022978842, 7.034579325944949, 7.268183971062685, 7.389775030778878, 7.494114171890986, 7.7209639095124745, 7.513204045348115, 7.569118013312091, 7.37843181449415, 7.804160067449996, 7.976288240034502, 7.34126880579379, 7.461889281814352, 7.558948663564829, 7.5968916948898375, 7.352602597121354, 7.649395361051455, 7.404469800956083, 7.280265831685329, 7.605013097162212, 7.253435469372368, 7.603711768384382, 7.136850721233493, 7.585707054906712, 7.421522997237823, 7.374895713268182, 6.88480158603235, 7.186105066166693, 6.908979817624494, 7.117967343592381, 7.200473242190295, 7.288781375675411, 7.572388497027722, 7.468159370806628, 7.642878156878573, 7.487872500122685, 7.478176116070031, 7.733925336446518, 7.815305292388022, 7.545235038240314, 7.704737766321762, 7.577823036319607, 7.728461520575778, 7.427787255018186, 7.5892421299721295, 7.5144871931809645, 7.867951964284037, 7.5055271950396865, 7.827747245411296, 7.901510409819774, 8.223779376173194, 7.9075288231119565, 8.291327500954653, 8.200811173016335, 8.654124324575012, 7.944440502823491, 7.84604731409541, 7.791850261199168, 7.751158476749183, 7.925368487179934, 7.623682884942918, 7.33277385924762, 7.600755379750178, 7.473312050431639, 7.234602474904323, 7.3348598305558985, 7.534784512642102, 7.591245790104289, 7.696885085367894, 7.900739927431602, 7.5345711297604625, 7.585379499218839, 8.03341042689788, 8.159422625552168, 7.950784159230662, 8.010818910249423, 7.729543827392242, 7.629188913128751, 7.748307683965662, 7.66132329584478, 7.653385364092314, 7.669931303450476, 8.000255609169985, 7.636893765830295, 7.540434005059602, 7.727493409272078, 8.112797072518877, 7.8319706069680795, 7.628932269938263, 7.321075310200562, 7.8914051073374765, 7.304128592704242, 7.4858932302985, 7.60532930569771, 7.4977362391712905, 7.544413646062215, 7.586780284350608, 8.137070206932096, 7.6170006191337505, 7.69694777460762, 7.801431327512413, 7.75742818235041, 7.9658529452788525, 7.847949652444749, 7.858763326218713, 7.9619312303843515, 7.5015294551849365, 6.855831780276456, 7.0166563027071, 7.035324354311485, 7.22769190452911, 7.016778313196623, 7.074652592341105, 7.173248793179299, 7.4991838696238755, 7.347370958153581, 6.81993959238241, 6.693396137747572, 6.832937383826399, 6.656637717515994, 6.990505525044033, 6.861750432423183, 6.755397129408169, 6.601361673830193, 6.8135194926908165, 6.36704555448595, 6.500545184690874, 7.168998625688937, 6.5784213700137295, 6.606436167007837, 6.589516752368802, 6.776735292686211, 6.515706575833834, 6.467070831920638, 6.782755498921041, 6.827361363631028, 7.0256641286633394, 6.903080478256002, 7.228487690726479, 6.915046977472829, 6.978028924473913, 6.805505420698788, 7.0677803077977215, 7.237168513811552, 6.8932394448654115, 7.003436776744577, 6.747176768578889, 6.3748643057686945, 6.7464806946206, 6.32562394456549, 6.408781099668789, 6.696575950790238, 6.412965227832724, 6.6822010693532645, 6.520660509556641, 6.39555056365855, 6.451975456524244, 6.669734993260422, 7.084025597834325, 6.66311303687183, 6.841143139989385, 6.900650792069488, 6.6763961271488625, 6.823807393238221, 6.428374934982467, 6.5550298018333235, 6.4896682775937595, 6.538237413643917, 6.453819226869297, 6.521459587327727, 6.337664417294792, 6.6810325135241495, 6.345050509596046, 6.599604714921106, 6.36036479254782, 6.652558570379739, 6.741353979040851, 6.766628626065376, 7.138330688406696, 6.939791941380763, 7.3089395853189325, 7.001880202974592, 7.315217067033816, 7.311829783540943, 7.225548222824767, 6.95910891421112, 6.9630761452210255, 7.151448047204768, 7.348629065922329, 7.181204825530559, 7.280507747070256, 6.976227613595816, 6.97151345647735, 6.8521073781527, 7.089821253940736, 7.3302347511598915, 6.992287041066767, 7.12176666242299, 7.117127209792644, 7.21277727661552, 7.215877991456252, 7.23948292243175, 7.132354600962265, 6.804962309288891, 6.987143246682136, 6.797265022228926, 6.966803972537701, 6.940172647818541, 7.142460221336002, 7.164842164560115, 7.199822304449675, 7.209821759562789, 7.3202387273529945, 7.254260371456216, 7.795732305163429, 7.208167911012531, 7.040241094735952, 7.293435334285974, 7.005735834002931, 6.927474762493874, 6.754961447838025, 7.154853202484467, 7.125137480187329, 7.129569109542903, 6.8207693964570435, 6.888820430734655, 7.207243591001182, 6.708098789711138, 6.873938941256904, 6.593597327396546, 6.667831567617563, 6.577554990083743, 6.516551855282906, 6.637660335708451, 6.839394082079877, 6.839954789304908, 6.960421413729042, 6.594544253506503, 6.551102393712753, 6.93813697933714, 6.457992568557516, 6.621759055734991, 6.42211989168719, 6.433893961784167, 6.778011120282686, 6.362118116665235, 6.068743641996559, 5.973795088219555, 6.132908111963516, 6.444077108369205, 6.239884094440893, 6.065874493602431, 6.1882111336285375, 6.257773177527683, 6.398913603562575, 6.588866178806011, 6.154013306229979, 6.141468621872284, 6.237034194198721, 6.042705900939829, 6.256733775575519, 6.036139269888182, 6.369590622164828, 6.499776202680427, 6.05348705459427, 6.220684125746563, 6.203692892968873, 6.432989650593573, 6.342294207422724, 6.0158476157066145, 6.207153347385672, 6.207119081483219, 6.005035290351281, 6.075370779840937, 6.2396023247268175, 6.433105056539123, 6.144934269971463, 6.120016767865136, 6.207328307322967, 6.132925903404152, 6.008812444113986, 6.503831993529212, 6.036282456401503, 5.960094575916891, 6.257108650801382, 6.197581432677887, 6.252294389319507, 6.2070927654867205, 6.092264971016964, 6.202736224010314, 6.155247848112505, 6.242500560187595, 6.073129682750492, 6.36106595713577, 6.5079954866961245, 6.063927003315517, 6.018583036604381, 6.240499430960352, 6.281900908047463, 6.3948379672053965, 6.403559097876916, 6.627662980949486, 6.362500395966974, 6.3733299520862845, 6.405193499156407, 6.1175439445090385, 6.023429993744735, 6.161251374653408, 6.4239711709074925, 5.9203278328472875, 6.076853106746744, 6.256886514115246, 6.124874020670797, 6.079520856941139, 6.245736973626273, 6.002904753981929, 6.294633934349368, 6.072207498899746, 6.038193928016411, 6.243493460910225, 6.37575302543221, 6.242062874329396, 6.485639260365413, 6.313192340480539, 6.303010548427428, 6.086268871258467, 6.195409182663802, 6.331827669353276, 6.2942367525764435, 6.801938347764068, 6.346920621264112, 6.3329810205396715, 6.5291895883860604, 6.460506900326236, 6.4418200223873825, 6.373848628648472, 6.487640468192188, 6.203048591648702, 6.260487764309614, 6.307686526260096, 6.434915108558459, 6.451303971119416, 6.473136810156015, 6.485907236735026, 6.634046498672429, 6.371525648312691, 6.31070062703702, 6.441805603739979, 6.4846359032851, 6.432277391245077, 6.323873887568603, 6.675874054213583, 6.328879094385838, 6.089312445986402, 6.316255522298289, 6.204755203191177, 6.286932211655837, 6.217522205013932, 6.156118939211081, 6.534928390831301, 6.233724581016289, 6.342365999361534, 6.290472522323385, 6.181501313443586, 6.545984344168024, 6.229711686298524, 6.116370634281592, 5.985467845266992, 6.101643148359361, 6.0561669082432, 5.965187747836549, 6.194209808831687, 6.084967318035307, 5.930786490877033, 6.059686351608444, 6.028130835665888, 5.8615974480415876, 5.621859170578339, 5.667157673573756, 5.882592888105483, 6.012374167040591, 5.599948451632545, 5.847473272910485, 5.759864308458545, 5.585338023119357, 5.711162141827873, 5.467568442061707, 5.947534786475884, 5.544461389164348, 5.507106327748561, 5.7323033809661865, 5.7089751954480406, 5.513507717258328, 5.47656508286794, 5.561168461928874, 5.62112191308549, 5.267474751769405, 5.198662050477751, 5.14155625860333, 5.311248246566716, 5.530844979670459, 5.505842432434306, 5.46276098555261, 5.100417480363951, 5.204185770544814, 5.164906941054068, 5.458490490476727, 5.301832186870086, 5.2792824284060975, 5.270136694331746, 5.307329544217596, 4.940688997834593, 5.107366937857408, 5.201706342208079, 5.0326511191797785, 5.159643981046292, 5.098990511981559, 5.315542283948961, 5.195204675415933, 5.227459366068299, 5.4516230175346685, 5.3058492451797035, 5.226786686823918, 5.296771712355561, 5.341573284222529, 5.214532597161038, 5.679873298812699, 5.3409306199559365, 5.26575708476615, 5.361518736724015, 5.119148079292241, 5.20067500718784, 5.367056578506917, 5.456452905040084, 5.570210209696284, 5.360351848078298, 5.306429357319088, 5.337046502710699, 5.388496956982455, 5.332945099243751, 5.568372867046258, 5.455887824187785, 5.354816135469374, 5.48142212389153, 5.349191304528233, 5.174406886537433, 5.377963692277342, 5.329078196169256, 5.429821190816579, 5.695902385991135, 5.800939489196945, 5.5571519035996095, 5.8265721046880925, 5.6633232818855035, 5.871022892522288, 5.614737221609542, 5.663779867001069, 5.759813340155633, 5.432886305309477, 5.5135567135863255, 5.6274048793010225, 5.696190255028861, 5.377340657370431, 5.8406215229313885, 5.544913770951631, 5.646319930806701, 5.5226730435759155, 5.746459298954779, 5.445521542440841, 5.712406091637664, 5.621155664161011, 5.523394636618785, 5.763661499861833, 5.387740167069348, 5.634255011003096, 5.628763526350587, 5.5502936608625415, 5.308208181307866, 5.447952617219079, 5.443830733770852, 5.341027561998192, 5.459367259954795, 5.553254838391538, 5.437928441679958, 5.576421397509592, 5.575766900520185, 5.478186464135026, 5.660763782022637, 5.552387515267173, 5.602291426815829, 5.632090510029496, 5.518386288003607, 5.493679046194195, 5.665555611634866, 5.821991760652144, 5.623137925570701, 5.682287422291962, 5.648195120004507, 5.458290236336844, 5.556133845786909, 5.665779136476063, 5.731191294533866, 5.876180880235665, 5.843623889671577, 5.698216776271443, 5.687011772023016, 5.7876289414835504, 6.0678680414681905, 5.840948359870212, 5.963263739596356, 6.122596803602281, 6.0703369959806786, 5.965595344920735, 6.005512076856452, 6.027362036617684, 6.1843457108452204, 5.973592807958414, 6.026789666968824, 5.859777578067431, 6.08137172569722, 6.213111301044841, 6.037950946297838, 5.906930712989835, 6.398043141696916, 6.2473491216317205, 5.853362051121918, 6.10524085851816, 5.828632091864561, 6.190101973739736, 5.702081431399335, 5.561273764341306, 5.822213499537318, 5.9768911971277365, 5.7418501272306335, 5.714344533808502, 5.661221917295631, 5.919986112650498, 5.713518725210057, 5.596950763311142, 5.924156633488861, 5.479785908709515, 5.706371723077236, 5.5716259610521925, 5.84319590037559, 5.709930583234235, 5.548440106185801, 5.858205125445411, 5.696797823731279, 5.419515074827732, 5.485799595549866, 5.3476815066494785, 5.636447123992137, 5.5522902972532275, 5.420657181477809, 5.52243962480035, 5.4577975150866385, 5.552002728640378, 5.373667919592107, 5.477727768185375, 5.4665815227634305, 5.337632108520675, 5.5548651943276655, 5.518828609487513, 5.536274776353941, 5.376242101410806, 5.64918678234785, 5.376421203543415, 5.627895460023985, 5.593085460173778, 5.699534406155457, 5.243359513335175, 5.321621358612955, 5.466152309061407, 5.395886880574209, 5.409170817106198, 5.500470296803848, 5.616045023495461, 5.556408562503019, 5.293485275555006, 5.429665919188615, 5.652645582681174, 5.37153823471768, 5.274204648894704, 5.144250416493678, 5.326462346555549, 5.094545787507361, 5.2623087128440105, 5.366615591468392, 5.360765513919649, 5.378706340388064, 5.3268281278156095, 5.34686323880276, 5.367680008158143, 5.452926057162302, 5.344129582464476, 5.63334394068945, 5.38638435615288, 5.413064198616223, 5.344451656271686, 5.286192329811962, 5.232041661119286, 5.315273139066312, 5.194857584251152, 5.348994634090325, 5.263649441820362, 5.432064911384722, 5.313977958081843, 5.368385795708541, 5.272598793655088, 5.35350531623477, 5.363199878524948, 5.37973568727682, 5.208997055724427, 5.2602557349991015, 5.286625916267926, 5.406800423349653, 5.32643527949686, 5.254450476649916, 5.474892019788861, 5.502454023221474, 5.313863379614694, 5.111519849780715, 5.376061173149081, 5.266724489547394, 5.367061710183, 5.4813755589090425, 5.509040484061608, 5.463118023051447, 5.235875898228461, 5.545093732002454, 5.090752171946096, 5.402815841493153, 5.888778207066295, 5.607923784535447, 5.450443696626377, 5.6677131565499215, 5.749645202587812, 5.64116259372278, 5.534828556326283, 5.587247501799475, 5.771060788151109, 5.590652757511908, 5.603430623099918, 5.644531260479938, 5.5736831396054, 5.901210241702014, 5.786288231720418, 5.7796390781472455, 5.6472423661759485, 5.628254183919439, 5.502576940662259, 5.682294360883943, 5.755422661156008, 5.617903958310138, 5.61250139156104, 5.7402294013963076, 5.629244530157292, 5.587421637315017, 5.86789441370702, 5.675323024337545, 5.7897361521319155, 5.812486837198446, 5.92712385051853, 5.759356546751309, 5.704608408086029, 5.900697162299802, 5.848634626402523, 5.659328031889248, 5.699470355833843, 5.754211685159704, 5.861126769593347, 5.859899505154117, 5.86238047404167, 5.790354471066933, 5.656659683465084, 5.766148182498666, 5.507445121422792, 5.529875961415497, 5.682319450727749, 5.390091340620439, 5.3824196464412815, 5.52997846306462, 5.5051730159438135, 5.523310372244308, 5.576443402321784, 5.653381325823047, 5.4828806552258165, 5.528053241771656, 5.361200088109726, 5.342266580997369, 5.489951890903515, 5.552917122404217, 5.529849664632217, 5.542278031289796, 5.265679698287349, 5.328413641059791, 5.442078124035846, 5.439081351835649, 5.573270506911225, 5.512946852834234, 5.510972357494927, 5.394263773174076, 5.368567425689418, 5.358923439577822, 5.557518179163392, 5.484866247072325, 5.48980144528679, 5.673307458996336, 5.3964050855392065, 5.48321799218873, 5.546931622229216, 5.354528373851007, 5.498442270816901, 5.427283015443292, 5.4932091140048405, 5.523347793481289, 5.340850718292124, 5.4185349094125375, 5.425566404293745, 5.531247364295708, 5.59114352949373, 5.379574893595098, 5.537530451030522, 5.204755785701039, 5.289002920681741, 5.258228355274969, 5.355753281177619, 5.538174861080044, 5.320465666907174, 5.513852711125608, 5.442914964515211, 5.58555641628447, 5.817295092802781, 5.5483139128912065, 5.661580805376772, 5.428972269589211, 5.201784971869472, 5.419291015073057, 5.589580067784795, 5.239215758693961, 5.281185062377007, 5.43855357170105, 5.185290816939357, 5.310220065134349, 5.189775756863884, 5.249870851363018, 5.393789263872, 5.428375099168155, 5.398418430880312, 5.344673694708408, 5.292269231635572, 5.335812212346674, 5.455475106780782, 5.306804711128766, 5.298109541882526, 5.1814397769969895, 5.17129935886397, 5.488451014508258, 5.273660258932428, 5.167185767666324, 5.447726682428912, 5.2856344774965835, 5.382786041651016, 5.341215373395563, 5.224420612984961, 5.426723518651047, 5.27959838498643, 5.07543146828592, 5.248418527645069, 5.1836503233228415, 5.330994804700215, 5.115940948982378, 5.2958535100077535, 5.230839018856649, 5.223499457478087, 5.015152104171641, 5.079926153679033, 5.366891888035086, 5.058747125195933, 5.224859181777898, 5.05007633796105, 5.012535399133032, 5.073121212777638, 5.206654754750458, 5.165371795277019, 4.968345725929344, 4.928989888110877, 5.306291458807586, 4.944203439649645, 5.386535540605203, 4.995442247216081, 4.937564290050185, 4.964890397075331, 4.906486522583735, 5.2672032087277145, 5.198463524654235, 5.0824688371721205, 5.157932551789196, 5.0972226949838495, 4.978680827678779, 4.951350137864277, 4.878691106925517, 5.152578848622221, 4.95025865760915, 5.082259219208043, 5.144431544310881, 4.864421530957624, 5.162637419316358, 4.92446909894, 5.001964911436423, 5.1361434651818465, 5.102945785819393, 4.972979577906402, 5.099753642693544, 4.903665723381462, 5.133125277665945, 4.914087622593611, 5.23129863005418, 5.0125928440373455, 4.955168080417228, 5.116457894608215, 5.070393293768495, 5.108798571558663, 5.133495548269251, 5.037890736436669, 4.9893048250631535, 5.1866037745178835, 5.062219588311164, 5.119030959003574, 5.148739419140658, 5.286281878694947, 5.238418322343093, 5.029646465629885, 5.213943915489392, 5.060975448552505, 5.24922517717103, 4.985683837216416, 5.000913778067509, 4.987662558153872, 4.9817199274733825, 5.1897592300023785, 5.208406246188796, 4.989635294173663, 5.189353272155091, 4.9202470281621915, 5.160448432405353, 5.074068898246402, 5.065847666708978, 5.173977058012407, 5.024210529886322, 5.020304456735269, 4.9536557747767525, 5.02775393693875, 4.892905410392817, 5.03154365396325, 5.084860500835237, 5.239174618825808, 5.079818104649638, 5.256059177192576, 5.451789798317375, 5.039902886191567, 4.938035256696708, 5.235597699116438, 5.0744805711529635, 5.287163505187402, 4.963351194238488, 5.031884238396809, 5.124081259682065, 4.849400444781824, 5.271657110570551, 5.0144588231167075, 5.109147360909989, 5.102551605675247, 4.962991302703326, 5.016022840698997, 5.175656959687397, 5.042760518880991, 5.157096054527786, 5.146262489395701, 5.121752490927448, 5.04889391324459, 4.940858058440379, 4.919336408049196, 5.08040433314257, 4.930997786941109, 5.082340130439172, 4.966890174827296, 4.946010635449336, 5.1825198991831405, 5.226025462587238, 5.131761171005585, 4.898772438803872, 4.880747459310315, 4.92639821221977, 5.1697809643797825, 5.046015965632903, 5.203674020348014, 5.021728152757163, 5.152257735912617, 5.093620853983002, 5.01810132933187, 5.049121358455756, 4.967793734082372, 5.002336714730594, 4.993223948793097, 5.035503138989319, 5.043257988416231, 4.961251061914605, 5.220290431609521, 4.995278266760019, 5.2657152104290414, 5.156790714997512, 5.260617774921459, 5.075329318588033, 4.827843303208823, 5.116034650977278, 5.182418521943983, 5.007069377235441, 5.10112600230472, 5.009849034822905, 4.974831864947364, 4.784180725450481, 5.067540318537981, 5.066868919155973, 5.019707323430659, 5.049123782377976, 5.060152817121792, 4.914178946079352, 5.114963410538195, 4.881593596367609, 4.802346571897849, 5.000240425487141, 4.92470445737734, 4.972820093343546, 4.949597928986881, 4.843454645666884, 4.98579267791776, 4.98272089993124, 4.898573422169948, 5.038772421442109, 4.931739034233512, 5.284968692741114, 4.842568097970425, 4.92278043341724, 4.968181311429202, 4.934229063900399, 5.0033481719293, 4.928169996747167, 5.01563548823416, 5.092809952659048, 5.093994362450345, 5.0507864366957556, 4.959532070509243, 5.057611321791624, 4.936343411386232, 4.933691249225602, 5.1106550462080005, 5.1670591080145085, 4.9572166828882125, 5.095159779538165, 4.920767651809441, 5.19932359566182, 5.045432049276191, 4.954529005092579, 4.947381561492389, 5.069763170930492, 5.090806906913226, 4.998941998778682, 4.83076448012621, 5.134584304177281, 5.114157973628341, 4.829997598469912, 4.91834359902602, 4.856304445546189, 5.0024331000261695, 4.94007617693681, 4.894744825887156, 4.734220006527045, 4.921292891869178, 5.023232406748956, 5.077461777152596, 4.859258901505243, 4.987921974161169, 5.195781895965884, 4.960069500483, 4.798232785511366, 4.926273776934697, 5.06082539724343, 4.7447287403183545, 4.807199941013322, 4.869831455932869, 4.935829357786493, 4.796905866036048, 4.8471246263483065, 4.842344004592616, 4.81733452400445, 4.868007428043491, 4.978029575103369, 4.827759096910666, 4.935104515962985, 4.97963714992607, 5.040324171820839, 4.831462997656602, 4.962417116531959, 4.990204535561167, 4.784325049473689, 5.098473960226709, 4.823733555964934, 4.922043050601806, 4.788211343925951, 5.0080793510863195, 4.89886704644004, 4.888785522936028, 4.827196615519541, 4.722084823545519, 4.885725251047602, 5.123635528725146, 5.069953841604156, 4.844197633502247, 5.04916389084561, 5.056564733658955, 5.100137552498897, 5.036969705379053, 4.992922320907369, 4.951597251298227, 4.902993227099325, 4.71781136352064, 4.795015015008249, 4.827989387861538, 4.780760249812087, 5.032210270563762, 4.940517967000549, 5.017544673912691, 5.203241408526242, 4.818804345288119, 5.033214918423048, 4.807284799687592, 4.907159796127906, 4.88417478446122, 4.6743926386256796, 4.804312105580564, 5.167829312247671, 4.757504861433428, 5.011646793002174, 4.835474208597735, 4.820558077249771, 5.137991614394135, 4.93203411259494, 5.094325736328796, 4.8858630906094564, 4.916275243619423, 4.963522953864856, 4.939322333632808, 4.963489965641455, 4.9105507253290535, 4.9817819983967935, 4.901881127567082, 4.961476315945496, 4.933709038046254, 5.05538818862412, 4.990642157666413, 4.853128176032405, 4.865236262262086, 4.671549156908587, 4.774739532680302, 4.877628693650494, 4.837133087954679, 4.862603368339958, 4.902403995230958, 4.815119380479331, 4.755919190990182, 4.965122850823315, 4.934943099598308, 4.9043888089421035, 4.754652655604994, 4.947185025983678, 4.969542619946239, 4.926854099982824, 4.763973358786586, 4.871225721670157, 4.940349119050162, 4.974268280542814, 4.905514742865231, 4.889932032033201, 4.946038245281457, 5.050931104810247, 4.8494249647790255, 4.941040253464555, 5.0876351324193205, 4.869958320380131, 5.0458407773203025, 5.055673327201452, 5.075951273624714, 4.768973716886053, 4.987320430112845, 4.72505993109483, 5.052083982216133, 4.854085239298614, 4.81542049397479, 4.684530834138612, 5.012596373592977, 4.741280611618098, 4.917640172518217, 4.911266238698156, 4.880902728318294, 5.026869407066932, 5.076559785958175, 4.966733877475445, 4.824770735297011, 4.863154558471708, 5.014339069743733, 4.769257947638795, 4.875553224112961, 5.051684951607561, 4.925050615391015, 4.725688248763591, 4.862040637613653, 4.723542483734997, 4.707279695914342, 4.95648392652854, 4.797044201648279, 4.828125017029898, 4.8457083990285685, 4.700100830623081, 4.885331750352741, 4.847022623369545, 4.802745107766036, 4.978538033289787, 4.736755224374624, 4.837086656591395, 4.890485133006896, 4.943805661393609, 4.852167633426932, 4.767745883473546, 4.818855243724781, 4.7814427858743915, 4.797133745291294, 4.881029254350906, 4.686149666160891, 5.006944347650577, 4.739704825065949, 4.851197626564529, 4.818862544747936, 4.824276414109674, 4.741817643790891, 4.78943345223591, 4.946801357216888, 4.7909326793509965, 4.932001345541888, 5.082832795796377, 4.873121229283539, 4.815130915833917, 4.97326756746341, 4.819970062364152, 5.231000435221326, 4.927044549267808, 4.760455406847454, 5.088137649791145, 4.784419058006762, 5.010349750955463, 4.856219697784591, 4.77142552731238, 4.968673839237227, 4.790776756220248, 4.794990732119634, 4.8081722766051795, 4.960892438015222, 4.8950715104302205, 4.872566225109519, 4.739491273631979, 4.814276986506396, 4.955997012473724, 4.785194581681555, 4.915138657713111, 5.044913348260817, 5.043849583510514, 4.68015198349516, 4.74745354285607, 4.8302219940192535, 4.648552739139879, 4.8946631994002905, 4.930462419768393, 4.79176924254868, 5.024882383398957, 4.970788183229747, 4.79432058159685, 5.024350154967535, 4.958363791961809, 4.845639227074145, 4.728604265621731, 4.923426496240245, 4.652122322456304, 4.836077232500572, 4.692329095833467, 4.948554310169849, 4.796742410450191, 4.755653714085673, 5.110599068931608, 4.95460337684268, 4.904485061491802, 4.768466934616312, 4.8482722506855, 4.823616320396955, 4.815015672327398, 4.871157146635509, 4.90304084051223, 5.299978342685071, 4.854132905984536, 4.856538460804866, 4.610545809452351, 4.8776165801526865, 4.633260006869669, 4.837215352407742, 4.911141283782847, 4.800441723603469, 4.819398243785341, 4.894409395399547, 4.753095397582421, 4.857501636931311, 4.913900777533814, 4.752574729395437, 4.7492681584515415, 4.942005033458109, 4.749941614521292, 4.861041155926911, 4.980060941133743, 4.856314712391669, 4.969720679761726, 4.817885811512287, 4.880832288291428, 4.902780877801525, 4.82373113597269, 4.960113015803662, 4.797067957920032, 4.943571832153824, 5.008605552680327, 4.722304102702019, 4.854432679794647, 4.775846621055742, 4.866151483067663, 4.7633490501306, 4.728464311295813, 4.664976325227228, 4.720570669069395, 4.774746919726278, 4.721643946546338, 4.845264065833319, 4.852065793542198, 4.732309881147447, 4.668930474218431, 4.865084544206277, 4.631434966356326, 4.680715202193557, 4.838432668329595, 4.828858167697222, 4.839671835794554, 4.786779078808459, 4.77305763894385, 4.8023369286086535, 4.882563336428269, 4.70843500488407, 4.946114031386463, 4.746475833676237, 4.782985720005664, 4.6444698711891315, 4.828233842011336, 4.7634462755678335, 4.772467275678893, 4.663113506285699, 4.832329301170377, 4.972631297705374, 4.827541470090985, 4.829736611781976, 4.878307658674079, 4.732268465307606, 4.72478866533482, 4.904519936977288, 4.841593789530324, 4.760806020799574, 4.74256540785779, 4.729839298751328, 4.685747243545868, 4.744444152811071, 4.6967493535834794, 4.71093148014921, 4.764404917374636, 4.788429496925829, 4.737498298232809, 4.860479846542135, 4.755239491934304, 4.879503779358917, 4.74861814556541, 4.838071537541819, 4.854388542664357, 4.731248076145466, 4.7553885245061185, 4.796719806534903, 4.757760886307601, 4.902773092954587, 4.723775488989694, 4.697484560938546, 4.810372265267285, 4.6496692306392795, 4.862278263647478, 4.686940835509108, 4.810986173895253, 4.85509220016745, 4.71962146007971, 4.75265957453312, 4.784048505755135, 4.868799027069148, 4.89101703612359, 4.808097717962859, 4.787422601119939, 4.694542467812479, 4.677894329413389, 4.890415461945446, 4.7899622567844045, 4.78749957931784, 4.747390355819311, 4.7058312731348115, 4.866014652636462, 4.823431143830548, 4.630819771752689, 4.836205651471903, 4.910833373611227, 4.900787507658039, 4.677211235294412, 4.742029645067432, 4.902643536473368, 4.70735978949201, 4.834220329047123, 4.881634606546535, 4.819529488409832, 4.854959217619983, 4.785470134172684, 5.010023845421089, 4.741897490871695, 4.8241554987736235, 4.679118015827277, 4.607675273558159, 4.920170121140533, 4.8847553952709655, 4.654037368603242, 5.084018772338336, 4.9026665058764785, 4.749610224922935, 5.049761181349282, 5.342815389563312, 4.69868080607264, 4.725960499856061, 5.0027193905233025, 4.735740064264654, 4.798827390531044, 4.8188640639022156, 4.765556051617577, 4.836758268621815, 4.72808471092811, 5.005035921767518, 4.790173716597504, 4.7852174034922115, 4.989636867474287, 4.949832856436789, 4.852604087455806, 5.0327942956498255, 4.838165391495813, 4.941372977071629, 4.8572404602945065, 4.944483346118158, 4.9446561965313585, 4.895658904816205, 4.660945841680953, 4.606372302705115, 4.9930945591175515, 4.829100496166355, 5.0263971247515835, 4.8636921644210815, 4.901527785556221, 4.94261465448163, 4.8472478957403276, 5.085442751755208, 4.879419729386494, 4.87442627450922, 5.019331835128448, 4.9544831951022585, 4.7589287011177985, 4.966455207202897, 5.115085184792459, 4.763826053221147, 4.868769280639761, 4.938615288489904, 4.762346870296604, 4.9535343909001615, 4.750464268656441, 4.871037705040677, 4.819604564499069, 4.827909881378705, 4.89093787591536, 4.785144460506928, 4.75178049597548, 4.792897277699286, 4.827721439001761, 4.799844426113171, 4.754532755949558, 5.035841620448744, 5.033584275088468, 4.858685267713917, 4.801240744608226, 4.834570049802899, 4.933118962542915, 4.596868956482018, 4.9515432219802245, 4.929733211740906, 4.6836444073980985, 4.749175443317427, 4.700452326854943, 4.958179913597666, 4.8028281049413994, 4.8172454344920626, 4.8216539184689085, 4.884981128322336, 4.715759957229698, 4.705130298932393, 4.800699271561899, 4.827121727195852, 4.990240274768173, 4.909566172750005, 4.765115952753758, 4.872126421212276, 4.788462086474939, 4.679098125560817, 4.800665877240918, 4.860425240827567, 4.751586622370905, 4.74338621359605, 4.979429486470345, 4.805784964299464, 4.72495483085786, 4.723397758854178, 4.74739227452121, 4.7455422563867256, 4.929136481913892, 4.624636063208947, 4.81404046479599, 4.774709199374412, 4.865644456702711, 4.830400942882775, 4.743168468440409, 4.79140018761813, 4.899765584931705, 4.640493018286569, 4.872116926388863, 4.803297693039472, 4.871003616860498, 4.794576692493844, 4.741434960574894, 4.804221368971325, 4.852349263844473, 4.608385499143775, 4.797868796320626, 4.910138544145521, 4.891998687506596, 4.915708309564835, 4.851422466201223, 4.741412767997155, 4.82424489962749, 4.94705595943954, 4.6796514966112355, 4.852999244417463, 4.848306507854671, 4.854358821998149, 4.7975447116754, 4.821111436291929, 4.673669639961187, 5.04625807533334, 4.8413348927166, 4.80481833634359, 4.843461799970913, 4.7920254582450506, 4.680478013478792, 4.815181642661601, 4.8239363226698435, 4.836753337811201, 4.8781977359191835, 4.865737811549679, 4.634299373452043, 5.0412327487826785, 4.7311851642070675, 4.980659535516312, 4.69838164577554, 4.661446175295791, 4.8492490747472745, 4.924039134612451, 5.006493780639145, 4.835010580964141, 4.820841296688541, 4.96981115262587, 4.842320023002205, 5.108300328691364, 4.90915103884407, 4.9531315586942455, 5.024774140927381, 4.83827639848758, 4.759324461985857, 4.811215982332334, 4.816288397425697, 4.799692108080937, 4.790348073501726, 4.753395288418501, 4.778681492194151, 4.586280050295176, 4.841733734686296, 4.8047343496874575, 4.782825105792874, 4.645721057395796, 4.634153247316242, 4.666890070988582, 5.089298329947195, 4.607701955260811, 4.726097828302628, 4.763429211609529, 4.86636651915945, 4.7076505448792005, 4.676119224929111, 4.812909725821498, 4.733016890920562, 5.052206614515284, 4.70763186002389, 4.645586844328996, 4.842905642785432, 4.964027044100639, 4.881604936533359, 5.0641165155194185, 4.831704618293287, 4.756765707945212, 5.0484728302274435, 4.873810441502721, 4.884795072314503, 4.790862877290327, 4.916361105311048, 4.80231914808462, 4.808803754411774, 4.608959914563776, 4.878154133265708, 4.825173249611487, 4.728888711649856, 4.806780917303903, 5.055049059591887, 4.867541065582862, 4.884265824988648, 4.934908496591198, 4.987989295096624, 4.748263747264177, 4.901440707318512, 4.927257442649031, 4.8609691404161, 4.685109828854655, 4.882115983264351, 4.757524061552334, 4.877715253131294, 4.762449538751399, 4.708079162098112, 4.922172008416592, 4.850267119023389, 4.835956579599625, 4.82410079349965, 4.8389698297549515, 4.702445462509826, 4.7114449975254775, 4.698883153143383, 4.7742053261606685, 4.822531645551269, 4.696059488114857, 4.745548000702491, 4.935973225932418, 4.733718954599821, 4.940977882552933, 4.875189986857739, 4.963646396175846, 4.932772837279043, 4.793181479632199, 4.992859695420597, 5.003067087777805, 4.7212074139179325, 4.850370126766163, 4.867747334770231, 4.787702836396494, 4.793135925527021, 4.82814862483587, 4.869524612094893, 4.861883149478898, 4.691802544034881, 4.685826828628232, 4.713343434718066, 4.789212524672568, 4.847912489276229, 4.687047445730412, 4.587043226856888, 4.7663611977091636, 4.684104971396617, 4.7893518056624975, 4.801795293123294, 4.683926215538611, 4.8089304110069415, 4.9980361850270425, 4.897495359728188, 5.02365349369608, 4.746158792859032, 4.862747184522859, 4.71003799080412, 4.660582145491799, 4.777085546172145, 4.96903516958048, 5.088433835969303, 5.007777079994425, 4.724385863695389, 5.113480811154012, 4.6955311726301145, 4.874694694529523, 4.75875183907184, 4.730149561668927, 4.904522477925479, 5.048305271746038, 4.773963380645919, 4.853042733974946, 4.7779725934122945, 5.0811917428131945, 5.116070190192143, 4.738246982569223, 4.787272355495355, 4.6523172322647035, 4.888794364946666, 4.9621991237877925, 4.698578200060806, 4.763729508543189, 4.634194588486528, 4.86262711806175, 4.891594647924542, 4.86316118877886, 4.879441919344249, 4.659573220508003, 4.960919328224965, 4.8351183116654335, 4.606302322048844, 4.709948742346013, 4.748929894887484, 4.706084600298396, 4.741600044481047, 5.1614132931817585, 4.863407036760351, 4.87187541666485, 4.838838465921172, 4.573810121515295, 4.626775862533094, 4.661438364685673, 4.567775075688903, 4.8163021112973, 4.683197698313674, 4.789785925721947, 4.8857605273907, 4.922846054856157, 4.685979126573919, 4.991799489045754, 4.770906919961448, 4.728030068533761, 4.725849116678203, 4.797701509444268, 4.708657824076139, 4.7784814432863785, 4.687313844869425, 4.774048534068433, 4.770624061643859, 4.812849923367902, 4.695523989506257, 4.660339763312986, 4.770951451836051, 4.705993127910209, 4.752039979665708, 4.615761332896167, 4.669447991874192, 5.027195665862534, 4.693626146176796, 4.973268159579882, 4.812457068062527, 4.652092602226761, 4.62385391446697, 4.728516831066146, 4.6192472638228, 5.108154841831753, 4.8728000196345125, 4.860851577786735, 4.673674754607371, 4.80035364933503, 4.691133941486205, 4.915025154312889, 4.7412770715825285, 4.69627026280204, 4.716504527098967, 4.56178065665039, 4.683711535764701, 4.619734331365033, 4.687253012325301, 4.769815464159508, 4.801555395563007, 4.8115003528175775, 4.792332063664447, 4.741974627578651, 4.84614015236879, 4.664083618820805, 4.882328791496081, 4.897932928560418, 4.749165825354747, 4.663542788107317, 4.833085212515387, 4.80102199774522, 4.93969388671847, 4.9110099749687395, 4.68008350277995, 4.682053454629668, 4.811622680761875, 4.586997548739116, 4.914536466528644, 4.56723505673391, 4.716577956528018, 4.654455031667437, 4.881771220829024, 4.645650806444468, 4.778315165977339, 4.831379751582722, 4.90133326787215, 5.041713156542936, 4.899000499711368, 4.802020318342215, 4.968496239228999, 4.781168787470667, 4.907819338770577, 4.946991823095105, 5.068031595740126, 5.089366410678123, 4.738715887069702, 4.882408576570588, 4.854328649821299, 4.797419803046481, 4.718041427406199, 4.766203834896996, 4.820755086538992, 4.7363732153679425, 4.683122178573748, 4.766874346540961, 4.77976297109555, 4.619665641487736, 4.839221927709195, 4.901160770283514, 4.820823156353319, 4.858643142294971, 4.895627011746277, 4.8942702148423525, 4.734404717172895, 4.812336558387393, 4.816963320686703, 4.7188055497822745, 4.8457649155850815, 4.846391384854858, 4.7719802009317025, 4.7874743191750495, 4.866293692763472, 4.679749359578003, 4.723686349697602, 4.90866356978923, 4.94662317382547, 4.646779526065994, 5.0145992066834, 4.875956527042738, 4.748566975087036, 4.8646902810959585, 5.001136739175398, 4.707766587917622, 4.702702045440674, 4.8592170267314705, 4.908836182220515, 4.968431170170124, 4.781374254942814, 4.939360712910746, 4.972902490105821, 4.880399240242256, 4.850368149551279, 4.747703354000609, 4.817458254077059, 4.653642650052305, 4.799305982205457, 4.61001659269298, 4.566603562334081, 4.818332706178937, 4.950173485846746, 4.963497423863673, 4.6561817192769315, 5.010644075198051, 4.850807736644815, 5.018114917880887, 4.823926070234278, 4.8436149048717905, 4.7904635196203715, 4.880906093688238, 4.741160160019284, 4.950595708120437, 4.696295475348448, 4.804813688054626, 4.60388566504468, 4.765754996201931, 4.6618197444594385, 4.778952368013152, 5.048782084014389, 5.073175777009118, 4.864967949224479, 4.787195862431229, 4.6688603813394955, 4.601014686154795, 4.75540140129271, 4.863404036441565, 4.742888123997838, 4.933241716671339, 4.87410463256277, 4.756855360317579, 4.7408652406035765, 4.732257317274045, 4.694492801641807, 4.92994650379642, 4.81472004813589, 4.753338052676274, 4.802371960419875, 4.789865452727992, 4.679542313128601, 4.895199071356665, 4.7089201133329786, 4.704715469817976, 4.798668673623612, 4.822951049595089, 4.9344732866182435, 4.798894640726921, 4.787279379236829, 4.8407076981478125, 4.759318959581983, 4.880133847177247, 4.656485250144651, 4.91657756012438, 4.747946080707369, 4.718291587445325, 4.807876079947084, 4.993475441094283, 4.754193766649826, 4.879545572039845, 4.795081597544772, 4.85150227703891, 4.753364836339985, 4.932001903816894, 4.895873027406769, 4.776388136895148, 4.8193686715849156, 4.647817340089288, 4.739961953390212, 4.847980756462712, 4.856777668872596, 4.8397348285158035, 4.741999304338252, 4.832241643042791, 4.634588703131064, 4.888860097734919, 4.8541554649234255, 4.864712716022254, 4.829884140919416, 4.945715056234227, 4.776552261887016, 4.692950773588467, 5.020354591446482, 4.764027718222621, 4.821887841591468, 4.762103010446597, 4.723642755340744, 4.916041234910707, 4.766229658773094, 4.741246424751841, 4.779558824968862, 4.738138393604712, 4.9673098504761635, 5.022009100232806, 4.756162815478259, 4.896454419408526, 4.910664088123447, 4.968707251898098, 4.636552729012766]
       best_so_far: [0.488905641294661, 0.488905641294661, 0.488905641294661, 0.488905641294661, 0.488905641294661, 0.488905641294661, 0.488905641294661, 0.488905641294661, 0.488905641294661, 0.488905641294661, 0.488905641294661, 0.488905641294661, 0.488905641294661, 0.488905641294661, 0.488905641294661, 0.488905641294661, 0.488905641294661, 0.488905641294661, 0.488905641294661, 0.488905641294661, 0.488905641294661, 0.488905641294661, 0.488905641294661, 0.488905641294661, 0.488905641294661, 0.488905641294661, 0.488905641294661, 0.488905641294661, 0.488905641294661, 0.488905641294661, 0.488905641294661, 0.488905641294661, 0.488905641294661, 0.488905641294661, 0.488905641294661, 0.488905641294661, 0.488905641294661, 0.488905641294661, 0.488905641294661, 0.488905641294661, 0.488905641294661, 0.488905641294661, 0.488905641294661, 0.488905641294661, 0.488905641294661, 0.488905641294661, 0.488905641294661, 0.488905641294661, 0.488905641294661, 0.488905641294661, 0.488905641294661, 0.488905641294661, 0.488905641294661, 0.488905641294661, 0.488905641294661, 0.488905641294661, 0.488905641294661, 0.488905641294661, 0.488905641294661, 0.488905641294661, 0.488905641294661, 0.488905641294661, 0.488905641294661, 0.488905641294661, 0.488905641294661, 0.488905641294661, 0.488905641294661, 0.488905641294661, 0.488905641294661, 0.488905641294661, 0.488905641294661, 0.488905641294661, 0.488905641294661, 0.488905641294661, 0.488905641294661, 0.488905641294661, 0.488905641294661, 0.488905641294661, 0.488905641294661, 0.488905641294661, 0.488905641294661, 0.488905641294661, 0.488905641294661, 0.488905641294661, 0.488905641294661, 0.488905641294661, 0.488905641294661, 0.488905641294661, 0.488905641294661, 0.488905641294661, 0.488905641294661, 0.488905641294661, 0.488905641294661, 0.488905641294661, 0.488905641294661, 0.488905641294661, 0.488905641294661, 0.488905641294661, 0.488905641294661, 0.488905641294661, 0.488905641294661, 0.488905641294661, 0.488905641294661, 0.488905641294661, 0.488905641294661, 0.488905641294661, 0.488905641294661, 0.488905641294661, 0.488905641294661, 0.488905641294661, 0.488905641294661, 0.488905641294661, 0.488905641294661, 0.488905641294661, 0.488905641294661, 0.488905641294661, 0.488905641294661, 0.488905641294661, 0.488905641294661, 0.488905641294661, 0.488905641294661, 0.488905641294661, 0.488905641294661, 0.488905641294661, 0.488905641294661, 0.488905641294661, 0.488905641294661, 0.488905641294661, 0.488905641294661, 0.488905641294661, 0.488905641294661, 0.488905641294661, 0.488905641294661, 0.488905641294661, 0.488905641294661, 0.488905641294661, 0.488905641294661, 0.488905641294661, 0.488905641294661, 0.488905641294661, 0.488905641294661, 0.488905641294661, 0.488905641294661, 0.488905641294661, 0.488905641294661, 0.488905641294661, 0.488905641294661, 0.488905641294661, 0.488905641294661, 0.488905641294661, 0.488905641294661, 0.488905641294661, 0.488905641294661, 0.488905641294661, 0.488905641294661, 0.488905641294661, 0.488905641294661, 0.488905641294661, 0.488905641294661, 0.488905641294661, 0.488905641294661, 0.488905641294661, 0.488905641294661, 0.488905641294661, 0.488905641294661, 0.488905641294661, 0.488905641294661, 0.488905641294661, 0.488905641294661, 0.488905641294661, 0.488905641294661, 0.488905641294661, 0.488905641294661, 0.488905641294661, 0.488905641294661, 0.488905641294661, 0.488905641294661, 0.488905641294661, 0.488905641294661, 0.488905641294661, 0.488905641294661, 0.488905641294661, 0.488905641294661, 0.488905641294661, 0.488905641294661, 0.488905641294661, 0.488905641294661, 0.488905641294661, 0.488905641294661, 0.488905641294661, 0.488905641294661, 0.488905641294661, 0.488905641294661, 0.488905641294661, 0.488905641294661, 0.488905641294661, 0.488905641294661, 0.488905641294661, 0.488905641294661, 0.488905641294661, 0.488905641294661, 0.488905641294661, 0.488905641294661, 0.488905641294661, 0.488905641294661, 0.488905641294661, 0.488905641294661, 0.488905641294661, 0.488905641294661, 0.488905641294661, 0.488905641294661, 0.488905641294661, 0.488905641294661, 0.488905641294661, 0.488905641294661, 0.488905641294661, 0.488905641294661, 0.488905641294661, 0.488905641294661, 0.488905641294661, 0.488905641294661, 0.488905641294661, 0.488905641294661, 0.488905641294661, 0.488905641294661, 0.488905641294661, 0.488905641294661, 0.488905641294661, 0.488905641294661, 0.488905641294661, 0.488905641294661, 0.488905641294661, 0.488905641294661, 0.488905641294661, 0.488905641294661, 0.488905641294661, 0.488905641294661, 0.488905641294661, 0.488905641294661, 0.488905641294661, 0.488905641294661, 0.488905641294661, 0.488905641294661, 0.488905641294661, 0.488905641294661, 0.488905641294661, 0.488905641294661, 0.488905641294661, 0.488905641294661, 0.488905641294661, 0.488905641294661, 0.488905641294661, 0.488905641294661, 0.488905641294661, 0.488905641294661, 0.488905641294661, 0.488905641294661, 0.488905641294661, 0.488905641294661, 0.488905641294661, 0.488905641294661, 0.488905641294661, 0.488905641294661, 0.488905641294661, 0.488905641294661, 0.488905641294661, 0.488905641294661, 0.488905641294661, 0.488905641294661, 0.488905641294661, 0.488905641294661, 0.488905641294661, 0.488905641294661, 0.488905641294661, 0.488905641294661, 0.488905641294661, 0.488905641294661, 0.488905641294661, 0.488905641294661, 0.488905641294661, 0.488905641294661, 0.488905641294661, 0.488905641294661, 0.488905641294661, 0.488905641294661, 0.488905641294661, 0.488905641294661, 0.488905641294661, 0.488905641294661, 0.488905641294661, 0.488905641294661, 0.488905641294661, 0.488905641294661, 0.488905641294661, 0.488905641294661, 0.488905641294661, 0.488905641294661, 0.488905641294661, 0.488905641294661, 0.488905641294661, 0.488905641294661, 0.488905641294661, 0.488905641294661, 0.488905641294661, 0.488905641294661, 0.488905641294661, 0.488905641294661, 0.488905641294661, 0.488905641294661, 0.488905641294661, 0.488905641294661, 0.488905641294661, 0.488905641294661, 0.488905641294661, 0.488905641294661, 0.488905641294661, 0.488905641294661, 0.488905641294661, 0.488905641294661, 0.488905641294661, 0.488905641294661, 0.488905641294661, 0.488905641294661, 0.488905641294661, 0.488905641294661, 0.488905641294661, 0.488905641294661, 0.488905641294661, 0.488905641294661, 0.488905641294661, 0.488905641294661, 0.488905641294661, 0.488905641294661, 0.488905641294661, 0.488905641294661, 0.488905641294661, 0.488905641294661, 0.488905641294661, 0.488905641294661, 0.488905641294661, 0.488905641294661, 0.488905641294661, 0.488905641294661, 0.488905641294661, 0.488905641294661, 0.488905641294661, 0.488905641294661, 0.488905641294661, 0.488905641294661, 0.488905641294661, 0.488905641294661, 0.488905641294661, 0.488905641294661, 0.488905641294661, 0.488905641294661, 0.488905641294661, 0.488905641294661, 0.488905641294661, 0.488905641294661, 0.488905641294661, 0.488905641294661, 0.488905641294661, 0.488905641294661, 0.488905641294661, 0.488905641294661, 0.488905641294661, 0.488905641294661, 0.488905641294661, 0.488905641294661, 0.488905641294661, 0.488905641294661, 0.488905641294661, 0.488905641294661, 0.488905641294661, 0.488905641294661, 0.488905641294661, 0.488905641294661, 0.488905641294661, 0.488905641294661, 0.488905641294661, 0.488905641294661, 0.488905641294661, 0.488905641294661, 0.488905641294661, 0.488905641294661, 0.488905641294661, 0.488905641294661, 0.488905641294661, 0.488905641294661, 0.488905641294661, 0.488905641294661, 0.488905641294661, 0.488905641294661, 0.488905641294661, 0.488905641294661, 0.488905641294661, 0.488905641294661, 0.488905641294661, 0.488905641294661, 0.488905641294661, 0.488905641294661, 0.488905641294661, 0.488905641294661, 0.488905641294661, 0.488905641294661, 0.488905641294661, 0.488905641294661, 0.488905641294661, 0.488905641294661, 0.488905641294661, 0.488905641294661, 0.488905641294661, 0.488905641294661, 0.488905641294661, 0.488905641294661, 0.488905641294661, 0.488905641294661, 0.488905641294661, 0.488905641294661, 0.488905641294661, 0.488905641294661, 0.488905641294661, 0.488905641294661, 0.488905641294661, 0.488905641294661, 0.488905641294661, 0.488905641294661, 0.488905641294661, 0.488905641294661, 0.488905641294661, 0.488905641294661, 0.488905641294661, 0.488905641294661, 0.488905641294661, 0.488905641294661, 0.488905641294661, 0.488905641294661, 0.488905641294661, 0.488905641294661, 0.488905641294661, 0.488905641294661, 0.488905641294661, 0.488905641294661, 0.488905641294661, 0.488905641294661, 0.488905641294661, 0.488905641294661, 0.488905641294661, 0.488905641294661, 0.488905641294661, 0.488905641294661, 0.488905641294661, 0.488905641294661, 0.488905641294661, 0.488905641294661, 0.488905641294661, 0.488905641294661, 0.488905641294661, 0.488905641294661, 0.488905641294661, 0.488905641294661, 0.488905641294661, 0.488905641294661, 0.488905641294661, 0.488905641294661, 0.488905641294661, 0.488905641294661, 0.488905641294661, 0.488905641294661, 0.488905641294661, 0.488905641294661, 0.488905641294661, 0.488905641294661, 0.488905641294661, 0.488905641294661, 0.488905641294661, 0.488905641294661, 0.488905641294661, 0.488905641294661, 0.488905641294661, 0.488905641294661, 0.488905641294661, 0.488905641294661, 0.488905641294661, 0.488905641294661, 0.488905641294661, 0.488905641294661, 0.488905641294661, 0.488905641294661, 0.488905641294661, 0.488905641294661, 0.488905641294661, 0.488905641294661, 0.488905641294661, 0.488905641294661, 0.488905641294661, 0.488905641294661, 0.488905641294661, 0.488905641294661, 0.488905641294661, 0.488905641294661, 0.488905641294661, 0.488905641294661, 0.488905641294661, 0.488905641294661, 0.488905641294661, 0.488905641294661, 0.488905641294661, 0.488905641294661, 0.488905641294661, 0.488905641294661, 0.488905641294661, 0.488905641294661, 0.488905641294661, 0.488905641294661, 0.488905641294661, 0.488905641294661, 0.488905641294661, 0.488905641294661, 0.488905641294661, 0.488905641294661, 0.488905641294661, 0.488905641294661, 0.488905641294661, 0.488905641294661, 0.488905641294661, 0.488905641294661, 0.488905641294661, 0.488905641294661, 0.488905641294661, 0.488905641294661, 0.488905641294661, 0.488905641294661, 0.488905641294661, 0.488905641294661, 0.488905641294661, 0.488905641294661, 0.488905641294661, 0.488905641294661, 0.488905641294661, 0.488905641294661, 0.488905641294661, 0.488905641294661, 0.488905641294661, 0.488905641294661, 0.488905641294661, 0.488905641294661, 0.488905641294661, 0.488905641294661, 0.488905641294661, 0.488905641294661, 0.488905641294661, 0.488905641294661, 0.488905641294661, 0.488905641294661, 0.488905641294661, 0.488905641294661, 0.488905641294661, 0.488905641294661, 0.488905641294661, 0.488905641294661, 0.488905641294661, 0.488905641294661, 0.488905641294661, 0.488905641294661, 0.488905641294661, 0.488905641294661, 0.488905641294661, 0.488905641294661, 0.488905641294661, 0.488905641294661, 0.488905641294661, 0.488905641294661, 0.488905641294661, 0.488905641294661, 0.488905641294661, 0.488905641294661, 0.488905641294661, 0.488905641294661, 0.488905641294661, 0.488905641294661, 0.488905641294661, 0.488905641294661, 0.488905641294661, 0.488905641294661, 0.488905641294661, 0.488905641294661, 0.488905641294661, 0.488905641294661, 0.488905641294661, 0.488905641294661, 0.488905641294661, 0.488905641294661, 0.488905641294661, 0.488905641294661, 0.488905641294661, 0.488905641294661, 0.488905641294661, 0.488905641294661, 0.488905641294661, 0.488905641294661, 0.488905641294661, 0.488905641294661, 0.488905641294661, 0.488905641294661, 0.488905641294661, 0.488905641294661, 0.488905641294661, 0.488905641294661, 0.488905641294661, 0.488905641294661, 0.488905641294661, 0.488905641294661, 0.488905641294661, 0.488905641294661, 0.488905641294661, 0.488905641294661, 0.488905641294661, 0.488905641294661, 0.488905641294661, 0.488905641294661, 0.488905641294661, 0.488905641294661, 0.488905641294661, 0.488905641294661, 0.488905641294661, 0.488905641294661, 0.488905641294661, 0.488905641294661, 0.488905641294661, 0.488905641294661, 0.488905641294661, 0.488905641294661, 0.488905641294661, 0.488905641294661, 0.488905641294661, 0.488905641294661, 0.488905641294661, 0.488905641294661, 0.488905641294661, 0.488905641294661, 0.488905641294661, 0.488905641294661, 0.488905641294661, 0.488905641294661, 0.488905641294661, 0.488905641294661, 0.488905641294661, 0.488905641294661, 0.488905641294661, 0.488905641294661, 0.488905641294661, 0.488905641294661, 0.488905641294661, 0.488905641294661, 0.488905641294661, 0.488905641294661, 0.488905641294661, 0.488905641294661, 0.488905641294661, 0.488905641294661, 0.488905641294661, 0.488905641294661, 0.488905641294661, 0.488905641294661, 0.488905641294661, 0.488905641294661, 0.488905641294661, 0.488905641294661, 0.488905641294661, 0.488905641294661, 0.488905641294661, 0.488905641294661, 0.488905641294661, 0.488905641294661, 0.488905641294661, 0.488905641294661, 0.488905641294661, 0.488905641294661, 0.488905641294661, 0.488905641294661, 0.488905641294661, 0.488905641294661, 0.488905641294661, 0.488905641294661, 0.488905641294661, 0.488905641294661, 0.488905641294661, 0.488905641294661, 0.488905641294661, 0.488905641294661, 0.488905641294661, 0.488905641294661, 0.488905641294661, 0.488905641294661, 0.488905641294661, 0.488905641294661, 0.488905641294661, 0.488905641294661, 0.488905641294661, 0.488905641294661, 0.488905641294661, 0.488905641294661, 0.488905641294661, 0.488905641294661, 0.488905641294661, 0.488905641294661, 0.488905641294661, 0.488905641294661, 0.488905641294661, 0.488905641294661, 0.488905641294661, 0.488905641294661, 0.488905641294661, 0.488905641294661, 0.488905641294661, 0.488905641294661, 0.488905641294661, 0.488905641294661, 0.488905641294661, 0.488905641294661, 0.488905641294661, 0.488905641294661, 0.488905641294661, 0.488905641294661, 0.488905641294661, 0.488905641294661, 0.488905641294661, 0.488905641294661, 0.488905641294661, 0.488905641294661, 0.488905641294661, 0.488905641294661, 0.488905641294661, 0.488905641294661, 0.488905641294661, 0.488905641294661, 0.488905641294661, 0.488905641294661, 0.488905641294661, 0.488905641294661, 0.488905641294661, 0.488905641294661, 0.488905641294661, 0.488905641294661, 0.488905641294661, 0.488905641294661, 0.488905641294661, 0.488905641294661, 0.488905641294661, 0.488905641294661, 0.488905641294661, 0.488905641294661, 0.488905641294661, 0.488905641294661, 0.488905641294661, 0.488905641294661, 0.488905641294661, 0.488905641294661, 0.488905641294661, 0.488905641294661, 0.488905641294661, 0.488905641294661, 0.488905641294661, 0.488905641294661, 0.488905641294661, 0.488905641294661, 0.488905641294661, 0.488905641294661, 0.488905641294661, 0.488905641294661, 0.488905641294661, 0.488905641294661, 0.488905641294661, 0.488905641294661, 0.488905641294661, 0.488905641294661, 0.488905641294661, 0.488905641294661, 0.488905641294661, 0.488905641294661, 0.488905641294661, 0.488905641294661, 0.488905641294661, 0.488905641294661, 0.488905641294661, 0.488905641294661, 0.488905641294661, 0.488905641294661, 0.488905641294661, 0.488905641294661, 0.488905641294661, 0.488905641294661, 0.488905641294661, 0.488905641294661, 0.488905641294661, 0.488905641294661, 0.488905641294661, 0.488905641294661, 0.488905641294661, 0.488905641294661, 0.488905641294661, 0.488905641294661, 0.488905641294661, 0.488905641294661, 0.488905641294661, 0.488905641294661, 0.488905641294661, 0.488905641294661, 0.488905641294661, 0.488905641294661, 0.488905641294661, 0.488905641294661, 0.488905641294661, 0.488905641294661, 0.488905641294661, 0.488905641294661, 0.488905641294661, 0.488905641294661, 0.488905641294661, 0.488905641294661, 0.488905641294661, 0.488905641294661, 0.488905641294661, 0.488905641294661, 0.488905641294661, 0.488905641294661, 0.488905641294661, 0.488905641294661, 0.488905641294661, 0.488905641294661, 0.488905641294661, 0.488905641294661, 0.488905641294661, 0.488905641294661, 0.488905641294661, 0.488905641294661, 0.488905641294661, 0.488905641294661, 0.488905641294661, 0.488905641294661, 0.488905641294661, 0.488905641294661, 0.488905641294661, 0.488905641294661, 0.488905641294661, 0.488905641294661, 0.488905641294661, 0.488905641294661, 0.488905641294661, 0.488905641294661, 0.488905641294661, 0.488905641294661, 0.488905641294661, 0.488905641294661, 0.488905641294661, 0.488905641294661, 0.488905641294661, 0.488905641294661, 0.488905641294661, 0.488905641294661, 0.488905641294661, 0.488905641294661, 0.488905641294661, 0.488905641294661, 0.488905641294661, 0.488905641294661, 0.488905641294661, 0.488905641294661, 0.488905641294661, 0.488905641294661, 0.488905641294661, 0.488905641294661, 0.488905641294661, 0.488905641294661, 0.488905641294661, 0.488905641294661, 0.488905641294661, 0.488905641294661, 0.488905641294661, 0.488905641294661, 0.488905641294661, 0.488905641294661, 0.488905641294661, 0.488905641294661, 0.488905641294661, 0.488905641294661, 0.488905641294661, 0.488905641294661, 0.488905641294661, 0.488905641294661, 0.488905641294661, 0.488905641294661, 0.488905641294661, 0.488905641294661, 0.488905641294661, 0.488905641294661, 0.488905641294661, 0.488905641294661, 0.488905641294661, 0.488905641294661, 0.488905641294661, 0.488905641294661, 0.488905641294661, 0.488905641294661, 0.488905641294661, 0.488905641294661, 0.488905641294661, 0.488905641294661, 0.488905641294661, 0.488905641294661, 0.488905641294661, 0.488905641294661, 0.488905641294661, 0.488905641294661, 0.488905641294661, 0.488905641294661, 0.488905641294661, 0.488905641294661, 0.488905641294661, 0.488905641294661, 0.488905641294661, 0.488905641294661, 0.488905641294661, 0.488905641294661, 0.488905641294661, 0.488905641294661, 0.488905641294661, 0.488905641294661, 0.488905641294661, 0.488905641294661, 0.488905641294661, 0.488905641294661, 0.488905641294661, 0.488905641294661, 0.488905641294661, 0.488905641294661, 0.488905641294661, 0.488905641294661, 0.488905641294661, 0.488905641294661, 0.488905641294661, 0.488905641294661, 0.488905641294661, 0.488905641294661, 0.488905641294661, 0.488905641294661, 0.488905641294661, 0.488905641294661, 0.488905641294661, 0.488905641294661, 0.488905641294661, 0.488905641294661, 0.488905641294661, 0.488905641294661, 0.488905641294661, 0.488905641294661, 0.488905641294661, 0.488905641294661, 0.488905641294661, 0.488905641294661, 0.488905641294661, 0.488905641294661, 0.488905641294661, 0.488905641294661, 0.488905641294661, 0.488905641294661, 0.488905641294661, 0.488905641294661, 0.488905641294661, 0.488905641294661, 0.488905641294661, 0.488905641294661, 0.488905641294661, 0.488905641294661, 0.488905641294661, 0.488905641294661, 0.488905641294661, 0.488905641294661, 0.488905641294661, 0.488905641294661, 0.488905641294661, 0.488905641294661, 0.488905641294661, 0.488905641294661, 0.488905641294661, 0.488905641294661, 0.488905641294661, 0.488905641294661, 0.488905641294661, 0.488905641294661, 0.488905641294661, 0.488905641294661, 0.488905641294661, 0.488905641294661, 0.488905641294661, 0.488905641294661, 0.488905641294661, 0.488905641294661, 0.488905641294661, 0.488905641294661, 0.488905641294661, 0.488905641294661, 0.488905641294661, 0.488905641294661, 0.488905641294661, 0.488905641294661, 0.488905641294661, 0.488905641294661, 0.488905641294661, 0.488905641294661, 0.488905641294661, 0.488905641294661, 0.488905641294661, 0.488905641294661, 0.488905641294661, 0.488905641294661, 0.488905641294661, 0.488905641294661, 0.488905641294661, 0.488905641294661, 0.488905641294661, 0.488905641294661, 0.488905641294661, 0.488905641294661, 0.488905641294661, 0.488905641294661, 0.488905641294661, 0.488905641294661, 0.488905641294661, 0.488905641294661, 0.488905641294661, 0.488905641294661, 0.488905641294661, 0.488905641294661, 0.488905641294661, 0.488905641294661, 0.488905641294661, 0.488905641294661, 0.488905641294661, 0.488905641294661, 0.488905641294661, 0.488905641294661, 0.488905641294661, 0.488905641294661, 0.488905641294661, 0.488905641294661, 0.488905641294661, 0.488905641294661, 0.488905641294661, 0.488905641294661, 0.488905641294661, 0.488905641294661, 0.488905641294661, 0.488905641294661, 0.488905641294661, 0.488905641294661, 0.488905641294661, 0.488905641294661, 0.488905641294661, 0.488905641294661, 0.488905641294661, 0.488905641294661, 0.488905641294661, 0.488905641294661, 0.488905641294661, 0.488905641294661, 0.488905641294661, 0.488905641294661, 0.488905641294661, 0.488905641294661, 0.488905641294661, 0.488905641294661, 0.488905641294661, 0.488905641294661, 0.488905641294661, 0.488905641294661, 0.488905641294661, 0.488905641294661, 0.488905641294661, 0.488905641294661, 0.488905641294661, 0.488905641294661, 0.488905641294661, 0.488905641294661, 0.488905641294661, 0.488905641294661, 0.488905641294661, 0.488905641294661, 0.488905641294661, 0.488905641294661, 0.488905641294661, 0.488905641294661, 0.488905641294661, 0.488905641294661, 0.488905641294661, 0.488905641294661, 0.488905641294661, 0.488905641294661, 0.488905641294661, 0.488905641294661, 0.488905641294661, 0.488905641294661, 0.488905641294661, 0.488905641294661, 0.488905641294661, 0.488905641294661, 0.488905641294661, 0.488905641294661, 0.488905641294661, 0.488905641294661, 0.488905641294661, 0.488905641294661, 0.488905641294661, 0.488905641294661, 0.488905641294661, 0.488905641294661, 0.488905641294661, 0.488905641294661, 0.488905641294661, 0.488905641294661, 0.488905641294661, 0.488905641294661, 0.488905641294661, 0.488905641294661, 0.488905641294661, 0.488905641294661, 0.488905641294661, 0.488905641294661, 0.488905641294661, 0.488905641294661, 0.488905641294661, 0.488905641294661, 0.488905641294661, 0.488905641294661, 0.488905641294661, 0.488905641294661, 0.488905641294661, 0.488905641294661, 0.488905641294661, 0.488905641294661, 0.488905641294661, 0.488905641294661, 0.488905641294661, 0.488905641294661, 0.488905641294661, 0.488905641294661, 0.488905641294661, 0.488905641294661, 0.488905641294661, 0.488905641294661, 0.488905641294661, 0.488905641294661, 0.488905641294661, 0.488905641294661, 0.488905641294661, 0.488905641294661, 0.488905641294661, 0.488905641294661, 0.488905641294661, 0.488905641294661, 0.488905641294661, 0.488905641294661, 0.488905641294661, 0.488905641294661, 0.488905641294661, 0.488905641294661, 0.488905641294661, 0.488905641294661, 0.488905641294661, 0.488905641294661, 0.488905641294661, 0.488905641294661, 0.488905641294661, 0.488905641294661, 0.488905641294661, 0.488905641294661, 0.488905641294661, 0.488905641294661, 0.488905641294661, 0.488905641294661, 0.488905641294661, 0.488905641294661, 0.488905641294661, 0.488905641294661, 0.488905641294661, 0.488905641294661, 0.488905641294661, 0.488905641294661, 0.488905641294661, 0.488905641294661, 0.488905641294661, 0.488905641294661, 0.488905641294661, 0.488905641294661, 0.488905641294661, 0.488905641294661, 0.488905641294661, 0.488905641294661, 0.488905641294661, 0.488905641294661, 0.488905641294661, 0.488905641294661, 0.488905641294661, 0.488905641294661, 0.488905641294661, 0.488905641294661, 0.488905641294661, 0.488905641294661, 0.488905641294661, 0.488905641294661, 0.488905641294661, 0.488905641294661, 0.488905641294661, 0.488905641294661, 0.488905641294661, 0.488905641294661, 0.488905641294661, 0.488905641294661, 0.488905641294661, 0.488905641294661, 0.488905641294661, 0.488905641294661, 0.488905641294661, 0.488905641294661, 0.488905641294661, 0.488905641294661, 0.488905641294661, 0.488905641294661, 0.488905641294661, 0.488905641294661, 0.488905641294661, 0.488905641294661, 0.488905641294661, 0.488905641294661, 0.488905641294661, 0.488905641294661, 0.488905641294661, 0.488905641294661, 0.488905641294661, 0.488905641294661, 0.488905641294661, 0.488905641294661, 0.488905641294661, 0.488905641294661, 0.488905641294661, 0.488905641294661, 0.488905641294661, 0.488905641294661, 0.488905641294661, 0.488905641294661, 0.488905641294661, 0.488905641294661, 0.488905641294661, 0.488905641294661, 0.488905641294661, 0.488905641294661, 0.488905641294661, 0.488905641294661, 0.488905641294661, 0.488905641294661, 0.488905641294661, 0.488905641294661, 0.488905641294661, 0.488905641294661, 0.488905641294661, 0.488905641294661, 0.488905641294661, 0.488905641294661, 0.488905641294661, 0.488905641294661, 0.488905641294661, 0.488905641294661, 0.488905641294661, 0.488905641294661, 0.488905641294661, 0.488905641294661, 0.488905641294661, 0.488905641294661, 0.488905641294661, 0.488905641294661, 0.488905641294661, 0.488905641294661, 0.488905641294661, 0.488905641294661, 0.488905641294661, 0.488905641294661, 0.488905641294661, 0.488905641294661, 0.488905641294661, 0.488905641294661, 0.488905641294661, 0.488905641294661, 0.488905641294661, 0.488905641294661, 0.488905641294661, 0.488905641294661, 0.488905641294661, 0.488905641294661, 0.488905641294661, 0.488905641294661, 0.488905641294661, 0.488905641294661, 0.488905641294661, 0.488905641294661, 0.488905641294661, 0.488905641294661, 0.488905641294661, 0.488905641294661, 0.488905641294661, 0.488905641294661, 0.488905641294661, 0.488905641294661, 0.488905641294661, 0.488905641294661, 0.488905641294661, 0.488905641294661, 0.488905641294661, 0.488905641294661, 0.488905641294661, 0.488905641294661, 0.488905641294661, 0.488905641294661, 0.488905641294661, 0.488905641294661, 0.488905641294661, 0.488905641294661, 0.488905641294661, 0.488905641294661, 0.488905641294661, 0.488905641294661, 0.488905641294661, 0.488905641294661, 0.488905641294661, 0.488905641294661, 0.488905641294661, 0.488905641294661, 0.488905641294661, 0.488905641294661, 0.488905641294661, 0.488905641294661, 0.488905641294661, 0.488905641294661, 0.488905641294661, 0.488905641294661, 0.488905641294661, 0.488905641294661, 0.488905641294661, 0.488905641294661, 0.488905641294661, 0.488905641294661, 0.488905641294661, 0.488905641294661, 0.488905641294661, 0.488905641294661, 0.488905641294661, 0.488905641294661, 0.488905641294661, 0.488905641294661, 0.488905641294661, 0.488905641294661, 0.488905641294661, 0.488905641294661, 0.488905641294661, 0.488905641294661, 0.488905641294661, 0.488905641294661, 0.488905641294661, 0.488905641294661, 0.488905641294661, 0.488905641294661, 0.488905641294661, 0.488905641294661, 0.488905641294661, 0.488905641294661, 0.488905641294661, 0.488905641294661, 0.488905641294661, 0.488905641294661, 0.488905641294661, 0.488905641294661, 0.488905641294661, 0.488905641294661, 0.488905641294661, 0.488905641294661, 0.488905641294661, 0.488905641294661, 0.488905641294661, 0.488905641294661, 0.488905641294661, 0.488905641294661, 0.488905641294661, 0.488905641294661, 0.488905641294661, 0.488905641294661, 0.488905641294661, 0.488905641294661, 0.488905641294661, 0.488905641294661, 0.488905641294661, 0.488905641294661, 0.488905641294661, 0.488905641294661, 0.488905641294661, 0.488905641294661, 0.488905641294661, 0.488905641294661, 0.488905641294661, 0.488905641294661, 0.488905641294661, 0.488905641294661, 0.488905641294661, 0.488905641294661, 0.488905641294661, 0.488905641294661, 0.488905641294661, 0.488905641294661, 0.488905641294661, 0.488905641294661, 0.488905641294661, 0.488905641294661, 0.488905641294661, 0.488905641294661, 0.488905641294661, 0.488905641294661, 0.488905641294661, 0.488905641294661, 0.488905641294661, 0.488905641294661, 0.488905641294661, 0.488905641294661, 0.488905641294661, 0.488905641294661, 0.488905641294661, 0.488905641294661, 0.488905641294661, 0.488905641294661, 0.488905641294661, 0.488905641294661, 0.488905641294661, 0.488905641294661, 0.488905641294661, 0.488905641294661, 0.488905641294661, 0.488905641294661, 0.488905641294661, 0.488905641294661, 0.488905641294661, 0.488905641294661, 0.488905641294661, 0.488905641294661, 0.488905641294661, 0.488905641294661, 0.488905641294661, 0.488905641294661, 0.488905641294661, 0.488905641294661, 0.488905641294661, 0.488905641294661, 0.488905641294661, 0.488905641294661, 0.488905641294661, 0.488905641294661, 0.488905641294661, 0.488905641294661, 0.488905641294661, 0.488905641294661, 0.488905641294661, 0.488905641294661, 0.488905641294661, 0.488905641294661, 0.488905641294661, 0.488905641294661, 0.488905641294661, 0.488905641294661, 0.488905641294661, 0.488905641294661, 0.488905641294661, 0.488905641294661, 0.488905641294661, 0.488905641294661, 0.488905641294661, 0.488905641294661, 0.488905641294661, 0.488905641294661, 0.488905641294661, 0.488905641294661, 0.488905641294661, 0.488905641294661, 0.488905641294661, 0.488905641294661, 0.488905641294661, 0.488905641294661, 0.488905641294661, 0.488905641294661, 0.488905641294661, 0.488905641294661, 0.488905641294661, 0.488905641294661, 0.488905641294661, 0.488905641294661, 0.488905641294661, 0.488905641294661, 0.488905641294661, 0.488905641294661, 0.488905641294661, 0.488905641294661, 0.488905641294661, 0.488905641294661, 0.488905641294661, 0.488905641294661, 0.488905641294661, 0.488905641294661, 0.488905641294661, 0.488905641294661, 0.488905641294661, 0.488905641294661, 0.488905641294661, 0.488905641294661, 0.488905641294661, 0.488905641294661, 0.488905641294661, 0.488905641294661, 0.488905641294661, 0.488905641294661, 0.488905641294661, 0.488905641294661, 0.488905641294661, 0.488905641294661, 0.488905641294661, 0.488905641294661, 0.488905641294661, 0.488905641294661, 0.488905641294661, 0.488905641294661, 0.488905641294661, 0.488905641294661, 0.488905641294661, 0.488905641294661, 0.488905641294661, 0.488905641294661, 0.488905641294661, 0.488905641294661, 0.488905641294661, 0.488905641294661, 0.488905641294661, 0.488905641294661, 0.488905641294661, 0.488905641294661, 0.488905641294661, 0.488905641294661, 0.488905641294661, 0.488905641294661, 0.488905641294661, 0.488905641294661, 0.488905641294661, 0.488905641294661, 0.488905641294661, 0.488905641294661, 0.488905641294661, 0.488905641294661, 0.488905641294661, 0.488905641294661, 0.488905641294661, 0.488905641294661, 0.488905641294661, 0.488905641294661, 0.488905641294661, 0.488905641294661, 0.488905641294661, 0.488905641294661, 0.488905641294661, 0.488905641294661, 0.488905641294661, 0.488905641294661, 0.488905641294661, 0.488905641294661, 0.488905641294661, 0.488905641294661, 0.488905641294661, 0.488905641294661, 0.488905641294661, 0.488905641294661, 0.488905641294661, 0.488905641294661, 0.488905641294661, 0.488905641294661, 0.488905641294661, 0.488905641294661, 0.488905641294661, 0.488905641294661, 0.488905641294661, 0.488905641294661, 0.488905641294661, 0.488905641294661, 0.488905641294661, 0.488905641294661, 0.488905641294661, 0.488905641294661, 0.488905641294661, 0.488905641294661, 0.488905641294661, 0.488905641294661, 0.488905641294661, 0.488905641294661, 0.488905641294661, 0.488905641294661, 0.488905641294661, 0.488905641294661, 0.488905641294661, 0.488905641294661, 0.488905641294661, 0.488905641294661, 0.488905641294661, 0.488905641294661, 0.488905641294661, 0.488905641294661, 0.488905641294661, 0.488905641294661, 0.488905641294661, 0.488905641294661, 0.488905641294661, 0.488905641294661, 0.488905641294661, 0.488905641294661, 0.488905641294661, 0.488905641294661, 0.488905641294661, 0.488905641294661, 0.488905641294661, 0.488905641294661, 0.488905641294661, 0.488905641294661, 0.488905641294661, 0.488905641294661, 0.488905641294661, 0.488905641294661, 0.488905641294661, 0.488905641294661, 0.488905641294661, 0.488905641294661, 0.488905641294661, 0.488905641294661, 0.488905641294661, 0.488905641294661, 0.488905641294661, 0.488905641294661, 0.488905641294661, 0.488905641294661, 0.488905641294661, 0.488905641294661, 0.488905641294661, 0.488905641294661, 0.488905641294661, 0.488905641294661, 0.488905641294661, 0.488905641294661, 0.488905641294661, 0.488905641294661, 0.488905641294661, 0.488905641294661, 0.488905641294661, 0.488905641294661, 0.488905641294661, 0.488905641294661, 0.488905641294661, 0.488905641294661, 0.488905641294661, 0.488905641294661, 0.488905641294661, 0.488905641294661, 0.488905641294661, 0.488905641294661, 0.488905641294661, 0.488905641294661, 0.488905641294661, 0.488905641294661, 0.488905641294661, 0.488905641294661, 0.488905641294661, 0.488905641294661, 0.488905641294661, 0.488905641294661, 0.488905641294661, 0.488905641294661, 0.488905641294661, 0.488905641294661, 0.488905641294661, 0.488905641294661, 0.488905641294661, 0.488905641294661, 0.488905641294661, 0.488905641294661, 0.488905641294661, 0.488905641294661, 0.488905641294661, 0.488905641294661, 0.488905641294661, 0.488905641294661, 0.488905641294661, 0.488905641294661, 0.488905641294661, 0.488905641294661, 0.488905641294661, 0.488905641294661, 0.488905641294661, 0.488905641294661, 0.488905641294661, 0.488905641294661, 0.488905641294661, 0.488905641294661, 0.488905641294661, 0.488905641294661, 0.488905641294661, 0.488905641294661, 0.488905641294661, 0.488905641294661, 0.488905641294661, 0.488905641294661, 0.488905641294661, 0.488905641294661, 0.488905641294661, 0.488905641294661, 0.488905641294661, 0.488905641294661, 0.488905641294661, 0.488905641294661, 0.488905641294661, 0.488905641294661, 0.488905641294661, 0.488905641294661, 0.488905641294661, 0.488905641294661, 0.488905641294661, 0.488905641294661, 0.488905641294661, 0.488905641294661, 0.488905641294661, 0.488905641294661, 0.488905641294661, 0.488905641294661, 0.488905641294661, 0.488905641294661, 0.488905641294661, 0.488905641294661, 0.488905641294661, 0.488905641294661, 0.488905641294661, 0.488905641294661, 0.488905641294661, 0.488905641294661, 0.488905641294661, 0.488905641294661, 0.488905641294661, 0.488905641294661, 0.488905641294661, 0.488905641294661, 0.488905641294661, 0.488905641294661, 0.488905641294661, 0.488905641294661, 0.488905641294661, 0.488905641294661, 0.488905641294661, 0.488905641294661, 0.488905641294661, 0.488905641294661, 0.488905641294661, 0.488905641294661, 0.488905641294661, 0.488905641294661, 0.488905641294661, 0.488905641294661, 0.488905641294661, 0.488905641294661, 0.488905641294661, 0.488905641294661, 0.488905641294661, 0.488905641294661, 0.488905641294661, 0.488905641294661, 0.488905641294661, 0.488905641294661, 0.488905641294661, 0.488905641294661, 0.488905641294661, 0.488905641294661, 0.488905641294661, 0.488905641294661, 0.488905641294661, 0.488905641294661, 0.488905641294661, 0.488905641294661, 0.488905641294661, 0.488905641294661, 0.488905641294661, 0.488905641294661, 0.488905641294661, 0.488905641294661, 0.488905641294661, 0.488905641294661, 0.488905641294661, 0.488905641294661, 0.488905641294661, 0.488905641294661, 0.488905641294661, 0.488905641294661, 0.488905641294661, 0.488905641294661, 0.488905641294661, 0.488905641294661, 0.488905641294661, 0.488905641294661, 0.488905641294661, 0.488905641294661, 0.488905641294661, 0.488905641294661, 0.488905641294661, 0.488905641294661, 0.488905641294661, 0.488905641294661, 0.488905641294661, 0.488905641294661, 0.488905641294661, 0.488905641294661, 0.488905641294661, 0.488905641294661, 0.488905641294661, 0.488905641294661, 0.488905641294661, 0.488905641294661, 0.488905641294661, 0.488905641294661, 0.488905641294661, 0.488905641294661, 0.488905641294661, 0.488905641294661, 0.488905641294661, 0.488905641294661, 0.488905641294661, 0.488905641294661, 0.488905641294661, 0.488905641294661, 0.488905641294661, 0.488905641294661, 0.488905641294661, 0.488905641294661, 0.488905641294661, 0.488905641294661, 0.488905641294661, 0.488905641294661, 0.488905641294661, 0.488905641294661, 0.488905641294661, 0.488905641294661, 0.488905641294661, 0.488905641294661, 0.488905641294661, 0.488905641294661, 0.488905641294661, 0.488905641294661, 0.488905641294661, 0.488905641294661, 0.488905641294661, 0.488905641294661, 0.488905641294661, 0.488905641294661, 0.488905641294661, 0.488905641294661, 0.488905641294661, 0.488905641294661, 0.488905641294661, 0.488905641294661, 0.488905641294661, 0.488905641294661, 0.488905641294661, 0.488905641294661, 0.488905641294661, 0.488905641294661, 0.488905641294661, 0.488905641294661, 0.488905641294661, 0.488905641294661, 0.488905641294661, 0.488905641294661, 0.488905641294661, 0.488905641294661, 0.488905641294661, 0.488905641294661, 0.488905641294661, 0.488905641294661, 0.488905641294661, 0.488905641294661, 0.488905641294661, 0.488905641294661, 0.488905641294661, 0.488905641294661, 0.488905641294661, 0.488905641294661, 0.488905641294661, 0.488905641294661, 0.488905641294661, 0.488905641294661, 0.488905641294661, 0.488905641294661, 0.488905641294661, 0.488905641294661, 0.488905641294661, 0.488905641294661, 0.488905641294661, 0.488905641294661, 0.488905641294661, 0.488905641294661, 0.488905641294661, 0.488905641294661, 0.488905641294661, 0.488905641294661, 0.488905641294661, 0.488905641294661, 0.488905641294661, 0.488905641294661, 0.488905641294661, 0.488905641294661, 0.488905641294661, 0.488905641294661, 0.488905641294661, 0.488905641294661, 0.488905641294661, 0.488905641294661, 0.488905641294661, 0.488905641294661, 0.488905641294661, 0.488905641294661, 0.488905641294661, 0.488905641294661, 0.488905641294661, 0.488905641294661, 0.488905641294661, 0.488905641294661, 0.488905641294661, 0.488905641294661, 0.488905641294661, 0.488905641294661, 0.488905641294661, 0.488905641294661, 0.488905641294661, 0.488905641294661, 0.488905641294661, 0.488905641294661, 0.488905641294661, 0.488905641294661, 0.488905641294661, 0.488905641294661, 0.488905641294661, 0.488905641294661, 0.488905641294661, 0.488905641294661, 0.488905641294661, 0.488905641294661, 0.488905641294661, 0.488905641294661, 0.488905641294661, 0.488905641294661, 0.488905641294661, 0.488905641294661, 0.488905641294661, 0.488905641294661, 0.488905641294661, 0.488905641294661, 0.488905641294661, 0.488905641294661, 0.488905641294661, 0.488905641294661, 0.488905641294661, 0.488905641294661, 0.488905641294661, 0.488905641294661, 0.488905641294661, 0.488905641294661, 0.488905641294661, 0.488905641294661, 0.488905641294661, 0.488905641294661, 0.488905641294661, 0.488905641294661, 0.488905641294661, 0.488905641294661, 0.488905641294661, 0.488905641294661, 0.488905641294661, 0.488905641294661, 0.488905641294661, 0.488905641294661, 0.488905641294661, 0.488905641294661, 0.488905641294661, 0.488905641294661, 0.488905641294661, 0.488905641294661, 0.488905641294661, 0.488905641294661, 0.488905641294661, 0.488905641294661, 0.488905641294661, 0.488905641294661, 0.488905641294661, 0.488905641294661, 0.488905641294661, 0.488905641294661, 0.488905641294661, 0.488905641294661, 0.488905641294661, 0.488905641294661, 0.488905641294661, 0.488905641294661, 0.488905641294661, 0.488905641294661, 0.488905641294661, 0.488905641294661, 0.488905641294661, 0.488905641294661, 0.488905641294661, 0.488905641294661, 0.488905641294661, 0.488905641294661, 0.488905641294661, 0.488905641294661, 0.488905641294661, 0.488905641294661, 0.488905641294661, 0.488905641294661, 0.488905641294661, 0.488905641294661, 0.488905641294661, 0.488905641294661, 0.488905641294661, 0.488905641294661, 0.488905641294661, 0.488905641294661, 0.488905641294661, 0.488905641294661, 0.488905641294661, 0.488905641294661, 0.488905641294661, 0.488905641294661, 0.488905641294661, 0.488905641294661, 0.488905641294661, 0.488905641294661, 0.488905641294661, 0.488905641294661, 0.488905641294661, 0.488905641294661, 0.488905641294661, 0.488905641294661, 0.488905641294661, 0.488905641294661, 0.488905641294661, 0.488905641294661, 0.488905641294661, 0.488905641294661, 0.488905641294661, 0.488905641294661, 0.488905641294661, 0.488905641294661, 0.488905641294661, 0.488905641294661, 0.488905641294661, 0.488905641294661, 0.488905641294661, 0.488905641294661, 0.488905641294661, 0.488905641294661, 0.488905641294661, 0.488905641294661, 0.488905641294661, 0.488905641294661, 0.488905641294661, 0.488905641294661, 0.488905641294661, 0.488905641294661, 0.488905641294661, 0.488905641294661, 0.488905641294661, 0.488905641294661, 0.488905641294661, 0.488905641294661, 0.488905641294661, 0.488905641294661, 0.488905641294661, 0.488905641294661, 0.488905641294661, 0.488905641294661, 0.488905641294661, 0.488905641294661, 0.488905641294661, 0.488905641294661, 0.488905641294661, 0.488905641294661, 0.488905641294661, 0.488905641294661, 0.488905641294661, 0.488905641294661, 0.488905641294661, 0.488905641294661, 0.488905641294661, 0.488905641294661, 0.488905641294661, 0.488905641294661, 0.488905641294661, 0.488905641294661, 0.488905641294661, 0.488905641294661, 0.488905641294661, 0.488905641294661, 0.488905641294661, 0.488905641294661, 0.488905641294661, 0.488905641294661, 0.488905641294661, 0.488905641294661, 0.488905641294661, 0.488905641294661, 0.488905641294661, 0.488905641294661, 0.488905641294661, 0.488905641294661, 0.488905641294661, 0.488905641294661, 0.488905641294661, 0.488905641294661, 0.488905641294661, 0.488905641294661, 0.488905641294661, 0.488905641294661, 0.488905641294661, 0.488905641294661, 0.488905641294661, 0.488905641294661, 0.488905641294661, 0.488905641294661, 0.488905641294661, 0.488905641294661, 0.488905641294661, 0.488905641294661, 0.488905641294661, 0.488905641294661, 0.488905641294661, 0.488905641294661, 0.488905641294661, 0.488905641294661, 0.488905641294661, 0.488905641294661, 0.488905641294661, 0.488905641294661, 0.488905641294661, 0.488905641294661, 0.488905641294661, 0.488905641294661, 0.488905641294661, 0.488905641294661, 0.488905641294661, 0.488905641294661, 0.488905641294661, 0.488905641294661, 0.488905641294661, 0.488905641294661, 0.488905641294661, 0.488905641294661, 0.488905641294661, 0.488905641294661, 0.488905641294661, 0.488905641294661, 0.488905641294661, 0.488905641294661, 0.488905641294661, 0.488905641294661, 0.488905641294661, 0.488905641294661, 0.488905641294661, 0.488905641294661, 0.488905641294661, 0.488905641294661, 0.488905641294661, 0.488905641294661, 0.488905641294661, 0.488905641294661, 0.488905641294661, 0.488905641294661, 0.488905641294661, 0.488905641294661, 0.488905641294661, 0.488905641294661, 0.488905641294661, 0.488905641294661, 0.488905641294661, 0.488905641294661, 0.488905641294661, 0.488905641294661, 0.488905641294661, 0.488905641294661, 0.488905641294661, 0.488905641294661, 0.488905641294661, 0.488905641294661, 0.488905641294661, 0.488905641294661, 0.488905641294661, 0.488905641294661, 0.488905641294661, 0.488905641294661, 0.488905641294661, 0.488905641294661, 0.488905641294661, 0.488905641294661, 0.488905641294661, 0.488905641294661, 0.488905641294661, 0.488905641294661, 0.488905641294661, 0.488905641294661, 0.488905641294661, 0.488905641294661, 0.488905641294661, 0.488905641294661, 0.488905641294661, 0.488905641294661, 0.488905641294661, 0.488905641294661, 0.488905641294661, 0.488905641294661, 0.488905641294661, 0.488905641294661, 0.488905641294661, 0.488905641294661, 0.488905641294661, 0.488905641294661, 0.488905641294661, 0.488905641294661, 0.488905641294661, 0.488905641294661, 0.488905641294661, 0.488905641294661, 0.488905641294661, 0.488905641294661, 0.488905641294661, 0.488905641294661, 0.488905641294661, 0.488905641294661, 0.488905641294661, 0.488905641294661, 0.488905641294661, 0.488905641294661, 0.488905641294661, 0.488905641294661, 0.488905641294661, 0.488905641294661, 0.488905641294661, 0.488905641294661, 0.488905641294661, 0.488905641294661, 0.488905641294661, 0.488905641294661, 0.488905641294661, 0.488905641294661, 0.488905641294661, 0.488905641294661, 0.488905641294661, 0.488905641294661, 0.488905641294661, 0.488905641294661, 0.488905641294661, 0.488905641294661, 0.488905641294661, 0.488905641294661, 0.488905641294661, 0.488905641294661, 0.488905641294661, 0.488905641294661, 0.488905641294661, 0.488905641294661, 0.488905641294661, 0.488905641294661, 0.488905641294661, 0.488905641294661, 0.488905641294661, 0.488905641294661, 0.488905641294661, 0.488905641294661, 0.488905641294661, 0.488905641294661, 0.488905641294661, 0.488905641294661, 0.488905641294661, 0.488905641294661, 0.488905641294661, 0.488905641294661, 0.488905641294661, 0.488905641294661, 0.488905641294661, 0.488905641294661]
     Sa Test Loss: 4.7586
     Generation 1 Best Fitness: 4.5688
     Generation 1 Evals: 50
     Generation 1 Evals: 50
     Generation 2 Best Fitness: 4.5375
     Generation 2 Evals: 50
     Generation 2 Evals: 50
     Generation 3 Best Fitness: 4.5386
     Generation 3 Evals: 50
     Generation 3 Evals: 50
     Generation 4 Best Fitness: 4.5218
     Generation 4 Evals: 50
     Generation 4 Evals: 50
     Generation 5 Best Fitness: 4.4891
     Generation 5 Evals: 50
     Generation 5 Evals: 50
     Generation 6 Best Fitness: 4.4980
     Generation 6 Evals: 50
     Generation 6 Evals: 50
     Generation 7 Best Fitness: 4.4502
     Generation 7 Evals: 50
     Generation 7 Evals: 50
     Generation 8 Best Fitness: 4.4085
     Generation 8 Evals: 50
     Generation 8 Evals: 50
     Generation 9 Best Fitness: 4.4195
     Generation 9 Evals: 50
     Generation 9 Evals: 50
     Generation 10 Best Fitness: 4.4251
     Generation 10 Evals: 50
     Generation 10 Evals: 50
     Generation 11 Best Fitness: 4.4265
     Generation 11 Evals: 50
     Generation 11 Evals: 50
     Generation 12 Best Fitness: 4.4207
     Generation 12 Evals: 50
     Generation 12 Evals: 50
     Generation 13 Best Fitness: 4.3979
     Generation 13 Evals: 50
     Generation 13 Evals: 50
     Generation 14 Best Fitness: 4.3704
     Generation 14 Evals: 50
     Generation 14 Evals: 50
     Generation 15 Best Fitness: 4.3704
     Generation 15 Evals: 50
     Generation 15 Evals: 50
     Generation 16 Best Fitness: 4.3375
     Generation 16 Evals: 50
     Generation 16 Evals: 50
     Generation 17 Best Fitness: 4.3304
     Generation 17 Evals: 50
     Generation 17 Evals: 50
     Generation 18 Best Fitness: 4.3300
     Generation 18 Evals: 50
     Generation 18 Evals: 50
     Generation 19 Best Fitness: 4.3282
     Generation 19 Evals: 50
     Generation 19 Evals: 50
     Generation 20 Best Fitness: 4.3204
     Generation 20 Evals: 50
     Generation 20 Evals: 50
     Generation 21 Best Fitness: 4.3225
     Generation 21 Evals: 50
     Generation 21 Evals: 50
     Generation 22 Best Fitness: 4.3204
     Generation 22 Evals: 50
     Generation 22 Evals: 50
     Generation 23 Best Fitness: 4.3202
     Generation 23 Evals: 50
     Generation 23 Evals: 50
     Generation 24 Best Fitness: 4.3192
     Generation 24 Evals: 50
     Generation 24 Evals: 50
     Generation 25 Best Fitness: 4.3111
     Generation 25 Evals: 50
     Generation 25 Evals: 50
     Generation 26 Best Fitness: 4.3108
     Generation 26 Evals: 50
     Generation 26 Evals: 50
     Generation 27 Best Fitness: 4.3072
     Generation 27 Evals: 50
     Generation 27 Evals: 50
     Generation 28 Best Fitness: 4.3048
     Generation 28 Evals: 50
     Generation 28 Evals: 50
     Generation 29 Best Fitness: 4.3044
     Generation 29 Evals: 50
     Generation 29 Evals: 50
     Generation 30 Best Fitness: 4.3035
     Generation 30 Evals: 50
     Generation 30 Evals: 50
     Generation 31 Best Fitness: 4.3032
     Generation 31 Evals: 50
     Generation 31 Evals: 50
     Generation 32 Best Fitness: 4.3023
     Generation 32 Evals: 50
     Generation 32 Evals: 50
     Generation 33 Best Fitness: 4.3013
     Generation 33 Evals: 50
     Generation 33 Evals: 50
     Generation 34 Best Fitness: 4.2993
     Generation 34 Evals: 50
     Generation 34 Evals: 50
     Generation 35 Best Fitness: 4.2995
     Generation 35 Evals: 50
     Generation 35 Evals: 50
     Generation 36 Best Fitness: 4.3001
     Generation 36 Evals: 50
     Generation 36 Evals: 50
     Generation 37 Best Fitness: 4.2997
     Generation 37 Evals: 50
     Generation 37 Evals: 50
     Generation 38 Best Fitness: 4.2993
     Generation 38 Evals: 50
     Generation 38 Evals: 50
     Generation 39 Best Fitness: 4.2990
     Generation 39 Evals: 50
     Generation 39 Evals: 50
     Generation 40 Best Fitness: 4.2985
     Generation 40 Evals: 50
     Generation 40 Evals: 50
     Generation 41 Best Fitness: 4.2973
     Generation 41 Evals: 50
     Generation 41 Evals: 50
     Generation 42 Best Fitness: 4.2967
     Generation 42 Evals: 50
     Generation 42 Evals: 50
     Generation 43 Best Fitness: 4.2960
     Generation 43 Evals: 50
     Generation 43 Evals: 50
     Generation 44 Best Fitness: 4.2958
     Generation 44 Evals: 50
     Generation 44 Evals: 50
     Generation 45 Best Fitness: 4.2953
     Generation 45 Evals: 50
     Generation 45 Evals: 50
     Generation 46 Best Fitness: 4.2940
     Generation 46 Evals: 50
     Generation 46 Evals: 50
     Generation 47 Best Fitness: 4.2938
     Generation 47 Evals: 50
     Generation 47 Evals: 50
     Generation 48 Best Fitness: 4.2932
     Generation 48 Evals: 50
     Generation 48 Evals: 50
     Generation 49 Best Fitness: 4.2926
     Generation 49 Evals: 50
     Generation 49 Evals: 50
     Generation 50 Best Fitness: 4.2926
     Generation 50 Evals: 50
     Generation 50 Evals: 50
     Generation 51 Best Fitness: 4.2921
     Generation 51 Evals: 50
     Generation 51 Evals: 50
     Generation 52 Best Fitness: 4.2908
     Generation 52 Evals: 50
     Generation 52 Evals: 50
     Generation 53 Best Fitness: 4.2899
     Generation 53 Evals: 50
     Generation 53 Evals: 50
     Generation 54 Best Fitness: 4.2894
     Generation 54 Evals: 50
     Generation 54 Evals: 50
     Generation 55 Best Fitness: 4.2885
     Generation 55 Evals: 50
     Generation 55 Evals: 50
     Generation 56 Best Fitness: 4.2874
     Generation 56 Evals: 50
     Generation 56 Evals: 50
     Generation 57 Best Fitness: 4.2870
     Generation 57 Evals: 50
     Generation 57 Evals: 50
     Generation 58 Best Fitness: 4.2868
     Generation 58 Evals: 50
     Generation 58 Evals: 50
     Generation 59 Best Fitness: 4.2863
     Generation 59 Evals: 50
     Generation 59 Evals: 50
     Generation 60 Best Fitness: 4.2854
     Generation 60 Evals: 50
     Generation 60 Evals: 50
     Generation 61 Best Fitness: 4.2847
     Generation 61 Evals: 50
     Generation 61 Evals: 50
     Generation 62 Best Fitness: 4.2846
     Generation 62 Evals: 50
     Generation 62 Evals: 50
     Generation 63 Best Fitness: 4.2840
     Generation 63 Evals: 50
     Generation 63 Evals: 50
     Generation 64 Best Fitness: 4.2838
     Generation 64 Evals: 50
     Generation 64 Evals: 50
     Generation 65 Best Fitness: 4.2834
     Generation 65 Evals: 50
     Generation 65 Evals: 50
     Generation 66 Best Fitness: 4.2826
     Generation 66 Evals: 50
     Generation 66 Evals: 50
     Generation 67 Best Fitness: 4.2824
     Generation 67 Evals: 50
     Generation 67 Evals: 50
     Generation 68 Best Fitness: 4.2811
     Generation 68 Evals: 50
     Generation 68 Evals: 50
     Generation 69 Best Fitness: 4.2809
     Generation 69 Evals: 50
     Generation 69 Evals: 50
     Generation 70 Best Fitness: 4.2805
     Generation 70 Evals: 50
     Generation 70 Evals: 50
     Generation 71 Best Fitness: 4.2787
     Generation 71 Evals: 50
     Generation 71 Evals: 50
     Generation 72 Best Fitness: 4.2784
     Generation 72 Evals: 50
     Generation 72 Evals: 50
     Generation 73 Best Fitness: 4.2783
     Generation 73 Evals: 50
     Generation 73 Evals: 50
     Generation 74 Best Fitness: 4.2776
     Generation 74 Evals: 50
     Generation 74 Evals: 50
     Generation 75 Best Fitness: 4.2761
     Generation 75 Evals: 50
     Generation 75 Evals: 50
     Generation 76 Best Fitness: 4.2749
     Generation 76 Evals: 50
     Generation 76 Evals: 50
     Generation 77 Best Fitness: 4.2749
     Generation 77 Evals: 50
     Generation 77 Evals: 50
     Generation 78 Best Fitness: 4.2749
     Generation 78 Evals: 50
     Generation 78 Evals: 50
     Generation 79 Best Fitness: 4.2745
     Generation 79 Evals: 50
     Generation 79 Evals: 50
     Generation 80 Best Fitness: 4.2743
     Generation 80 Evals: 50
     Generation 80 Evals: 50
     Generation 81 Best Fitness: 4.2731
     Generation 81 Evals: 50
     Generation 81 Evals: 50
     Generation 82 Best Fitness: 4.2719
     Generation 82 Evals: 50
     Generation 82 Evals: 50
     Generation 83 Best Fitness: 4.2709
     Generation 83 Evals: 50
     Generation 83 Evals: 50
     Generation 84 Best Fitness: 4.2705
     Generation 84 Evals: 50
     Generation 84 Evals: 50
     Generation 85 Best Fitness: 4.2699
     Generation 85 Evals: 50
     Generation 85 Evals: 50
     Generation 86 Best Fitness: 4.2699
     Generation 86 Evals: 50
     Generation 86 Evals: 50
     Generation 87 Best Fitness: 4.2696
     Generation 87 Evals: 50
     Generation 87 Evals: 50
     Generation 88 Best Fitness: 4.2688
     Generation 88 Evals: 50
     Generation 88 Evals: 50
     Generation 89 Best Fitness: 4.2674
     Generation 89 Evals: 50
     Generation 89 Evals: 50
     Generation 90 Best Fitness: 4.2665
     Generation 90 Evals: 50
     Generation 90 Evals: 50
     Generation 91 Best Fitness: 4.2664
     Generation 91 Evals: 50
     Generation 91 Evals: 50
     Generation 92 Best Fitness: 4.2664
     Generation 92 Evals: 50
     Generation 92 Evals: 50
     Generation 93 Best Fitness: 4.2655
     Generation 93 Evals: 50
     Generation 93 Evals: 50
     Generation 94 Best Fitness: 4.2655
     Generation 94 Evals: 50
     Generation 94 Evals: 50
     Generation 95 Best Fitness: 4.2649
     Generation 95 Evals: 50
     Generation 95 Evals: 50
     Generation 96 Best Fitness: 4.2647
     Generation 96 Evals: 50
     Generation 96 Evals: 50
     Generation 97 Best Fitness: 4.2642
     Generation 97 Evals: 50
     Generation 97 Evals: 50
     Generation 98 Best Fitness: 4.2632
     Generation 98 Evals: 50
     Generation 98 Evals: 50
     Generation 99 Best Fitness: 4.2632
     Generation 99 Evals: 50
     Generation 99 Evals: 50
     Generation 100 Best Fitness: 4.2630
     Generation 100 Evals: 50
     Generation 100 Evals: 50
     Generation 101 Best Fitness: 4.2622
     Generation 101 Evals: 50
     Generation 101 Evals: 50
     Generation 102 Best Fitness: 4.2618
     Generation 102 Evals: 50
     Generation 102 Evals: 50
     Generation 103 Best Fitness: 4.2618
     Generation 103 Evals: 50
     Generation 103 Evals: 50
     Generation 104 Best Fitness: 4.2604
     Generation 104 Evals: 50
     Generation 104 Evals: 50
     Generation 105 Best Fitness: 4.2604
     Generation 105 Evals: 50
     Generation 105 Evals: 50
     Generation 106 Best Fitness: 4.2586
     Generation 106 Evals: 50
     Generation 106 Evals: 50
     Generation 107 Best Fitness: 4.2584
     Generation 107 Evals: 50
     Generation 107 Evals: 50
     Generation 108 Best Fitness: 4.2571
     Generation 108 Evals: 50
     Generation 108 Evals: 50
     Generation 109 Best Fitness: 4.2584
     Generation 109 Evals: 50
     Generation 109 Evals: 50
     Generation 110 Best Fitness: 4.2578
     Generation 110 Evals: 50
     Generation 110 Evals: 50
     Generation 111 Best Fitness: 4.2570
     Generation 111 Evals: 50
     Generation 111 Evals: 50
     Generation 112 Best Fitness: 4.2568
     Generation 112 Evals: 50
     Generation 112 Evals: 50
     Generation 113 Best Fitness: 4.2564
     Generation 113 Evals: 50
     Generation 113 Evals: 50
     Generation 114 Best Fitness: 4.2556
     Generation 114 Evals: 50
     Generation 114 Evals: 50
     Generation 115 Best Fitness: 4.2548
     Generation 115 Evals: 50
     Generation 115 Evals: 50
     Generation 116 Best Fitness: 4.2539
     Generation 116 Evals: 50
     Generation 116 Evals: 50
     Generation 117 Best Fitness: 4.2531
     Generation 117 Evals: 50
     Generation 117 Evals: 50
     Generation 118 Best Fitness: 4.2524
     Generation 118 Evals: 50
     Generation 118 Evals: 50
     Generation 119 Best Fitness: 4.2514
     Generation 119 Evals: 50
     Generation 119 Evals: 50
     Generation 120 Best Fitness: 4.2512
     Generation 120 Evals: 50
     Generation 120 Evals: 50
     Generation 121 Best Fitness: 4.2503
     Generation 121 Evals: 50
     Generation 121 Evals: 50
     Generation 122 Best Fitness: 4.2499
     Generation 122 Evals: 50
     Generation 122 Evals: 50
     Generation 123 Best Fitness: 4.2499
     Generation 123 Evals: 50
     Generation 123 Evals: 50
     Generation 124 Best Fitness: 4.2482
     Generation 124 Evals: 50
     Generation 124 Evals: 50
     Generation 125 Best Fitness: 4.2482
     Generation 125 Evals: 50
     Generation 125 Evals: 50
     Generation 126 Best Fitness: 4.2475
     Generation 126 Evals: 50
     Generation 126 Evals: 50
     Generation 127 Best Fitness: 4.2472
     Generation 127 Evals: 50
     Generation 127 Evals: 50
     Generation 128 Best Fitness: 4.2463
     Generation 128 Evals: 50
     Generation 128 Evals: 50
     Generation 129 Best Fitness: 4.2447
     Generation 129 Evals: 50
     Generation 129 Evals: 50
     Generation 130 Best Fitness: 4.2444
     Generation 130 Evals: 50
     Generation 130 Evals: 50
     Generation 131 Best Fitness: 4.2433
     Generation 131 Evals: 50
     Generation 131 Evals: 50
     Generation 132 Best Fitness: 4.2423
     Generation 132 Evals: 50
     Generation 132 Evals: 50
     Generation 133 Best Fitness: 4.2423
     Generation 133 Evals: 50
     Generation 133 Evals: 50
     Generation 134 Best Fitness: 4.2412
     Generation 134 Evals: 50
     Generation 134 Evals: 50
     Generation 135 Best Fitness: 4.2400
     Generation 135 Evals: 50
     Generation 135 Evals: 50
     Generation 136 Best Fitness: 4.2400
     Generation 136 Evals: 50
     Generation 136 Evals: 50
     Generation 137 Best Fitness: 4.2393
     Generation 137 Evals: 50
     Generation 137 Evals: 50
     Generation 138 Best Fitness: 4.2379
     Generation 138 Evals: 50
     Generation 138 Evals: 50
     Generation 139 Best Fitness: 4.2373
     Generation 139 Evals: 50
     Generation 139 Evals: 50
     Generation 140 Best Fitness: 4.2367
     Generation 140 Evals: 50
     Generation 140 Evals: 50
     Generation 141 Best Fitness: 4.2361
     Generation 141 Evals: 50
     Generation 141 Evals: 50
     Generation 142 Best Fitness: 4.2353
     Generation 142 Evals: 50
     Generation 142 Evals: 50
     Generation 143 Best Fitness: 4.2346
     Generation 143 Evals: 50
     Generation 143 Evals: 50
     Generation 144 Best Fitness: 4.2345
     Generation 144 Evals: 50
     Generation 144 Evals: 50
     Generation 145 Best Fitness: 4.2344
     Generation 145 Evals: 50
     Generation 145 Evals: 50
     Generation 146 Best Fitness: 4.2340
     Generation 146 Evals: 50
     Generation 146 Evals: 50
     Generation 147 Best Fitness: 4.2336
     Generation 147 Evals: 50
     Generation 147 Evals: 50
     Generation 148 Best Fitness: 4.2328
     Generation 148 Evals: 50
     Generation 148 Evals: 50
     Generation 149 Best Fitness: 4.2326
     Generation 149 Evals: 50
     Generation 149 Evals: 50
     Generation 150 Best Fitness: 4.2317
     Generation 150 Evals: 50
     Generation 150 Evals: 50
     Generation 151 Best Fitness: 4.2310
     Generation 151 Evals: 50
     Generation 151 Evals: 50
     Generation 152 Best Fitness: 4.2307
     Generation 152 Evals: 50
     Generation 152 Evals: 50
     Generation 153 Best Fitness: 4.2303
     Generation 153 Evals: 50
     Generation 153 Evals: 50
     Generation 154 Best Fitness: 4.2298
     Generation 154 Evals: 50
     Generation 154 Evals: 50
     Generation 155 Best Fitness: 4.2293
     Generation 155 Evals: 50
     Generation 155 Evals: 50
     Generation 156 Best Fitness: 4.2289
     Generation 156 Evals: 50
     Generation 156 Evals: 50
     Generation 157 Best Fitness: 4.2274
     Generation 157 Evals: 50
     Generation 157 Evals: 50
     Generation 158 Best Fitness: 4.2274
     Generation 158 Evals: 50
     Generation 158 Evals: 50
     Generation 159 Best Fitness: 4.2251
     Generation 159 Evals: 50
     Generation 159 Evals: 50
     Generation 160 Best Fitness: 4.2252
     Generation 160 Evals: 50
     Generation 160 Evals: 50
     Generation 161 Best Fitness: 4.2241
     Generation 161 Evals: 50
     Generation 161 Evals: 50
     Generation 162 Best Fitness: 4.2237
     Generation 162 Evals: 50
     Generation 162 Evals: 50
     Generation 163 Best Fitness: 4.2226
     Generation 163 Evals: 50
     Generation 163 Evals: 50
     Generation 164 Best Fitness: 4.2226
     Generation 164 Evals: 50
     Generation 164 Evals: 50
     Generation 165 Best Fitness: 4.2213
     Generation 165 Evals: 50
     Generation 165 Evals: 50
     Generation 166 Best Fitness: 4.2210
     Generation 166 Evals: 50
     Generation 166 Evals: 50
     Generation 167 Best Fitness: 4.2207
     Generation 167 Evals: 50
     Generation 167 Evals: 50
     Generation 168 Best Fitness: 4.2199
     Generation 168 Evals: 50
     Generation 168 Evals: 50
     Generation 169 Best Fitness: 4.2194
     Generation 169 Evals: 50
     Generation 169 Evals: 50
     Generation 170 Best Fitness: 4.2177
     Generation 170 Evals: 50
     Generation 170 Evals: 50
     Generation 171 Best Fitness: 4.2177
     Generation 171 Evals: 50
     Generation 171 Evals: 50
     Generation 172 Best Fitness: 4.2142
     Generation 172 Evals: 50
     Generation 172 Evals: 50
     Generation 173 Best Fitness: 4.2142
     Generation 173 Evals: 50
     Generation 173 Evals: 50
     Generation 174 Best Fitness: 4.2140
     Generation 174 Evals: 50
     Generation 174 Evals: 50
     Generation 175 Best Fitness: 4.2142
     Generation 175 Evals: 50
     Generation 175 Evals: 50
     Generation 176 Best Fitness: 4.2128
     Generation 176 Evals: 50
     Generation 176 Evals: 50
     Generation 177 Best Fitness: 4.2121
     Generation 177 Evals: 50
     Generation 177 Evals: 50
     Generation 178 Best Fitness: 4.2119
     Generation 178 Evals: 50
     Generation 178 Evals: 50
     Generation 179 Best Fitness: 4.2116
     Generation 179 Evals: 50
     Generation 179 Evals: 50
     Generation 180 Best Fitness: 4.2114
     Generation 180 Evals: 50
     Generation 180 Evals: 50
     Generation 181 Best Fitness: 4.2101
     Generation 181 Evals: 50
     Generation 181 Evals: 50
     Generation 182 Best Fitness: 4.2101
     Generation 182 Evals: 50
     Generation 182 Evals: 50
     Generation 183 Best Fitness: 4.2101
     Generation 183 Evals: 50
     Generation 183 Evals: 50
     Generation 184 Best Fitness: 4.2101
     Generation 184 Evals: 50
     Generation 184 Evals: 50
     Generation 185 Best Fitness: 4.2097
     Generation 185 Evals: 50
     Generation 185 Evals: 50
     Generation 186 Best Fitness: 4.2091
     Generation 186 Evals: 50
     Generation 186 Evals: 50
     Generation 187 Best Fitness: 4.2085
     Generation 187 Evals: 50
     Generation 187 Evals: 50
     Generation 188 Best Fitness: 4.2077
     Generation 188 Evals: 50
     Generation 188 Evals: 50
     Generation 189 Best Fitness: 4.2070
     Generation 189 Evals: 50
     Generation 189 Evals: 50
     Generation 190 Best Fitness: 4.2051
     Generation 190 Evals: 50
     Generation 190 Evals: 50
     Generation 191 Best Fitness: 4.2048
     Generation 191 Evals: 50
     Generation 191 Evals: 50
     Generation 192 Best Fitness: 4.2048
     Generation 192 Evals: 50
     Generation 192 Evals: 50
     Generation 193 Best Fitness: 4.2045
     Generation 193 Evals: 50
     Generation 193 Evals: 50
     Generation 194 Best Fitness: 4.2032
     Generation 194 Evals: 50
     Generation 194 Evals: 50
     Generation 195 Best Fitness: 4.2030
     Generation 195 Evals: 50
     Generation 195 Evals: 50
     Generation 196 Best Fitness: 4.2030
     Generation 196 Evals: 50
     Generation 196 Evals: 50
     Generation 197 Best Fitness: 4.2028
     Generation 197 Evals: 50
     Generation 197 Evals: 50
     Generation 198 Best Fitness: 4.2022
     Generation 198 Evals: 50
     Generation 198 Evals: 50
     Generation 199 Best Fitness: 4.2021
     Generation 199 Evals: 50
     Generation 199 Evals: 50

4. GENETIC ALGORITHM
   Status: SUCCESS
   Timestamp: 2025-10-14T10:23:59.380753
   Duration: 8628.5978 seconds
   Memory Change: -362.48 MB
   Peak Memory: 95.82 MB
   Performance: Slow
   Step Details:
     Parameters: 49666
     Parameters: 49666
     Max Evals: 10000
     Max Evals: 10000
     Pop Size: 50
     Pop Size: 50
     Mutation Rate: 0.1000
     Mutation Std: 0.0010
     Crossover Rate: 0.7000
     Plateau Threshold: 250
     Plateau Threshold: 250
     Min Delta: 0.0000
     Initial Fitness: 4.6020
     Best Loss: 4.2021
     Evals: 10000
     Evals: 10000
     Wall Clock Time: 9,605.6313
     History: 200 items
     Generation Count: 199
     Generation Count: 199
     Learning Curve Points:
       algo: ga
       evals: [50, 100, 150, 200, 250, 300, 350, 400, 450, 500, 550, 600, 650, 700, 750, 800, 850, 900, 950, 1000, 1050, 1100, 1150, 1200, 1250, 1300, 1350, 1400, 1450, 1500, 1550, 1600, 1650, 1700, 1750, 1800, 1850, 1900, 1950, 2000, 2050, 2100, 2150, 2200, 2250, 2300, 2350, 2400, 2450, 2500, 2550, 2600, 2650, 2700, 2750, 2800, 2850, 2900, 2950, 3000, 3050, 3100, 3150, 3200, 3250, 3300, 3350, 3400, 3450, 3500, 3550, 3600, 3650, 3700, 3750, 3800, 3850, 3900, 3950, 4000, 4050, 4100, 4150, 4200, 4250, 4300, 4350, 4400, 4450, 4500, 4550, 4600, 4650, 4700, 4750, 4800, 4850, 4900, 4950, 5000, 5050, 5100, 5150, 5200, 5250, 5300, 5350, 5400, 5450, 5500, 5550, 5600, 5650, 5700, 5750, 5800, 5850, 5900, 5950, 6000, 6050, 6100, 6150, 6200, 6250, 6300, 6350, 6400, 6450, 6500, 6550, 6600, 6650, 6700, 6750, 6800, 6850, 6900, 6950, 7000, 7050, 7100, 7150, 7200, 7250, 7300, 7350, 7400, 7450, 7500, 7550, 7600, 7650, 7700, 7750, 7800, 7850, 7900, 7950, 8000, 8050, 8100, 8150, 8200, 8250, 8300, 8350, 8400, 8450, 8500, 8550, 8600, 8650, 8700, 8750, 8800, 8850, 8900, 8950, 9000, 9050, 9100, 9150, 9200, 9250, 9300, 9350, 9400, 9450, 9500, 9550, 9600, 9650, 9700, 9750, 9800, 9850, 9900, 9950, 10000]
       raw_losses: [4.601958095809042, 4.568833849805615, 4.537453966263013, 4.5385535060267745, 4.5218481454220445, 4.4890566273923325, 4.497952684378013, 4.450221464747474, 4.408461097832564, 4.41949827112121, 4.425095036789611, 4.426531550211784, 4.420707600893992, 4.397942365307511, 4.370430753344581, 4.370430753344581, 4.337536969901005, 4.330356531964117, 4.3299751203138745, 4.328182754499135, 4.320361156166691, 4.3224597322198495, 4.320361156166691, 4.320160209914267, 4.319183961812393, 4.311140801880386, 4.310831246795235, 4.3072277202711, 4.304846963602981, 4.304363443737938, 4.303510843615829, 4.303209411792266, 4.302324082388546, 4.301310158037877, 4.299251151608897, 4.299491860491016, 4.300075971599901, 4.29971554515126, 4.299251456837077, 4.29899912745088, 4.298479897635324, 4.2973424314142585, 4.296749887448964, 4.295999566713969, 4.295770205857553, 4.295348469154302, 4.293950253353888, 4.2938350067907205, 4.293245291971898, 4.292608992084042, 4.292590678393186, 4.29211919997638, 4.2908285070251635, 4.289913568304572, 4.289425751228472, 4.2884519934217575, 4.287374777234954, 4.287037991778755, 4.2867693062667005, 4.286346544276227, 4.285377243062952, 4.284676344840081, 4.284616817048181, 4.284049569468795, 4.283751215253558, 4.283366008555933, 4.282572232323252, 4.282401571780334, 4.281142319951739, 4.280852001228612, 4.28053185791323, 4.278677078393789, 4.278422947331663, 4.2782882805709, 4.277627267243662, 4.276111814565274, 4.27492499089503, 4.274920129077339, 4.274920129077339, 4.274511621111915, 4.274268937198234, 4.273127549733871, 4.271935609670786, 4.270908652644454, 4.2705003547144464, 4.269883147526136, 4.269883147526136, 4.269621125944368, 4.2687648844806265, 4.2673837671349775, 4.266497466153714, 4.266379638032599, 4.266379638032599, 4.2655152680673005, 4.2655152680673005, 4.26489445403382, 4.264692002163702, 4.264198869139284, 4.26316302556258, 4.26316302556258, 4.262972263189463, 4.2621580602485185, 4.261805082415487, 4.261768560706478, 4.260350330408676, 4.260350330408676, 4.2586227017881235, 4.258424628348577, 4.257100065549214, 4.258378154628879, 4.257781640077249, 4.256981705571269, 4.256751579242748, 4.256437927375346, 4.255557976362906, 4.254792238329793, 4.2538667388888065, 4.2531409080211935, 4.252382879728799, 4.251409575179383, 4.251229691854763, 4.25032165373638, 4.249902453178015, 4.249922156333923, 4.248248019061246, 4.248248019061246, 4.247544536223779, 4.247183454779042, 4.24634837449252, 4.244737629052047, 4.2444407394080805, 4.243325184989762, 4.2423291350459005, 4.2423291350459005, 4.241221599089793, 4.240007318419851, 4.240007318419851, 4.239344075049236, 4.237895978676094, 4.237293860414526, 4.236713143058749, 4.236087199532506, 4.235337784875443, 4.234570785319849, 4.234509802563286, 4.234439713177664, 4.234017409684458, 4.233615309764177, 4.232777202085698, 4.232590412482237, 4.23171946198949, 4.2310149263549635, 4.230738355126573, 4.230262243704045, 4.229840525340685, 4.229251286049029, 4.228892095796355, 4.227423032998165, 4.227423032998165, 4.225128944976863, 4.225155412059127, 4.224115125862234, 4.2237115032943615, 4.222581056011466, 4.222581056011466, 4.221347149911818, 4.221048714913728, 4.220650964167529, 4.219946213257619, 4.2194070514741835, 4.217661455000713, 4.217661455000713, 4.214169399642246, 4.214169399642246, 4.214032561351091, 4.214169399642246, 4.212779677831209, 4.212087456123296, 4.211908935190557, 4.2116234961883485, 4.211375488466396, 4.210065566139781, 4.210094271562038, 4.210094271562038, 4.210094271562038, 4.2097088893254595, 4.209071971994617, 4.208500025473235, 4.207699364358252, 4.206953708505456, 4.205125284718943, 4.204842835555583, 4.204784180655148, 4.204510367833651, 4.203188778716566, 4.203023998291938, 4.202962605507819, 4.202758442787897, 4.202222361669436, 4.2021464332119445]
       best_so_far: [4.601958095809042, 4.568833849805615, 4.537453966263013, 4.537453966263013, 4.5218481454220445, 4.4890566273923325, 4.4890566273923325, 4.450221464747474, 4.408461097832564, 4.408461097832564, 4.408461097832564, 4.408461097832564, 4.408461097832564, 4.397942365307511, 4.370430753344581, 4.370430753344581, 4.337536969901005, 4.330356531964117, 4.3299751203138745, 4.328182754499135, 4.320361156166691, 4.320361156166691, 4.320361156166691, 4.320160209914267, 4.319183961812393, 4.311140801880386, 4.310831246795235, 4.3072277202711, 4.304846963602981, 4.304363443737938, 4.303510843615829, 4.303209411792266, 4.302324082388546, 4.301310158037877, 4.299251151608897, 4.299251151608897, 4.299251151608897, 4.299251151608897, 4.299251151608897, 4.29899912745088, 4.298479897635324, 4.2973424314142585, 4.296749887448964, 4.295999566713969, 4.295770205857553, 4.295348469154302, 4.293950253353888, 4.2938350067907205, 4.293245291971898, 4.292608992084042, 4.292590678393186, 4.29211919997638, 4.2908285070251635, 4.289913568304572, 4.289425751228472, 4.2884519934217575, 4.287374777234954, 4.287037991778755, 4.2867693062667005, 4.286346544276227, 4.285377243062952, 4.284676344840081, 4.284616817048181, 4.284049569468795, 4.283751215253558, 4.283366008555933, 4.282572232323252, 4.282401571780334, 4.281142319951739, 4.280852001228612, 4.28053185791323, 4.278677078393789, 4.278422947331663, 4.2782882805709, 4.277627267243662, 4.276111814565274, 4.27492499089503, 4.274920129077339, 4.274920129077339, 4.274511621111915, 4.274268937198234, 4.273127549733871, 4.271935609670786, 4.270908652644454, 4.2705003547144464, 4.269883147526136, 4.269883147526136, 4.269621125944368, 4.2687648844806265, 4.2673837671349775, 4.266497466153714, 4.266379638032599, 4.266379638032599, 4.2655152680673005, 4.2655152680673005, 4.26489445403382, 4.264692002163702, 4.264198869139284, 4.26316302556258, 4.26316302556258, 4.262972263189463, 4.2621580602485185, 4.261805082415487, 4.261768560706478, 4.260350330408676, 4.260350330408676, 4.2586227017881235, 4.258424628348577, 4.257100065549214, 4.257100065549214, 4.257100065549214, 4.256981705571269, 4.256751579242748, 4.256437927375346, 4.255557976362906, 4.254792238329793, 4.2538667388888065, 4.2531409080211935, 4.252382879728799, 4.251409575179383, 4.251229691854763, 4.25032165373638, 4.249902453178015, 4.249902453178015, 4.248248019061246, 4.248248019061246, 4.247544536223779, 4.247183454779042, 4.24634837449252, 4.244737629052047, 4.2444407394080805, 4.243325184989762, 4.2423291350459005, 4.2423291350459005, 4.241221599089793, 4.240007318419851, 4.240007318419851, 4.239344075049236, 4.237895978676094, 4.237293860414526, 4.236713143058749, 4.236087199532506, 4.235337784875443, 4.234570785319849, 4.234509802563286, 4.234439713177664, 4.234017409684458, 4.233615309764177, 4.232777202085698, 4.232590412482237, 4.23171946198949, 4.2310149263549635, 4.230738355126573, 4.230262243704045, 4.229840525340685, 4.229251286049029, 4.228892095796355, 4.227423032998165, 4.227423032998165, 4.225128944976863, 4.225128944976863, 4.224115125862234, 4.2237115032943615, 4.222581056011466, 4.222581056011466, 4.221347149911818, 4.221048714913728, 4.220650964167529, 4.219946213257619, 4.2194070514741835, 4.217661455000713, 4.217661455000713, 4.214169399642246, 4.214169399642246, 4.214032561351091, 4.214032561351091, 4.212779677831209, 4.212087456123296, 4.211908935190557, 4.2116234961883485, 4.211375488466396, 4.210065566139781, 4.210065566139781, 4.210065566139781, 4.210065566139781, 4.2097088893254595, 4.209071971994617, 4.208500025473235, 4.207699364358252, 4.206953708505456, 4.205125284718943, 4.204842835555583, 4.204784180655148, 4.204510367833651, 4.203188778716566, 4.203023998291938, 4.202962605507819, 4.202758442787897, 4.202222361669436, 4.2021464332119445]
     Ga Test Loss: 4.4334
     Rhc Test Loss: 0.4940
     Sa Test Loss: 4.7586

======================================================================
Report Generated: 2025-10-14 10:24:00 EDT
Log File: logs/experiment_logs.json
======================================================================
