======================================================================
ML EXPERIMENT DETAILED REPORT
======================================================================

RO ALGORITHMS SUMMARY TABLE
----------------------------------------
| Algorithm                | Best Val Loss | # Func Evals | Wall Time |
|--------------------------|--------|-------|-----------|
| Randomized Hill Climbing | 2.8281 |  3830 |  8208.69s |
| Simulated Annealing      | 2.8281 |   252 |   590.99s |
| Genetic Algorithm        | 3.7267 | 10000 | 23114.38s |


KEY METRICS
----------------------------------------
Restart 1 Best Loss: 2.8281441327756043
Restart 2 Best Loss: 3.2352236313794656
Restart 3 Best Loss: 3.646467843383708
Restart 4 Best Loss: 4.725662718374262
Restart 5 Best Loss: 3.20809940181712
Avg Steps To L Sgd: 9766.666666666666
Avg Test Metric Sgd: 0.5075575777672796
Avg Steps To L Sgd Momentum: 1366.6666666666667
Avg Test Metric Sgd Momentum: 0.42257765818525245
Avg Steps To L Nesterov: 1433.3333333333333
Avg Test Metric Nesterov: 0.4216077055460141
Avg Steps To L Adam: 900.0
Avg Test Metric Adam: 0.4229681487646893
Avg Steps To L Adam No Bias: 833.3333333333334
Avg Test Metric Adam No Bias: 0.4177492646733709
Avg Steps To L Rmsprop Like: 3333.3333333333335
Avg Test Metric Rmsprop Like: 0.47565777097850037
Avg Steps To L Adamw: 900.0
Avg Test Metric Adamw: 0.4229681487646893

SYSTEM INFORMATION
------------------------------
Platform: win32
Python Version: 3.12.10
CPU Cores: 16
Total Memory: 15.77 GB
Process ID: 176944

EXPERIMENT CONFIGURATION
----------------------------------------
Dataset: accidents
Target: Duration_Seconds
Method: regression
Subsample: 0.8
DATA ANALYSIS
------------------------------
Initial Rows: 965,860
Rows After Cleaning: 965,860
Training Set: 579516 samples x 28 features
Validation Set: 193172 samples x 28 features
Test Set: 193172 samples x 28 features
Memory Before Cleaning: Used cashed memory
Memory After Cleaning: 217.3833465576172 MB
Memory Reduction: 0.0%

DETAILED STEP ANALYSIS
------------------------------
1. LOAD DATA
   Status: SUCCESS
   Timestamp: 2025-10-14T21:36:39.572009
   Duration: 0.4807 seconds
   Memory Change: +354.46 MB
   Peak Memory: 638.36 MB
   Performance: Fast
   Step Details:
     Used Cached Df: True
     Used Cached Df: True
     N Loaded Rows: 965860
     N Loaded Rows: 965860
     N Cleaned Rows: 965860
     N Cleaned Rows: 965860
     Train Shape: 579516 samples x 28 features
     Validation Shape: 193172 samples x 28 features
     Test Shape: 193172 samples x 28 features
     Split Pct:
       train: 0
       val: 0
       test: 0
     Memory Before Clean: Used cashed memory
     Memory After Clean: 217.3833465576172 MB
     Memory Reduction: 0.0%
     Restart 1 Best Loss: 2.8281
     Restart 1 Evals: 2824
     Restart 1 Evals: 2824
     Restart 2 Best Loss: 3.2352
     Restart 2 Evals: 250
     Restart 2 Evals: 250
     Restart 3 Best Loss: 3.6465
     Restart 3 Evals: 250
     Restart 3 Evals: 250
     Restart 4 Best Loss: 4.7257
     Restart 4 Evals: 250
     Restart 4 Evals: 250
     Restart 5 Best Loss: 3.2081
     Restart 5 Evals: 250
     Restart 5 Evals: 250

2. RANDOMIZED HILL CLIMBING
   Status: SUCCESS
   Timestamp: 2025-10-14T23:53:28.476253
   Duration: 8206.4788 seconds
   Memory Change: -153.35 MB
   Peak Memory: 254.01 MB
   Performance: Slow
   Step Details:
     Parameters: 49537
     Parameters: 49537
     Restarts: 5
     Restarts: 5
     Max Evals: 10000
     Max Evals: 10000
     Initial Perturb Scale: 0.1000
     Decay Rate: 0.9950
     Plateau Threshold: 250
     Plateau Threshold: 250
     Min Delta: 0.0000
     Initial Loss: 69.3406
     Best Loss: 2.8281
     Evals: 3830
     Evals: 3830
     Wall Clock Time: 8,208.6907
     History: 3830 items
     Restart Losses: 5 items
     Learning Curve Points:
       algo: rhc
       evals: [1, 2, 3, 4, 5, 6, 7, 8, 9, 10, 11, 12, 13, 14, 15, 16, 17, 18, 19, 20, 21, 22, 23, 24, 25, 26, 27, 28, 29, 30, 31, 32, 33, 34, 35, 36, 37, 38, 39, 40, 41, 42, 43, 44, 45, 46, 47, 48, 49, 50, 51, 52, 53, 54, 55, 56, 57, 58, 59, 60, 61, 62, 63, 64, 65, 66, 67, 68, 69, 70, 71, 72, 73, 74, 75, 76, 77, 78, 79, 80, 81, 82, 83, 84, 85, 86, 87, 88, 89, 90, 91, 92, 93, 94, 95, 96, 97, 98, 99, 100, 101, 102, 103, 104, 105, 106, 107, 108, 109, 110, 111, 112, 113, 114, 115, 116, 117, 118, 119, 120, 121, 122, 123, 124, 125, 126, 127, 128, 129, 130, 131, 132, 133, 134, 135, 136, 137, 138, 139, 140, 141, 142, 143, 144, 145, 146, 147, 148, 149, 150, 151, 152, 153, 154, 155, 156, 157, 158, 159, 160, 161, 162, 163, 164, 165, 166, 167, 168, 169, 170, 171, 172, 173, 174, 175, 176, 177, 178, 179, 180, 181, 182, 183, 184, 185, 186, 187, 188, 189, 190, 191, 192, 193, 194, 195, 196, 197, 198, 199, 200, 201, 202, 203, 204, 205, 206, 207, 208, 209, 210, 211, 212, 213, 214, 215, 216, 217, 218, 219, 220, 221, 222, 223, 224, 225, 226, 227, 228, 229, 230, 231, 232, 233, 234, 235, 236, 237, 238, 239, 240, 241, 242, 243, 244, 245, 246, 247, 248, 249, 250, 251, 252, 253, 254, 255, 256, 257, 258, 259, 260, 261, 262, 263, 264, 265, 266, 267, 268, 269, 270, 271, 272, 273, 274, 275, 276, 277, 278, 279, 280, 281, 282, 283, 284, 285, 286, 287, 288, 289, 290, 291, 292, 293, 294, 295, 296, 297, 298, 299, 300, 301, 302, 303, 304, 305, 306, 307, 308, 309, 310, 311, 312, 313, 314, 315, 316, 317, 318, 319, 320, 321, 322, 323, 324, 325, 326, 327, 328, 329, 330, 331, 332, 333, 334, 335, 336, 337, 338, 339, 340, 341, 342, 343, 344, 345, 346, 347, 348, 349, 350, 351, 352, 353, 354, 355, 356, 357, 358, 359, 360, 361, 362, 363, 364, 365, 366, 367, 368, 369, 370, 371, 372, 373, 374, 375, 376, 377, 378, 379, 380, 381, 382, 383, 384, 385, 386, 387, 388, 389, 390, 391, 392, 393, 394, 395, 396, 397, 398, 399, 400, 401, 402, 403, 404, 405, 406, 407, 408, 409, 410, 411, 412, 413, 414, 415, 416, 417, 418, 419, 420, 421, 422, 423, 424, 425, 426, 427, 428, 429, 430, 431, 432, 433, 434, 435, 436, 437, 438, 439, 440, 441, 442, 443, 444, 445, 446, 447, 448, 449, 450, 451, 452, 453, 454, 455, 456, 457, 458, 459, 460, 461, 462, 463, 464, 465, 466, 467, 468, 469, 470, 471, 472, 473, 474, 475, 476, 477, 478, 479, 480, 481, 482, 483, 484, 485, 486, 487, 488, 489, 490, 491, 492, 493, 494, 495, 496, 497, 498, 499, 500, 501, 502, 503, 504, 505, 506, 507, 508, 509, 510, 511, 512, 513, 514, 515, 516, 517, 518, 519, 520, 521, 522, 523, 524, 525, 526, 527, 528, 529, 530, 531, 532, 533, 534, 535, 536, 537, 538, 539, 540, 541, 542, 543, 544, 545, 546, 547, 548, 549, 550, 551, 552, 553, 554, 555, 556, 557, 558, 559, 560, 561, 562, 563, 564, 565, 566, 567, 568, 569, 570, 571, 572, 573, 574, 575, 576, 577, 578, 579, 580, 581, 582, 583, 584, 585, 586, 587, 588, 589, 590, 591, 592, 593, 594, 595, 596, 597, 598, 599, 600, 601, 602, 603, 604, 605, 606, 607, 608, 609, 610, 611, 612, 613, 614, 615, 616, 617, 618, 619, 620, 621, 622, 623, 624, 625, 626, 627, 628, 629, 630, 631, 632, 633, 634, 635, 636, 637, 638, 639, 640, 641, 642, 643, 644, 645, 646, 647, 648, 649, 650, 651, 652, 653, 654, 655, 656, 657, 658, 659, 660, 661, 662, 663, 664, 665, 666, 667, 668, 669, 670, 671, 672, 673, 674, 675, 676, 677, 678, 679, 680, 681, 682, 683, 684, 685, 686, 687, 688, 689, 690, 691, 692, 693, 694, 695, 696, 697, 698, 699, 700, 701, 702, 703, 704, 705, 706, 707, 708, 709, 710, 711, 712, 713, 714, 715, 716, 717, 718, 719, 720, 721, 722, 723, 724, 725, 726, 727, 728, 729, 730, 731, 732, 733, 734, 735, 736, 737, 738, 739, 740, 741, 742, 743, 744, 745, 746, 747, 748, 749, 750, 751, 752, 753, 754, 755, 756, 757, 758, 759, 760, 761, 762, 763, 764, 765, 766, 767, 768, 769, 770, 771, 772, 773, 774, 775, 776, 777, 778, 779, 780, 781, 782, 783, 784, 785, 786, 787, 788, 789, 790, 791, 792, 793, 794, 795, 796, 797, 798, 799, 800, 801, 802, 803, 804, 805, 806, 807, 808, 809, 810, 811, 812, 813, 814, 815, 816, 817, 818, 819, 820, 821, 822, 823, 824, 825, 826, 827, 828, 829, 830, 831, 832, 833, 834, 835, 836, 837, 838, 839, 840, 841, 842, 843, 844, 845, 846, 847, 848, 849, 850, 851, 852, 853, 854, 855, 856, 857, 858, 859, 860, 861, 862, 863, 864, 865, 866, 867, 868, 869, 870, 871, 872, 873, 874, 875, 876, 877, 878, 879, 880, 881, 882, 883, 884, 885, 886, 887, 888, 889, 890, 891, 892, 893, 894, 895, 896, 897, 898, 899, 900, 901, 902, 903, 904, 905, 906, 907, 908, 909, 910, 911, 912, 913, 914, 915, 916, 917, 918, 919, 920, 921, 922, 923, 924, 925, 926, 927, 928, 929, 930, 931, 932, 933, 934, 935, 936, 937, 938, 939, 940, 941, 942, 943, 944, 945, 946, 947, 948, 949, 950, 951, 952, 953, 954, 955, 956, 957, 958, 959, 960, 961, 962, 963, 964, 965, 966, 967, 968, 969, 970, 971, 972, 973, 974, 975, 976, 977, 978, 979, 980, 981, 982, 983, 984, 985, 986, 987, 988, 989, 990, 991, 992, 993, 994, 995, 996, 997, 998, 999, 1000, 1001, 1002, 1003, 1004, 1005, 1006, 1007, 1008, 1009, 1010, 1011, 1012, 1013, 1014, 1015, 1016, 1017, 1018, 1019, 1020, 1021, 1022, 1023, 1024, 1025, 1026, 1027, 1028, 1029, 1030, 1031, 1032, 1033, 1034, 1035, 1036, 1037, 1038, 1039, 1040, 1041, 1042, 1043, 1044, 1045, 1046, 1047, 1048, 1049, 1050, 1051, 1052, 1053, 1054, 1055, 1056, 1057, 1058, 1059, 1060, 1061, 1062, 1063, 1064, 1065, 1066, 1067, 1068, 1069, 1070, 1071, 1072, 1073, 1074, 1075, 1076, 1077, 1078, 1079, 1080, 1081, 1082, 1083, 1084, 1085, 1086, 1087, 1088, 1089, 1090, 1091, 1092, 1093, 1094, 1095, 1096, 1097, 1098, 1099, 1100, 1101, 1102, 1103, 1104, 1105, 1106, 1107, 1108, 1109, 1110, 1111, 1112, 1113, 1114, 1115, 1116, 1117, 1118, 1119, 1120, 1121, 1122, 1123, 1124, 1125, 1126, 1127, 1128, 1129, 1130, 1131, 1132, 1133, 1134, 1135, 1136, 1137, 1138, 1139, 1140, 1141, 1142, 1143, 1144, 1145, 1146, 1147, 1148, 1149, 1150, 1151, 1152, 1153, 1154, 1155, 1156, 1157, 1158, 1159, 1160, 1161, 1162, 1163, 1164, 1165, 1166, 1167, 1168, 1169, 1170, 1171, 1172, 1173, 1174, 1175, 1176, 1177, 1178, 1179, 1180, 1181, 1182, 1183, 1184, 1185, 1186, 1187, 1188, 1189, 1190, 1191, 1192, 1193, 1194, 1195, 1196, 1197, 1198, 1199, 1200, 1201, 1202, 1203, 1204, 1205, 1206, 1207, 1208, 1209, 1210, 1211, 1212, 1213, 1214, 1215, 1216, 1217, 1218, 1219, 1220, 1221, 1222, 1223, 1224, 1225, 1226, 1227, 1228, 1229, 1230, 1231, 1232, 1233, 1234, 1235, 1236, 1237, 1238, 1239, 1240, 1241, 1242, 1243, 1244, 1245, 1246, 1247, 1248, 1249, 1250, 1251, 1252, 1253, 1254, 1255, 1256, 1257, 1258, 1259, 1260, 1261, 1262, 1263, 1264, 1265, 1266, 1267, 1268, 1269, 1270, 1271, 1272, 1273, 1274, 1275, 1276, 1277, 1278, 1279, 1280, 1281, 1282, 1283, 1284, 1285, 1286, 1287, 1288, 1289, 1290, 1291, 1292, 1293, 1294, 1295, 1296, 1297, 1298, 1299, 1300, 1301, 1302, 1303, 1304, 1305, 1306, 1307, 1308, 1309, 1310, 1311, 1312, 1313, 1314, 1315, 1316, 1317, 1318, 1319, 1320, 1321, 1322, 1323, 1324, 1325, 1326, 1327, 1328, 1329, 1330, 1331, 1332, 1333, 1334, 1335, 1336, 1337, 1338, 1339, 1340, 1341, 1342, 1343, 1344, 1345, 1346, 1347, 1348, 1349, 1350, 1351, 1352, 1353, 1354, 1355, 1356, 1357, 1358, 1359, 1360, 1361, 1362, 1363, 1364, 1365, 1366, 1367, 1368, 1369, 1370, 1371, 1372, 1373, 1374, 1375, 1376, 1377, 1378, 1379, 1380, 1381, 1382, 1383, 1384, 1385, 1386, 1387, 1388, 1389, 1390, 1391, 1392, 1393, 1394, 1395, 1396, 1397, 1398, 1399, 1400, 1401, 1402, 1403, 1404, 1405, 1406, 1407, 1408, 1409, 1410, 1411, 1412, 1413, 1414, 1415, 1416, 1417, 1418, 1419, 1420, 1421, 1422, 1423, 1424, 1425, 1426, 1427, 1428, 1429, 1430, 1431, 1432, 1433, 1434, 1435, 1436, 1437, 1438, 1439, 1440, 1441, 1442, 1443, 1444, 1445, 1446, 1447, 1448, 1449, 1450, 1451, 1452, 1453, 1454, 1455, 1456, 1457, 1458, 1459, 1460, 1461, 1462, 1463, 1464, 1465, 1466, 1467, 1468, 1469, 1470, 1471, 1472, 1473, 1474, 1475, 1476, 1477, 1478, 1479, 1480, 1481, 1482, 1483, 1484, 1485, 1486, 1487, 1488, 1489, 1490, 1491, 1492, 1493, 1494, 1495, 1496, 1497, 1498, 1499, 1500, 1501, 1502, 1503, 1504, 1505, 1506, 1507, 1508, 1509, 1510, 1511, 1512, 1513, 1514, 1515, 1516, 1517, 1518, 1519, 1520, 1521, 1522, 1523, 1524, 1525, 1526, 1527, 1528, 1529, 1530, 1531, 1532, 1533, 1534, 1535, 1536, 1537, 1538, 1539, 1540, 1541, 1542, 1543, 1544, 1545, 1546, 1547, 1548, 1549, 1550, 1551, 1552, 1553, 1554, 1555, 1556, 1557, 1558, 1559, 1560, 1561, 1562, 1563, 1564, 1565, 1566, 1567, 1568, 1569, 1570, 1571, 1572, 1573, 1574, 1575, 1576, 1577, 1578, 1579, 1580, 1581, 1582, 1583, 1584, 1585, 1586, 1587, 1588, 1589, 1590, 1591, 1592, 1593, 1594, 1595, 1596, 1597, 1598, 1599, 1600, 1601, 1602, 1603, 1604, 1605, 1606, 1607, 1608, 1609, 1610, 1611, 1612, 1613, 1614, 1615, 1616, 1617, 1618, 1619, 1620, 1621, 1622, 1623, 1624, 1625, 1626, 1627, 1628, 1629, 1630, 1631, 1632, 1633, 1634, 1635, 1636, 1637, 1638, 1639, 1640, 1641, 1642, 1643, 1644, 1645, 1646, 1647, 1648, 1649, 1650, 1651, 1652, 1653, 1654, 1655, 1656, 1657, 1658, 1659, 1660, 1661, 1662, 1663, 1664, 1665, 1666, 1667, 1668, 1669, 1670, 1671, 1672, 1673, 1674, 1675, 1676, 1677, 1678, 1679, 1680, 1681, 1682, 1683, 1684, 1685, 1686, 1687, 1688, 1689, 1690, 1691, 1692, 1693, 1694, 1695, 1696, 1697, 1698, 1699, 1700, 1701, 1702, 1703, 1704, 1705, 1706, 1707, 1708, 1709, 1710, 1711, 1712, 1713, 1714, 1715, 1716, 1717, 1718, 1719, 1720, 1721, 1722, 1723, 1724, 1725, 1726, 1727, 1728, 1729, 1730, 1731, 1732, 1733, 1734, 1735, 1736, 1737, 1738, 1739, 1740, 1741, 1742, 1743, 1744, 1745, 1746, 1747, 1748, 1749, 1750, 1751, 1752, 1753, 1754, 1755, 1756, 1757, 1758, 1759, 1760, 1761, 1762, 1763, 1764, 1765, 1766, 1767, 1768, 1769, 1770, 1771, 1772, 1773, 1774, 1775, 1776, 1777, 1778, 1779, 1780, 1781, 1782, 1783, 1784, 1785, 1786, 1787, 1788, 1789, 1790, 1791, 1792, 1793, 1794, 1795, 1796, 1797, 1798, 1799, 1800, 1801, 1802, 1803, 1804, 1805, 1806, 1807, 1808, 1809, 1810, 1811, 1812, 1813, 1814, 1815, 1816, 1817, 1818, 1819, 1820, 1821, 1822, 1823, 1824, 1825, 1826, 1827, 1828, 1829, 1830, 1831, 1832, 1833, 1834, 1835, 1836, 1837, 1838, 1839, 1840, 1841, 1842, 1843, 1844, 1845, 1846, 1847, 1848, 1849, 1850, 1851, 1852, 1853, 1854, 1855, 1856, 1857, 1858, 1859, 1860, 1861, 1862, 1863, 1864, 1865, 1866, 1867, 1868, 1869, 1870, 1871, 1872, 1873, 1874, 1875, 1876, 1877, 1878, 1879, 1880, 1881, 1882, 1883, 1884, 1885, 1886, 1887, 1888, 1889, 1890, 1891, 1892, 1893, 1894, 1895, 1896, 1897, 1898, 1899, 1900, 1901, 1902, 1903, 1904, 1905, 1906, 1907, 1908, 1909, 1910, 1911, 1912, 1913, 1914, 1915, 1916, 1917, 1918, 1919, 1920, 1921, 1922, 1923, 1924, 1925, 1926, 1927, 1928, 1929, 1930, 1931, 1932, 1933, 1934, 1935, 1936, 1937, 1938, 1939, 1940, 1941, 1942, 1943, 1944, 1945, 1946, 1947, 1948, 1949, 1950, 1951, 1952, 1953, 1954, 1955, 1956, 1957, 1958, 1959, 1960, 1961, 1962, 1963, 1964, 1965, 1966, 1967, 1968, 1969, 1970, 1971, 1972, 1973, 1974, 1975, 1976, 1977, 1978, 1979, 1980, 1981, 1982, 1983, 1984, 1985, 1986, 1987, 1988, 1989, 1990, 1991, 1992, 1993, 1994, 1995, 1996, 1997, 1998, 1999, 2000, 2001, 2002, 2003, 2004, 2005, 2006, 2007, 2008, 2009, 2010, 2011, 2012, 2013, 2014, 2015, 2016, 2017, 2018, 2019, 2020, 2021, 2022, 2023, 2024, 2025, 2026, 2027, 2028, 2029, 2030, 2031, 2032, 2033, 2034, 2035, 2036, 2037, 2038, 2039, 2040, 2041, 2042, 2043, 2044, 2045, 2046, 2047, 2048, 2049, 2050, 2051, 2052, 2053, 2054, 2055, 2056, 2057, 2058, 2059, 2060, 2061, 2062, 2063, 2064, 2065, 2066, 2067, 2068, 2069, 2070, 2071, 2072, 2073, 2074, 2075, 2076, 2077, 2078, 2079, 2080, 2081, 2082, 2083, 2084, 2085, 2086, 2087, 2088, 2089, 2090, 2091, 2092, 2093, 2094, 2095, 2096, 2097, 2098, 2099, 2100, 2101, 2102, 2103, 2104, 2105, 2106, 2107, 2108, 2109, 2110, 2111, 2112, 2113, 2114, 2115, 2116, 2117, 2118, 2119, 2120, 2121, 2122, 2123, 2124, 2125, 2126, 2127, 2128, 2129, 2130, 2131, 2132, 2133, 2134, 2135, 2136, 2137, 2138, 2139, 2140, 2141, 2142, 2143, 2144, 2145, 2146, 2147, 2148, 2149, 2150, 2151, 2152, 2153, 2154, 2155, 2156, 2157, 2158, 2159, 2160, 2161, 2162, 2163, 2164, 2165, 2166, 2167, 2168, 2169, 2170, 2171, 2172, 2173, 2174, 2175, 2176, 2177, 2178, 2179, 2180, 2181, 2182, 2183, 2184, 2185, 2186, 2187, 2188, 2189, 2190, 2191, 2192, 2193, 2194, 2195, 2196, 2197, 2198, 2199, 2200, 2201, 2202, 2203, 2204, 2205, 2206, 2207, 2208, 2209, 2210, 2211, 2212, 2213, 2214, 2215, 2216, 2217, 2218, 2219, 2220, 2221, 2222, 2223, 2224, 2225, 2226, 2227, 2228, 2229, 2230, 2231, 2232, 2233, 2234, 2235, 2236, 2237, 2238, 2239, 2240, 2241, 2242, 2243, 2244, 2245, 2246, 2247, 2248, 2249, 2250, 2251, 2252, 2253, 2254, 2255, 2256, 2257, 2258, 2259, 2260, 2261, 2262, 2263, 2264, 2265, 2266, 2267, 2268, 2269, 2270, 2271, 2272, 2273, 2274, 2275, 2276, 2277, 2278, 2279, 2280, 2281, 2282, 2283, 2284, 2285, 2286, 2287, 2288, 2289, 2290, 2291, 2292, 2293, 2294, 2295, 2296, 2297, 2298, 2299, 2300, 2301, 2302, 2303, 2304, 2305, 2306, 2307, 2308, 2309, 2310, 2311, 2312, 2313, 2314, 2315, 2316, 2317, 2318, 2319, 2320, 2321, 2322, 2323, 2324, 2325, 2326, 2327, 2328, 2329, 2330, 2331, 2332, 2333, 2334, 2335, 2336, 2337, 2338, 2339, 2340, 2341, 2342, 2343, 2344, 2345, 2346, 2347, 2348, 2349, 2350, 2351, 2352, 2353, 2354, 2355, 2356, 2357, 2358, 2359, 2360, 2361, 2362, 2363, 2364, 2365, 2366, 2367, 2368, 2369, 2370, 2371, 2372, 2373, 2374, 2375, 2376, 2377, 2378, 2379, 2380, 2381, 2382, 2383, 2384, 2385, 2386, 2387, 2388, 2389, 2390, 2391, 2392, 2393, 2394, 2395, 2396, 2397, 2398, 2399, 2400, 2401, 2402, 2403, 2404, 2405, 2406, 2407, 2408, 2409, 2410, 2411, 2412, 2413, 2414, 2415, 2416, 2417, 2418, 2419, 2420, 2421, 2422, 2423, 2424, 2425, 2426, 2427, 2428, 2429, 2430, 2431, 2432, 2433, 2434, 2435, 2436, 2437, 2438, 2439, 2440, 2441, 2442, 2443, 2444, 2445, 2446, 2447, 2448, 2449, 2450, 2451, 2452, 2453, 2454, 2455, 2456, 2457, 2458, 2459, 2460, 2461, 2462, 2463, 2464, 2465, 2466, 2467, 2468, 2469, 2470, 2471, 2472, 2473, 2474, 2475, 2476, 2477, 2478, 2479, 2480, 2481, 2482, 2483, 2484, 2485, 2486, 2487, 2488, 2489, 2490, 2491, 2492, 2493, 2494, 2495, 2496, 2497, 2498, 2499, 2500, 2501, 2502, 2503, 2504, 2505, 2506, 2507, 2508, 2509, 2510, 2511, 2512, 2513, 2514, 2515, 2516, 2517, 2518, 2519, 2520, 2521, 2522, 2523, 2524, 2525, 2526, 2527, 2528, 2529, 2530, 2531, 2532, 2533, 2534, 2535, 2536, 2537, 2538, 2539, 2540, 2541, 2542, 2543, 2544, 2545, 2546, 2547, 2548, 2549, 2550, 2551, 2552, 2553, 2554, 2555, 2556, 2557, 2558, 2559, 2560, 2561, 2562, 2563, 2564, 2565, 2566, 2567, 2568, 2569, 2570, 2571, 2572, 2573, 2574, 2575, 2576, 2577, 2578, 2579, 2580, 2581, 2582, 2583, 2584, 2585, 2586, 2587, 2588, 2589, 2590, 2591, 2592, 2593, 2594, 2595, 2596, 2597, 2598, 2599, 2600, 2601, 2602, 2603, 2604, 2605, 2606, 2607, 2608, 2609, 2610, 2611, 2612, 2613, 2614, 2615, 2616, 2617, 2618, 2619, 2620, 2621, 2622, 2623, 2624, 2625, 2626, 2627, 2628, 2629, 2630, 2631, 2632, 2633, 2634, 2635, 2636, 2637, 2638, 2639, 2640, 2641, 2642, 2643, 2644, 2645, 2646, 2647, 2648, 2649, 2650, 2651, 2652, 2653, 2654, 2655, 2656, 2657, 2658, 2659, 2660, 2661, 2662, 2663, 2664, 2665, 2666, 2667, 2668, 2669, 2670, 2671, 2672, 2673, 2674, 2675, 2676, 2677, 2678, 2679, 2680, 2681, 2682, 2683, 2684, 2685, 2686, 2687, 2688, 2689, 2690, 2691, 2692, 2693, 2694, 2695, 2696, 2697, 2698, 2699, 2700, 2701, 2702, 2703, 2704, 2705, 2706, 2707, 2708, 2709, 2710, 2711, 2712, 2713, 2714, 2715, 2716, 2717, 2718, 2719, 2720, 2721, 2722, 2723, 2724, 2725, 2726, 2727, 2728, 2729, 2730, 2731, 2732, 2733, 2734, 2735, 2736, 2737, 2738, 2739, 2740, 2741, 2742, 2743, 2744, 2745, 2746, 2747, 2748, 2749, 2750, 2751, 2752, 2753, 2754, 2755, 2756, 2757, 2758, 2759, 2760, 2761, 2762, 2763, 2764, 2765, 2766, 2767, 2768, 2769, 2770, 2771, 2772, 2773, 2774, 2775, 2776, 2777, 2778, 2779, 2780, 2781, 2782, 2783, 2784, 2785, 2786, 2787, 2788, 2789, 2790, 2791, 2792, 2793, 2794, 2795, 2796, 2797, 2798, 2799, 2800, 2801, 2802, 2803, 2804, 2805, 2806, 2807, 2808, 2809, 2810, 2811, 2812, 2813, 2814, 2815, 2816, 2817, 2818, 2819, 2820, 2821, 2822, 2823, 2824, 2825, 2826, 2827, 2828, 2829, 2830, 2831, 2832, 2833, 2834, 2835, 2836, 2837, 2838, 2839, 2840, 2841, 2842, 2843, 2844, 2845, 2846, 2847, 2848, 2849, 2850, 2851, 2852, 2853, 2854, 2855, 2856, 2857, 2858, 2859, 2860, 2861, 2862, 2863, 2864, 2865, 2866, 2867, 2868, 2869, 2870, 2871, 2872, 2873, 2874, 2875, 2876, 2877, 2878, 2879, 2880, 2881, 2882, 2883, 2884, 2885, 2886, 2887, 2888, 2889, 2890, 2891, 2892, 2893, 2894, 2895, 2896, 2897, 2898, 2899, 2900, 2901, 2902, 2903, 2904, 2905, 2906, 2907, 2908, 2909, 2910, 2911, 2912, 2913, 2914, 2915, 2916, 2917, 2918, 2919, 2920, 2921, 2922, 2923, 2924, 2925, 2926, 2927, 2928, 2929, 2930, 2931, 2932, 2933, 2934, 2935, 2936, 2937, 2938, 2939, 2940, 2941, 2942, 2943, 2944, 2945, 2946, 2947, 2948, 2949, 2950, 2951, 2952, 2953, 2954, 2955, 2956, 2957, 2958, 2959, 2960, 2961, 2962, 2963, 2964, 2965, 2966, 2967, 2968, 2969, 2970, 2971, 2972, 2973, 2974, 2975, 2976, 2977, 2978, 2979, 2980, 2981, 2982, 2983, 2984, 2985, 2986, 2987, 2988, 2989, 2990, 2991, 2992, 2993, 2994, 2995, 2996, 2997, 2998, 2999, 3000, 3001, 3002, 3003, 3004, 3005, 3006, 3007, 3008, 3009, 3010, 3011, 3012, 3013, 3014, 3015, 3016, 3017, 3018, 3019, 3020, 3021, 3022, 3023, 3024, 3025, 3026, 3027, 3028, 3029, 3030, 3031, 3032, 3033, 3034, 3035, 3036, 3037, 3038, 3039, 3040, 3041, 3042, 3043, 3044, 3045, 3046, 3047, 3048, 3049, 3050, 3051, 3052, 3053, 3054, 3055, 3056, 3057, 3058, 3059, 3060, 3061, 3062, 3063, 3064, 3065, 3066, 3067, 3068, 3069, 3070, 3071, 3072, 3073, 3074, 3075, 3076, 3077, 3078, 3079, 3080, 3081, 3082, 3083, 3084, 3085, 3086, 3087, 3088, 3089, 3090, 3091, 3092, 3093, 3094, 3095, 3096, 3097, 3098, 3099, 3100, 3101, 3102, 3103, 3104, 3105, 3106, 3107, 3108, 3109, 3110, 3111, 3112, 3113, 3114, 3115, 3116, 3117, 3118, 3119, 3120, 3121, 3122, 3123, 3124, 3125, 3126, 3127, 3128, 3129, 3130, 3131, 3132, 3133, 3134, 3135, 3136, 3137, 3138, 3139, 3140, 3141, 3142, 3143, 3144, 3145, 3146, 3147, 3148, 3149, 3150, 3151, 3152, 3153, 3154, 3155, 3156, 3157, 3158, 3159, 3160, 3161, 3162, 3163, 3164, 3165, 3166, 3167, 3168, 3169, 3170, 3171, 3172, 3173, 3174, 3175, 3176, 3177, 3178, 3179, 3180, 3181, 3182, 3183, 3184, 3185, 3186, 3187, 3188, 3189, 3190, 3191, 3192, 3193, 3194, 3195, 3196, 3197, 3198, 3199, 3200, 3201, 3202, 3203, 3204, 3205, 3206, 3207, 3208, 3209, 3210, 3211, 3212, 3213, 3214, 3215, 3216, 3217, 3218, 3219, 3220, 3221, 3222, 3223, 3224, 3225, 3226, 3227, 3228, 3229, 3230, 3231, 3232, 3233, 3234, 3235, 3236, 3237, 3238, 3239, 3240, 3241, 3242, 3243, 3244, 3245, 3246, 3247, 3248, 3249, 3250, 3251, 3252, 3253, 3254, 3255, 3256, 3257, 3258, 3259, 3260, 3261, 3262, 3263, 3264, 3265, 3266, 3267, 3268, 3269, 3270, 3271, 3272, 3273, 3274, 3275, 3276, 3277, 3278, 3279, 3280, 3281, 3282, 3283, 3284, 3285, 3286, 3287, 3288, 3289, 3290, 3291, 3292, 3293, 3294, 3295, 3296, 3297, 3298, 3299, 3300, 3301, 3302, 3303, 3304, 3305, 3306, 3307, 3308, 3309, 3310, 3311, 3312, 3313, 3314, 3315, 3316, 3317, 3318, 3319, 3320, 3321, 3322, 3323, 3324, 3325, 3326, 3327, 3328, 3329, 3330, 3331, 3332, 3333, 3334, 3335, 3336, 3337, 3338, 3339, 3340, 3341, 3342, 3343, 3344, 3345, 3346, 3347, 3348, 3349, 3350, 3351, 3352, 3353, 3354, 3355, 3356, 3357, 3358, 3359, 3360, 3361, 3362, 3363, 3364, 3365, 3366, 3367, 3368, 3369, 3370, 3371, 3372, 3373, 3374, 3375, 3376, 3377, 3378, 3379, 3380, 3381, 3382, 3383, 3384, 3385, 3386, 3387, 3388, 3389, 3390, 3391, 3392, 3393, 3394, 3395, 3396, 3397, 3398, 3399, 3400, 3401, 3402, 3403, 3404, 3405, 3406, 3407, 3408, 3409, 3410, 3411, 3412, 3413, 3414, 3415, 3416, 3417, 3418, 3419, 3420, 3421, 3422, 3423, 3424, 3425, 3426, 3427, 3428, 3429, 3430, 3431, 3432, 3433, 3434, 3435, 3436, 3437, 3438, 3439, 3440, 3441, 3442, 3443, 3444, 3445, 3446, 3447, 3448, 3449, 3450, 3451, 3452, 3453, 3454, 3455, 3456, 3457, 3458, 3459, 3460, 3461, 3462, 3463, 3464, 3465, 3466, 3467, 3468, 3469, 3470, 3471, 3472, 3473, 3474, 3475, 3476, 3477, 3478, 3479, 3480, 3481, 3482, 3483, 3484, 3485, 3486, 3487, 3488, 3489, 3490, 3491, 3492, 3493, 3494, 3495, 3496, 3497, 3498, 3499, 3500, 3501, 3502, 3503, 3504, 3505, 3506, 3507, 3508, 3509, 3510, 3511, 3512, 3513, 3514, 3515, 3516, 3517, 3518, 3519, 3520, 3521, 3522, 3523, 3524, 3525, 3526, 3527, 3528, 3529, 3530, 3531, 3532, 3533, 3534, 3535, 3536, 3537, 3538, 3539, 3540, 3541, 3542, 3543, 3544, 3545, 3546, 3547, 3548, 3549, 3550, 3551, 3552, 3553, 3554, 3555, 3556, 3557, 3558, 3559, 3560, 3561, 3562, 3563, 3564, 3565, 3566, 3567, 3568, 3569, 3570, 3571, 3572, 3573, 3574, 3575, 3576, 3577, 3578, 3579, 3580, 3581, 3582, 3583, 3584, 3585, 3586, 3587, 3588, 3589, 3590, 3591, 3592, 3593, 3594, 3595, 3596, 3597, 3598, 3599, 3600, 3601, 3602, 3603, 3604, 3605, 3606, 3607, 3608, 3609, 3610, 3611, 3612, 3613, 3614, 3615, 3616, 3617, 3618, 3619, 3620, 3621, 3622, 3623, 3624, 3625, 3626, 3627, 3628, 3629, 3630, 3631, 3632, 3633, 3634, 3635, 3636, 3637, 3638, 3639, 3640, 3641, 3642, 3643, 3644, 3645, 3646, 3647, 3648, 3649, 3650, 3651, 3652, 3653, 3654, 3655, 3656, 3657, 3658, 3659, 3660, 3661, 3662, 3663, 3664, 3665, 3666, 3667, 3668, 3669, 3670, 3671, 3672, 3673, 3674, 3675, 3676, 3677, 3678, 3679, 3680, 3681, 3682, 3683, 3684, 3685, 3686, 3687, 3688, 3689, 3690, 3691, 3692, 3693, 3694, 3695, 3696, 3697, 3698, 3699, 3700, 3701, 3702, 3703, 3704, 3705, 3706, 3707, 3708, 3709, 3710, 3711, 3712, 3713, 3714, 3715, 3716, 3717, 3718, 3719, 3720, 3721, 3722, 3723, 3724, 3725, 3726, 3727, 3728, 3729, 3730, 3731, 3732, 3733, 3734, 3735, 3736, 3737, 3738, 3739, 3740, 3741, 3742, 3743, 3744, 3745, 3746, 3747, 3748, 3749, 3750, 3751, 3752, 3753, 3754, 3755, 3756, 3757, 3758, 3759, 3760, 3761, 3762, 3763, 3764, 3765, 3766, 3767, 3768, 3769, 3770, 3771, 3772, 3773, 3774, 3775, 3776, 3777, 3778, 3779, 3780, 3781, 3782, 3783, 3784, 3785, 3786, 3787, 3788, 3789, 3790, 3791, 3792, 3793, 3794, 3795, 3796, 3797, 3798, 3799, 3800, 3801, 3802, 3803, 3804, 3805, 3806, 3807, 3808, 3809, 3810, 3811, 3812, 3813, 3814, 3815, 3816, 3817, 3818, 3819, 3820, 3821, 3822, 3823, 3824, 3825, 3826, 3827, 3828, 3829, 3830]
       raw_losses: [69.34061557022983, 66.92530911561673, 67.92571068819238, 68.09075293969856, 56.11027056577975, 81.67482127840557, 70.06291602402138, 60.63416078355577, 51.929243784102184, 55.43982040566742, 52.282785910147204, 37.91904443407815, 34.87977906888124, 59.91073521609029, 32.02720077958687, 37.69715205197612, 39.581631615048366, 52.7780881003728, 52.762737879677424, 25.433970981174046, 56.559636918325275, 25.14406300095654, 12.349127996535529, 14.728742861873888, 19.988663093122856, 18.28016131264823, 20.6602046906002, 13.277571183663827, 17.55260152160806, 24.14550658130141, 21.291932474368465, 17.219015676508505, 32.51161370454011, 37.521633814251615, 17.10936997428773, 14.649837746191277, 8.473093754400022, 13.555518084732944, 10.816675276983352, 20.207555468120272, 13.479970851272503, 8.76235761844292, 10.774090004976465, 7.9403001770140635, 29.99442938143614, 20.6962754335353, 12.950154415514103, 9.652170650542729, 10.737954503013974, 12.168486726347101, 8.451916043720548, 13.792522844183383, 9.19776158610349, 8.24428090090474, 7.255819689029108, 7.486935840081916, 16.73164095197405, 10.43833764898714, 7.884950867405644, 9.232945908945073, 11.67899342693349, 12.404764695142312, 11.428934823899041, 8.067512640877375, 10.7879106834452, 9.383284631860318, 21.11482709047025, 9.593011775344769, 10.155026713376323, 10.97721787104531, 13.826694644948162, 10.771831012907482, 9.17052439028624, 9.786790403739484, 8.390940325600761, 9.745769208070463, 10.379161970955986, 8.878053057130682, 8.22052355922719, 12.002802964871522, 9.776124419358672, 10.099439994367973, 10.105563587612576, 8.618550222386759, 7.851828017562785, 9.348137391307366, 8.19265460463428, 9.304366096617683, 13.461165337335496, 11.133814534182271, 7.729649273806779, 11.709668638844969, 8.562975560546551, 7.94388465528135, 11.719589576519356, 13.58525378615768, 10.660882046613743, 8.483703459381427, 8.283531269699177, 11.482194764273506, 10.894328198104938, 9.13718065635237, 7.983457012782021, 9.846055151924254, 6.423113956653252, 8.691787056191258, 11.225460037352546, 13.370878567771307, 5.987872890694431, 6.5336349603360295, 7.922652665900175, 8.204752296367019, 7.15873599935461, 7.482094313101793, 6.721652588516316, 6.675664954715305, 11.603798119479386, 8.371793265065188, 8.169149865549077, 8.326559001175815, 6.351158787964513, 8.680664481309355, 8.23272006473844, 12.499600546700615, 10.611801490581856, 8.190316046356525, 14.548923618579037, 6.915277682914936, 5.744551012755702, 13.789364380811257, 7.283264437680522, 7.30669365231953, 7.896996652007734, 9.532610373522239, 5.919787558298262, 7.169201631394643, 6.133582861965926, 7.921296798362934, 12.332999517047217, 6.676767435023393, 7.791197158672191, 8.567661406501891, 7.30997723372525, 8.668622852002501, 8.564741856206663, 7.174038342067173, 7.178352638527199, 15.736878692788421, 8.16449286193444, 6.926133723486037, 14.15274346568597, 7.316324130567924, 11.836737647889153, 9.572381130601993, 7.4506924215447965, 9.76709117082061, 10.000075315041517, 7.281655579016953, 8.055388268970308, 6.960151394839009, 7.668062199991216, 6.151191305231165, 7.444582371484666, 6.820273303481006, 7.42242154116353, 6.767627647944859, 8.039618908412873, 7.521636942707041, 6.90572632683648, 7.577541628842631, 9.143526309381716, 6.598306701296852, 6.900864129343992, 8.889528312380351, 9.974845487604696, 20.91088996362434, 6.512858600212783, 7.277771447701429, 6.173161145871278, 8.338335107873988, 6.660059368799603, 10.533994604040075, 6.244532471611386, 7.317313645882582, 9.047271294568581, 9.99302967515572, 6.66237460746967, 7.462292537487373, 6.453876495361328, 7.042917564432457, 8.192568945506263, 7.022053521776956, 6.044952826525169, 6.496380571335081, 8.46265379840104, 6.342276865843112, 7.539703830840096, 8.295626927935889, 6.443370544090473, 6.317991117951731, 6.159033089087754, 8.117801232312722, 5.92348348022138, 6.785049362788125, 7.8511943085483775, 6.573639112805563, 7.81051631453176, 7.71401677560554, 5.406949335935885, 9.13550502030307, 6.668028493406911, 8.141011291080051, 6.387646392539695, 5.602512082094869, 6.0263542018870195, 6.201496346286996, 6.5996203372087425, 5.749090063508857, 8.610560071531427, 7.115528472516902, 6.211633891655654, 8.164632322927, 5.8983579918190285, 6.760963384436552, 6.0374173083633345, 5.733311484099696, 5.550663587277528, 9.721083482106527, 5.601319159149493, 6.704162802015032, 5.540829941078469, 6.415126575994744, 11.089247849883225, 5.923462153742553, 5.589525220255372, 5.874434690626841, 6.27805264538558, 6.511030055858471, 6.229006030572155, 5.457106108387942, 5.568429752632424, 5.517511289586466, 5.6678927058265325, 6.592913612486824, 8.953795725706392, 7.9880962169990335, 5.769815755268884, 6.493944892176875, 5.901426638244952, 5.836007562263933, 5.724724426471367, 5.490164436360516, 5.725877527206663, 6.866529870916296, 5.747790616656107, 5.7695608946381425, 7.411543684661703, 6.30429384443495, 6.5151953571057195, 5.398745092765364, 6.842942901389309, 5.871059715432465, 6.282660900600373, 7.946262695171215, 5.880555728125194, 6.046305928911481, 5.644526622913502, 5.63982808653009, 5.909917399996803, 5.418066514232171, 5.62961657085116, 6.863563272688124, 6.040159114454158, 6.8972911506733565, 5.803953730870807, 7.02981763920456, 5.532332306816464, 5.56481567261711, 5.539924303690593, 5.263467046949598, 6.728748520846089, 6.63700283393658, 5.638598621206939, 5.901398719303192, 6.322586796271107, 5.965179183495739, 5.499129131357506, 6.077475308110475, 6.055837679161597, 6.908925520679938, 5.74400500898008, 5.340663175734263, 5.131440210594702, 5.107524291548149, 5.747433046815257, 5.360787598544328, 5.595796506871622, 5.644752661387126, 6.881800997194159, 5.78797402962175, 5.9535559195059315, 5.683154968988328, 5.454220776835447, 5.4738391341355745, 5.376027092101082, 5.460309926794951, 5.715326793610104, 5.070168626371514, 6.063969498588925, 5.220308480439363, 5.2360569711715454, 5.655030038621691, 8.22599306560698, 5.372950261232083, 5.7740679897328535, 5.604282954382518, 5.450630208171865, 5.241398821432123, 4.97524448172756, 5.801989192054386, 5.33926568712507, 5.063768840971447, 6.344421813096949, 5.7089675645979625, 5.422529240764638, 5.649624769019072, 5.301394982312722, 5.222076231840426, 5.2707397723324085, 5.111501073080396, 5.497237414910049, 5.935170274562936, 4.878533302791535, 5.176169211271579, 5.857864700297199, 5.034862495604015, 5.2096995954160334, 4.973297098957041, 5.027939193463199, 5.468240240894297, 5.312188627858641, 5.263636218176948, 5.863393849165982, 4.8740112667992, 4.875854179341957, 4.9587880644218, 5.203034759198547, 5.146862151130797, 5.419010449969579, 5.366859875028095, 6.552486361649932, 4.960575371192246, 5.078462431670497, 5.268595034483249, 5.455625849426108, 6.627845259570571, 5.514471091921368, 5.2573307178638595, 5.072748585352822, 5.4336243912025735, 5.127229680459966, 4.969949838345643, 5.603152751922607, 4.966043600960384, 5.010855692404288, 5.078472076900422, 4.8761807749511075, 4.861168160009637, 5.094438562948237, 4.7655219325312865, 5.101675825774985, 4.776767430482088, 4.864298333566656, 5.6097563057349475, 4.968353001528947, 4.767575175673874, 5.142123053313563, 5.117318970816476, 5.027171798484035, 4.958097364536669, 5.112728651238497, 4.952825162776564, 5.003977730160668, 4.809399380254998, 4.880705127009639, 5.067027667212108, 5.024093410956166, 4.774852308646712, 4.643023778521825, 4.841778823307583, 5.056733212143025, 4.93304977719746, 4.789208833502714, 4.871297836303711, 4.651737908206919, 5.0398400044315075, 4.640923333546472, 4.6867198590879084, 4.816478464338514, 4.714011818012863, 4.859028304064715, 4.883977092763104, 4.721848470193368, 4.718692244676055, 4.971799300461219, 4.725347998281005, 4.762480657567423, 4.646408475896038, 4.74694843645449, 4.804271198454357, 5.099656521327912, 4.765817521110414, 4.792382598554016, 4.823372873679671, 4.701279696964082, 5.090060077647053, 5.041465181522269, 4.851224389656511, 4.735999075823991, 5.665261586507161, 4.860343549617384, 4.9127588549619, 4.686010990193282, 4.6786176540233475, 4.766045530006369, 4.8638441978939, 4.664738894770385, 4.970569269997733, 4.999771509220992, 5.0170510534256225, 4.792286953598103, 4.759303531949482, 4.524898874696601, 4.666818194919163, 4.615554530784567, 4.719223499298096, 4.8088282151197, 4.622264399099603, 4.526464269274757, 4.609955787658691, 4.536347274427061, 4.676193307947229, 4.70080364318121, 4.645223950582837, 4.734752496083577, 4.64403161296138, 4.676230550443054, 4.666382253485382, 4.543993643351963, 4.571088303964605, 4.6515754051309415, 4.7967816862479715, 4.799409477799027, 4.74198019946063, 4.686118532110144, 4.519358807770663, 4.508504321335485, 4.621480586036803, 4.593391600109282, 4.558096912172106, 4.431159430710727, 4.457484838193055, 4.554146061498652, 4.482184692665383, 4.515115904429602, 4.420820010402215, 4.3515442489946965, 4.51230373205962, 4.316575510792001, 4.642872129167829, 4.273075948947321, 4.294984377250469, 4.322824568975539, 4.159522910597463, 4.278922034319116, 4.291582252613451, 4.287085602523158, 4.236977920330391, 4.3000169544623645, 4.144365458261399, 4.249116451021225, 4.168758701395105, 4.343703855282415, 4.1687928343576095, 4.1027070151435, 4.286243167503801, 4.148627182793995, 4.126994628754873, 4.32115836370559, 4.492657730819056, 4.279942708040672, 4.143509728567941, 4.106655133464349, 4.190529162290866, 4.276722528316356, 4.27313903652171, 4.092123778408797, 4.08789836540424, 4.251473588287515, 4.096344071090536, 4.020258971623012, 4.1172556864521495, 4.1264109712429144, 4.047409174934266, 4.085340385083799, 3.9999098197492975, 4.2191782577958685, 4.004226287206014, 4.058615972125341, 3.9917307013557073, 3.9395634926185408, 3.9300700798236505, 3.9569743777078297, 3.86179096358163, 3.878261788181527, 3.892194641960992, 3.912224770853759, 3.8910985648947416, 3.916890056044967, 3.91079949197315, 3.8473610423860096, 4.007955945988812, 3.817727627577605, 3.8494495803086215, 3.847353841892626, 3.8198316942447077, 3.847858148907858, 3.8135864999559193, 3.8355327119272222, 3.804141052185543, 3.8697990715188326, 3.848816638270383, 3.83407679184404, 3.786779039120548, 3.830729952564946, 3.8695094232205993, 3.82065797861291, 3.974896150922018, 3.791564945190672, 3.834784300869735, 3.772097457653631, 3.7932469151007435, 3.7872327774290055, 3.870600868154455, 3.771551997573287, 3.7951911921223633, 3.821377985061161, 3.835583377767492, 3.845338079664442, 3.760895262319575, 3.7380892864610784, 3.726016527761227, 3.7343463355271274, 3.735109658468337, 3.818771935013867, 3.7528436410994757, 3.754608473449788, 3.7129141855492165, 3.7734788549009455, 3.724254189344941, 3.783967696800434, 3.745633197209192, 3.8314408915383473, 3.7331837510305736, 3.7289914491946106, 3.703506256537463, 3.6751460726298983, 3.648004167294376, 3.64432408948424, 3.6406682534192605, 3.6731805334646235, 3.6226552100408647, 3.689629767937635, 3.629427957787085, 3.6385768481663296, 3.647952327021846, 3.6330618202370943, 3.6507412630414207, 3.613912523108185, 3.689727750404802, 3.702984848981181, 3.6121911384441234, 3.61836686588469, 3.6173220652121083, 3.597279662177676, 3.6823077063081127, 3.6538014462385227, 3.5492233460542386, 3.6143683239265725, 3.562688324186537, 3.557399319593238, 3.571195790376613, 3.5424454855540444, 3.6199406379114385, 3.552680670268952, 3.570185700421611, 3.5473411676114197, 3.599995331789451, 3.5758401704212974, 3.5667403728242904, 3.5494695996481274, 3.5769820818825373, 3.5491467871993936, 3.637546250429103, 3.565967427359687, 3.5153584366752986, 3.612092580744829, 3.58763590817729, 3.541402508972814, 3.5207273985343006, 3.5495765057821123, 3.5358629706044677, 3.5436728833213684, 3.5170677174966802, 3.520799749112003, 3.5125149192002714, 3.5264972353738453, 3.5557729390563155, 3.5352830066882746, 3.5660230104254667, 3.5655698246426053, 3.6238347071188466, 3.5720615841093517, 3.5086757026652178, 3.4970184129381936, 3.506522058809876, 3.4923564429005616, 3.4977078929780023, 3.538203823503363, 3.5374831976713956, 3.4878883727643855, 3.4869360356103805, 3.5128335776152433, 3.5630881899879094, 3.5041310080775507, 3.4964023241921076, 3.4719262766459633, 3.470049398916739, 3.4890142609833408, 3.4663384351780806, 3.4867272616694214, 3.5229230191972523, 3.4880044220616577, 3.4968167877701855, 3.4598515639229426, 3.472051325298491, 3.4661802879716985, 3.4747818588579773, 3.47481530053275, 3.460466986610776, 3.4386117571876165, 3.468793303878219, 3.461423496720652, 3.4581656481223133, 3.449248850030243, 3.431291567585456, 3.444147687740427, 3.4400435086911316, 3.44289667644198, 3.4095314709597795, 3.419121849473822, 3.464403963593579, 3.4586387790700117, 3.446746628120463, 3.4314809350109603, 3.434961500621977, 3.4257477099302585, 3.4491413106363287, 3.42829052481071, 3.435752265667789, 3.41133817793831, 3.402681976399094, 3.453040372757685, 3.4178158013278215, 3.4005466781596025, 3.448225954853038, 3.403009397012216, 3.481965416953677, 3.3743084826797403, 3.3652617338473205, 3.35306150068051, 3.3675404591535134, 3.343631529934192, 3.361093697724519, 3.3581007536126193, 3.336040190287999, 3.3149138720577986, 3.330618182187358, 3.317179731591038, 3.320322835256183, 3.328717457554328, 3.3528985144600036, 3.307742164248512, 3.317036645122306, 3.301971609630282, 3.294116494516847, 3.307450266742202, 3.308671919757096, 3.299343259246261, 3.348473806229849, 3.3121566179568176, 3.3060768142579096, 3.2816148006096086, 3.3415992108602373, 3.306615360199459, 3.263068406039445, 3.2963649318331765, 3.268468904747534, 3.268495938134572, 3.274588534440944, 3.2649352462203414, 3.263187024959181, 3.2616039268554204, 3.246429227647327, 3.2708019718291266, 3.2449778110261946, 3.248590897000025, 3.2443927267871837, 3.251443869222409, 3.2808191486136624, 3.2625145647260876, 3.251661401577097, 3.2524842749197016, 3.244698557273421, 3.2719466837625655, 3.2519264309494584, 3.2704448561189037, 3.256009467695125, 3.2610562541497448, 3.2541270167739302, 3.2593512736931047, 3.2454630571698386, 3.255636741244604, 3.2582072820612993, 3.2495472569944996, 3.260723809085826, 3.2463362141261025, 3.252002964574824, 3.268113856593137, 3.2459882163496876, 3.2438915166905318, 3.2393028862261897, 3.2339503613729326, 3.234490669593609, 3.2237825141381964, 3.2432278401006465, 3.2139007250467935, 3.2148923621606573, 3.230553040428767, 3.232931549586947, 3.2019565319888805, 3.19631899601568, 3.1907022503948714, 3.1957854543413435, 3.2035699912479947, 3.2054932294068514, 3.1821707821396923, 3.2009183439628157, 3.2082788199974748, 3.1956775806568287, 3.1981258430178205, 3.1936573641640797, 3.1801347417175454, 3.198436086139982, 3.1869040065341525, 3.1848544014824762, 3.18679238753344, 3.1829532403794545, 3.1781160793607195, 3.209483337150049, 3.1785933138832214, 3.184292061619027, 3.1889563136630588, 3.18432741947275, 3.18036759467352, 3.178485494442087, 3.1914296591723406, 3.179322878519694, 3.1881604787533875, 3.1817380082670343, 3.18888838833602, 3.17788713318961, 3.1802043170525285, 3.18382247667464, 3.1778470914830605, 3.189541174621178, 3.1828409628893333, 3.170919104227944, 3.190187513512909, 3.1695338355170355, 3.1745269689610396, 3.1615021859527266, 3.163085387497352, 3.155814918891463, 3.170764994999719, 3.1590226983267162, 3.1648730487419816, 3.1611348951935136, 3.1485056612226696, 3.1442798003948553, 3.155535988076023, 3.159122764748871, 3.128965525400071, 3.1392045563490933, 3.1374225994897267, 3.123620425582563, 3.1225835267828885, 3.1272316433134533, 3.1171883817703003, 3.1144180247392605, 3.1198172455742244, 3.1156641314269375, 3.1092248177402233, 3.114353796792409, 3.1067951873496726, 3.111977944298396, 3.0990180502492914, 3.104924788550725, 3.0985677481959106, 3.10196541099952, 3.1047834227324795, 3.099075917844419, 3.101530975765652, 3.1144878220936607, 3.1047026101874295, 3.0911142081810685, 3.0932085123011674, 3.096614121129273, 3.094109156775096, 3.097305111153416, 3.094191384693933, 3.0959683650385137, 3.103697265897478, 3.095199769136136, 3.092925852568692, 3.0916565082691334, 3.095039926508747, 3.0951339151493458, 3.1040931189501726, 3.1005101279606895, 3.089704844055983, 3.0853742379990834, 3.1197768304713818, 3.0952190848254655, 3.1042667696715665, 3.0819549535317394, 3.0752341709439714, 3.0915464648494013, 3.0767653707474, 3.072680533878387, 3.0770618436197754, 3.0766105399560675, 3.072146247934412, 3.072156140413234, 3.0723128066491827, 3.0746943433448752, 3.079673025343153, 3.0819715658823648, 3.076971235729399, 3.0749014231263017, 3.088185267473655, 3.071877167969154, 3.079030942664575, 3.0692375740676963, 3.0720262376088945, 3.0721820081983293, 3.071666057778414, 3.069961779962772, 3.0713988056889288, 3.077567457522034, 3.0734174251556396, 3.0699488284095886, 3.072396438588541, 3.0663656469375367, 3.07095155009517, 3.0645934702858093, 3.06851891865806, 3.065385935798524, 3.0680452667216143, 3.0697052718470337, 3.065334709863814, 3.0663543567455633, 3.064000624197501, 3.058756626472271, 3.058766762415568, 3.056976999555315, 3.0664855588680853, 3.056208365808719, 3.0564503455288197, 3.056378205617269, 3.058735519489914, 3.0553284851962297, 3.0510622080040988, 3.05441515407865, 3.0518542887672546, 3.0551336631573065, 3.057071636593531, 3.0526307878040133, 3.0509453009045315, 3.0562750511068515, 3.0454482868234947, 3.045983009237461, 3.047604661769968, 3.0450612767032847, 3.038690896261306, 3.041739403255402, 3.0415551813821944, 3.037160315841594, 3.0409099563719733, 3.039371378207333, 3.037021216892061, 3.0427177393877947, 3.037518173298508, 3.04334718588168, 3.03549334864137, 3.029667507403742, 3.0258589207179964, 3.0278270597811097, 3.028253783624639, 3.0322372623221585, 3.0248761555505177, 3.034390376358436, 3.027502135624961, 3.024830284572783, 3.026541716207272, 3.0248404835897778, 3.028269395626411, 3.025149035075354, 3.027001280002493, 3.027688215649317, 3.0240858913098694, 3.0268600340242737, 3.0199859621663574, 3.019632345784909, 3.018782792267976, 3.0147536242449724, 3.015385972128974, 3.0147296360560825, 3.0137156746374867, 3.016860844596984, 3.015451985061484, 3.0113633751238464, 3.0120206623481063, 3.0120421137128557, 3.0115137983251503, 3.0141822623197365, 3.0087556574079724, 3.011005235096765, 3.007673389697201, 3.010825203840064, 3.008569118207094, 3.012303771165313, 3.0064642126598056, 3.004944984244291, 3.0019000863272045, 3.0004188522459967, 2.9996693373987915, 3.0007691055378585, 3.0034471542116195, 2.9990032047190995, 2.9957386501251704, 2.9967383707641924, 2.9939168988081515, 2.998902025676909, 2.9925974702078197, 2.9942257215106296, 2.9910548376658608, 2.9938375104672064, 2.9921651681264243, 2.990994069942091, 2.990866947426367, 2.995724323565367, 2.9887962644062345, 2.990333523069109, 2.986229625328508, 2.9826981340135847, 2.986194823784803, 2.9837707880312805, 2.984707651945649, 2.9795334049002835, 2.980079133674581, 2.9792714863227157, 2.985008243530516, 2.97909202651372, 2.9758499248948675, 2.973566868948558, 2.9725367530943854, 2.9760986749457303, 2.974144555904247, 2.9685839824575595, 2.9661348433721635, 2.9635577504597013, 2.9643080221912848, 2.968073393301989, 2.964838045614737, 2.963203372147979, 2.9648935441617614, 2.9616423220861527, 2.962351151875087, 2.9613329695646096, 2.961653878449132, 2.9606819102373074, 2.961847804841541, 2.9614235194271834, 2.9580648550911555, 2.9587031634396346, 2.956234544673294, 2.9599307428592097, 2.955067687564426, 2.9561867524707126, 2.956011566535506, 2.955202783857073, 2.954591394101501, 2.95645027185874, 2.9526191754315896, 2.9549150542607383, 2.954364804363755, 2.9491586382426913, 2.950385815252072, 2.9489785590499795, 2.946521441141764, 2.949628794634784, 2.947946033780537, 2.946190526245763, 2.946170967091959, 2.9472466776610684, 2.9441109283891302, 2.9441807509730102, 2.9438585024031383, 2.9422714054269137, 2.9438496758698154, 2.94116604643524, 2.9407984075092135, 2.9388170986579207, 2.937450403889651, 2.940118495749418, 2.936515702141656, 2.9387980024650613, 2.936403472587545, 2.936860304030161, 2.9361192271822976, 2.9358263860934626, 2.9336188318868164, 2.9339879997192866, 2.9329651638313576, 2.9318210624513172, 2.930466709944306, 2.928889866228457, 2.9291123851897223, 2.9279122529206454, 2.9266832013609547, 2.9326817913660927, 2.9297705655375488, 2.9260368586848022, 2.926746862905997, 2.927144627091746, 2.92504854807778, 2.9255852812812444, 2.9269570345601075, 2.926944890350261, 2.9235301635883473, 2.9236846840570845, 2.9247662693104415, 2.9241799879326393, 2.926485964860866, 2.9252637605818492, 2.92364190369056, 2.9232975011149414, 2.9244006563116005, 2.920023451406489, 2.9211488627882862, 2.9220309295351545, 2.9180855927643954, 2.9185149694876698, 2.91735472880974, 2.9202494961874828, 2.9165118043384854, 2.916601651560062, 2.9180808912509333, 2.9165241100169994, 2.9165226845514205, 2.9171105768314747, 2.9177079289047807, 2.91564181368187, 2.9151150801825145, 2.914157120639054, 2.912993612743559, 2.9135297946829013, 2.9151523252012868, 2.9133755277704307, 2.9149266929222795, 2.9119207644588734, 2.911655930614976, 2.912782622392846, 2.9122220422855762, 2.911453339157912, 2.9130264791862044, 2.9130887114812456, 2.910909096399943, 2.911932255225207, 2.911866514771073, 2.910934462118401, 2.910041091303346, 2.9106900931666138, 2.911122412908645, 2.9091122743313904, 2.9076120109154435, 2.904939471098481, 2.904383232984593, 2.9038522949925176, 2.9050254519023593, 2.905274287733451, 2.9039581919473316, 2.902439725462091, 2.9026013820890397, 2.902010096444024, 2.9019534941072815, 2.901461509169725, 2.902568284796659, 2.901557593118577, 2.898587625493448, 2.9000256717520414, 2.897767693908126, 2.8973815870032738, 2.896737540209735, 2.897428969226817, 2.8956802496834406, 2.8966449883879806, 2.8946514672072476, 2.894728917924185, 2.8955488192341314, 2.896184800163148, 2.894431636446998, 2.894398286859825, 2.89428945823952, 2.894790736455766, 2.8949661633325, 2.8928635889890963, 2.8943011533646357, 2.8926198659119784, 2.8917930037887007, 2.8918101547887085, 2.8918462506047002, 2.89180325831055, 2.891584962764114, 2.891434673279051, 2.8917015986467796, 2.8914634046100436, 2.891286129673953, 2.893233864395707, 2.889539222868662, 2.88899142401559, 2.8890467118964622, 2.8881491227124734, 2.8889629702088695, 2.8884089813030585, 2.8889531773864907, 2.8883985198994795, 2.8888347539952193, 2.88717371446115, 2.886740939327018, 2.8853645955444014, 2.8862741018729237, 2.884578325130321, 2.8850348159749672, 2.8853518622262135, 2.8844526671858692, 2.8851511692874645, 2.885433874433003, 2.8855540197362344, 2.885041769219454, 2.885919515417997, 2.884316270313566, 2.8853950714938854, 2.882894051768792, 2.8832418716773787, 2.8829137509462064, 2.884154935362478, 2.8827990060130126, 2.8827127628225497, 2.8827723321460543, 2.8831425369101225, 2.8829677685227972, 2.8847713836286433, 2.882648162740879, 2.8830387995987343, 2.883137023007428, 2.8818749183069463, 2.880795688225479, 2.880655805900614, 2.8801379216411127, 2.879464278145442, 2.879678728719237, 2.8797252316954274, 2.8795820077260337, 2.8775316672350364, 2.8775088282489274, 2.877720316881856, 2.877188966387794, 2.8775429296745827, 2.8779944427429682, 2.8778583309637806, 2.877439792824801, 2.876760402053752, 2.8759264668459616, 2.8759369004971136, 2.875746497401485, 2.8759453069596064, 2.8766642108796137, 2.8751736734279247, 2.8767931196424694, 2.8756625463092136, 2.8751615330025, 2.875032752909988, 2.8746899814202043, 2.8745497572358953, 2.8747169290270125, 2.874123001855517, 2.875241234188988, 2.872749762560325, 2.8728976552448575, 2.8732156841843217, 2.8729518544736994, 2.8722042545439703, 2.872392640542732, 2.872687025675698, 2.871841447063224, 2.872183411209672, 2.871276359709482, 2.8712737219674245, 2.8711258746959545, 2.8709469207380183, 2.8698378782423717, 2.87067169487161, 2.8703087208763, 2.8702120869248002, 2.8695949511553245, 2.8697910914345393, 2.8691485596712303, 2.8689709113388466, 2.869114737031321, 2.8694823456819725, 2.8689378354915234, 2.8691642410540705, 2.869187208710524, 2.867843303730879, 2.8680077633529746, 2.867593222824985, 2.866409652447574, 2.8660604070734093, 2.8657360051674816, 2.8650841574189525, 2.865032849488435, 2.864762848647183, 2.8648346227312844, 2.8658960672913407, 2.864481734220313, 2.8651428386647866, 2.8655653239557983, 2.86452393304734, 2.8643115702129545, 2.865529804633408, 2.865082974156375, 2.864651397422508, 2.86383437605762, 2.864360781573745, 2.863026260698914, 2.8629981727196427, 2.8636089758898216, 2.862327388985447, 2.863069704600743, 2.862598835475861, 2.862513677153007, 2.862350134622483, 2.86244486753272, 2.8621457619641824, 2.8623268944876537, 2.861670357840402, 2.861805237159527, 2.8618225117839833, 2.861943490921505, 2.862016481066507, 2.8611426845429437, 2.860942811562271, 2.8611063162485757, 2.860944672236367, 2.860790897298742, 2.8612329896795687, 2.8606399240947904, 2.8599194862224437, 2.8602810675504977, 2.8604671463133795, 2.860248870950527, 2.8603105545043945, 2.8596310943522782, 2.859911327008848, 2.8598973132945873, 2.8597340154900124, 2.8599472853241776, 2.8591952550978887, 2.8595319916962314, 2.8592509037603144, 2.858779543922061, 2.860058583910503, 2.857999356335433, 2.858160204357571, 2.858311207836898, 2.8585117582290893, 2.8584296312281694, 2.8579115527016774, 2.858024105193123, 2.85772953966938, 2.857506316805643, 2.858189611838608, 2.8578757104419528, 2.857193837090144, 2.857000675150957, 2.8570221517451855, 2.8566404890131065, 2.8564539624269676, 2.8565444757067966, 2.8561671751516835, 2.8558199784112355, 2.8555567352860063, 2.855669659912271, 2.855315605799357, 2.8553685069714905, 2.8555061552259655, 2.855431691679374, 2.8554090810200523, 2.8553760543702142, 2.855000092238976, 2.854787383760725, 2.8544817727709573, 2.8541093705192444, 2.8540300515593673, 2.853414430820122, 2.853392584614022, 2.8535250494719815, 2.853135344843385, 2.8535958206842817, 2.8535300322941373, 2.853112635789094, 2.852711040506918, 2.852808402328895, 2.852411612001046, 2.852633126829036, 2.8529332945586514, 2.852046021708736, 2.852172129999393, 2.8524723040363775, 2.8517003412599915, 2.852136111133313, 2.851562361237864, 2.8521054119029374, 2.851788014961929, 2.851277056194487, 2.851408002237794, 2.851136222718254, 2.850870756875901, 2.8507652862992865, 2.850666856008863, 2.8510635542491127, 2.8506670363996394, 2.850977828262975, 2.850783383404767, 2.8506280455009017, 2.850821133013125, 2.8507151351403937, 2.850590328690867, 2.8508087087560585, 2.850299360890868, 2.850862115779251, 2.8504215472589727, 2.8505581560589017, 2.8501866116094843, 2.8503622781662714, 2.850516960103676, 2.8504909459876004, 2.8492749759129117, 2.849049937788141, 2.8492563452039446, 2.848537081763858, 2.8486711953682873, 2.8487175734585555, 2.848457978516029, 2.8484203197337963, 2.8485500862989475, 2.848314992965214, 2.8483229616962413, 2.848452637435267, 2.848278048177245, 2.848482399390488, 2.8481849968118014, 2.8480456657510587, 2.847910303287405, 2.847803238207701, 2.8480066824211647, 2.8478872864334672, 2.84731498849455, 2.8473243208789323, 2.8470448867353815, 2.846888708689856, 2.8465073600647943, 2.8464813623478804, 2.846447499340804, 2.8461700015597873, 2.8462874763226385, 2.84620598636607, 2.8460585679957475, 2.84609995064912, 2.846135661715553, 2.8462180044285206, 2.8457910711803134, 2.845717645826794, 2.845495656684593, 2.8452149888195057, 2.845377287536702, 2.845146966358972, 2.8452224075478854, 2.84516022823475, 2.8453832442167575, 2.8454084989255066, 2.8449352834590527, 2.844715395932475, 2.8447664250772466, 2.844796708021214, 2.844864865459462, 2.844663825615373, 2.844490027301526, 2.8443877482540394, 2.844125983576295, 2.8440368099818154, 2.84425902618933, 2.844548095471014, 2.843947590974273, 2.8437115628883323, 2.8441490899948847, 2.8437001831317072, 2.843907911310751, 2.8436961918280868, 2.8439029183968034, 2.843585657694983, 2.843632074890944, 2.843399141200636, 2.843132044272448, 2.8434142624890364, 2.843328865747603, 2.842895678111485, 2.8424764978822576, 2.84236319355233, 2.842280468612752, 2.842160872050694, 2.841920017565369, 2.8419940988853494, 2.841624860410337, 2.841591196716147, 2.841277870551619, 2.8411699564999373, 2.8411484735983388, 2.841370945885068, 2.8411486287596364, 2.8411631420175865, 2.841567462083524, 2.8412514880851463, 2.8410207897267012, 2.841123076343032, 2.841171038844598, 2.8410700048719133, 2.8413515645990928, 2.8409746538394343, 2.8408790366359487, 2.8406782944997153, 2.8407584611700956, 2.840635862300005, 2.840506126010229, 2.8403804403133495, 2.8404885511549693, 2.8403710007036804, 2.8405758098319724, 2.8403534712614835, 2.8399614694888, 2.84007199605306, 2.839771618918767, 2.8398633141997, 2.839734708190595, 2.839806185828315, 2.8396777299346114, 2.8398131844858643, 2.8397528708927213, 2.8394900352235823, 2.8397989701972435, 2.83955087232842, 2.839368391289282, 2.8394263926006498, 2.8393839301255643, 2.8393433661687943, 2.839356880339365, 2.8393020175752186, 2.839252193138082, 2.8394223281315396, 2.8390915721812577, 2.8391551037944813, 2.8391526767185757, 2.8393160476886408, 2.8388765362835433, 2.838819623624206, 2.838761155567472, 2.8388994787105175, 2.8388883298036283, 2.8386136993529303, 2.8384558586847213, 2.838754304502376, 2.838387861453667, 2.8383097951374356, 2.8384055914702238, 2.8382250215641407, 2.838245234161458, 2.83820928593792, 2.838248756196764, 2.8381121499197826, 2.8380673272269115, 2.838012731895245, 2.837911081061792, 2.83788909104766, 2.8379912212412193, 2.8378699835015353, 2.8377888871248436, 2.8377185965341236, 2.837636777332851, 2.8376035349709645, 2.8379826066355225, 2.837590435825328, 2.8374760365359997, 2.837761989976994, 2.837351261623322, 2.8374817737195857, 2.837317806072336, 2.83732762917009, 2.8374199968166454, 2.8372145632587413, 2.8371935925155722, 2.8370623235349304, 2.8371521076828086, 2.837145037121243, 2.8371401552170044, 2.8369806809400124, 2.836896157138562, 2.8369919181500793, 2.8369257298726884, 2.837062671701744, 2.8368784737965416, 2.836820768931555, 2.8367704121524064, 2.836828660712671, 2.836770428551568, 2.8367889911409407, 2.8368468309836414, 2.8368080330904197, 2.8368247122991654, 2.8365919287242587, 2.8365484961756953, 2.8364279320631076, 2.8365601017361595, 2.836408811902243, 2.8364328568574613, 2.8363160040012745, 2.836323923534817, 2.836190632411412, 2.83623597609303, 2.8361862904180293, 2.836075287016611, 2.836022798346464, 2.8360403038206554, 2.836022612909791, 2.8360193444307518, 2.8359195744549788, 2.8360066502182573, 2.8360074916213907, 2.835980805139693, 2.835921266091564, 2.835851756353227, 2.8358412709816423, 2.835960303664838, 2.83588192324159, 2.835865947935316, 2.835890660210261, 2.8358989821539984, 2.8359130892173323, 2.8358746092155496, 2.835760884814792, 2.835699946792037, 2.835682094412506, 2.835900422757265, 2.835428584820379, 2.8354324764675565, 2.8353246204436773, 2.8353396105387856, 2.8353241839736856, 2.835308722087315, 2.8352507056382596, 2.8352673709707914, 2.8352231033264643, 2.8351432646393144, 2.835090811290438, 2.8351986219012546, 2.834966228121803, 2.8349596104293906, 2.8349723361787342, 2.834970026419907, 2.834970343049872, 2.8349145657171015, 2.8348875033161627, 2.8348342211788924, 2.8348720641363236, 2.8347438756751004, 2.8346291244345365, 2.8346923772620145, 2.8345463225450467, 2.8344153563181558, 2.8344622768422285, 2.8343346421680753, 2.834302412769782, 2.8341858260846013, 2.8342615359674688, 2.8341724380614264, 2.83421094707711, 2.8340985774993896, 2.8342410786442027, 2.8341327672282226, 2.834110113678786, 2.8341700500912137, 2.8341409567171936, 2.8340754080071022, 2.8341314502494046, 2.8339406788033785, 2.8338762073920516, 2.8338880311875116, 2.8337911171887917, 2.833708266101817, 2.833714007069825, 2.833632614246752, 2.8336195277158547, 2.8335640215999867, 2.83342987393576, 2.833427285391187, 2.8334452399501093, 2.8335608767453957, 2.8333930616025573, 2.833369771008769, 2.8332706557379828, 2.8332527705601285, 2.833191529783622, 2.8331985019502186, 2.8331432052390286, 2.8331430071876165, 2.8330971753155745, 2.833150994840753, 2.8330643341024087, 2.833018117480808, 2.833049560980822, 2.833131680412898, 2.832967893156425, 2.832977462697912, 2.833004974183582, 2.833036489587612, 2.832940030980993, 2.832937620304249, 2.8329058967570147, 2.832728800950227, 2.8325973894230274, 2.8326051613641163, 2.832612158760192, 2.8325835989896584, 2.832543301203894, 2.832545276672121, 2.832579221675005, 2.8325032658047147, 2.8325662751677174, 2.8325842499102234, 2.8324554319734925, 2.832372047283031, 2.832387674422491, 2.83236102830796, 2.8323251633417037, 2.832279615301304, 2.832332274270436, 2.8323171113533947, 2.832247295076885, 2.8323081397505665, 2.8321836360547907, 2.832129369967829, 2.832100197120949, 2.8321573481988653, 2.8322804970716042, 2.832072628868951, 2.8321333637943975, 2.8321501212145286, 2.831962579141849, 2.8319504929598045, 2.83202336326478, 2.8318971729783153, 2.831897946261855, 2.8318492949955045, 2.8319025897475147, 2.8318456871799693, 2.831843811368185, 2.8318007761839206, 2.8318070986914257, 2.831799938565209, 2.8318635433439225, 2.831766721432802, 2.831757018175075, 2.8317381982450134, 2.831797091418473, 2.831832656153926, 2.8318603606451127, 2.8316496616948847, 2.831636074358824, 2.831586751988325, 2.83160587214919, 2.831533495080534, 2.8315817262760548, 2.8315346127464656, 2.831598404223326, 2.8315206974271745, 2.8315265922950057, 2.831493933995565, 2.831531968697038, 2.831469175046083, 2.831432583470824, 2.8314888237645386, 2.8313760189783004, 2.8314050089114557, 2.8314908976277344, 2.8313233461329546, 2.831367490152833, 2.831427300417865, 2.831357172557286, 2.8312767245782116, 2.831277052561442, 2.831293017775924, 2.8312705420943165, 2.831327990880088, 2.8313423224857877, 2.831235468072235, 2.831256942143516, 2.831187619103326, 2.8312144733610607, 2.8311866919199624, 2.831214079781184, 2.831160343513287, 2.8311578293956776, 2.831171820403407, 2.8311282213402804, 2.831059930185792, 2.8310963211866915, 2.83107237714939, 2.8310711169369007, 2.8310329081520202, 2.8310222865412475, 2.831045587226827, 2.8310446852729436, 2.8310383501506986, 2.8309925573843495, 2.8309230854902316, 2.830941976062835, 2.8308942103512074, 2.830900160723893, 2.8308953847834673, 2.8308578395338917, 2.8308526977660162, 2.830853579536317, 2.8308387370336625, 2.8308197909562045, 2.830841310440548, 2.830848189258071, 2.8308455098873724, 2.830855505807059, 2.8308082888366055, 2.830785628979799, 2.8308127052569514, 2.830833607880527, 2.8307898599634727, 2.830754754404542, 2.830738869924394, 2.830756186177491, 2.8307041440691267, 2.830711278965864, 2.830689862922386, 2.8307204940331676, 2.830686327010866, 2.8306839731004505, 2.8307283139102672, 2.830650074772103, 2.8306629266688432, 2.8306994185876593, 2.830682729287122, 2.8306430849448714, 2.8306593503901567, 2.8306103471725708, 2.8305894407645735, 2.8305406015386025, 2.8305403732118153, 2.8305340809796853, 2.8305619582928045, 2.8304500188777055, 2.8304370332647255, 2.8304284653335654, 2.8304348534377164, 2.8304345065323764, 2.830374320348104, 2.830385763178427, 2.8304153497887667, 2.830362746324489, 2.830408744711094, 2.8303870486203957, 2.8303318528271224, 2.830331803629638, 2.830355572322058, 2.8303543322931524, 2.830321375024382, 2.830307652710607, 2.830314063521289, 2.8302943164078647, 2.8302975054140442, 2.83030110692221, 2.830261359139094, 2.8302201568764986, 2.830188828170615, 2.8301815116216265, 2.8302088174870406, 2.830200510680991, 2.83021103894269, 2.8301980672059237, 2.830133387651393, 2.8301256270635697, 2.830173781309178, 2.8300945241615256, 2.8300797724849964, 2.8301055481824924, 2.8300741236045877, 2.830099827398068, 2.830122055830779, 2.8300582782301325, 2.8300414299838756, 2.8300139008375704, 2.830038860361412, 2.830027278768953, 2.8300217661277327, 2.8300274124851934, 2.830024488388546, 2.8300255101824563, 2.829966315516719, 2.8299843709935586, 2.829984458035262, 2.8299630609138933, 2.8299412008315796, 2.8299589030957097, 2.8299468711570457, 2.829919096023317, 2.8299030172761785, 2.82990117173977, 2.829891049672687, 2.829892853580455, 2.8298933493397223, 2.829929481738459, 2.8298373726940658, 2.829857103408329, 2.829844291878756, 2.8298694986514943, 2.829790088865492, 2.8298062205945373, 2.829791269605122, 2.8297678288959323, 2.8297771852483193, 2.829785570265755, 2.82975829593719, 2.829736652828398, 2.8297218519543845, 2.829730197866127, 2.8297294662112282, 2.8297345247218217, 2.829730505665774, 2.8297093393941406, 2.82970755062406, 2.829689130581245, 2.8296595036037386, 2.8296516963413785, 2.829627100122038, 2.8295909992601507, 2.8295977367925897, 2.8295910017830983, 2.8295733411476096, 2.8295913196745373, 2.8295828110326533, 2.8295650431718777, 2.8295835048433333, 2.8295730812839732, 2.8295558104439387, 2.829555627530214, 2.829583699110324, 2.82957338908362, 2.8295583396992354, 2.8295623095577986, 2.82956164476102, 2.829578852527356, 2.829545084130827, 2.829530638992471, 2.8294716537314115, 2.8294655040458396, 2.829432961802003, 2.8294166332830195, 2.8294037246199513, 2.8294298838055325, 2.829419178937478, 2.829425643991541, 2.829386313756307, 2.829396122977847, 2.8293673336190523, 2.8293564672823304, 2.829367574560579, 2.8293711016417813, 2.829360425787628, 2.8293360074361167, 2.829350433652363, 2.829333013958401, 2.829344007703993, 2.82933471316383, 2.8293248850201804, 2.8293314938822753, 2.829333754443618, 2.8293362307170082, 2.8293308202551786, 2.8293421760437982, 2.829324317356897, 2.8293445047247348, 2.8293232160901267, 2.829325959795997, 2.829305885960816, 2.8292978465872465, 2.829298664022375, 2.829291344950439, 2.8293098444661133, 2.8292899686823447, 2.8293069796587424, 2.8292727129799977, 2.8292700235175077, 2.829292234289583, 2.8292813692143355, 2.829278940876956, 2.829256385722488, 2.829258959129374, 2.8292529229764587, 2.8292582791949075, 2.8292362513365568, 2.829252835934755, 2.8292116513327947, 2.8292105866487693, 2.829179920216717, 2.8291722201796436, 2.829191007311382, 2.829161323567547, 2.8291723993089466, 2.8291755504709073, 2.8291565589803866, 2.829155645673237, 2.8291673824269936, 2.829158999932506, 2.829162448802322, 2.8291687750942494, 2.829142209714052, 2.8291298182553084, 2.8291632939898776, 2.829157275497598, 2.829119602839152, 2.8291171606255587, 2.8291273066606473, 2.829143651578792, 2.829119041483238, 2.829114449718011, 2.829138618297678, 2.8291429855205394, 2.829113757168805, 2.8290780423179505, 2.8290794274163624, 2.8290778947254966, 2.8290711294406305, 2.8290820109150396, 2.8290400189697427, 2.829020408095506, 2.8290179393909596, 2.829033662402441, 2.829009213775554, 2.8289961625659275, 2.829005863300707, 2.8289959859595726, 2.8289738988119457, 2.8289702279227122, 2.8289625796060713, 2.8289281842569824, 2.828932704118194, 2.8289254153216326, 2.828923987333106, 2.8289217456938727, 2.828907439317653, 2.828915596008301, 2.8289038567315963, 2.828896443049113, 2.8289020629156205, 2.828896072175768, 2.8289009200202093, 2.828898234342141, 2.8288917226135415, 2.828896509907233, 2.82888258449615, 2.828875645127877, 2.8288864408220564, 2.8288949999228987, 2.828875087556385, 2.828891113321617, 2.8288775461691396, 2.8288627705246054, 2.828859778308364, 2.828859804799317, 2.828861715932372, 2.828858311214144, 2.82884359612036, 2.828845581680379, 2.8288412422099443, 2.8288419852181086, 2.8288578633908874, 2.8288349827761374, 2.828839457224286, 2.8288322895292253, 2.8288287283882263, 2.8288284130197354, 2.8288203509396346, 2.828825660483547, 2.8288112885106806, 2.8288142996490317, 2.8288012005033947, 2.828805586648366, 2.8288007274506586, 2.828809589305252, 2.828810556855782, 2.8288053267847295, 2.8287797049870567, 2.8287888960863548, 2.828775709899014, 2.828773924913356, 2.8287730027758884, 2.8287708645775202, 2.8287778493588562, 2.828770319620768, 2.8287630219938893, 2.8287599439974183, 2.8287723556397455, 2.828757852473587, 2.8287496087412354, 2.828758924726456, 2.8287504728509005, 2.8287656685662648, 2.8287542900711142, 2.828749557020803, 2.828755333310082, 2.828751358405623, 2.8287417560658126, 2.828751003931439, 2.828748151738808, 2.8287371037498352, 2.828742692079494, 2.828733865546171, 2.8287416198266246, 2.828743504468726, 2.828732413589639, 2.8287547252796315, 2.828722806203933, 2.8287199653645674, 2.828707113467827, 2.8287074704649586, 2.8287085288416143, 2.8287083068221963, 2.8286968753451394, 2.828699362971795, 2.828685139852857, 2.8286805897162703, 2.8286748134269915, 2.8286649310399614, 2.8286643759914174, 2.828667529676326, 2.8286577456842656, 2.828658646376675, 2.8286424717575156, 2.8286503900295843, 2.8286479301553555, 2.828629313322602, 2.828634431122472, 2.8286249019481517, 2.8286323484289584, 2.8286299276604225, 2.828629999564438, 2.8286235736160683, 2.828626863540165, 2.8286223777387507, 2.8286286296037138, 2.8286263904874285, 2.8286177607440446, 2.8286207025013272, 2.828624512152697, 2.828629739700802, 2.828619915341574, 2.828602923287286, 2.828614033088482, 2.828606537410191, 2.8286022168618663, 2.8285999512546276, 2.8286000509110707, 2.8285979328962862, 2.8285958098356057, 2.8285969148867975, 2.828603744506836, 2.8285926675039623, 2.8285893460430165, 2.8285886434020187, 2.8285961844933727, 2.8285905330900163, 2.8285843379913813, 2.828573918216443, 2.828571882197466, 2.8285666382501997, 2.828565559689961, 2.8285643499364297, 2.8285686061495827, 2.8285630354805598, 2.8285535958708907, 2.8285545432378374, 2.8285565628576532, 2.8285492450471907, 2.828546201110517, 2.8285468091409673, 2.828549242524243, 2.828547409602574, 2.8285517856557534, 2.8285367514090565, 2.8285382424712813, 2.8285287208658048, 2.828526634387869, 2.8285268248704374, 2.8285180071674327, 2.8285231615500477, 2.82850822569832, 2.8285184297612105, 2.8285082408360074, 2.828505415134329, 2.8285062123858737, 2.8285005155694547, 2.828502903539668, 2.8284995871246177, 2.828482677066137, 2.8284714562552318, 2.828481151944115, 2.828468527112688, 2.828477669014502, 2.828460801846136, 2.8284487219714616, 2.8284468877883184, 2.828444837893128, 2.828439031328474, 2.828443213114663, 2.8284457436314336, 2.8284381419893294, 2.8284380751312095, 2.8284375604498324, 2.8284329636387096, 2.828423193522862, 2.828418107259841, 2.828423684236234, 2.82843266466938, 2.8284191113931163, 2.828421190302208, 2.8284180996909973, 2.828410330272856, 2.828407741728283, 2.8284010685310164, 2.8284081491843733, 2.828407413745053, 2.828394508866406, 2.828393338218568, 2.828393029157447, 2.8283974771146423, 2.828394347397739, 2.8283922798419123, 2.828396682386045, 2.82839457067863, 2.828391572155019, 2.8283979463829567, 2.8283891955380716, 2.8283918610325567, 2.8283866145623424, 2.82838524838604, 2.828385833709959, 2.828389418818963, 2.828382516033435, 2.828385185312342, 2.8283879529862177, 2.8283831896605314, 2.8283755198988336, 2.828381307541378, 2.8283761809111905, 2.828372779977385, 2.8283766211656034, 2.8283739960382857, 2.8283728342207652, 2.828364955054389, 2.8283656627412825, 2.828367754265114, 2.828362612497239, 2.8283635245429144, 2.8283578895387196, 2.828362540593223, 2.8283629013747764, 2.8283525459350103, 2.828351762559679, 2.828351068748999, 2.828354411655002, 2.82835773690037, 2.8283461830603382, 2.8283456620715914, 2.8283527414634744, 2.8283496584211076, 2.828344188670002, 2.828348097977815, 2.8283405707626748, 2.8283409958794, 2.8283387428869013, 2.8283361921865473, 2.828336465926397, 2.8283316269122736, 2.8283326020316473, 2.8283306189945767, 2.8283359499835465, 2.828327939623878, 2.8283304133743203, 2.8283327660232627, 2.8283185365969543, 2.828319968369903, 2.828311954225813, 2.8283170089519842, 2.828310567865927, 2.8283085659067466, 2.8283122759016734, 2.828314084855337, 2.828309527149907, 2.8283114029616905, 2.8283113159199873, 2.8283104429800043, 2.828304300863276, 2.828306266239711, 2.8283061627988464, 2.828303617144388, 2.8283035591165855, 2.828303198335032, 2.8283034897355175, 2.8282949142355136, 2.8282936414082847, 2.828288243561195, 2.828285859375404, 2.8282843367763295, 2.8282837552368325, 2.8282858530680337, 2.828283288491466, 2.8282857357509554, 2.8282846773743, 2.828283364179904, 2.8282808450163985, 2.8282783271143677, 2.828276896602893, 2.828274847969176, 2.8282727577068187, 2.828270363429236, 2.8282708970327226, 2.828267209744327, 2.828269287391945, 2.828266350680558, 2.8282654815249972, 2.8282628172919866, 2.828265055146798, 2.8282601517975015, 2.8282610751964428, 2.828257172196, 2.828253925162018, 2.8282540399561484, 2.8282586645196983, 2.8282566221933516, 2.828254367939379, 2.828257535500501, 2.828253727110605, 2.8282561403102977, 2.828254572298161, 2.828254004634877, 2.8282596257628585, 2.828254606357958, 2.8282489953217684, 2.828251393383773, 2.828249107592951, 2.8282483418782554, 2.828250433402087, 2.8282457053976713, 2.828248119858838, 2.828242183362365, 2.828238730708127, 2.82823608035133, 2.828237325426132, 2.8282357902123185, 2.8282366101703946, 2.8282360626906944, 2.828232597421717, 2.8282332155439587, 2.8282301287171703, 2.828227615861035, 2.828231754757109, 2.8282280800834534, 2.8282324939808516, 2.828226443951723, 2.8282250727295244, 2.8282256504845997, 2.8282280813449274, 2.8282210372743153, 2.8282198300437322, 2.8282192977017195, 2.828216403880447, 2.82821617555366, 2.828213860748937, 2.8282116935366677, 2.8282149254329623, 2.8282060976381653, 2.8282094834342835, 2.8282043315746166, 2.8282012043806612, 2.8281996805201133, 2.828201317913318, 2.828199350013935, 2.8282028556500793, 2.8282005118314553, 2.8282019259437683, 2.8282005055240855, 2.8281991078109336, 2.828200438665965, 2.82820145541398, 2.8282019776642007, 2.828200458849549, 2.828201761952153, 2.828199438317112, 2.8282011640134943, 2.828201970095357, 2.8281996906119047, 2.82820068843781, 2.8282022968171137, 2.8281974918627864, 2.8281997044881186, 2.8281990787970326, 2.828194294026289, 2.8281901967588556, 2.8281923816317605, 2.8281899898771257, 2.828193770514594, 2.828191673944867, 2.8281913774984853, 2.8281924711964117, 2.828187855463179, 2.8281881367718733, 2.8281887031736828, 2.828186699953029, 2.82818720328114, 2.8281880976661804, 2.8281850877893033, 2.8281816351350653, 2.8281818003881547, 2.8281825383504233, 2.8281841896198414, 2.828181332381314, 2.8281829432835655, 2.828179432601525, 2.8281801768711636, 2.828177367568647, 2.828181327335418, 2.8281774155046575, 2.828178388101083, 2.828176537518779, 2.8281789999159557, 2.8281840180593822, 2.8281791815682062, 2.8281776854600857, 2.828175636826369, 2.8281760089611883, 2.8281799371911105, 2.82817683396516, 2.8281759219194846, 2.828175064117189, 2.828179158861675, 2.828175181434268, 2.828176114925001, 2.828176495890138, 2.828175194049008, 2.8281761565536416, 2.8281743021869157, 2.828174964460746, 2.828171555958097, 2.828171976028927, 2.828171065244725, 2.828173107571072, 2.8281708760236306, 2.8281709542350164, 2.828172701376456, 2.828173619729501, 2.8281692625984314, 2.828167782889472, 2.8281672921761003, 2.8281668317381037, 2.828167418323497, 2.8281677034166126, 2.828167781627998, 2.8281677488296753, 2.828166159372481, 2.8281666652235407, 2.828166411667274, 2.828165735517229, 2.8281661114364707, 2.828164788150283, 2.82816524228091, 2.8281656535214217, 2.828163196170141, 2.82816260075443, 2.8281632756430004, 2.8281643756482966, 2.8281623938727, 2.8281624582078724, 2.8281632983495317, 2.8281629350450306, 2.8281636187639188, 2.8281639808069463, 2.828162094903371, 2.828161402354165, 2.828161636988322, 2.8281621403164334, 2.8281639341324096, 2.828163534245163, 2.828158659909768, 2.8281596489053555, 2.8281598835395125, 2.828158446720668, 2.8281579951129894, 2.8281568509561046, 2.8281576696527067, 2.828157031346881, 2.828157247058929, 2.8281596766577826, 2.828157583872477, 2.8281566289366866, 2.8281568812314797, 2.828156030998028, 2.8281567790520885, 2.8281570212550893, 2.828157860135275, 2.82815838364697, 2.8281570931591054, 2.8281593739040316, 2.8281569556584434, 2.828157563688894, 2.8281577365108266, 2.8281586700015597, 2.8281576860518682, 2.8281575422438365, 2.8281575119684614, 2.8281564725139154, 2.8281553863848328, 2.828155141658884, 2.828154421357251, 2.8281557900565013, 2.8281544642473655, 2.828154140048557, 2.8281537363768887, 2.8281543835130316, 2.8281537338539406, 2.8281542144755205, 2.8281545134448502, 2.8281551668883633, 2.828154439017886, 2.828154310347542, 2.8281552476226968, 2.8281543229622814, 2.828155279159546, 2.828154005070843, 2.828153865047233, 2.8281542472738437, 2.828154725372476, 2.8281546093168712, 2.828155034433597, 2.8281543242237555, 2.828154003809369, 2.828153757821946, 2.828154924685362, 2.8281552173473217, 2.82815341217808, 2.828156111732362, 2.828155419183156, 2.8281546622987777, 2.8281546698676214, 2.8281545235366417, 2.828155344756192, 2.8281524458890237, 2.8281521469196944, 2.828151996804293, 2.8281513105624567, 2.8281514770770197, 2.8281517672160317, 2.828152058616517, 2.8281494889940535, 2.828150129822827, 2.828150046565545, 2.828150293814442, 2.8281495924349183, 2.828150648288626, 2.828150461590479, 2.8281501689285196, 2.828150322828343, 2.828151334530462, 2.828149787963383, 2.828149948170576, 2.8281493111262246, 2.8281498636518205, 2.828150399778255, 2.828149153441979, 2.8281502484013794, 2.8281486665130293, 2.828149740027372, 2.828150573861662, 2.8281499443861544, 2.8281500339508057, 2.828149265713162, 2.8281513849894204, 2.828150750468017, 2.8281503165209734, 2.8281489692667803, 2.828149991060691, 2.828148431878872, 2.828149028556057, 2.82814898188152, 2.8281494120441417, 2.828149466287522, 2.8281470013673973, 2.828147526140566, 2.828147336919472, 2.82814759426016, 2.8281474592824463, 2.828146704921016, 2.8281464904704423, 2.828145908930945, 2.828147436575915, 2.8281464412729576, 2.828147007674767, 2.8281463794607333, 2.828147080840257, 2.828145771430283, 2.828145420740521, 2.8281455103051725, 2.8281472624925077, 2.828146394598421, 2.8281466103104687, 2.828145568332975, 2.8281446815167786, 2.82814567177384, 2.82814559860835, 2.8281447508978466, 2.8281434692403, 2.8281429293294433, 2.8281443434417564, 2.828143586557378, 2.8281434717632474, 2.8281450347294883, 2.8281434932083047, 2.8281443144278553, 2.828145083926973, 2.828144073486328, 2.8281440987158075, 2.8281451369088795, 2.8281443018131154, 2.8281437026129828, 2.8281436836908735, 2.828142759030458, 2.8281430605227356, 2.8281445843832835, 2.828142796874677, 2.8281440205044217, 2.828144743329003, 2.8281445213095853, 2.8281432320831943, 2.82814310341285, 2.8281445478005383, 2.82814435731797, 2.8281440608715886, 2.828143568896743, 2.8281433418314292, 2.828144738283107, 2.8281438476824885, 2.828143283803627, 2.828144353533548, 2.828143616832753, 2.828143449056716, 2.828142794351729, 2.828144562938226, 2.828144667640565, 2.8281431551332825, 2.8281447836961697, 2.828143842636593, 2.8281434818550393, 2.828144675209409, 2.828145285762807, 2.828144448144095, 2.8281433418314292, 2.8281444330064076, 2.828144189541933, 2.828144870737873, 2.828143459148508, 2.8281442261246776, 2.8281430491694697, 2.828143983921677, 2.8281428132738387, 2.8281436218786493, 2.828143215684033, 2.828143349400273, 2.8281439107561868, 2.8281434137354453, 2.8281431955004495, 2.828144040688005, 2.8281442639688965, 2.8281432762347833, 2.828143806053848, 2.828143823714483, 2.82814317027097, 2.8281445528464344, 2.8281438123612177, 2.8281441680968755, 2.828144629796346, 2.828143894357025, 2.8281437442416237, 2.828143547451685, 2.828143141257069, 2.828143113504642, 2.8281428599483753, 2.828144586906231, 2.8281446171816063, 2.8281455418420216, 2.828143635754863, 2.828144448144095, 2.828144882091139, 2.82814449734158, 2.828143146302965, 2.828143914540609, 2.828142804443521, 2.82814462475045, 2.828143872911968, 2.8281435096074663, 2.82814365719992, 2.8281441769271933, 2.8281433330011114, 2.828143973829885, 2.828143531052524, 2.828143317863424, 2.8281436117868575, 2.82814435731797, 2.828144328304069, 2.8281438413751188, 2.828143426350185, 2.828143353184695, 2.828143624401597, 2.8281440003208385, 2.8281426341445357, 2.8281436521540244, 2.8281431273808555, 2.8281433657994346, 2.8281435714196905, 2.8281443838089233, 2.8281438968799733, 2.8281442286476257, 2.828143379675648, 2.8281436218786493, 2.828143906971765, 2.828144392639241, 2.8281440167199996, 2.8281434339190286, 2.8281433708453303, 2.828143567635269, 2.8281437013515087, 2.828143528529576, 2.828143833806275, 2.8281433292166898, 2.828143348138799, 2.8281440280732655, 2.828144180711615, 2.828143488162409, 2.828143346877325, 2.8281430920595847, 2.828143452841138, 2.828143285065101, 2.828143113504642, 2.828144347226178, 2.8281450284221186, 2.8281440873625416, 2.82814310341285, 2.8281439195865046, 2.8281438880496554, 2.8281439586921975, 2.828143110981694, 2.8281443762400795, 2.828143629447493, 2.8281441302526567, 2.8281441315141302, 2.8281442627074225, 2.8281444115613503, 2.828144043210953, 2.828143177839814, 2.8281438577742803, 2.828143356969117, 2.8281433746297524, 2.828143113504642, 2.8281443245196467, 2.8281445023874756, 2.828144523832533, 2.82814324974383, 2.82814442417609, 2.828143769471103, 2.8281437606407853, 2.8281437619022594, 2.828144103761703, 2.828143282542153, 2.828143801007952, 2.8281429545589223, 2.828144122683813, 2.8281439612151456, 2.8281439561692494, 2.828143220729929, 2.828143737934254, 2.828143802269426, 2.8281440911469637, 2.8281434364419766, 2.8281442564000527, 2.8281438880496554, 2.8281438401136447, 2.8281440886240157, 2.8281438880496554, 2.8281432068537153, 2.8281446033053927, 2.8281431929775014, 2.8281433645379606, 2.828143346877325, 2.8281434452722944, 2.8281434061666015, 2.828143479332091, 2.828143798485004, 2.8281432585741477, 2.8281449224583057, 2.8281442324320474, 2.828143875434916, 2.828143939770088, 2.8281443257811207, 2.8281434049051275, 2.8281434692403, 2.8281436420622326, 2.8281439927519942, 2.828144073486328, 2.828143418781341, 2.828144216032886, 2.8281434465337685, 2.828144139082974, 2.828143707658879, 2.828144388854819, 2.828143041600626, 2.828143846421015, 2.8281441643124534, 2.828143209376663, 2.8281439776143067, 2.8281440886240157, 2.8281434402263983, 2.828143655938446, 2.8281430680915793, 2.8281445200481112, 2.828144353533548, 2.828144044472427, 2.8281444355293557, 2.828144092408438, 2.8281436786449774, 2.8281439662610413, 2.8281436849523476, 2.828143628186019, 2.8281440381650573, 2.828143104674324, 2.828144076009276, 2.828143538621368, 2.828143292633945, 2.8281433733682784, 2.8281433544461687, 2.8281433948133357, 2.828143358230591, 2.82814435731797, 2.8281440961928594, 2.8281440684404324, 2.8281442980286937, 2.8281441870189847, 2.8281437997464782, 2.8281436925211914, 2.8281436710761336, 2.8281435436672635, 2.8281437227965665, 2.8281435133918884, 2.82814421098699, 2.8281442299090997, 2.8281436849523476, 2.8281437619022594, 2.828143568896743, 2.8281438893111295, 2.8281438577742803, 2.828143100889902, 2.828143427611659, 2.8281441327756043, 17.61663945011361, 12.973943614455127, 8.490027576527268, 6.879625817455312, 13.09657218468883, 7.1815235602161875, 7.259420276318909, 8.043499245214715, 13.922080544567613, 15.887201021588037, 20.64360987950885, 8.708310364415405, 11.866010267267782, 8.721821164327954, 7.478937454324551, 23.690391298324343, 18.72677650653496, 15.209130539465203, 12.824928712592554, 7.540162497727328, 10.238863738125595, 11.075615635624638, 18.27150001223125, 29.863083703177317, 8.580660184224447, 7.1760134596042535, 16.33327961472607, 9.042660657690947, 5.741372295157619, 6.442618412946267, 25.870493631514293, 12.443491597654958, 15.061275038138898, 11.946635049486916, 16.66134615297671, 9.583352331131223, 56.81877281552269, 5.630550551036047, 7.191600146117033, 29.226299790478258, 10.915919147471271, 12.843128017647556, 21.29248118526721, 9.808368491117285, 15.39629530528235, 6.268513525604571, 8.587583365263763, 21.700071254104532, 20.601065337973296, 9.22614069338198, 6.3524157584659635, 11.001861193823435, 8.574780865321083, 5.403905189857281, 5.990207142300076, 8.492817989732853, 16.091140696611355, 18.42995960497982, 4.561169700017051, 12.854250393216573, 8.156523303380089, 5.080732388471169, 11.04513331317397, 13.307404432347212, 4.720552366246622, 18.82137439364479, 8.819911512748273, 5.0019747592784745, 4.6582705898890415, 4.914820941036971, 5.986904661491434, 13.314985083524512, 5.775190096052866, 7.640831780812097, 4.477050317027581, 20.590061611599392, 6.984532020710133, 4.094834355450181, 5.5855280633956665, 5.8667818326798695, 6.799862924706999, 5.031670396290128, 17.390473946061714, 6.104456704760355, 14.32047194526309, 6.6471304969182095, 17.07171365445253, 5.24900921059664, 5.915558073255751, 3.8179287519404497, 6.262062620233606, 9.138196513766335, 4.725324322937658, 5.724081024291023, 7.779844266396982, 5.246002802773128, 5.904301469288175, 4.809812555868159, 3.8086592936641956, 6.262473002943413, 9.509933337963448, 5.630387846124235, 4.079820646810784, 7.116098608289446, 12.872346605573382, 4.422139703912079, 7.610025204047955, 10.150193880474756, 4.267651710560713, 4.21372487809923, 4.396135838574202, 5.455931098372848, 5.098110695995351, 8.83224775173046, 8.011319304269458, 4.504444113484135, 4.531866609734833, 7.712641423341458, 4.173616073749684, 4.043357611963988, 8.441258667638062, 4.0181343568065175, 5.8615021503791604, 5.78720032474982, 3.7627662073367487, 4.229130696998071, 4.018543735383049, 5.997431268136968, 5.231869074402663, 6.676163456427357, 4.068725492588427, 3.5451991028255887, 4.229473957939754, 13.100647381373815, 9.232778766167858, 8.47761975394355, 4.481946382573042, 3.3478161203798162, 4.714628638413848, 3.701070172446115, 6.112278254574568, 4.909969910112007, 4.034647182182029, 8.667405539719516, 3.8963312106157737, 9.131098275462156, 5.122301724852708, 4.626716655398172, 5.390469026313257, 8.391411599658785, 3.5545250246764493, 4.276645104090373, 4.260043463378987, 4.052543964335527, 4.2706172579810735, 4.489368836085002, 3.4604429492244013, 4.394705584440282, 4.839540340282299, 6.18910351505986, 3.9472603924059992, 4.6952942767471235, 3.7870577302559343, 3.8247770657615057, 4.072345197516143, 5.165366861555311, 4.348693161414414, 5.333202493253839, 4.7871131871743176, 4.0598308194882025, 4.0099204873281815, 11.037950384553778, 4.6685293036163165, 7.231858803481652, 3.353420508601678, 4.22185247789615, 5.249997305491614, 3.4403097061883834, 8.933704921177455, 6.3241381039695135, 4.875008053249783, 3.559790475027902, 4.377078280877814, 3.9590554477045776, 8.729616954843834, 3.4156661853588446, 3.6963073198126737, 6.158080527391383, 3.7423635260768666, 3.430638975567288, 4.931986859235814, 3.5117777012012623, 3.5042645300506914, 3.2837048005805443, 3.7788492207804687, 3.0830622715924783, 3.6847867814321367, 3.364420355943145, 3.603114305980622, 3.330598684845778, 3.417843778297384, 4.09285914204108, 5.626363279958251, 3.890491515871078, 3.3032659399446356, 3.5768859727042064, 4.914436158679781, 3.287054204436206, 3.39995756098833, 3.3839920235689354, 3.2653687492249506, 3.348124319914157, 3.691937668613656, 5.430639029810668, 3.4026954035279613, 3.916023094187338, 4.10278901473555, 3.3947031649332198, 3.3273298450247952, 3.300096973540291, 3.3630433662858588, 4.0884860205271885, 3.2709816359969044, 3.556495434392697, 4.126700025386911, 6.804268758763712, 4.05247694979269, 3.652779778475484, 3.9758572553200695, 4.231362894098595, 4.0103103521639705, 4.385577813658134, 3.045988376809176, 4.443547284161603, 4.0619596362744685, 4.592404717490787, 3.547418282776283, 3.40853318966255, 3.3610923290252686, 4.068390875266343, 3.3407298534635514, 3.0968790230927645, 5.299879921807183, 3.1061075957363875, 3.575205887436236, 3.2614256667081643, 3.167741479066314, 3.3508365911150735, 3.3461151842087036, 3.107295592625936, 3.2352236313794656, 38.5582857081499, 8.762707770816863, 7.786507838617557, 7.242234969265247, 8.391021317275113, 5.665225748031858, 9.424367551450375, 11.219367834626052, 8.007942040761312, 6.264305462912907, 11.433225283547053, 24.187058070349316, 23.057208591037327, 4.961372099225483, 6.50211577188401, 9.106619353016848, 7.222523318396674, 5.093235863579644, 6.254718301157472, 9.331193484957256, 8.623790357478711, 6.46063197100604, 7.1599046414491365, 6.753515074492762, 8.523701165719007, 28.857948333498033, 10.140688845720241, 6.805989863380553, 6.512120128308655, 23.8557453861943, 7.3710666005573575, 6.180954489127669, 8.595039115380988, 5.350635803565777, 7.874957808741817, 10.549032009467878, 25.292281246689893, 5.599978547878366, 6.425260122490938, 5.571586139618405, 6.12381566264642, 5.567171631666718, 5.405827355763269, 6.780346550007977, 10.79573215000213, 7.986645950842156, 6.856668671602925, 5.04449187889301, 5.8113285927545455, 13.649067959457478, 5.6092901103711, 6.5077383682210606, 7.099957708328489, 4.803683583698575, 19.29733875819615, 6.259020807881835, 5.692588927253844, 7.777356478272292, 6.898316640702505, 13.029584334640907, 18.73283924122967, 12.131319283177612, 6.694589493766664, 9.833541733877999, 6.9155452364966985, 5.7763111831019165, 8.33608601585267, 12.408385796521706, 4.75127952313297, 6.376478286016555, 5.360054122077094, 6.3070968774260665, 24.087580756535605, 10.105798920626363, 4.369976695883211, 5.794972896575928, 6.084965342567081, 18.192159622434584, 12.593943520197792, 5.847546163690153, 8.226047409905327, 5.149254486043617, 4.783752552415959, 5.603628912930766, 8.114409080888858, 4.09983747472208, 6.038087509296559, 4.115293974598879, 6.2573868181339645, 6.91527817741273, 6.677108868089302, 5.8825201155647395, 8.194205818983614, 7.924982219776779, 10.26905371650817, 4.338957824404278, 4.2550245189162155, 4.176793227120052, 6.829184052805421, 6.220681624437766, 6.442774651542543, 6.10083733160029, 4.701776436397007, 6.322437639589663, 4.580239041141732, 4.9269416243941695, 4.828588200624658, 8.839836463726387, 7.520846884086649, 4.002348464632791, 5.140022214758333, 5.699668271200998, 11.37916632051821, 5.391942221020895, 3.9942476850338084, 13.957381465447643, 5.293907349702542, 4.417003650513906, 7.945209662119548, 6.332451419224815, 5.641699649669506, 4.5276987628331264, 5.156099327026852, 11.98668901756327, 4.705494509802924, 8.490925751035176, 4.339465986483942, 6.953743427518814, 4.1604578520255115, 6.448406693796632, 4.146022254197055, 4.301445726364378, 4.209499234244937, 3.648606045536263, 4.005877589422559, 6.823166900210911, 4.083748787168473, 3.711999838945096, 4.2755015388367665, 3.8949657016330295, 5.517158629402282, 4.248356190938798, 4.388382234270611, 5.771046658672353, 11.6923106410516, 6.121192303914873, 10.302916819456392, 3.6360993322241244, 4.059737692434321, 6.234274962591747, 7.339146472789623, 4.531576001454914, 5.7629976499648325, 4.34902066276187, 5.5597170093072155, 3.6744757190583246, 3.7314147520317604, 3.69232433309, 6.889470521735136, 3.972956239861786, 8.338090931927717, 4.170235662863999, 3.568794318607875, 4.148473671504429, 3.6678864716222046, 4.065214010773513, 4.6552545620650845, 3.750841950613355, 3.3086690827021523, 3.4559622101052097, 4.235570739816736, 4.910187007258178, 3.9239155438841964, 3.3250389502792763, 3.6307509134686184, 3.2794180698495694, 3.6345396508615484, 3.728394003772231, 3.2334214921981568, 5.419019257580793, 3.346775689453044, 3.6486892220835205, 5.10970534470977, 4.127148107246116, 3.544899796682691, 13.327112177692394, 5.25644768608941, 3.542592528005126, 6.053747820475745, 4.343361857076171, 9.989488813612196, 3.568254758441259, 3.743856597829748, 3.2759408963420404, 3.428869826453073, 3.39163149601568, 3.5945959305637096, 3.674022637977802, 3.6306815147399902, 3.8178569437965515, 5.009603616421815, 3.5132960036948875, 3.3854168483189175, 3.4854944559632157, 3.455230647293979, 4.274421927790162, 3.806929420541834, 8.525709182497055, 3.1585029269021656, 3.5093051529435253, 4.232540247932313, 3.282694107640988, 6.146794427639593, 3.375885809540118, 3.400415570647628, 4.995918803744846, 3.3335283559466165, 4.465308360952549, 3.664108538753772, 3.4835961003782887, 3.4450397567143516, 4.819988889038248, 3.2281859236419517, 3.8315597173398133, 3.0025901491679843, 3.545688335226957, 3.5390615564174754, 7.186029141542142, 3.360772584481214, 4.473381386862861, 3.169876977880165, 4.428150586980991, 3.2041498908290156, 3.9375831096891374, 4.267826398213704, 3.8099943191286116, 5.150573664872104, 4.084032555736562, 3.723819858813412, 3.60968832994895, 4.059603291213827, 6.036372013192959, 4.5140363829476495, 3.437928877179585, 3.3004971307421487, 2.943148166414291, 3.8920853705633256, 3.0433409983518893, 3.0891897703604725, 3.1327626099662176, 3.646467843383708, 1059.2753237769716, 17.58686945678065, 16.68555634110062, 12.208121678185842, 13.867982909792946, 9.757410443018353, 17.744889239154794, 55.61764322512995, 9.626887432481876, 7.633228551773798, 5.8406682367678044, 20.2900839709731, 6.255069339086139, 5.6957563899812245, 30.65888992188469, 12.347501618521553, 15.546333307942385, 10.113617856666524, 6.141236731615016, 14.581025986444383, 8.857142284433678, 33.14093100330817, 10.064854203077852, 7.105470902074582, 5.860847405024937, 13.830818393243053, 7.508532536723626, 16.79876479900703, 8.362191543377266, 79.20294141012525, 15.498204327134228, 16.79633056297504, 27.255260679456924, 5.436401415123511, 9.82592607932116, 13.21397856051329, 11.303370763385107, 17.097948679848322, 8.03703753153483, 5.185295581817627, 20.080804834920894, 15.247918875759872, 7.714596521286738, 9.093148014532826, 9.413210306218062, 10.722898513551742, 14.218379121608836, 5.199334606291756, 5.155648408112703, 7.619025336371528, 9.909977206477413, 8.142077738645845, 6.060798554193406, 13.632725579398018, 25.456218023148793, 5.7100705217432095, 7.822396051316034, 8.111874804925666, 10.72545001620338, 4.794453330771633, 6.582238764989944, 6.369409268495267, 8.849922001046478, 9.152784327350597, 14.81890457900113, 10.314348175412132, 9.817053371005589, 9.932230707198855, 4.655122411314141, 20.033214892029132, 5.863355303567554, 4.751022303545916, 4.766123076595327, 8.299886466334106, 8.715100028527477, 17.165155552051687, 10.761570284606288, 5.2928669566199895, 5.61728733557242, 9.061352891266031, 5.482943471777376, 5.132460076972921, 9.031059355962844, 4.764030141174478, 7.591246968223935, 7.462817348500408, 6.197402295612154, 9.686277606499889, 6.396280271035653, 14.224005507413672, 5.9460927216464246, 9.432658220725084, 14.78640351976667, 5.240027720335299, 4.108722926447631, 7.969618295235609, 4.977955949369561, 4.186489698117372, 3.91374274410268, 5.265902922897743, 40.15242884398768, 8.645184337777435, 4.446403984039549, 4.816825738028874, 4.7612099420456655, 4.407877336734186, 5.275487380053001, 12.625405664797183, 4.9333125346552125, 4.745386941092355, 4.494318911638209, 4.615162647590435, 6.836095486999189, 20.308117629359007, 5.938567966380448, 5.394665094910476, 7.404708481339551, 10.375566739884635, 4.151005777732405, 4.389830668767293, 5.599988066960895, 9.830825331349851, 4.261356805367445, 9.812878533015175, 7.3841531264088145, 4.430149271374657, 5.276325107251526, 8.896150722705498, 6.550976917226478, 3.7676787439477506, 3.5973565969517622, 3.989436279528986, 5.334512793828571, 7.227169077232401, 6.44304591133481, 4.790787746035863, 7.9355741379752995, 5.3213005520048595, 4.684435862082022, 4.704071814420993, 4.153201947136531, 4.218337896639708, 7.050424257914226, 4.614847491027186, 4.2682828865354026, 4.400006984276747, 4.854890109369994, 4.429930580986871, 3.7291926593376847, 3.504522544366342, 4.464327621712256, 4.070422853742327, 8.598033652734504, 3.8124287090604265, 3.714798089688417, 8.136116736780398, 4.4650944036150735, 6.487449577876499, 6.179053200615777, 4.067409140723092, 6.291671954765522, 8.953684862328585, 3.426826179342926, 3.8292038541622264, 4.4150107752078425, 3.7341758473209605, 4.24872648905194, 3.903566432377649, 4.020740434606239, 3.5348896299089705, 3.7948646734631253, 6.8540614622610585, 4.727422501044298, 4.573529735444084, 4.731146846498762, 4.36231449041417, 3.7089836622672108, 3.8838402228380637, 5.768206268391281, 3.6870936514839294, 7.181420051231586, 4.013807681502488, 3.3071305827488975, 3.976523067585375, 3.4658797733367437, 5.390681481235242, 5.549603209924445, 5.941530210000497, 3.482247853405261, 3.7930823734828403, 4.166949581216882, 3.4070172070195435, 6.233906062191756, 3.5697162012574535, 3.542982650181604, 4.381526663189843, 3.8658744746415072, 6.032508148718133, 3.602748370044446, 4.315520724291524, 3.7881295100721735, 3.488386898444443, 3.976781165158307, 5.971561734638517, 3.8672787108749307, 3.523839627624189, 4.849922182698729, 3.395493438004186, 3.6701311610993885, 3.5383577498178633, 5.042256272028363, 3.9547163897721225, 3.804324711441363, 3.6000467456837812, 3.13127832690244, 4.705772498297313, 3.5449396844894165, 4.204802277226928, 3.3049058434824463, 3.7682719508176126, 4.08345467072946, 3.8125750816688337, 4.189069018792853, 3.154688319201192, 3.1784260676651406, 5.343520015635819, 3.403910957316242, 5.261175690504609, 3.2647708282268866, 3.4956092329883073, 3.853065992789294, 4.1012442275960606, 3.393089279295906, 4.0278428017147005, 4.075346942931887, 3.5508993201785617, 3.6363391686999607, 3.163506574731655, 3.3251548999201055, 3.137385673623867, 3.5268381058223666, 4.581063136852608, 9.696949696414686, 3.1226019884543446, 3.070598112843024, 3.2506060461518627, 2.9332773723299543, 3.242442287465252, 3.351731540034057, 3.4411588421574346, 4.725662718374262, 1508.1756339905753, 16.670138576043346, 29.755358085430487, 9.549758956545876, 5.259741374424526, 13.00345998087888, 11.227978908195697, 9.645713695142636, 8.597157445534197, 6.74363466040798, 7.380017129201738, 14.358622873901691, 12.942480798751589, 14.738791768513028, 29.91895513181333, 7.151273954482305, 7.7568765292091975, 15.578967013687054, 27.60451718486806, 5.575813424650323, 8.497366413237556, 7.7723954266341275, 6.302640511245324, 24.299439526108838, 7.9493307461814275, 6.344503110048001, 10.99517733457858, 4.702438485685479, 15.363700750643615, 25.729386264054234, 6.696017219906762, 6.47917851695308, 9.461623277613725, 11.990745715994052, 13.341514491530322, 9.817949607889489, 7.893852935266242, 7.469562780289423, 5.606830165499733, 9.607539986807202, 8.440743375707555, 5.573926988732878, 6.97966147982885, 44.2842321446333, 8.21283724446776, 6.612304546214916, 16.79233364327244, 5.77297885329635, 6.026718127033698, 7.001286072705788, 9.312959993957843, 5.572665209492678, 5.756831497111649, 4.551057245365526, 5.084384877845724, 7.710183133523931, 5.330664884476435, 12.22212735433427, 9.828359810763565, 6.2642653051507535, 5.980103237919076, 6.269274413901031, 4.790115008278499, 31.32456711864976, 5.619534510153311, 5.715436128081468, 5.880511246030292, 7.063077646588522, 4.6945540387794455, 5.596545181577167, 9.066476720981496, 5.583431450778215, 6.751025386588283, 8.40333429467741, 9.029098308906354, 8.939861257240254, 6.543680778886906, 10.573125536479647, 10.221539229943009, 12.212654694047554, 5.723312032285821, 5.075636762790579, 4.887812193108614, 5.9039094460704336, 7.510201885586693, 3.909689325504202, 17.166798586567875, 4.1336372251863835, 6.0474830077438755, 6.419724560288525, 4.400502061086987, 7.340511975464998, 6.305255968103964, 4.941690296092362, 4.890026020625281, 4.071504406197361, 4.780550553054406, 10.559331954471649, 5.303578909112032, 4.9633448842972046, 9.290934075754155, 13.571056143947379, 8.695997833574891, 4.746304964893079, 4.460283463594144, 5.438703882631171, 3.8997935277444347, 5.517812950901254, 5.003870986756825, 9.295853725816837, 10.906561084525295, 5.210751833739104, 7.335460380271629, 4.212456569469795, 4.2566824098112725, 3.75797985722779, 4.969448018957068, 4.262772992805198, 4.271367009985384, 11.193778754542114, 4.959135320451525, 4.68491578480554, 4.15235352390027, 6.4699846600729325, 9.745382697493941, 12.265574985080296, 5.573367797508442, 5.211596910284941, 5.0498606918980835, 3.458810284024193, 6.73914591723649, 3.763086620462004, 6.170357941319703, 10.994640400800755, 4.386220615376871, 4.319290467670986, 4.498254494692283, 8.293009346755094, 4.8459860029674715, 13.859627668188994, 3.8343029413273726, 4.801675001780192, 3.8632201278020464, 7.557004497164772, 3.8353674058560974, 4.1275927326666615, 4.213571708669107, 7.258822751423669, 4.65978541449895, 4.003052990272562, 4.152409099397206, 4.1494749450179, 3.6141312866614608, 8.802875639900329, 5.484758904371312, 6.701404682542912, 3.7498801284366183, 5.026627459854045, 14.612052549130071, 3.8681773041921947, 3.7646131729953503, 4.944809454458731, 4.212046862910033, 5.011578791986698, 6.243170261383057, 4.768754507498766, 6.424414960164873, 4.421898864564442, 5.406986294600068, 12.354478053945712, 3.3910855565752303, 3.722859118981336, 3.0729759130528365, 5.023614583192049, 3.918505693869616, 4.433467658108504, 3.637415298078426, 6.6519977049852805, 3.3814756845040295, 5.22204443765065, 3.6717192155343517, 8.433796431021715, 5.809773364395061, 4.2541218951896385, 4.45441100332472, 4.181125889379511, 5.133274754519185, 3.6916212102092762, 3.300485600870122, 3.692329720845298, 5.413596135598642, 4.446312127289949, 4.562985580434244, 3.9609880409543474, 3.9422931809904713, 3.1904800531094666, 3.503248757155484, 3.7426148217821877, 3.832558903113875, 3.711650806760031, 3.7143669481630677, 3.199234956156009, 3.867156533337144, 3.854351043701172, 3.3766191787820645, 4.630304939532406, 3.7367087142177358, 4.4391099195631725, 3.915904326413674, 4.399869710680038, 4.803976944514683, 3.9727940559387207, 3.2387404845505166, 3.343806332381314, 3.5168207221561008, 4.721564570431987, 3.7399709779749473, 5.3010655938002165, 3.289359791568978, 3.3312362274795615, 3.9260952535760465, 3.297396143908223, 3.8718724679694603, 3.4125259137027477, 5.608664870892883, 3.410881036173099, 3.537973064594168, 3.54276415784523, 4.339960308932754, 3.438047864449718, 3.372726591806563, 3.5056579731128834, 3.2797651568417825, 3.5800228522568154, 3.0977524197290816, 3.1968770632668146, 3.368332792211462, 3.4445553166525706, 3.1788727026137096, 3.133959381668656, 3.0940171082814536, 3.281738866573919, 2.9808626288459417, 5.603465985999536, 3.174190673878584, 8.216812323010156, 3.2768167831279613, 3.3517710203846924, 4.040341063151284, 3.1806768790754694, 3.20809940181712]
       best_so_far: [69.34061557022983, 66.92530911561673, 66.92530911561673, 66.92530911561673, 56.11027056577975, 56.11027056577975, 56.11027056577975, 56.11027056577975, 51.929243784102184, 51.929243784102184, 51.929243784102184, 37.91904443407815, 34.87977906888124, 34.87977906888124, 32.02720077958687, 32.02720077958687, 32.02720077958687, 32.02720077958687, 32.02720077958687, 25.433970981174046, 25.433970981174046, 25.14406300095654, 12.349127996535529, 12.349127996535529, 12.349127996535529, 12.349127996535529, 12.349127996535529, 12.349127996535529, 12.349127996535529, 12.349127996535529, 12.349127996535529, 12.349127996535529, 12.349127996535529, 12.349127996535529, 12.349127996535529, 12.349127996535529, 8.473093754400022, 8.473093754400022, 8.473093754400022, 8.473093754400022, 8.473093754400022, 8.473093754400022, 8.473093754400022, 7.9403001770140635, 7.9403001770140635, 7.9403001770140635, 7.9403001770140635, 7.9403001770140635, 7.9403001770140635, 7.9403001770140635, 7.9403001770140635, 7.9403001770140635, 7.9403001770140635, 7.9403001770140635, 7.255819689029108, 7.255819689029108, 7.255819689029108, 7.255819689029108, 7.255819689029108, 7.255819689029108, 7.255819689029108, 7.255819689029108, 7.255819689029108, 7.255819689029108, 7.255819689029108, 7.255819689029108, 7.255819689029108, 7.255819689029108, 7.255819689029108, 7.255819689029108, 7.255819689029108, 7.255819689029108, 7.255819689029108, 7.255819689029108, 7.255819689029108, 7.255819689029108, 7.255819689029108, 7.255819689029108, 7.255819689029108, 7.255819689029108, 7.255819689029108, 7.255819689029108, 7.255819689029108, 7.255819689029108, 7.255819689029108, 7.255819689029108, 7.255819689029108, 7.255819689029108, 7.255819689029108, 7.255819689029108, 7.255819689029108, 7.255819689029108, 7.255819689029108, 7.255819689029108, 7.255819689029108, 7.255819689029108, 7.255819689029108, 7.255819689029108, 7.255819689029108, 7.255819689029108, 7.255819689029108, 7.255819689029108, 7.255819689029108, 7.255819689029108, 6.423113956653252, 6.423113956653252, 6.423113956653252, 6.423113956653252, 5.987872890694431, 5.987872890694431, 5.987872890694431, 5.987872890694431, 5.987872890694431, 5.987872890694431, 5.987872890694431, 5.987872890694431, 5.987872890694431, 5.987872890694431, 5.987872890694431, 5.987872890694431, 5.987872890694431, 5.987872890694431, 5.987872890694431, 5.987872890694431, 5.987872890694431, 5.987872890694431, 5.987872890694431, 5.987872890694431, 5.744551012755702, 5.744551012755702, 5.744551012755702, 5.744551012755702, 5.744551012755702, 5.744551012755702, 5.744551012755702, 5.744551012755702, 5.744551012755702, 5.744551012755702, 5.744551012755702, 5.744551012755702, 5.744551012755702, 5.744551012755702, 5.744551012755702, 5.744551012755702, 5.744551012755702, 5.744551012755702, 5.744551012755702, 5.744551012755702, 5.744551012755702, 5.744551012755702, 5.744551012755702, 5.744551012755702, 5.744551012755702, 5.744551012755702, 5.744551012755702, 5.744551012755702, 5.744551012755702, 5.744551012755702, 5.744551012755702, 5.744551012755702, 5.744551012755702, 5.744551012755702, 5.744551012755702, 5.744551012755702, 5.744551012755702, 5.744551012755702, 5.744551012755702, 5.744551012755702, 5.744551012755702, 5.744551012755702, 5.744551012755702, 5.744551012755702, 5.744551012755702, 5.744551012755702, 5.744551012755702, 5.744551012755702, 5.744551012755702, 5.744551012755702, 5.744551012755702, 5.744551012755702, 5.744551012755702, 5.744551012755702, 5.744551012755702, 5.744551012755702, 5.744551012755702, 5.744551012755702, 5.744551012755702, 5.744551012755702, 5.744551012755702, 5.744551012755702, 5.744551012755702, 5.744551012755702, 5.744551012755702, 5.744551012755702, 5.744551012755702, 5.744551012755702, 5.744551012755702, 5.744551012755702, 5.744551012755702, 5.744551012755702, 5.744551012755702, 5.744551012755702, 5.744551012755702, 5.744551012755702, 5.744551012755702, 5.744551012755702, 5.744551012755702, 5.744551012755702, 5.406949335935885, 5.406949335935885, 5.406949335935885, 5.406949335935885, 5.406949335935885, 5.406949335935885, 5.406949335935885, 5.406949335935885, 5.406949335935885, 5.406949335935885, 5.406949335935885, 5.406949335935885, 5.406949335935885, 5.406949335935885, 5.406949335935885, 5.406949335935885, 5.406949335935885, 5.406949335935885, 5.406949335935885, 5.406949335935885, 5.406949335935885, 5.406949335935885, 5.406949335935885, 5.406949335935885, 5.406949335935885, 5.406949335935885, 5.406949335935885, 5.406949335935885, 5.406949335935885, 5.406949335935885, 5.406949335935885, 5.406949335935885, 5.406949335935885, 5.406949335935885, 5.406949335935885, 5.406949335935885, 5.406949335935885, 5.406949335935885, 5.406949335935885, 5.406949335935885, 5.406949335935885, 5.406949335935885, 5.406949335935885, 5.406949335935885, 5.406949335935885, 5.406949335935885, 5.406949335935885, 5.406949335935885, 5.406949335935885, 5.406949335935885, 5.406949335935885, 5.398745092765364, 5.398745092765364, 5.398745092765364, 5.398745092765364, 5.398745092765364, 5.398745092765364, 5.398745092765364, 5.398745092765364, 5.398745092765364, 5.398745092765364, 5.398745092765364, 5.398745092765364, 5.398745092765364, 5.398745092765364, 5.398745092765364, 5.398745092765364, 5.398745092765364, 5.398745092765364, 5.398745092765364, 5.398745092765364, 5.263467046949598, 5.263467046949598, 5.263467046949598, 5.263467046949598, 5.263467046949598, 5.263467046949598, 5.263467046949598, 5.263467046949598, 5.263467046949598, 5.263467046949598, 5.263467046949598, 5.263467046949598, 5.263467046949598, 5.131440210594702, 5.107524291548149, 5.107524291548149, 5.107524291548149, 5.107524291548149, 5.107524291548149, 5.107524291548149, 5.107524291548149, 5.107524291548149, 5.107524291548149, 5.107524291548149, 5.107524291548149, 5.107524291548149, 5.107524291548149, 5.107524291548149, 5.070168626371514, 5.070168626371514, 5.070168626371514, 5.070168626371514, 5.070168626371514, 5.070168626371514, 5.070168626371514, 5.070168626371514, 5.070168626371514, 5.070168626371514, 5.070168626371514, 4.97524448172756, 4.97524448172756, 4.97524448172756, 4.97524448172756, 4.97524448172756, 4.97524448172756, 4.97524448172756, 4.97524448172756, 4.97524448172756, 4.97524448172756, 4.97524448172756, 4.97524448172756, 4.97524448172756, 4.97524448172756, 4.878533302791535, 4.878533302791535, 4.878533302791535, 4.878533302791535, 4.878533302791535, 4.878533302791535, 4.878533302791535, 4.878533302791535, 4.878533302791535, 4.878533302791535, 4.878533302791535, 4.8740112667992, 4.8740112667992, 4.8740112667992, 4.8740112667992, 4.8740112667992, 4.8740112667992, 4.8740112667992, 4.8740112667992, 4.8740112667992, 4.8740112667992, 4.8740112667992, 4.8740112667992, 4.8740112667992, 4.8740112667992, 4.8740112667992, 4.8740112667992, 4.8740112667992, 4.8740112667992, 4.8740112667992, 4.8740112667992, 4.8740112667992, 4.8740112667992, 4.8740112667992, 4.8740112667992, 4.861168160009637, 4.861168160009637, 4.7655219325312865, 4.7655219325312865, 4.7655219325312865, 4.7655219325312865, 4.7655219325312865, 4.7655219325312865, 4.7655219325312865, 4.7655219325312865, 4.7655219325312865, 4.7655219325312865, 4.7655219325312865, 4.7655219325312865, 4.7655219325312865, 4.7655219325312865, 4.7655219325312865, 4.7655219325312865, 4.7655219325312865, 4.7655219325312865, 4.7655219325312865, 4.643023778521825, 4.643023778521825, 4.643023778521825, 4.643023778521825, 4.643023778521825, 4.643023778521825, 4.643023778521825, 4.643023778521825, 4.640923333546472, 4.640923333546472, 4.640923333546472, 4.640923333546472, 4.640923333546472, 4.640923333546472, 4.640923333546472, 4.640923333546472, 4.640923333546472, 4.640923333546472, 4.640923333546472, 4.640923333546472, 4.640923333546472, 4.640923333546472, 4.640923333546472, 4.640923333546472, 4.640923333546472, 4.640923333546472, 4.640923333546472, 4.640923333546472, 4.640923333546472, 4.640923333546472, 4.640923333546472, 4.640923333546472, 4.640923333546472, 4.640923333546472, 4.640923333546472, 4.640923333546472, 4.640923333546472, 4.640923333546472, 4.640923333546472, 4.640923333546472, 4.640923333546472, 4.640923333546472, 4.640923333546472, 4.640923333546472, 4.524898874696601, 4.524898874696601, 4.524898874696601, 4.524898874696601, 4.524898874696601, 4.524898874696601, 4.524898874696601, 4.524898874696601, 4.524898874696601, 4.524898874696601, 4.524898874696601, 4.524898874696601, 4.524898874696601, 4.524898874696601, 4.524898874696601, 4.524898874696601, 4.524898874696601, 4.524898874696601, 4.524898874696601, 4.524898874696601, 4.524898874696601, 4.524898874696601, 4.524898874696601, 4.519358807770663, 4.508504321335485, 4.508504321335485, 4.508504321335485, 4.508504321335485, 4.431159430710727, 4.431159430710727, 4.431159430710727, 4.431159430710727, 4.431159430710727, 4.420820010402215, 4.3515442489946965, 4.3515442489946965, 4.316575510792001, 4.316575510792001, 4.273075948947321, 4.273075948947321, 4.273075948947321, 4.159522910597463, 4.159522910597463, 4.159522910597463, 4.159522910597463, 4.159522910597463, 4.159522910597463, 4.144365458261399, 4.144365458261399, 4.144365458261399, 4.144365458261399, 4.144365458261399, 4.1027070151435, 4.1027070151435, 4.1027070151435, 4.1027070151435, 4.1027070151435, 4.1027070151435, 4.1027070151435, 4.1027070151435, 4.1027070151435, 4.1027070151435, 4.1027070151435, 4.1027070151435, 4.092123778408797, 4.08789836540424, 4.08789836540424, 4.08789836540424, 4.020258971623012, 4.020258971623012, 4.020258971623012, 4.020258971623012, 4.020258971623012, 3.9999098197492975, 3.9999098197492975, 3.9999098197492975, 3.9999098197492975, 3.9917307013557073, 3.9395634926185408, 3.9300700798236505, 3.9300700798236505, 3.86179096358163, 3.86179096358163, 3.86179096358163, 3.86179096358163, 3.86179096358163, 3.86179096358163, 3.86179096358163, 3.8473610423860096, 3.8473610423860096, 3.817727627577605, 3.817727627577605, 3.817727627577605, 3.817727627577605, 3.817727627577605, 3.8135864999559193, 3.8135864999559193, 3.804141052185543, 3.804141052185543, 3.804141052185543, 3.804141052185543, 3.786779039120548, 3.786779039120548, 3.786779039120548, 3.786779039120548, 3.786779039120548, 3.786779039120548, 3.786779039120548, 3.772097457653631, 3.772097457653631, 3.772097457653631, 3.772097457653631, 3.771551997573287, 3.771551997573287, 3.771551997573287, 3.771551997573287, 3.771551997573287, 3.760895262319575, 3.7380892864610784, 3.726016527761227, 3.726016527761227, 3.726016527761227, 3.726016527761227, 3.726016527761227, 3.726016527761227, 3.7129141855492165, 3.7129141855492165, 3.7129141855492165, 3.7129141855492165, 3.7129141855492165, 3.7129141855492165, 3.7129141855492165, 3.7129141855492165, 3.703506256537463, 3.6751460726298983, 3.648004167294376, 3.64432408948424, 3.6406682534192605, 3.6406682534192605, 3.6226552100408647, 3.6226552100408647, 3.6226552100408647, 3.6226552100408647, 3.6226552100408647, 3.6226552100408647, 3.6226552100408647, 3.613912523108185, 3.613912523108185, 3.613912523108185, 3.6121911384441234, 3.6121911384441234, 3.6121911384441234, 3.597279662177676, 3.597279662177676, 3.597279662177676, 3.5492233460542386, 3.5492233460542386, 3.5492233460542386, 3.5492233460542386, 3.5492233460542386, 3.5424454855540444, 3.5424454855540444, 3.5424454855540444, 3.5424454855540444, 3.5424454855540444, 3.5424454855540444, 3.5424454855540444, 3.5424454855540444, 3.5424454855540444, 3.5424454855540444, 3.5424454855540444, 3.5424454855540444, 3.5424454855540444, 3.5153584366752986, 3.5153584366752986, 3.5153584366752986, 3.5153584366752986, 3.5153584366752986, 3.5153584366752986, 3.5153584366752986, 3.5153584366752986, 3.5153584366752986, 3.5153584366752986, 3.5125149192002714, 3.5125149192002714, 3.5125149192002714, 3.5125149192002714, 3.5125149192002714, 3.5125149192002714, 3.5125149192002714, 3.5125149192002714, 3.5086757026652178, 3.4970184129381936, 3.4970184129381936, 3.4923564429005616, 3.4923564429005616, 3.4923564429005616, 3.4923564429005616, 3.4878883727643855, 3.4869360356103805, 3.4869360356103805, 3.4869360356103805, 3.4869360356103805, 3.4869360356103805, 3.4719262766459633, 3.470049398916739, 3.470049398916739, 3.4663384351780806, 3.4663384351780806, 3.4663384351780806, 3.4663384351780806, 3.4663384351780806, 3.4598515639229426, 3.4598515639229426, 3.4598515639229426, 3.4598515639229426, 3.4598515639229426, 3.4598515639229426, 3.4386117571876165, 3.4386117571876165, 3.4386117571876165, 3.4386117571876165, 3.4386117571876165, 3.431291567585456, 3.431291567585456, 3.431291567585456, 3.431291567585456, 3.4095314709597795, 3.4095314709597795, 3.4095314709597795, 3.4095314709597795, 3.4095314709597795, 3.4095314709597795, 3.4095314709597795, 3.4095314709597795, 3.4095314709597795, 3.4095314709597795, 3.4095314709597795, 3.4095314709597795, 3.402681976399094, 3.402681976399094, 3.402681976399094, 3.4005466781596025, 3.4005466781596025, 3.4005466781596025, 3.4005466781596025, 3.3743084826797403, 3.3652617338473205, 3.35306150068051, 3.35306150068051, 3.343631529934192, 3.343631529934192, 3.343631529934192, 3.336040190287999, 3.3149138720577986, 3.3149138720577986, 3.3149138720577986, 3.3149138720577986, 3.3149138720577986, 3.3149138720577986, 3.307742164248512, 3.307742164248512, 3.301971609630282, 3.294116494516847, 3.294116494516847, 3.294116494516847, 3.294116494516847, 3.294116494516847, 3.294116494516847, 3.294116494516847, 3.2816148006096086, 3.2816148006096086, 3.2816148006096086, 3.263068406039445, 3.263068406039445, 3.263068406039445, 3.263068406039445, 3.263068406039445, 3.263068406039445, 3.263068406039445, 3.2616039268554204, 3.246429227647327, 3.246429227647327, 3.2449778110261946, 3.2449778110261946, 3.2443927267871837, 3.2443927267871837, 3.2443927267871837, 3.2443927267871837, 3.2443927267871837, 3.2443927267871837, 3.2443927267871837, 3.2443927267871837, 3.2443927267871837, 3.2443927267871837, 3.2443927267871837, 3.2443927267871837, 3.2443927267871837, 3.2443927267871837, 3.2443927267871837, 3.2443927267871837, 3.2443927267871837, 3.2443927267871837, 3.2443927267871837, 3.2443927267871837, 3.2443927267871837, 3.2443927267871837, 3.2443927267871837, 3.2438915166905318, 3.2393028862261897, 3.2339503613729326, 3.2339503613729326, 3.2237825141381964, 3.2237825141381964, 3.2139007250467935, 3.2139007250467935, 3.2139007250467935, 3.2139007250467935, 3.2019565319888805, 3.19631899601568, 3.1907022503948714, 3.1907022503948714, 3.1907022503948714, 3.1907022503948714, 3.1821707821396923, 3.1821707821396923, 3.1821707821396923, 3.1821707821396923, 3.1821707821396923, 3.1821707821396923, 3.1801347417175454, 3.1801347417175454, 3.1801347417175454, 3.1801347417175454, 3.1801347417175454, 3.1801347417175454, 3.1781160793607195, 3.1781160793607195, 3.1781160793607195, 3.1781160793607195, 3.1781160793607195, 3.1781160793607195, 3.1781160793607195, 3.1781160793607195, 3.1781160793607195, 3.1781160793607195, 3.1781160793607195, 3.1781160793607195, 3.1781160793607195, 3.17788713318961, 3.17788713318961, 3.17788713318961, 3.1778470914830605, 3.1778470914830605, 3.1778470914830605, 3.170919104227944, 3.170919104227944, 3.1695338355170355, 3.1695338355170355, 3.1615021859527266, 3.1615021859527266, 3.155814918891463, 3.155814918891463, 3.155814918891463, 3.155814918891463, 3.155814918891463, 3.1485056612226696, 3.1442798003948553, 3.1442798003948553, 3.1442798003948553, 3.128965525400071, 3.128965525400071, 3.128965525400071, 3.123620425582563, 3.1225835267828885, 3.1225835267828885, 3.1171883817703003, 3.1144180247392605, 3.1144180247392605, 3.1144180247392605, 3.1092248177402233, 3.1092248177402233, 3.1067951873496726, 3.1067951873496726, 3.0990180502492914, 3.0990180502492914, 3.0985677481959106, 3.0985677481959106, 3.0985677481959106, 3.0985677481959106, 3.0985677481959106, 3.0985677481959106, 3.0985677481959106, 3.0911142081810685, 3.0911142081810685, 3.0911142081810685, 3.0911142081810685, 3.0911142081810685, 3.0911142081810685, 3.0911142081810685, 3.0911142081810685, 3.0911142081810685, 3.0911142081810685, 3.0911142081810685, 3.0911142081810685, 3.0911142081810685, 3.0911142081810685, 3.0911142081810685, 3.089704844055983, 3.0853742379990834, 3.0853742379990834, 3.0853742379990834, 3.0853742379990834, 3.0819549535317394, 3.0752341709439714, 3.0752341709439714, 3.0752341709439714, 3.072680533878387, 3.072680533878387, 3.072680533878387, 3.072146247934412, 3.072146247934412, 3.072146247934412, 3.072146247934412, 3.072146247934412, 3.072146247934412, 3.072146247934412, 3.072146247934412, 3.072146247934412, 3.071877167969154, 3.071877167969154, 3.0692375740676963, 3.0692375740676963, 3.0692375740676963, 3.0692375740676963, 3.0692375740676963, 3.0692375740676963, 3.0692375740676963, 3.0692375740676963, 3.0692375740676963, 3.0692375740676963, 3.0663656469375367, 3.0663656469375367, 3.0645934702858093, 3.0645934702858093, 3.0645934702858093, 3.0645934702858093, 3.0645934702858093, 3.0645934702858093, 3.0645934702858093, 3.064000624197501, 3.058756626472271, 3.058756626472271, 3.056976999555315, 3.056976999555315, 3.056208365808719, 3.056208365808719, 3.056208365808719, 3.056208365808719, 3.0553284851962297, 3.0510622080040988, 3.0510622080040988, 3.0510622080040988, 3.0510622080040988, 3.0510622080040988, 3.0510622080040988, 3.0509453009045315, 3.0509453009045315, 3.0454482868234947, 3.0454482868234947, 3.0454482868234947, 3.0450612767032847, 3.038690896261306, 3.038690896261306, 3.038690896261306, 3.037160315841594, 3.037160315841594, 3.037160315841594, 3.037021216892061, 3.037021216892061, 3.037021216892061, 3.037021216892061, 3.03549334864137, 3.029667507403742, 3.0258589207179964, 3.0258589207179964, 3.0258589207179964, 3.0258589207179964, 3.0248761555505177, 3.0248761555505177, 3.0248761555505177, 3.024830284572783, 3.024830284572783, 3.024830284572783, 3.024830284572783, 3.024830284572783, 3.024830284572783, 3.024830284572783, 3.0240858913098694, 3.0240858913098694, 3.0199859621663574, 3.019632345784909, 3.018782792267976, 3.0147536242449724, 3.0147536242449724, 3.0147296360560825, 3.0137156746374867, 3.0137156746374867, 3.0137156746374867, 3.0113633751238464, 3.0113633751238464, 3.0113633751238464, 3.0113633751238464, 3.0113633751238464, 3.0087556574079724, 3.0087556574079724, 3.007673389697201, 3.007673389697201, 3.007673389697201, 3.007673389697201, 3.0064642126598056, 3.004944984244291, 3.0019000863272045, 3.0004188522459967, 2.9996693373987915, 2.9996693373987915, 2.9996693373987915, 2.9990032047190995, 2.9957386501251704, 2.9957386501251704, 2.9939168988081515, 2.9939168988081515, 2.9925974702078197, 2.9925974702078197, 2.9910548376658608, 2.9910548376658608, 2.9910548376658608, 2.990994069942091, 2.990866947426367, 2.990866947426367, 2.9887962644062345, 2.9887962644062345, 2.986229625328508, 2.9826981340135847, 2.9826981340135847, 2.9826981340135847, 2.9826981340135847, 2.9795334049002835, 2.9795334049002835, 2.9792714863227157, 2.9792714863227157, 2.97909202651372, 2.9758499248948675, 2.973566868948558, 2.9725367530943854, 2.9725367530943854, 2.9725367530943854, 2.9685839824575595, 2.9661348433721635, 2.9635577504597013, 2.9635577504597013, 2.9635577504597013, 2.9635577504597013, 2.963203372147979, 2.963203372147979, 2.9616423220861527, 2.9616423220861527, 2.9613329695646096, 2.9613329695646096, 2.9606819102373074, 2.9606819102373074, 2.9606819102373074, 2.9580648550911555, 2.9580648550911555, 2.956234544673294, 2.956234544673294, 2.955067687564426, 2.955067687564426, 2.955067687564426, 2.955067687564426, 2.954591394101501, 2.954591394101501, 2.9526191754315896, 2.9526191754315896, 2.9526191754315896, 2.9491586382426913, 2.9491586382426913, 2.9489785590499795, 2.946521441141764, 2.946521441141764, 2.946521441141764, 2.946190526245763, 2.946170967091959, 2.946170967091959, 2.9441109283891302, 2.9441109283891302, 2.9438585024031383, 2.9422714054269137, 2.9422714054269137, 2.94116604643524, 2.9407984075092135, 2.9388170986579207, 2.937450403889651, 2.937450403889651, 2.936515702141656, 2.936515702141656, 2.936403472587545, 2.936403472587545, 2.9361192271822976, 2.9358263860934626, 2.9336188318868164, 2.9336188318868164, 2.9329651638313576, 2.9318210624513172, 2.930466709944306, 2.928889866228457, 2.928889866228457, 2.9279122529206454, 2.9266832013609547, 2.9266832013609547, 2.9266832013609547, 2.9260368586848022, 2.9260368586848022, 2.9260368586848022, 2.92504854807778, 2.92504854807778, 2.92504854807778, 2.92504854807778, 2.9235301635883473, 2.9235301635883473, 2.9235301635883473, 2.9235301635883473, 2.9235301635883473, 2.9235301635883473, 2.9235301635883473, 2.9232975011149414, 2.9232975011149414, 2.920023451406489, 2.920023451406489, 2.920023451406489, 2.9180855927643954, 2.9180855927643954, 2.91735472880974, 2.91735472880974, 2.9165118043384854, 2.9165118043384854, 2.9165118043384854, 2.9165118043384854, 2.9165118043384854, 2.9165118043384854, 2.9165118043384854, 2.91564181368187, 2.9151150801825145, 2.914157120639054, 2.912993612743559, 2.912993612743559, 2.912993612743559, 2.912993612743559, 2.912993612743559, 2.9119207644588734, 2.911655930614976, 2.911655930614976, 2.911655930614976, 2.911453339157912, 2.911453339157912, 2.911453339157912, 2.910909096399943, 2.910909096399943, 2.910909096399943, 2.910909096399943, 2.910041091303346, 2.910041091303346, 2.910041091303346, 2.9091122743313904, 2.9076120109154435, 2.904939471098481, 2.904383232984593, 2.9038522949925176, 2.9038522949925176, 2.9038522949925176, 2.9038522949925176, 2.902439725462091, 2.902439725462091, 2.902010096444024, 2.9019534941072815, 2.901461509169725, 2.901461509169725, 2.901461509169725, 2.898587625493448, 2.898587625493448, 2.897767693908126, 2.8973815870032738, 2.896737540209735, 2.896737540209735, 2.8956802496834406, 2.8956802496834406, 2.8946514672072476, 2.8946514672072476, 2.8946514672072476, 2.8946514672072476, 2.894431636446998, 2.894398286859825, 2.89428945823952, 2.89428945823952, 2.89428945823952, 2.8928635889890963, 2.8928635889890963, 2.8926198659119784, 2.8917930037887007, 2.8917930037887007, 2.8917930037887007, 2.8917930037887007, 2.891584962764114, 2.891434673279051, 2.891434673279051, 2.891434673279051, 2.891286129673953, 2.891286129673953, 2.889539222868662, 2.88899142401559, 2.88899142401559, 2.8881491227124734, 2.8881491227124734, 2.8881491227124734, 2.8881491227124734, 2.8881491227124734, 2.8881491227124734, 2.88717371446115, 2.886740939327018, 2.8853645955444014, 2.8853645955444014, 2.884578325130321, 2.884578325130321, 2.884578325130321, 2.8844526671858692, 2.8844526671858692, 2.8844526671858692, 2.8844526671858692, 2.8844526671858692, 2.8844526671858692, 2.884316270313566, 2.884316270313566, 2.882894051768792, 2.882894051768792, 2.882894051768792, 2.882894051768792, 2.8827990060130126, 2.8827127628225497, 2.8827127628225497, 2.8827127628225497, 2.8827127628225497, 2.8827127628225497, 2.882648162740879, 2.882648162740879, 2.882648162740879, 2.8818749183069463, 2.880795688225479, 2.880655805900614, 2.8801379216411127, 2.879464278145442, 2.879464278145442, 2.879464278145442, 2.879464278145442, 2.8775316672350364, 2.8775088282489274, 2.8775088282489274, 2.877188966387794, 2.877188966387794, 2.877188966387794, 2.877188966387794, 2.877188966387794, 2.876760402053752, 2.8759264668459616, 2.8759264668459616, 2.875746497401485, 2.875746497401485, 2.875746497401485, 2.8751736734279247, 2.8751736734279247, 2.8751736734279247, 2.8751615330025, 2.875032752909988, 2.8746899814202043, 2.8745497572358953, 2.8745497572358953, 2.874123001855517, 2.874123001855517, 2.872749762560325, 2.872749762560325, 2.872749762560325, 2.872749762560325, 2.8722042545439703, 2.8722042545439703, 2.8722042545439703, 2.871841447063224, 2.871841447063224, 2.871276359709482, 2.8712737219674245, 2.8711258746959545, 2.8709469207380183, 2.8698378782423717, 2.8698378782423717, 2.8698378782423717, 2.8698378782423717, 2.8695949511553245, 2.8695949511553245, 2.8691485596712303, 2.8689709113388466, 2.8689709113388466, 2.8689709113388466, 2.8689378354915234, 2.8689378354915234, 2.8689378354915234, 2.867843303730879, 2.867843303730879, 2.867593222824985, 2.866409652447574, 2.8660604070734093, 2.8657360051674816, 2.8650841574189525, 2.865032849488435, 2.864762848647183, 2.864762848647183, 2.864762848647183, 2.864481734220313, 2.864481734220313, 2.864481734220313, 2.864481734220313, 2.8643115702129545, 2.8643115702129545, 2.8643115702129545, 2.8643115702129545, 2.86383437605762, 2.86383437605762, 2.863026260698914, 2.8629981727196427, 2.8629981727196427, 2.862327388985447, 2.862327388985447, 2.862327388985447, 2.862327388985447, 2.862327388985447, 2.862327388985447, 2.8621457619641824, 2.8621457619641824, 2.861670357840402, 2.861670357840402, 2.861670357840402, 2.861670357840402, 2.861670357840402, 2.8611426845429437, 2.860942811562271, 2.860942811562271, 2.860942811562271, 2.860790897298742, 2.860790897298742, 2.8606399240947904, 2.8599194862224437, 2.8599194862224437, 2.8599194862224437, 2.8599194862224437, 2.8599194862224437, 2.8596310943522782, 2.8596310943522782, 2.8596310943522782, 2.8596310943522782, 2.8596310943522782, 2.8591952550978887, 2.8591952550978887, 2.8591952550978887, 2.858779543922061, 2.858779543922061, 2.857999356335433, 2.857999356335433, 2.857999356335433, 2.857999356335433, 2.857999356335433, 2.8579115527016774, 2.8579115527016774, 2.85772953966938, 2.857506316805643, 2.857506316805643, 2.857506316805643, 2.857193837090144, 2.857000675150957, 2.857000675150957, 2.8566404890131065, 2.8564539624269676, 2.8564539624269676, 2.8561671751516835, 2.8558199784112355, 2.8555567352860063, 2.8555567352860063, 2.855315605799357, 2.855315605799357, 2.855315605799357, 2.855315605799357, 2.855315605799357, 2.855315605799357, 2.855000092238976, 2.854787383760725, 2.8544817727709573, 2.8541093705192444, 2.8540300515593673, 2.853414430820122, 2.853392584614022, 2.853392584614022, 2.853135344843385, 2.853135344843385, 2.853135344843385, 2.853112635789094, 2.852711040506918, 2.852711040506918, 2.852411612001046, 2.852411612001046, 2.852411612001046, 2.852046021708736, 2.852046021708736, 2.852046021708736, 2.8517003412599915, 2.8517003412599915, 2.851562361237864, 2.851562361237864, 2.851562361237864, 2.851277056194487, 2.851277056194487, 2.851136222718254, 2.850870756875901, 2.8507652862992865, 2.850666856008863, 2.850666856008863, 2.850666856008863, 2.850666856008863, 2.850666856008863, 2.8506280455009017, 2.8506280455009017, 2.8506280455009017, 2.850590328690867, 2.850590328690867, 2.850299360890868, 2.850299360890868, 2.850299360890868, 2.850299360890868, 2.8501866116094843, 2.8501866116094843, 2.8501866116094843, 2.8501866116094843, 2.8492749759129117, 2.849049937788141, 2.849049937788141, 2.848537081763858, 2.848537081763858, 2.848537081763858, 2.848457978516029, 2.8484203197337963, 2.8484203197337963, 2.848314992965214, 2.848314992965214, 2.848314992965214, 2.848278048177245, 2.848278048177245, 2.8481849968118014, 2.8480456657510587, 2.847910303287405, 2.847803238207701, 2.847803238207701, 2.847803238207701, 2.84731498849455, 2.84731498849455, 2.8470448867353815, 2.846888708689856, 2.8465073600647943, 2.8464813623478804, 2.846447499340804, 2.8461700015597873, 2.8461700015597873, 2.8461700015597873, 2.8460585679957475, 2.8460585679957475, 2.8460585679957475, 2.8460585679957475, 2.8457910711803134, 2.845717645826794, 2.845495656684593, 2.8452149888195057, 2.8452149888195057, 2.845146966358972, 2.845146966358972, 2.845146966358972, 2.845146966358972, 2.845146966358972, 2.8449352834590527, 2.844715395932475, 2.844715395932475, 2.844715395932475, 2.844715395932475, 2.844663825615373, 2.844490027301526, 2.8443877482540394, 2.844125983576295, 2.8440368099818154, 2.8440368099818154, 2.8440368099818154, 2.843947590974273, 2.8437115628883323, 2.8437115628883323, 2.8437001831317072, 2.8437001831317072, 2.8436961918280868, 2.8436961918280868, 2.843585657694983, 2.843585657694983, 2.843399141200636, 2.843132044272448, 2.843132044272448, 2.843132044272448, 2.842895678111485, 2.8424764978822576, 2.84236319355233, 2.842280468612752, 2.842160872050694, 2.841920017565369, 2.841920017565369, 2.841624860410337, 2.841591196716147, 2.841277870551619, 2.8411699564999373, 2.8411484735983388, 2.8411484735983388, 2.8411484735983388, 2.8411484735983388, 2.8411484735983388, 2.8411484735983388, 2.8410207897267012, 2.8410207897267012, 2.8410207897267012, 2.8410207897267012, 2.8410207897267012, 2.8409746538394343, 2.8408790366359487, 2.8406782944997153, 2.8406782944997153, 2.840635862300005, 2.840506126010229, 2.8403804403133495, 2.8403804403133495, 2.8403710007036804, 2.8403710007036804, 2.8403534712614835, 2.8399614694888, 2.8399614694888, 2.839771618918767, 2.839771618918767, 2.839734708190595, 2.839734708190595, 2.8396777299346114, 2.8396777299346114, 2.8396777299346114, 2.8394900352235823, 2.8394900352235823, 2.8394900352235823, 2.839368391289282, 2.839368391289282, 2.839368391289282, 2.8393433661687943, 2.8393433661687943, 2.8393020175752186, 2.839252193138082, 2.839252193138082, 2.8390915721812577, 2.8390915721812577, 2.8390915721812577, 2.8390915721812577, 2.8388765362835433, 2.838819623624206, 2.838761155567472, 2.838761155567472, 2.838761155567472, 2.8386136993529303, 2.8384558586847213, 2.8384558586847213, 2.838387861453667, 2.8383097951374356, 2.8383097951374356, 2.8382250215641407, 2.8382250215641407, 2.83820928593792, 2.83820928593792, 2.8381121499197826, 2.8380673272269115, 2.838012731895245, 2.837911081061792, 2.83788909104766, 2.83788909104766, 2.8378699835015353, 2.8377888871248436, 2.8377185965341236, 2.837636777332851, 2.8376035349709645, 2.8376035349709645, 2.837590435825328, 2.8374760365359997, 2.8374760365359997, 2.837351261623322, 2.837351261623322, 2.837317806072336, 2.837317806072336, 2.837317806072336, 2.8372145632587413, 2.8371935925155722, 2.8370623235349304, 2.8370623235349304, 2.8370623235349304, 2.8370623235349304, 2.8369806809400124, 2.836896157138562, 2.836896157138562, 2.836896157138562, 2.836896157138562, 2.8368784737965416, 2.836820768931555, 2.8367704121524064, 2.8367704121524064, 2.8367704121524064, 2.8367704121524064, 2.8367704121524064, 2.8367704121524064, 2.8367704121524064, 2.8365919287242587, 2.8365484961756953, 2.8364279320631076, 2.8364279320631076, 2.836408811902243, 2.836408811902243, 2.8363160040012745, 2.8363160040012745, 2.836190632411412, 2.836190632411412, 2.8361862904180293, 2.836075287016611, 2.836022798346464, 2.836022798346464, 2.836022612909791, 2.8360193444307518, 2.8359195744549788, 2.8359195744549788, 2.8359195744549788, 2.8359195744549788, 2.8359195744549788, 2.835851756353227, 2.8358412709816423, 2.8358412709816423, 2.8358412709816423, 2.8358412709816423, 2.8358412709816423, 2.8358412709816423, 2.8358412709816423, 2.8358412709816423, 2.835760884814792, 2.835699946792037, 2.835682094412506, 2.835682094412506, 2.835428584820379, 2.835428584820379, 2.8353246204436773, 2.8353246204436773, 2.8353241839736856, 2.835308722087315, 2.8352507056382596, 2.8352507056382596, 2.8352231033264643, 2.8351432646393144, 2.835090811290438, 2.835090811290438, 2.834966228121803, 2.8349596104293906, 2.8349596104293906, 2.8349596104293906, 2.8349596104293906, 2.8349145657171015, 2.8348875033161627, 2.8348342211788924, 2.8348342211788924, 2.8347438756751004, 2.8346291244345365, 2.8346291244345365, 2.8345463225450467, 2.8344153563181558, 2.8344153563181558, 2.8343346421680753, 2.834302412769782, 2.8341858260846013, 2.8341858260846013, 2.8341724380614264, 2.8341724380614264, 2.8340985774993896, 2.8340985774993896, 2.8340985774993896, 2.8340985774993896, 2.8340985774993896, 2.8340985774993896, 2.8340754080071022, 2.8340754080071022, 2.8339406788033785, 2.8338762073920516, 2.8338762073920516, 2.8337911171887917, 2.833708266101817, 2.833708266101817, 2.833632614246752, 2.8336195277158547, 2.8335640215999867, 2.83342987393576, 2.833427285391187, 2.833427285391187, 2.833427285391187, 2.8333930616025573, 2.833369771008769, 2.8332706557379828, 2.8332527705601285, 2.833191529783622, 2.833191529783622, 2.8331432052390286, 2.8331430071876165, 2.8330971753155745, 2.8330971753155745, 2.8330643341024087, 2.833018117480808, 2.833018117480808, 2.833018117480808, 2.832967893156425, 2.832967893156425, 2.832967893156425, 2.832967893156425, 2.832940030980993, 2.832937620304249, 2.8329058967570147, 2.832728800950227, 2.8325973894230274, 2.8325973894230274, 2.8325973894230274, 2.8325835989896584, 2.832543301203894, 2.832543301203894, 2.832543301203894, 2.8325032658047147, 2.8325032658047147, 2.8325032658047147, 2.8324554319734925, 2.832372047283031, 2.832372047283031, 2.83236102830796, 2.8323251633417037, 2.832279615301304, 2.832279615301304, 2.832279615301304, 2.832247295076885, 2.832247295076885, 2.8321836360547907, 2.832129369967829, 2.832100197120949, 2.832100197120949, 2.832100197120949, 2.832072628868951, 2.832072628868951, 2.832072628868951, 2.831962579141849, 2.8319504929598045, 2.8319504929598045, 2.8318971729783153, 2.8318971729783153, 2.8318492949955045, 2.8318492949955045, 2.8318456871799693, 2.831843811368185, 2.8318007761839206, 2.8318007761839206, 2.831799938565209, 2.831799938565209, 2.831766721432802, 2.831757018175075, 2.8317381982450134, 2.8317381982450134, 2.8317381982450134, 2.8317381982450134, 2.8316496616948847, 2.831636074358824, 2.831586751988325, 2.831586751988325, 2.831533495080534, 2.831533495080534, 2.831533495080534, 2.831533495080534, 2.8315206974271745, 2.8315206974271745, 2.831493933995565, 2.831493933995565, 2.831469175046083, 2.831432583470824, 2.831432583470824, 2.8313760189783004, 2.8313760189783004, 2.8313760189783004, 2.8313233461329546, 2.8313233461329546, 2.8313233461329546, 2.8313233461329546, 2.8312767245782116, 2.8312767245782116, 2.8312767245782116, 2.8312705420943165, 2.8312705420943165, 2.8312705420943165, 2.831235468072235, 2.831235468072235, 2.831187619103326, 2.831187619103326, 2.8311866919199624, 2.8311866919199624, 2.831160343513287, 2.8311578293956776, 2.8311578293956776, 2.8311282213402804, 2.831059930185792, 2.831059930185792, 2.831059930185792, 2.831059930185792, 2.8310329081520202, 2.8310222865412475, 2.8310222865412475, 2.8310222865412475, 2.8310222865412475, 2.8309925573843495, 2.8309230854902316, 2.8309230854902316, 2.8308942103512074, 2.8308942103512074, 2.8308942103512074, 2.8308578395338917, 2.8308526977660162, 2.8308526977660162, 2.8308387370336625, 2.8308197909562045, 2.8308197909562045, 2.8308197909562045, 2.8308197909562045, 2.8308197909562045, 2.8308082888366055, 2.830785628979799, 2.830785628979799, 2.830785628979799, 2.830785628979799, 2.830754754404542, 2.830738869924394, 2.830738869924394, 2.8307041440691267, 2.8307041440691267, 2.830689862922386, 2.830689862922386, 2.830686327010866, 2.8306839731004505, 2.8306839731004505, 2.830650074772103, 2.830650074772103, 2.830650074772103, 2.830650074772103, 2.8306430849448714, 2.8306430849448714, 2.8306103471725708, 2.8305894407645735, 2.8305406015386025, 2.8305403732118153, 2.8305340809796853, 2.8305340809796853, 2.8304500188777055, 2.8304370332647255, 2.8304284653335654, 2.8304284653335654, 2.8304284653335654, 2.830374320348104, 2.830374320348104, 2.830374320348104, 2.830362746324489, 2.830362746324489, 2.830362746324489, 2.8303318528271224, 2.830331803629638, 2.830331803629638, 2.830331803629638, 2.830321375024382, 2.830307652710607, 2.830307652710607, 2.8302943164078647, 2.8302943164078647, 2.8302943164078647, 2.830261359139094, 2.8302201568764986, 2.830188828170615, 2.8301815116216265, 2.8301815116216265, 2.8301815116216265, 2.8301815116216265, 2.8301815116216265, 2.830133387651393, 2.8301256270635697, 2.8301256270635697, 2.8300945241615256, 2.8300797724849964, 2.8300797724849964, 2.8300741236045877, 2.8300741236045877, 2.8300741236045877, 2.8300582782301325, 2.8300414299838756, 2.8300139008375704, 2.8300139008375704, 2.8300139008375704, 2.8300139008375704, 2.8300139008375704, 2.8300139008375704, 2.8300139008375704, 2.829966315516719, 2.829966315516719, 2.829966315516719, 2.8299630609138933, 2.8299412008315796, 2.8299412008315796, 2.8299412008315796, 2.829919096023317, 2.8299030172761785, 2.82990117173977, 2.829891049672687, 2.829891049672687, 2.829891049672687, 2.829891049672687, 2.8298373726940658, 2.8298373726940658, 2.8298373726940658, 2.8298373726940658, 2.829790088865492, 2.829790088865492, 2.829790088865492, 2.8297678288959323, 2.8297678288959323, 2.8297678288959323, 2.82975829593719, 2.829736652828398, 2.8297218519543845, 2.8297218519543845, 2.8297218519543845, 2.8297218519543845, 2.8297218519543845, 2.8297093393941406, 2.82970755062406, 2.829689130581245, 2.8296595036037386, 2.8296516963413785, 2.829627100122038, 2.8295909992601507, 2.8295909992601507, 2.8295909992601507, 2.8295733411476096, 2.8295733411476096, 2.8295733411476096, 2.8295650431718777, 2.8295650431718777, 2.8295650431718777, 2.8295558104439387, 2.829555627530214, 2.829555627530214, 2.829555627530214, 2.829555627530214, 2.829555627530214, 2.829555627530214, 2.829555627530214, 2.829545084130827, 2.829530638992471, 2.8294716537314115, 2.8294655040458396, 2.829432961802003, 2.8294166332830195, 2.8294037246199513, 2.8294037246199513, 2.8294037246199513, 2.8294037246199513, 2.829386313756307, 2.829386313756307, 2.8293673336190523, 2.8293564672823304, 2.8293564672823304, 2.8293564672823304, 2.8293564672823304, 2.8293360074361167, 2.8293360074361167, 2.829333013958401, 2.829333013958401, 2.829333013958401, 2.8293248850201804, 2.8293248850201804, 2.8293248850201804, 2.8293248850201804, 2.8293248850201804, 2.8293248850201804, 2.829324317356897, 2.829324317356897, 2.8293232160901267, 2.8293232160901267, 2.829305885960816, 2.8292978465872465, 2.8292978465872465, 2.829291344950439, 2.829291344950439, 2.8292899686823447, 2.8292899686823447, 2.8292727129799977, 2.8292700235175077, 2.8292700235175077, 2.8292700235175077, 2.8292700235175077, 2.829256385722488, 2.829256385722488, 2.8292529229764587, 2.8292529229764587, 2.8292362513365568, 2.8292362513365568, 2.8292116513327947, 2.8292105866487693, 2.829179920216717, 2.8291722201796436, 2.8291722201796436, 2.829161323567547, 2.829161323567547, 2.829161323567547, 2.8291565589803866, 2.829155645673237, 2.829155645673237, 2.829155645673237, 2.829155645673237, 2.829155645673237, 2.829142209714052, 2.8291298182553084, 2.8291298182553084, 2.8291298182553084, 2.829119602839152, 2.8291171606255587, 2.8291171606255587, 2.8291171606255587, 2.8291171606255587, 2.829114449718011, 2.829114449718011, 2.829114449718011, 2.829113757168805, 2.8290780423179505, 2.8290780423179505, 2.8290778947254966, 2.8290711294406305, 2.8290711294406305, 2.8290400189697427, 2.829020408095506, 2.8290179393909596, 2.8290179393909596, 2.829009213775554, 2.8289961625659275, 2.8289961625659275, 2.8289959859595726, 2.8289738988119457, 2.8289702279227122, 2.8289625796060713, 2.8289281842569824, 2.8289281842569824, 2.8289254153216326, 2.828923987333106, 2.8289217456938727, 2.828907439317653, 2.828907439317653, 2.8289038567315963, 2.828896443049113, 2.828896443049113, 2.828896072175768, 2.828896072175768, 2.828896072175768, 2.8288917226135415, 2.8288917226135415, 2.82888258449615, 2.828875645127877, 2.828875645127877, 2.828875645127877, 2.828875087556385, 2.828875087556385, 2.828875087556385, 2.8288627705246054, 2.828859778308364, 2.828859778308364, 2.828859778308364, 2.828858311214144, 2.82884359612036, 2.82884359612036, 2.8288412422099443, 2.8288412422099443, 2.8288412422099443, 2.8288349827761374, 2.8288349827761374, 2.8288322895292253, 2.8288287283882263, 2.8288284130197354, 2.8288203509396346, 2.8288203509396346, 2.8288112885106806, 2.8288112885106806, 2.8288012005033947, 2.8288012005033947, 2.8288007274506586, 2.8288007274506586, 2.8288007274506586, 2.8288007274506586, 2.8287797049870567, 2.8287797049870567, 2.828775709899014, 2.828773924913356, 2.8287730027758884, 2.8287708645775202, 2.8287708645775202, 2.828770319620768, 2.8287630219938893, 2.8287599439974183, 2.8287599439974183, 2.828757852473587, 2.8287496087412354, 2.8287496087412354, 2.8287496087412354, 2.8287496087412354, 2.8287496087412354, 2.828749557020803, 2.828749557020803, 2.828749557020803, 2.8287417560658126, 2.8287417560658126, 2.8287417560658126, 2.8287371037498352, 2.8287371037498352, 2.828733865546171, 2.828733865546171, 2.828733865546171, 2.828732413589639, 2.828732413589639, 2.828722806203933, 2.8287199653645674, 2.828707113467827, 2.828707113467827, 2.828707113467827, 2.828707113467827, 2.8286968753451394, 2.8286968753451394, 2.828685139852857, 2.8286805897162703, 2.8286748134269915, 2.8286649310399614, 2.8286643759914174, 2.8286643759914174, 2.8286577456842656, 2.8286577456842656, 2.8286424717575156, 2.8286424717575156, 2.8286424717575156, 2.828629313322602, 2.828629313322602, 2.8286249019481517, 2.8286249019481517, 2.8286249019481517, 2.8286249019481517, 2.8286235736160683, 2.8286235736160683, 2.8286223777387507, 2.8286223777387507, 2.8286223777387507, 2.8286177607440446, 2.8286177607440446, 2.8286177607440446, 2.8286177607440446, 2.8286177607440446, 2.828602923287286, 2.828602923287286, 2.828602923287286, 2.8286022168618663, 2.8285999512546276, 2.8285999512546276, 2.8285979328962862, 2.8285958098356057, 2.8285958098356057, 2.8285958098356057, 2.8285926675039623, 2.8285893460430165, 2.8285886434020187, 2.8285886434020187, 2.8285886434020187, 2.8285843379913813, 2.828573918216443, 2.828571882197466, 2.8285666382501997, 2.828565559689961, 2.8285643499364297, 2.8285643499364297, 2.8285630354805598, 2.8285535958708907, 2.8285535958708907, 2.8285535958708907, 2.8285492450471907, 2.828546201110517, 2.828546201110517, 2.828546201110517, 2.828546201110517, 2.828546201110517, 2.8285367514090565, 2.8285367514090565, 2.8285287208658048, 2.828526634387869, 2.828526634387869, 2.8285180071674327, 2.8285180071674327, 2.82850822569832, 2.82850822569832, 2.82850822569832, 2.828505415134329, 2.828505415134329, 2.8285005155694547, 2.8285005155694547, 2.8284995871246177, 2.828482677066137, 2.8284714562552318, 2.8284714562552318, 2.828468527112688, 2.828468527112688, 2.828460801846136, 2.8284487219714616, 2.8284468877883184, 2.828444837893128, 2.828439031328474, 2.828439031328474, 2.828439031328474, 2.8284381419893294, 2.8284380751312095, 2.8284375604498324, 2.8284329636387096, 2.828423193522862, 2.828418107259841, 2.828418107259841, 2.828418107259841, 2.828418107259841, 2.828418107259841, 2.8284180996909973, 2.828410330272856, 2.828407741728283, 2.8284010685310164, 2.8284010685310164, 2.8284010685310164, 2.828394508866406, 2.828393338218568, 2.828393029157447, 2.828393029157447, 2.828393029157447, 2.8283922798419123, 2.8283922798419123, 2.8283922798419123, 2.828391572155019, 2.828391572155019, 2.8283891955380716, 2.8283891955380716, 2.8283866145623424, 2.82838524838604, 2.82838524838604, 2.82838524838604, 2.828382516033435, 2.828382516033435, 2.828382516033435, 2.828382516033435, 2.8283755198988336, 2.8283755198988336, 2.8283755198988336, 2.828372779977385, 2.828372779977385, 2.828372779977385, 2.828372779977385, 2.828364955054389, 2.828364955054389, 2.828364955054389, 2.828362612497239, 2.828362612497239, 2.8283578895387196, 2.8283578895387196, 2.8283578895387196, 2.8283525459350103, 2.828351762559679, 2.828351068748999, 2.828351068748999, 2.828351068748999, 2.8283461830603382, 2.8283456620715914, 2.8283456620715914, 2.8283456620715914, 2.828344188670002, 2.828344188670002, 2.8283405707626748, 2.8283405707626748, 2.8283387428869013, 2.8283361921865473, 2.8283361921865473, 2.8283316269122736, 2.8283316269122736, 2.8283306189945767, 2.8283306189945767, 2.828327939623878, 2.828327939623878, 2.828327939623878, 2.8283185365969543, 2.8283185365969543, 2.828311954225813, 2.828311954225813, 2.828310567865927, 2.8283085659067466, 2.8283085659067466, 2.8283085659067466, 2.8283085659067466, 2.8283085659067466, 2.8283085659067466, 2.8283085659067466, 2.828304300863276, 2.828304300863276, 2.828304300863276, 2.828303617144388, 2.8283035591165855, 2.828303198335032, 2.828303198335032, 2.8282949142355136, 2.8282936414082847, 2.828288243561195, 2.828285859375404, 2.8282843367763295, 2.8282837552368325, 2.8282837552368325, 2.828283288491466, 2.828283288491466, 2.828283288491466, 2.828283288491466, 2.8282808450163985, 2.8282783271143677, 2.828276896602893, 2.828274847969176, 2.8282727577068187, 2.828270363429236, 2.828270363429236, 2.828267209744327, 2.828267209744327, 2.828266350680558, 2.8282654815249972, 2.8282628172919866, 2.8282628172919866, 2.8282601517975015, 2.8282601517975015, 2.828257172196, 2.828253925162018, 2.828253925162018, 2.828253925162018, 2.828253925162018, 2.828253925162018, 2.828253925162018, 2.828253727110605, 2.828253727110605, 2.828253727110605, 2.828253727110605, 2.828253727110605, 2.828253727110605, 2.8282489953217684, 2.8282489953217684, 2.8282489953217684, 2.8282483418782554, 2.8282483418782554, 2.8282457053976713, 2.8282457053976713, 2.828242183362365, 2.828238730708127, 2.82823608035133, 2.82823608035133, 2.8282357902123185, 2.8282357902123185, 2.8282357902123185, 2.828232597421717, 2.828232597421717, 2.8282301287171703, 2.828227615861035, 2.828227615861035, 2.828227615861035, 2.828227615861035, 2.828226443951723, 2.8282250727295244, 2.8282250727295244, 2.8282250727295244, 2.8282210372743153, 2.8282198300437322, 2.8282192977017195, 2.828216403880447, 2.82821617555366, 2.828213860748937, 2.8282116935366677, 2.8282116935366677, 2.8282060976381653, 2.8282060976381653, 2.8282043315746166, 2.8282012043806612, 2.8281996805201133, 2.8281996805201133, 2.828199350013935, 2.828199350013935, 2.828199350013935, 2.828199350013935, 2.828199350013935, 2.8281991078109336, 2.8281991078109336, 2.8281991078109336, 2.8281991078109336, 2.8281991078109336, 2.8281991078109336, 2.8281991078109336, 2.8281991078109336, 2.8281991078109336, 2.8281991078109336, 2.8281991078109336, 2.8281991078109336, 2.8281974918627864, 2.8281974918627864, 2.8281974918627864, 2.828194294026289, 2.8281901967588556, 2.8281901967588556, 2.8281899898771257, 2.8281899898771257, 2.8281899898771257, 2.8281899898771257, 2.8281899898771257, 2.828187855463179, 2.828187855463179, 2.828187855463179, 2.828186699953029, 2.828186699953029, 2.828186699953029, 2.8281850877893033, 2.8281816351350653, 2.8281816351350653, 2.8281816351350653, 2.8281816351350653, 2.828181332381314, 2.828181332381314, 2.828179432601525, 2.828179432601525, 2.828177367568647, 2.828177367568647, 2.828177367568647, 2.828177367568647, 2.828176537518779, 2.828176537518779, 2.828176537518779, 2.828176537518779, 2.828176537518779, 2.828175636826369, 2.828175636826369, 2.828175636826369, 2.828175636826369, 2.828175636826369, 2.828175064117189, 2.828175064117189, 2.828175064117189, 2.828175064117189, 2.828175064117189, 2.828175064117189, 2.828175064117189, 2.8281743021869157, 2.8281743021869157, 2.828171555958097, 2.828171555958097, 2.828171065244725, 2.828171065244725, 2.8281708760236306, 2.8281708760236306, 2.8281708760236306, 2.8281708760236306, 2.8281692625984314, 2.828167782889472, 2.8281672921761003, 2.8281668317381037, 2.8281668317381037, 2.8281668317381037, 2.8281668317381037, 2.8281668317381037, 2.828166159372481, 2.828166159372481, 2.828166159372481, 2.828165735517229, 2.828165735517229, 2.828164788150283, 2.828164788150283, 2.828164788150283, 2.828163196170141, 2.82816260075443, 2.82816260075443, 2.82816260075443, 2.8281623938727, 2.8281623938727, 2.8281623938727, 2.8281623938727, 2.8281623938727, 2.8281623938727, 2.828162094903371, 2.828161402354165, 2.828161402354165, 2.828161402354165, 2.828161402354165, 2.828161402354165, 2.828158659909768, 2.828158659909768, 2.828158659909768, 2.828158446720668, 2.8281579951129894, 2.8281568509561046, 2.8281568509561046, 2.8281568509561046, 2.8281568509561046, 2.8281568509561046, 2.8281568509561046, 2.8281566289366866, 2.8281566289366866, 2.828156030998028, 2.828156030998028, 2.828156030998028, 2.828156030998028, 2.828156030998028, 2.828156030998028, 2.828156030998028, 2.828156030998028, 2.828156030998028, 2.828156030998028, 2.828156030998028, 2.828156030998028, 2.828156030998028, 2.828156030998028, 2.828156030998028, 2.8281553863848328, 2.828155141658884, 2.828154421357251, 2.828154421357251, 2.828154421357251, 2.828154140048557, 2.8281537363768887, 2.8281537363768887, 2.8281537338539406, 2.8281537338539406, 2.8281537338539406, 2.8281537338539406, 2.8281537338539406, 2.8281537338539406, 2.8281537338539406, 2.8281537338539406, 2.8281537338539406, 2.8281537338539406, 2.8281537338539406, 2.8281537338539406, 2.8281537338539406, 2.8281537338539406, 2.8281537338539406, 2.8281537338539406, 2.8281537338539406, 2.8281537338539406, 2.8281537338539406, 2.8281537338539406, 2.82815341217808, 2.82815341217808, 2.82815341217808, 2.82815341217808, 2.82815341217808, 2.82815341217808, 2.82815341217808, 2.8281524458890237, 2.8281521469196944, 2.828151996804293, 2.8281513105624567, 2.8281513105624567, 2.8281513105624567, 2.8281513105624567, 2.8281494889940535, 2.8281494889940535, 2.8281494889940535, 2.8281494889940535, 2.8281494889940535, 2.8281494889940535, 2.8281494889940535, 2.8281494889940535, 2.8281494889940535, 2.8281494889940535, 2.8281494889940535, 2.8281494889940535, 2.8281493111262246, 2.8281493111262246, 2.8281493111262246, 2.828149153441979, 2.828149153441979, 2.8281486665130293, 2.8281486665130293, 2.8281486665130293, 2.8281486665130293, 2.8281486665130293, 2.8281486665130293, 2.8281486665130293, 2.8281486665130293, 2.8281486665130293, 2.8281486665130293, 2.8281486665130293, 2.828148431878872, 2.828148431878872, 2.828148431878872, 2.828148431878872, 2.828148431878872, 2.8281470013673973, 2.8281470013673973, 2.8281470013673973, 2.8281470013673973, 2.8281470013673973, 2.828146704921016, 2.8281464904704423, 2.828145908930945, 2.828145908930945, 2.828145908930945, 2.828145908930945, 2.828145908930945, 2.828145908930945, 2.828145771430283, 2.828145420740521, 2.828145420740521, 2.828145420740521, 2.828145420740521, 2.828145420740521, 2.828145420740521, 2.8281446815167786, 2.8281446815167786, 2.8281446815167786, 2.8281446815167786, 2.8281434692403, 2.8281429293294433, 2.8281429293294433, 2.8281429293294433, 2.8281429293294433, 2.8281429293294433, 2.8281429293294433, 2.8281429293294433, 2.8281429293294433, 2.8281429293294433, 2.8281429293294433, 2.8281429293294433, 2.8281429293294433, 2.8281429293294433, 2.8281429293294433, 2.828142759030458, 2.828142759030458, 2.828142759030458, 2.828142759030458, 2.828142759030458, 2.828142759030458, 2.828142759030458, 2.828142759030458, 2.828142759030458, 2.828142759030458, 2.828142759030458, 2.828142759030458, 2.828142759030458, 2.828142759030458, 2.828142759030458, 2.828142759030458, 2.828142759030458, 2.828142759030458, 2.828142759030458, 2.828142759030458, 2.828142759030458, 2.828142759030458, 2.828142759030458, 2.828142759030458, 2.828142759030458, 2.828142759030458, 2.828142759030458, 2.828142759030458, 2.828142759030458, 2.828142759030458, 2.828142759030458, 2.828142759030458, 2.828142759030458, 2.828142759030458, 2.828142759030458, 2.828142759030458, 2.828142759030458, 2.828142759030458, 2.828142759030458, 2.828142759030458, 2.828142759030458, 2.828142759030458, 2.828142759030458, 2.828142759030458, 2.828142759030458, 2.828142759030458, 2.828142759030458, 2.828142759030458, 2.828142759030458, 2.828142759030458, 2.828142759030458, 2.828142759030458, 2.828142759030458, 2.828142759030458, 2.828142759030458, 2.828142759030458, 2.828142759030458, 2.828142759030458, 2.828142759030458, 2.828142759030458, 2.828142759030458, 2.828142759030458, 2.828142759030458, 2.828142759030458, 2.828142759030458, 2.828142759030458, 2.828142759030458, 2.828142759030458, 2.828142759030458, 2.828142759030458, 2.828142759030458, 2.828142759030458, 2.828142759030458, 2.828142759030458, 2.828142759030458, 2.828142759030458, 2.828142759030458, 2.828142759030458, 2.828142759030458, 2.828142759030458, 2.828142759030458, 2.828142759030458, 2.828142759030458, 2.828142759030458, 2.828142759030458, 2.828142759030458, 2.828142759030458, 2.828142759030458, 2.8281426341445357, 2.8281426341445357, 2.8281426341445357, 2.8281426341445357, 2.8281426341445357, 2.8281426341445357, 2.8281426341445357, 2.8281426341445357, 2.8281426341445357, 2.8281426341445357, 2.8281426341445357, 2.8281426341445357, 2.8281426341445357, 2.8281426341445357, 2.8281426341445357, 2.8281426341445357, 2.8281426341445357, 2.8281426341445357, 2.8281426341445357, 2.8281426341445357, 2.8281426341445357, 2.8281426341445357, 2.8281426341445357, 2.8281426341445357, 2.8281426341445357, 2.8281426341445357, 2.8281426341445357, 2.8281426341445357, 2.8281426341445357, 2.8281426341445357, 2.8281426341445357, 2.8281426341445357, 2.8281426341445357, 2.8281426341445357, 2.8281426341445357, 2.8281426341445357, 2.8281426341445357, 2.8281426341445357, 2.8281426341445357, 2.8281426341445357, 2.8281426341445357, 2.8281426341445357, 2.8281426341445357, 2.8281426341445357, 2.8281426341445357, 2.8281426341445357, 2.8281426341445357, 2.8281426341445357, 2.8281426341445357, 2.8281426341445357, 2.8281426341445357, 2.8281426341445357, 2.8281426341445357, 2.8281426341445357, 2.8281426341445357, 2.8281426341445357, 2.8281426341445357, 2.8281426341445357, 2.8281426341445357, 2.8281426341445357, 2.8281426341445357, 2.8281426341445357, 2.8281426341445357, 2.8281426341445357, 2.8281426341445357, 2.8281426341445357, 2.8281426341445357, 2.8281426341445357, 2.8281426341445357, 2.8281426341445357, 2.8281426341445357, 2.8281426341445357, 2.8281426341445357, 2.8281426341445357, 2.8281426341445357, 2.8281426341445357, 2.8281426341445357, 2.8281426341445357, 2.8281426341445357, 2.8281426341445357, 2.8281426341445357, 2.8281426341445357, 2.8281426341445357, 2.8281426341445357, 2.8281426341445357, 2.8281426341445357, 2.8281426341445357, 2.8281426341445357, 2.8281426341445357, 2.8281426341445357, 2.8281426341445357, 2.8281426341445357, 2.8281426341445357, 2.8281426341445357, 2.8281426341445357, 2.8281426341445357, 2.8281426341445357, 2.8281426341445357, 2.8281426341445357, 2.8281426341445357, 2.8281426341445357, 2.8281426341445357, 2.8281426341445357, 2.8281426341445357, 2.8281426341445357, 2.8281426341445357, 2.8281426341445357, 2.8281426341445357, 2.8281426341445357, 2.8281426341445357, 2.8281426341445357, 2.8281426341445357, 2.8281426341445357, 2.8281426341445357, 2.8281426341445357, 2.8281426341445357, 2.8281426341445357, 2.8281426341445357, 2.8281426341445357, 2.8281426341445357, 2.8281426341445357, 2.8281426341445357, 2.8281426341445357, 2.8281426341445357, 2.8281426341445357, 2.8281426341445357, 2.8281426341445357, 2.8281426341445357, 2.8281426341445357, 2.8281426341445357, 2.8281426341445357, 2.8281426341445357, 2.8281426341445357, 2.8281426341445357, 2.8281426341445357, 2.8281426341445357, 2.8281426341445357, 2.8281426341445357, 2.8281426341445357, 2.8281426341445357, 2.8281426341445357, 2.8281426341445357, 2.8281426341445357, 2.8281426341445357, 2.8281426341445357, 2.8281426341445357, 2.8281426341445357, 2.8281426341445357, 2.8281426341445357, 2.8281426341445357, 2.8281426341445357, 2.8281426341445357, 2.8281426341445357, 2.8281426341445357, 2.8281426341445357, 2.8281426341445357, 2.8281426341445357, 2.8281426341445357, 2.8281426341445357, 2.8281426341445357, 2.8281426341445357, 2.8281426341445357, 2.8281426341445357, 2.8281426341445357, 2.8281426341445357, 2.8281426341445357, 2.8281426341445357, 2.8281426341445357, 2.8281426341445357, 2.8281426341445357, 2.8281426341445357, 2.8281426341445357, 2.8281426341445357, 2.8281426341445357, 2.8281426341445357, 2.8281426341445357, 2.8281426341445357, 2.8281426341445357, 2.8281426341445357, 2.8281426341445357, 2.8281426341445357, 2.8281426341445357, 2.8281426341445357, 2.8281426341445357, 2.8281426341445357, 2.8281426341445357, 2.8281426341445357, 2.8281426341445357, 2.8281426341445357, 2.8281426341445357, 2.8281426341445357, 2.8281426341445357, 2.8281426341445357, 2.8281426341445357, 2.8281426341445357, 2.8281426341445357, 2.8281426341445357, 2.8281426341445357, 2.8281426341445357, 2.8281426341445357, 2.8281426341445357, 2.8281426341445357, 2.8281426341445357, 2.8281426341445357, 2.8281426341445357, 2.8281426341445357, 2.8281426341445357, 2.8281426341445357, 2.8281426341445357, 2.8281426341445357, 2.8281426341445357, 2.8281426341445357, 2.8281426341445357, 2.8281426341445357, 2.8281426341445357, 2.8281426341445357, 2.8281426341445357, 2.8281426341445357, 2.8281426341445357, 2.8281426341445357, 2.8281426341445357, 2.8281426341445357, 2.8281426341445357, 2.8281426341445357, 2.8281426341445357, 2.8281426341445357, 2.8281426341445357, 2.8281426341445357, 2.8281426341445357, 2.8281426341445357, 2.8281426341445357, 2.8281426341445357, 2.8281426341445357, 2.8281426341445357, 2.8281426341445357, 2.8281426341445357, 2.8281426341445357, 2.8281426341445357, 2.8281426341445357, 2.8281426341445357, 2.8281426341445357, 2.8281426341445357, 2.8281426341445357, 2.8281426341445357, 2.8281426341445357, 2.8281426341445357, 2.8281426341445357, 2.8281426341445357, 2.8281426341445357, 2.8281426341445357, 2.8281426341445357, 2.8281426341445357, 2.8281426341445357, 2.8281426341445357, 2.8281426341445357, 2.8281426341445357, 2.8281426341445357, 2.8281426341445357, 2.8281426341445357, 2.8281426341445357, 2.8281426341445357, 2.8281426341445357, 2.8281426341445357, 2.8281426341445357, 2.8281426341445357, 2.8281426341445357, 2.8281426341445357, 2.8281426341445357, 2.8281426341445357, 2.8281426341445357, 2.8281426341445357, 2.8281426341445357, 2.8281426341445357, 2.8281426341445357, 2.8281426341445357, 2.8281426341445357, 2.8281426341445357, 2.8281426341445357, 2.8281426341445357, 2.8281426341445357, 2.8281426341445357, 2.8281426341445357, 2.8281426341445357, 2.8281426341445357, 2.8281426341445357, 2.8281426341445357, 2.8281426341445357, 2.8281426341445357, 2.8281426341445357, 2.8281426341445357, 2.8281426341445357, 2.8281426341445357, 2.8281426341445357, 2.8281426341445357, 2.8281426341445357, 2.8281426341445357, 2.8281426341445357, 2.8281426341445357, 2.8281426341445357, 2.8281426341445357, 2.8281426341445357, 2.8281426341445357, 2.8281426341445357, 2.8281426341445357, 2.8281426341445357, 2.8281426341445357, 2.8281426341445357, 2.8281426341445357, 2.8281426341445357, 2.8281426341445357, 2.8281426341445357, 2.8281426341445357, 2.8281426341445357, 2.8281426341445357, 2.8281426341445357, 2.8281426341445357, 2.8281426341445357, 2.8281426341445357, 2.8281426341445357, 2.8281426341445357, 2.8281426341445357, 2.8281426341445357, 2.8281426341445357, 2.8281426341445357, 2.8281426341445357, 2.8281426341445357, 2.8281426341445357, 2.8281426341445357, 2.8281426341445357, 2.8281426341445357, 2.8281426341445357, 2.8281426341445357, 2.8281426341445357, 2.8281426341445357, 2.8281426341445357, 2.8281426341445357, 2.8281426341445357, 2.8281426341445357, 2.8281426341445357, 2.8281426341445357, 2.8281426341445357, 2.8281426341445357, 2.8281426341445357, 2.8281426341445357, 2.8281426341445357, 2.8281426341445357, 2.8281426341445357, 2.8281426341445357, 2.8281426341445357, 2.8281426341445357, 2.8281426341445357, 2.8281426341445357, 2.8281426341445357, 2.8281426341445357, 2.8281426341445357, 2.8281426341445357, 2.8281426341445357, 2.8281426341445357, 2.8281426341445357, 2.8281426341445357, 2.8281426341445357, 2.8281426341445357, 2.8281426341445357, 2.8281426341445357, 2.8281426341445357, 2.8281426341445357, 2.8281426341445357, 2.8281426341445357, 2.8281426341445357, 2.8281426341445357, 2.8281426341445357, 2.8281426341445357, 2.8281426341445357, 2.8281426341445357, 2.8281426341445357, 2.8281426341445357, 2.8281426341445357, 2.8281426341445357, 2.8281426341445357, 2.8281426341445357, 2.8281426341445357, 2.8281426341445357, 2.8281426341445357, 2.8281426341445357, 2.8281426341445357, 2.8281426341445357, 2.8281426341445357, 2.8281426341445357, 2.8281426341445357, 2.8281426341445357, 2.8281426341445357, 2.8281426341445357, 2.8281426341445357, 2.8281426341445357, 2.8281426341445357, 2.8281426341445357, 2.8281426341445357, 2.8281426341445357, 2.8281426341445357, 2.8281426341445357, 2.8281426341445357, 2.8281426341445357, 2.8281426341445357, 2.8281426341445357, 2.8281426341445357, 2.8281426341445357, 2.8281426341445357, 2.8281426341445357, 2.8281426341445357, 2.8281426341445357, 2.8281426341445357, 2.8281426341445357, 2.8281426341445357, 2.8281426341445357, 2.8281426341445357, 2.8281426341445357, 2.8281426341445357, 2.8281426341445357, 2.8281426341445357, 2.8281426341445357, 2.8281426341445357, 2.8281426341445357, 2.8281426341445357, 2.8281426341445357, 2.8281426341445357, 2.8281426341445357, 2.8281426341445357, 2.8281426341445357, 2.8281426341445357, 2.8281426341445357, 2.8281426341445357, 2.8281426341445357, 2.8281426341445357, 2.8281426341445357, 2.8281426341445357, 2.8281426341445357, 2.8281426341445357, 2.8281426341445357, 2.8281426341445357, 2.8281426341445357, 2.8281426341445357, 2.8281426341445357, 2.8281426341445357, 2.8281426341445357, 2.8281426341445357, 2.8281426341445357, 2.8281426341445357, 2.8281426341445357, 2.8281426341445357, 2.8281426341445357, 2.8281426341445357, 2.8281426341445357, 2.8281426341445357, 2.8281426341445357, 2.8281426341445357, 2.8281426341445357, 2.8281426341445357, 2.8281426341445357, 2.8281426341445357, 2.8281426341445357, 2.8281426341445357, 2.8281426341445357, 2.8281426341445357, 2.8281426341445357, 2.8281426341445357, 2.8281426341445357, 2.8281426341445357, 2.8281426341445357, 2.8281426341445357, 2.8281426341445357, 2.8281426341445357, 2.8281426341445357, 2.8281426341445357, 2.8281426341445357, 2.8281426341445357, 2.8281426341445357, 2.8281426341445357, 2.8281426341445357, 2.8281426341445357, 2.8281426341445357, 2.8281426341445357, 2.8281426341445357, 2.8281426341445357, 2.8281426341445357, 2.8281426341445357, 2.8281426341445357, 2.8281426341445357, 2.8281426341445357, 2.8281426341445357, 2.8281426341445357, 2.8281426341445357, 2.8281426341445357, 2.8281426341445357, 2.8281426341445357, 2.8281426341445357, 2.8281426341445357, 2.8281426341445357, 2.8281426341445357, 2.8281426341445357, 2.8281426341445357, 2.8281426341445357, 2.8281426341445357, 2.8281426341445357, 2.8281426341445357, 2.8281426341445357, 2.8281426341445357, 2.8281426341445357, 2.8281426341445357, 2.8281426341445357, 2.8281426341445357, 2.8281426341445357, 2.8281426341445357, 2.8281426341445357, 2.8281426341445357, 2.8281426341445357, 2.8281426341445357, 2.8281426341445357, 2.8281426341445357, 2.8281426341445357, 2.8281426341445357, 2.8281426341445357, 2.8281426341445357, 2.8281426341445357, 2.8281426341445357, 2.8281426341445357, 2.8281426341445357, 2.8281426341445357, 2.8281426341445357, 2.8281426341445357, 2.8281426341445357, 2.8281426341445357, 2.8281426341445357, 2.8281426341445357, 2.8281426341445357, 2.8281426341445357, 2.8281426341445357, 2.8281426341445357, 2.8281426341445357, 2.8281426341445357, 2.8281426341445357, 2.8281426341445357, 2.8281426341445357, 2.8281426341445357, 2.8281426341445357, 2.8281426341445357, 2.8281426341445357, 2.8281426341445357, 2.8281426341445357, 2.8281426341445357, 2.8281426341445357, 2.8281426341445357, 2.8281426341445357, 2.8281426341445357, 2.8281426341445357, 2.8281426341445357, 2.8281426341445357, 2.8281426341445357, 2.8281426341445357, 2.8281426341445357, 2.8281426341445357, 2.8281426341445357, 2.8281426341445357, 2.8281426341445357, 2.8281426341445357, 2.8281426341445357, 2.8281426341445357, 2.8281426341445357, 2.8281426341445357, 2.8281426341445357, 2.8281426341445357, 2.8281426341445357, 2.8281426341445357, 2.8281426341445357, 2.8281426341445357, 2.8281426341445357, 2.8281426341445357, 2.8281426341445357, 2.8281426341445357, 2.8281426341445357, 2.8281426341445357, 2.8281426341445357, 2.8281426341445357, 2.8281426341445357, 2.8281426341445357, 2.8281426341445357, 2.8281426341445357, 2.8281426341445357, 2.8281426341445357, 2.8281426341445357, 2.8281426341445357, 2.8281426341445357, 2.8281426341445357, 2.8281426341445357, 2.8281426341445357, 2.8281426341445357, 2.8281426341445357, 2.8281426341445357, 2.8281426341445357, 2.8281426341445357, 2.8281426341445357, 2.8281426341445357, 2.8281426341445357, 2.8281426341445357, 2.8281426341445357, 2.8281426341445357, 2.8281426341445357, 2.8281426341445357, 2.8281426341445357, 2.8281426341445357, 2.8281426341445357, 2.8281426341445357, 2.8281426341445357, 2.8281426341445357, 2.8281426341445357, 2.8281426341445357, 2.8281426341445357, 2.8281426341445357, 2.8281426341445357, 2.8281426341445357, 2.8281426341445357, 2.8281426341445357, 2.8281426341445357, 2.8281426341445357, 2.8281426341445357, 2.8281426341445357, 2.8281426341445357, 2.8281426341445357, 2.8281426341445357, 2.8281426341445357, 2.8281426341445357, 2.8281426341445357, 2.8281426341445357, 2.8281426341445357, 2.8281426341445357, 2.8281426341445357, 2.8281426341445357, 2.8281426341445357, 2.8281426341445357, 2.8281426341445357, 2.8281426341445357, 2.8281426341445357, 2.8281426341445357, 2.8281426341445357, 2.8281426341445357, 2.8281426341445357, 2.8281426341445357, 2.8281426341445357, 2.8281426341445357, 2.8281426341445357, 2.8281426341445357, 2.8281426341445357, 2.8281426341445357, 2.8281426341445357, 2.8281426341445357, 2.8281426341445357, 2.8281426341445357, 2.8281426341445357, 2.8281426341445357, 2.8281426341445357, 2.8281426341445357, 2.8281426341445357, 2.8281426341445357, 2.8281426341445357, 2.8281426341445357, 2.8281426341445357, 2.8281426341445357, 2.8281426341445357, 2.8281426341445357, 2.8281426341445357, 2.8281426341445357, 2.8281426341445357, 2.8281426341445357, 2.8281426341445357, 2.8281426341445357, 2.8281426341445357, 2.8281426341445357, 2.8281426341445357, 2.8281426341445357, 2.8281426341445357, 2.8281426341445357, 2.8281426341445357, 2.8281426341445357, 2.8281426341445357, 2.8281426341445357, 2.8281426341445357, 2.8281426341445357, 2.8281426341445357, 2.8281426341445357, 2.8281426341445357, 2.8281426341445357, 2.8281426341445357, 2.8281426341445357, 2.8281426341445357, 2.8281426341445357, 2.8281426341445357, 2.8281426341445357, 2.8281426341445357, 2.8281426341445357, 2.8281426341445357, 2.8281426341445357, 2.8281426341445357, 2.8281426341445357, 2.8281426341445357, 2.8281426341445357, 2.8281426341445357, 2.8281426341445357, 2.8281426341445357, 2.8281426341445357, 2.8281426341445357, 2.8281426341445357, 2.8281426341445357, 2.8281426341445357, 2.8281426341445357, 2.8281426341445357, 2.8281426341445357, 2.8281426341445357, 2.8281426341445357, 2.8281426341445357, 2.8281426341445357, 2.8281426341445357, 2.8281426341445357, 2.8281426341445357, 2.8281426341445357, 2.8281426341445357, 2.8281426341445357, 2.8281426341445357, 2.8281426341445357, 2.8281426341445357, 2.8281426341445357, 2.8281426341445357, 2.8281426341445357, 2.8281426341445357, 2.8281426341445357, 2.8281426341445357, 2.8281426341445357, 2.8281426341445357, 2.8281426341445357, 2.8281426341445357, 2.8281426341445357, 2.8281426341445357, 2.8281426341445357, 2.8281426341445357, 2.8281426341445357, 2.8281426341445357, 2.8281426341445357, 2.8281426341445357, 2.8281426341445357, 2.8281426341445357, 2.8281426341445357, 2.8281426341445357, 2.8281426341445357, 2.8281426341445357, 2.8281426341445357, 2.8281426341445357, 2.8281426341445357, 2.8281426341445357, 2.8281426341445357, 2.8281426341445357, 2.8281426341445357, 2.8281426341445357, 2.8281426341445357, 2.8281426341445357, 2.8281426341445357, 2.8281426341445357, 2.8281426341445357, 2.8281426341445357, 2.8281426341445357, 2.8281426341445357, 2.8281426341445357, 2.8281426341445357, 2.8281426341445357, 2.8281426341445357, 2.8281426341445357, 2.8281426341445357, 2.8281426341445357, 2.8281426341445357, 2.8281426341445357, 2.8281426341445357, 2.8281426341445357, 2.8281426341445357, 2.8281426341445357, 2.8281426341445357, 2.8281426341445357, 2.8281426341445357, 2.8281426341445357, 2.8281426341445357, 2.8281426341445357, 2.8281426341445357, 2.8281426341445357, 2.8281426341445357, 2.8281426341445357, 2.8281426341445357, 2.8281426341445357, 2.8281426341445357, 2.8281426341445357, 2.8281426341445357, 2.8281426341445357, 2.8281426341445357, 2.8281426341445357, 2.8281426341445357, 2.8281426341445357, 2.8281426341445357, 2.8281426341445357, 2.8281426341445357, 2.8281426341445357, 2.8281426341445357, 2.8281426341445357, 2.8281426341445357, 2.8281426341445357, 2.8281426341445357, 2.8281426341445357, 2.8281426341445357, 2.8281426341445357, 2.8281426341445357, 2.8281426341445357, 2.8281426341445357, 2.8281426341445357, 2.8281426341445357, 2.8281426341445357, 2.8281426341445357, 2.8281426341445357, 2.8281426341445357, 2.8281426341445357, 2.8281426341445357, 2.8281426341445357, 2.8281426341445357, 2.8281426341445357, 2.8281426341445357, 2.8281426341445357, 2.8281426341445357, 2.8281426341445357, 2.8281426341445357, 2.8281426341445357, 2.8281426341445357, 2.8281426341445357, 2.8281426341445357, 2.8281426341445357, 2.8281426341445357, 2.8281426341445357, 2.8281426341445357, 2.8281426341445357, 2.8281426341445357, 2.8281426341445357, 2.8281426341445357, 2.8281426341445357, 2.8281426341445357, 2.8281426341445357, 2.8281426341445357, 2.8281426341445357, 2.8281426341445357, 2.8281426341445357, 2.8281426341445357, 2.8281426341445357, 2.8281426341445357, 2.8281426341445357, 2.8281426341445357, 2.8281426341445357, 2.8281426341445357, 2.8281426341445357, 2.8281426341445357, 2.8281426341445357, 2.8281426341445357, 2.8281426341445357, 2.8281426341445357, 2.8281426341445357, 2.8281426341445357, 2.8281426341445357, 2.8281426341445357, 2.8281426341445357, 2.8281426341445357, 2.8281426341445357, 2.8281426341445357, 2.8281426341445357, 2.8281426341445357, 2.8281426341445357, 2.8281426341445357, 2.8281426341445357, 2.8281426341445357, 2.8281426341445357, 2.8281426341445357, 2.8281426341445357, 2.8281426341445357, 2.8281426341445357, 2.8281426341445357, 2.8281426341445357, 2.8281426341445357, 2.8281426341445357, 2.8281426341445357, 2.8281426341445357, 2.8281426341445357, 2.8281426341445357, 2.8281426341445357, 2.8281426341445357, 2.8281426341445357, 2.8281426341445357, 2.8281426341445357, 2.8281426341445357, 2.8281426341445357, 2.8281426341445357, 2.8281426341445357, 2.8281426341445357, 2.8281426341445357, 2.8281426341445357, 2.8281426341445357, 2.8281426341445357, 2.8281426341445357, 2.8281426341445357, 2.8281426341445357, 2.8281426341445357, 2.8281426341445357, 2.8281426341445357, 2.8281426341445357, 2.8281426341445357, 2.8281426341445357, 2.8281426341445357, 2.8281426341445357, 2.8281426341445357, 2.8281426341445357, 2.8281426341445357, 2.8281426341445357, 2.8281426341445357, 2.8281426341445357, 2.8281426341445357, 2.8281426341445357, 2.8281426341445357, 2.8281426341445357, 2.8281426341445357, 2.8281426341445357, 2.8281426341445357, 2.8281426341445357, 2.8281426341445357, 2.8281426341445357, 2.8281426341445357, 2.8281426341445357, 2.8281426341445357, 2.8281426341445357, 2.8281426341445357, 2.8281426341445357, 2.8281426341445357, 2.8281426341445357, 2.8281426341445357, 2.8281426341445357, 2.8281426341445357, 2.8281426341445357, 2.8281426341445357, 2.8281426341445357, 2.8281426341445357, 2.8281426341445357, 2.8281426341445357, 2.8281426341445357, 2.8281426341445357, 2.8281426341445357, 2.8281426341445357, 2.8281426341445357, 2.8281426341445357, 2.8281426341445357, 2.8281426341445357, 2.8281426341445357, 2.8281426341445357, 2.8281426341445357, 2.8281426341445357, 2.8281426341445357, 2.8281426341445357, 2.8281426341445357, 2.8281426341445357, 2.8281426341445357, 2.8281426341445357, 2.8281426341445357, 2.8281426341445357, 2.8281426341445357, 2.8281426341445357, 2.8281426341445357, 2.8281426341445357, 2.8281426341445357, 2.8281426341445357, 2.8281426341445357, 2.8281426341445357, 2.8281426341445357, 2.8281426341445357, 2.8281426341445357, 2.8281426341445357, 2.8281426341445357, 2.8281426341445357, 2.8281426341445357, 2.8281426341445357, 2.8281426341445357, 2.8281426341445357, 2.8281426341445357, 2.8281426341445357, 2.8281426341445357, 2.8281426341445357, 2.8281426341445357, 2.8281426341445357, 2.8281426341445357, 2.8281426341445357, 2.8281426341445357, 2.8281426341445357, 2.8281426341445357, 2.8281426341445357, 2.8281426341445357, 2.8281426341445357, 2.8281426341445357, 2.8281426341445357, 2.8281426341445357, 2.8281426341445357, 2.8281426341445357, 2.8281426341445357, 2.8281426341445357, 2.8281426341445357, 2.8281426341445357, 2.8281426341445357, 2.8281426341445357, 2.8281426341445357, 2.8281426341445357, 2.8281426341445357, 2.8281426341445357, 2.8281426341445357, 2.8281426341445357, 2.8281426341445357, 2.8281426341445357, 2.8281426341445357, 2.8281426341445357, 2.8281426341445357, 2.8281426341445357, 2.8281426341445357, 2.8281426341445357, 2.8281426341445357, 2.8281426341445357, 2.8281426341445357, 2.8281426341445357, 2.8281426341445357, 2.8281426341445357, 2.8281426341445357, 2.8281426341445357, 2.8281426341445357, 2.8281426341445357, 2.8281426341445357, 2.8281426341445357, 2.8281426341445357, 2.8281426341445357, 2.8281426341445357, 2.8281426341445357, 2.8281426341445357, 2.8281426341445357, 2.8281426341445357, 2.8281426341445357, 2.8281426341445357, 2.8281426341445357, 2.8281426341445357, 2.8281426341445357, 2.8281426341445357, 2.8281426341445357, 2.8281426341445357, 2.8281426341445357, 2.8281426341445357, 2.8281426341445357, 2.8281426341445357, 2.8281426341445357, 2.8281426341445357, 2.8281426341445357, 2.8281426341445357, 2.8281426341445357, 2.8281426341445357, 2.8281426341445357, 2.8281426341445357, 2.8281426341445357, 2.8281426341445357, 2.8281426341445357, 2.8281426341445357, 2.8281426341445357, 2.8281426341445357, 2.8281426341445357, 2.8281426341445357, 2.8281426341445357, 2.8281426341445357, 2.8281426341445357, 2.8281426341445357, 2.8281426341445357, 2.8281426341445357, 2.8281426341445357, 2.8281426341445357, 2.8281426341445357, 2.8281426341445357, 2.8281426341445357, 2.8281426341445357, 2.8281426341445357, 2.8281426341445357, 2.8281426341445357, 2.8281426341445357, 2.8281426341445357, 2.8281426341445357, 2.8281426341445357, 2.8281426341445357, 2.8281426341445357, 2.8281426341445357, 2.8281426341445357, 2.8281426341445357, 2.8281426341445357, 2.8281426341445357, 2.8281426341445357, 2.8281426341445357, 2.8281426341445357, 2.8281426341445357, 2.8281426341445357, 2.8281426341445357, 2.8281426341445357, 2.8281426341445357, 2.8281426341445357, 2.8281426341445357, 2.8281426341445357, 2.8281426341445357, 2.8281426341445357, 2.8281426341445357, 2.8281426341445357, 2.8281426341445357, 2.8281426341445357, 2.8281426341445357, 2.8281426341445357, 2.8281426341445357, 2.8281426341445357, 2.8281426341445357, 2.8281426341445357, 2.8281426341445357, 2.8281426341445357, 2.8281426341445357, 2.8281426341445357, 2.8281426341445357, 2.8281426341445357, 2.8281426341445357, 2.8281426341445357, 2.8281426341445357, 2.8281426341445357, 2.8281426341445357, 2.8281426341445357, 2.8281426341445357, 2.8281426341445357, 2.8281426341445357, 2.8281426341445357, 2.8281426341445357, 2.8281426341445357, 2.8281426341445357, 2.8281426341445357, 2.8281426341445357, 2.8281426341445357, 2.8281426341445357, 2.8281426341445357, 2.8281426341445357, 2.8281426341445357, 2.8281426341445357, 2.8281426341445357, 2.8281426341445357, 2.8281426341445357]
     Rhc Test Loss: 2.8047

3. SIMULATED ANNEALING
   Status: SUCCESS
   Timestamp: 2025-10-15T00:03:22.178562
   Duration: 588.7007 seconds
   Memory Change: -3.62 MB
   Peak Memory: 266.93 MB
   Performance: Slow
   Step Details:
     Parameters: 49537
     Parameters: 49537
     Max Evals: 10000
     Max Evals: 10000
     Initial Temp: 1.0000
     Min Temp: 0.0010
     Cooling Rate: 0.0030
     Plateau Threshold: 250
     Plateau Threshold: 250
     Min Delta: 0.0000
     Initial Loss: 2.8281
     Best Loss: 2.8281
     Evals: 252
     Evals: 252
     Wall Clock Time: 590.9889
     History: 252 items
     Final Temp: 0.4704
     Learning Curve Points:
       algo: sa
       evals: [1, 2, 3, 4, 5, 6, 7, 8, 9, 10, 11, 12, 13, 14, 15, 16, 17, 18, 19, 20, 21, 22, 23, 24, 25, 26, 27, 28, 29, 30, 31, 32, 33, 34, 35, 36, 37, 38, 39, 40, 41, 42, 43, 44, 45, 46, 47, 48, 49, 50, 51, 52, 53, 54, 55, 56, 57, 58, 59, 60, 61, 62, 63, 64, 65, 66, 67, 68, 69, 70, 71, 72, 73, 74, 75, 76, 77, 78, 79, 80, 81, 82, 83, 84, 85, 86, 87, 88, 89, 90, 91, 92, 93, 94, 95, 96, 97, 98, 99, 100, 101, 102, 103, 104, 105, 106, 107, 108, 109, 110, 111, 112, 113, 114, 115, 116, 117, 118, 119, 120, 121, 122, 123, 124, 125, 126, 127, 128, 129, 130, 131, 132, 133, 134, 135, 136, 137, 138, 139, 140, 141, 142, 143, 144, 145, 146, 147, 148, 149, 150, 151, 152, 153, 154, 155, 156, 157, 158, 159, 160, 161, 162, 163, 164, 165, 166, 167, 168, 169, 170, 171, 172, 173, 174, 175, 176, 177, 178, 179, 180, 181, 182, 183, 184, 185, 186, 187, 188, 189, 190, 191, 192, 193, 194, 195, 196, 197, 198, 199, 200, 201, 202, 203, 204, 205, 206, 207, 208, 209, 210, 211, 212, 213, 214, 215, 216, 217, 218, 219, 220, 221, 222, 223, 224, 225, 226, 227, 228, 229, 230, 231, 232, 233, 234, 235, 236, 237, 238, 239, 240, 241, 242, 243, 244, 245, 246, 247, 248, 249, 250, 251, 252]
       raw_losses: [2.8281434692403, 5.438308472355837, 8.414753409289808, 8.056100948777779, 11.181955150826267, 5.83403718282306, 16.071323672299663, 13.346892689901685, 5.815738544262276, 25.35512546761326, 16.94633317876745, 10.426192107024017, 23.37831929121068, 6.451975865338845, 7.391613846733456, 6.649628434862409, 10.776850957719107, 16.997058439507054, 27.600196939296822, 26.923276366380158, 9.562408679376833, 16.902235974710454, 9.455054956769187, 7.856011748944641, 14.974216874945101, 8.627354011333809, 11.889666905478826, 12.703471309924252, 13.450267004588294, 9.105271864189673, 6.076472996403932, 13.556064878191266, 13.47058445057541, 25.076209900871156, 23.56543501596602, 8.646712361189424, 14.45163749513172, 9.78171626600639, 8.048801369137234, 20.519771010787398, 6.591412844481291, 8.93302103072878, 18.22772596752833, 8.190685829788288, 8.334328353720368, 9.34154265772098, 32.458755028941646, 9.997772262209939, 25.27504077285686, 10.548978073887094, 6.194166579574504, 38.05061314093373, 10.708084419290856, 12.62168132943451, 6.689725121493062, 7.565937768845331, 12.260510197392216, 13.105513259847328, 5.6342259664384144, 27.764051699764515, 6.916603184250928, 11.181949933369955, 17.327574013402224, 32.620121526970436, 9.32785037207225, 8.617533035379239, 8.297738892691475, 30.194126088783225, 6.493617885327213, 20.055784457575076, 7.586473316111893, 5.116268407730829, 15.395099367414202, 15.544491742653822, 10.424682796316803, 19.587692886433274, 6.6992114485886995, 21.24981760095667, 9.714250065031505, 10.80502935944411, 7.420118195669992, 8.77942957196917, 35.29665571545798, 22.93113769046844, 12.09940514236531, 8.003538386531607, 13.757035326074671, 14.146384521766945, 9.137106665858516, 9.57906132652646, 10.25692359984867, 5.700905749406764, 16.70776164847076, 7.217136511726985, 6.963268522232298, 22.169780034867543, 6.8125492428976395, 11.777111442000777, 7.281643163590204, 11.146465917112966, 7.253999372007986, 7.821655306235823, 14.152055311455298, 7.741886512312309, 36.22029446798658, 8.791788073443861, 5.630553750134019, 18.142127314572612, 6.4091162832956465, 12.831993693397159, 12.852950630995332, 8.853376075704261, 26.13285131303091, 7.3012700459313775, 11.847713263577255, 8.357694709111774, 38.6833365909637, 12.095816516371631, 8.732309555881239, 7.01610556607524, 10.221991927535445, 7.063136305127825, 20.036435717628116, 8.424508034236847, 7.134803479310697, 29.855061959968044, 7.319039710615047, 6.777652351944535, 21.43125753049497, 16.606150304198895, 31.86858811958757, 42.38546892196413, 21.49788710175368, 19.6311806774644, 9.373782309274825, 31.395052309389467, 37.24492841044431, 12.413830030532111, 9.874032590755078, 13.211996497300566, 30.278268097569704, 7.15565963270803, 10.263917267007171, 10.533975858536978, 30.75761822291783, 9.114009022081971, 11.691140321196702, 32.82840160591893, 14.053417463151236, 10.05943288248052, 20.86319010093729, 21.346214203607467, 8.156330784792623, 7.534528096516927, 21.952449586656357, 10.094601081161903, 8.876360658615354, 8.64178626247184, 24.968752502764342, 9.363323100660214, 10.629475896320645, 18.146696393451993, 6.284576743998856, 17.876389675039462, 7.919299153423814, 12.399084404032067, 32.129900220840696, 6.316583194429913, 23.30313208241942, 8.609211747608487, 13.192133075976498, 64.88329870234091, 19.18072976006402, 14.0540254229591, 8.503443208321062, 12.883741873281974, 11.026980026689156, 9.356999932142793, 23.532625309373966, 13.163593877560247, 8.31635047266723, 9.390787674636437, 6.259497677838361, 15.866740968492296, 6.533932781724072, 14.939225545005193, 10.653954672434974, 18.346396289805256, 6.897477102027368, 10.605435154425404, 16.650612281113073, 7.604511273601068, 13.629575229826427, 7.3827567983556674, 6.300763117573249, 9.514391233050635, 9.733874124193948, 9.651079591619906, 64.01434538099501, 9.21487424991749, 9.05688457135801, 38.756989877690714, 27.972944148633847, 8.861872443446407, 10.229771967287418, 11.296912844218905, 7.367471995177092, 17.636983220539395, 9.303922277279002, 13.856205011801745, 14.00707976023356, 23.437738923168688, 8.372055734906878, 13.597791288264844, 8.705255177916673, 6.5543955873560025, 7.21908746446882, 9.343704218586916, 11.8248385928926, 10.14724374195886, 14.256540909015312, 5.512598090701633, 7.01477525347755, 13.064871606372652, 8.81207035710572, 34.188855196433096, 7.210767211106719, 8.524853184109642, 5.418096764377816, 14.305263241762837, 6.050678475193246, 13.428297592849328, 7.397480328877767, 9.807158868779581, 7.7708546648580565, 17.765699432009743, 11.470033100673131, 9.332343522833769, 22.599417842885174, 11.013406117757162, 37.56989938241464, 12.401064004847612, 16.37680082472544, 9.07778388482553, 42.34891415146924, 6.3692996337931, 8.608575863812966, 16.520022745485658, 6.559598771352617, 9.211563435811845, 22.862269073567063, 11.57230160223744]
       best_so_far: [2.8281434692403, 2.8281434692403, 2.8281434692403, 2.8281434692403, 2.8281434692403, 2.8281434692403, 2.8281434692403, 2.8281434692403, 2.8281434692403, 2.8281434692403, 2.8281434692403, 2.8281434692403, 2.8281434692403, 2.8281434692403, 2.8281434692403, 2.8281434692403, 2.8281434692403, 2.8281434692403, 2.8281434692403, 2.8281434692403, 2.8281434692403, 2.8281434692403, 2.8281434692403, 2.8281434692403, 2.8281434692403, 2.8281434692403, 2.8281434692403, 2.8281434692403, 2.8281434692403, 2.8281434692403, 2.8281434692403, 2.8281434692403, 2.8281434692403, 2.8281434692403, 2.8281434692403, 2.8281434692403, 2.8281434692403, 2.8281434692403, 2.8281434692403, 2.8281434692403, 2.8281434692403, 2.8281434692403, 2.8281434692403, 2.8281434692403, 2.8281434692403, 2.8281434692403, 2.8281434692403, 2.8281434692403, 2.8281434692403, 2.8281434692403, 2.8281434692403, 2.8281434692403, 2.8281434692403, 2.8281434692403, 2.8281434692403, 2.8281434692403, 2.8281434692403, 2.8281434692403, 2.8281434692403, 2.8281434692403, 2.8281434692403, 2.8281434692403, 2.8281434692403, 2.8281434692403, 2.8281434692403, 2.8281434692403, 2.8281434692403, 2.8281434692403, 2.8281434692403, 2.8281434692403, 2.8281434692403, 2.8281434692403, 2.8281434692403, 2.8281434692403, 2.8281434692403, 2.8281434692403, 2.8281434692403, 2.8281434692403, 2.8281434692403, 2.8281434692403, 2.8281434692403, 2.8281434692403, 2.8281434692403, 2.8281434692403, 2.8281434692403, 2.8281434692403, 2.8281434692403, 2.8281434692403, 2.8281434692403, 2.8281434692403, 2.8281434692403, 2.8281434692403, 2.8281434692403, 2.8281434692403, 2.8281434692403, 2.8281434692403, 2.8281434692403, 2.8281434692403, 2.8281434692403, 2.8281434692403, 2.8281434692403, 2.8281434692403, 2.8281434692403, 2.8281434692403, 2.8281434692403, 2.8281434692403, 2.8281434692403, 2.8281434692403, 2.8281434692403, 2.8281434692403, 2.8281434692403, 2.8281434692403, 2.8281434692403, 2.8281434692403, 2.8281434692403, 2.8281434692403, 2.8281434692403, 2.8281434692403, 2.8281434692403, 2.8281434692403, 2.8281434692403, 2.8281434692403, 2.8281434692403, 2.8281434692403, 2.8281434692403, 2.8281434692403, 2.8281434692403, 2.8281434692403, 2.8281434692403, 2.8281434692403, 2.8281434692403, 2.8281434692403, 2.8281434692403, 2.8281434692403, 2.8281434692403, 2.8281434692403, 2.8281434692403, 2.8281434692403, 2.8281434692403, 2.8281434692403, 2.8281434692403, 2.8281434692403, 2.8281434692403, 2.8281434692403, 2.8281434692403, 2.8281434692403, 2.8281434692403, 2.8281434692403, 2.8281434692403, 2.8281434692403, 2.8281434692403, 2.8281434692403, 2.8281434692403, 2.8281434692403, 2.8281434692403, 2.8281434692403, 2.8281434692403, 2.8281434692403, 2.8281434692403, 2.8281434692403, 2.8281434692403, 2.8281434692403, 2.8281434692403, 2.8281434692403, 2.8281434692403, 2.8281434692403, 2.8281434692403, 2.8281434692403, 2.8281434692403, 2.8281434692403, 2.8281434692403, 2.8281434692403, 2.8281434692403, 2.8281434692403, 2.8281434692403, 2.8281434692403, 2.8281434692403, 2.8281434692403, 2.8281434692403, 2.8281434692403, 2.8281434692403, 2.8281434692403, 2.8281434692403, 2.8281434692403, 2.8281434692403, 2.8281434692403, 2.8281434692403, 2.8281434692403, 2.8281434692403, 2.8281434692403, 2.8281434692403, 2.8281434692403, 2.8281434692403, 2.8281434692403, 2.8281434692403, 2.8281434692403, 2.8281434692403, 2.8281434692403, 2.8281434692403, 2.8281434692403, 2.8281434692403, 2.8281434692403, 2.8281434692403, 2.8281434692403, 2.8281434692403, 2.8281434692403, 2.8281434692403, 2.8281434692403, 2.8281434692403, 2.8281434692403, 2.8281434692403, 2.8281434692403, 2.8281434692403, 2.8281434692403, 2.8281434692403, 2.8281434692403, 2.8281434692403, 2.8281434692403, 2.8281434692403, 2.8281434692403, 2.8281434692403, 2.8281434692403, 2.8281434692403, 2.8281434692403, 2.8281434692403, 2.8281434692403, 2.8281434692403, 2.8281434692403, 2.8281434692403, 2.8281434692403, 2.8281434692403, 2.8281434692403, 2.8281434692403, 2.8281434692403, 2.8281434692403, 2.8281434692403, 2.8281434692403, 2.8281434692403, 2.8281434692403, 2.8281434692403, 2.8281434692403, 2.8281434692403, 2.8281434692403, 2.8281434692403, 2.8281434692403, 2.8281434692403, 2.8281434692403, 2.8281434692403, 2.8281434692403, 2.8281434692403, 2.8281434692403, 2.8281434692403]
     Sa Test Loss: 2.8047
     Generation 1 Best Fitness: 5.4089
     Generation 1 Evals: 50
     Generation 1 Evals: 50
     Generation 2 Best Fitness: 5.8858
     Generation 2 Evals: 50
     Generation 2 Evals: 50
     Generation 3 Best Fitness: 5.5641
     Generation 3 Evals: 50
     Generation 3 Evals: 50
     Generation 4 Best Fitness: 4.6421
     Generation 4 Evals: 50
     Generation 4 Evals: 50
     Generation 5 Best Fitness: 4.7682
     Generation 5 Evals: 50
     Generation 5 Evals: 50
     Generation 6 Best Fitness: 4.9818
     Generation 6 Evals: 50
     Generation 6 Evals: 50
     Generation 7 Best Fitness: 5.3099
     Generation 7 Evals: 50
     Generation 7 Evals: 50
     Generation 8 Best Fitness: 5.1113
     Generation 8 Evals: 50
     Generation 8 Evals: 50
     Generation 9 Best Fitness: 4.6710
     Generation 9 Evals: 50
     Generation 9 Evals: 50
     Generation 10 Best Fitness: 4.5152
     Generation 10 Evals: 50
     Generation 10 Evals: 50
     Generation 11 Best Fitness: 4.4552
     Generation 11 Evals: 50
     Generation 11 Evals: 50
     Generation 12 Best Fitness: 4.3558
     Generation 12 Evals: 50
     Generation 12 Evals: 50
     Generation 13 Best Fitness: 4.3558
     Generation 13 Evals: 50
     Generation 13 Evals: 50
     Generation 14 Best Fitness: 4.3171
     Generation 14 Evals: 50
     Generation 14 Evals: 50
     Generation 15 Best Fitness: 4.3097
     Generation 15 Evals: 50
     Generation 15 Evals: 50
     Generation 16 Best Fitness: 4.3097
     Generation 16 Evals: 50
     Generation 16 Evals: 50
     Generation 17 Best Fitness: 4.2974
     Generation 17 Evals: 50
     Generation 17 Evals: 50
     Generation 18 Best Fitness: 4.2807
     Generation 18 Evals: 50
     Generation 18 Evals: 50
     Generation 19 Best Fitness: 4.2375
     Generation 19 Evals: 50
     Generation 19 Evals: 50
     Generation 20 Best Fitness: 4.2431
     Generation 20 Evals: 50
     Generation 20 Evals: 50
     Generation 21 Best Fitness: 4.2431
     Generation 21 Evals: 50
     Generation 21 Evals: 50
     Generation 22 Best Fitness: 4.2406
     Generation 22 Evals: 50
     Generation 22 Evals: 50
     Generation 23 Best Fitness: 4.2335
     Generation 23 Evals: 50
     Generation 23 Evals: 50
     Generation 24 Best Fitness: 4.2290
     Generation 24 Evals: 50
     Generation 24 Evals: 50
     Generation 25 Best Fitness: 4.2290
     Generation 25 Evals: 50
     Generation 25 Evals: 50
     Generation 26 Best Fitness: 4.2283
     Generation 26 Evals: 50
     Generation 26 Evals: 50
     Generation 27 Best Fitness: 4.2258
     Generation 27 Evals: 50
     Generation 27 Evals: 50
     Generation 28 Best Fitness: 4.2167
     Generation 28 Evals: 50
     Generation 28 Evals: 50
     Generation 29 Best Fitness: 4.2139
     Generation 29 Evals: 50
     Generation 29 Evals: 50
     Generation 30 Best Fitness: 4.2085
     Generation 30 Evals: 50
     Generation 30 Evals: 50
     Generation 31 Best Fitness: 4.2094
     Generation 31 Evals: 50
     Generation 31 Evals: 50
     Generation 32 Best Fitness: 4.2066
     Generation 32 Evals: 50
     Generation 32 Evals: 50
     Generation 33 Best Fitness: 4.1992
     Generation 33 Evals: 50
     Generation 33 Evals: 50
     Generation 34 Best Fitness: 4.1929
     Generation 34 Evals: 50
     Generation 34 Evals: 50
     Generation 35 Best Fitness: 4.1938
     Generation 35 Evals: 50
     Generation 35 Evals: 50
     Generation 36 Best Fitness: 4.1892
     Generation 36 Evals: 50
     Generation 36 Evals: 50
     Generation 37 Best Fitness: 4.1820
     Generation 37 Evals: 50
     Generation 37 Evals: 50
     Generation 38 Best Fitness: 4.1784
     Generation 38 Evals: 50
     Generation 38 Evals: 50
     Generation 39 Best Fitness: 4.1743
     Generation 39 Evals: 50
     Generation 39 Evals: 50
     Generation 40 Best Fitness: 4.1743
     Generation 40 Evals: 50
     Generation 40 Evals: 50
     Generation 41 Best Fitness: 4.1666
     Generation 41 Evals: 50
     Generation 41 Evals: 50
     Generation 42 Best Fitness: 4.1666
     Generation 42 Evals: 50
     Generation 42 Evals: 50
     Generation 43 Best Fitness: 4.1666
     Generation 43 Evals: 50
     Generation 43 Evals: 50
     Generation 44 Best Fitness: 4.1556
     Generation 44 Evals: 50
     Generation 44 Evals: 50
     Generation 45 Best Fitness: 4.1580
     Generation 45 Evals: 50
     Generation 45 Evals: 50
     Generation 46 Best Fitness: 4.1521
     Generation 46 Evals: 50
     Generation 46 Evals: 50
     Generation 47 Best Fitness: 4.1514
     Generation 47 Evals: 50
     Generation 47 Evals: 50
     Generation 48 Best Fitness: 4.1485
     Generation 48 Evals: 50
     Generation 48 Evals: 50
     Generation 49 Best Fitness: 4.1471
     Generation 49 Evals: 50
     Generation 49 Evals: 50
     Generation 50 Best Fitness: 4.1471
     Generation 50 Evals: 50
     Generation 50 Evals: 50
     Generation 51 Best Fitness: 4.1430
     Generation 51 Evals: 50
     Generation 51 Evals: 50
     Generation 52 Best Fitness: 4.1327
     Generation 52 Evals: 50
     Generation 52 Evals: 50
     Generation 53 Best Fitness: 4.1325
     Generation 53 Evals: 50
     Generation 53 Evals: 50
     Generation 54 Best Fitness: 4.1337
     Generation 54 Evals: 50
     Generation 54 Evals: 50
     Generation 55 Best Fitness: 4.1272
     Generation 55 Evals: 50
     Generation 55 Evals: 50
     Generation 56 Best Fitness: 4.1231
     Generation 56 Evals: 50
     Generation 56 Evals: 50
     Generation 57 Best Fitness: 4.1219
     Generation 57 Evals: 50
     Generation 57 Evals: 50
     Generation 58 Best Fitness: 4.1079
     Generation 58 Evals: 50
     Generation 58 Evals: 50
     Generation 59 Best Fitness: 4.1079
     Generation 59 Evals: 50
     Generation 59 Evals: 50
     Generation 60 Best Fitness: 4.1058
     Generation 60 Evals: 50
     Generation 60 Evals: 50
     Generation 61 Best Fitness: 4.1030
     Generation 61 Evals: 50
     Generation 61 Evals: 50
     Generation 62 Best Fitness: 4.0941
     Generation 62 Evals: 50
     Generation 62 Evals: 50
     Generation 63 Best Fitness: 4.0997
     Generation 63 Evals: 50
     Generation 63 Evals: 50
     Generation 64 Best Fitness: 4.0962
     Generation 64 Evals: 50
     Generation 64 Evals: 50
     Generation 65 Best Fitness: 4.0941
     Generation 65 Evals: 50
     Generation 65 Evals: 50
     Generation 66 Best Fitness: 4.0867
     Generation 66 Evals: 50
     Generation 66 Evals: 50
     Generation 67 Best Fitness: 4.0873
     Generation 67 Evals: 50
     Generation 67 Evals: 50
     Generation 68 Best Fitness: 4.0827
     Generation 68 Evals: 50
     Generation 68 Evals: 50
     Generation 69 Best Fitness: 4.0789
     Generation 69 Evals: 50
     Generation 69 Evals: 50
     Generation 70 Best Fitness: 4.0694
     Generation 70 Evals: 50
     Generation 70 Evals: 50
     Generation 71 Best Fitness: 4.0694
     Generation 71 Evals: 50
     Generation 71 Evals: 50
     Generation 72 Best Fitness: 4.0689
     Generation 72 Evals: 50
     Generation 72 Evals: 50
     Generation 73 Best Fitness: 4.0717
     Generation 73 Evals: 50
     Generation 73 Evals: 50
     Generation 74 Best Fitness: 4.0589
     Generation 74 Evals: 50
     Generation 74 Evals: 50
     Generation 75 Best Fitness: 4.0628
     Generation 75 Evals: 50
     Generation 75 Evals: 50
     Generation 76 Best Fitness: 4.0519
     Generation 76 Evals: 50
     Generation 76 Evals: 50
     Generation 77 Best Fitness: 4.0434
     Generation 77 Evals: 50
     Generation 77 Evals: 50
     Generation 78 Best Fitness: 4.0402
     Generation 78 Evals: 50
     Generation 78 Evals: 50
     Generation 79 Best Fitness: 4.0428
     Generation 79 Evals: 50
     Generation 79 Evals: 50
     Generation 80 Best Fitness: 4.0392
     Generation 80 Evals: 50
     Generation 80 Evals: 50
     Generation 81 Best Fitness: 4.0271
     Generation 81 Evals: 50
     Generation 81 Evals: 50
     Generation 82 Best Fitness: 4.0271
     Generation 82 Evals: 50
     Generation 82 Evals: 50
     Generation 83 Best Fitness: 4.0208
     Generation 83 Evals: 50
     Generation 83 Evals: 50
     Generation 84 Best Fitness: 4.0182
     Generation 84 Evals: 50
     Generation 84 Evals: 50
     Generation 85 Best Fitness: 4.0151
     Generation 85 Evals: 50
     Generation 85 Evals: 50
     Generation 86 Best Fitness: 4.0131
     Generation 86 Evals: 50
     Generation 86 Evals: 50
     Generation 87 Best Fitness: 4.0131
     Generation 87 Evals: 50
     Generation 87 Evals: 50
     Generation 88 Best Fitness: 4.0074
     Generation 88 Evals: 50
     Generation 88 Evals: 50
     Generation 89 Best Fitness: 4.0103
     Generation 89 Evals: 50
     Generation 89 Evals: 50
     Generation 90 Best Fitness: 4.0021
     Generation 90 Evals: 50
     Generation 90 Evals: 50
     Generation 91 Best Fitness: 4.0014
     Generation 91 Evals: 50
     Generation 91 Evals: 50
     Generation 92 Best Fitness: 3.9966
     Generation 92 Evals: 50
     Generation 92 Evals: 50
     Generation 93 Best Fitness: 3.9944
     Generation 93 Evals: 50
     Generation 93 Evals: 50
     Generation 94 Best Fitness: 3.9895
     Generation 94 Evals: 50
     Generation 94 Evals: 50
     Generation 95 Best Fitness: 3.9895
     Generation 95 Evals: 50
     Generation 95 Evals: 50
     Generation 96 Best Fitness: 3.9874
     Generation 96 Evals: 50
     Generation 96 Evals: 50
     Generation 97 Best Fitness: 3.9772
     Generation 97 Evals: 50
     Generation 97 Evals: 50
     Generation 98 Best Fitness: 3.9784
     Generation 98 Evals: 50
     Generation 98 Evals: 50
     Generation 99 Best Fitness: 3.9736
     Generation 99 Evals: 50
     Generation 99 Evals: 50
     Generation 100 Best Fitness: 3.9736
     Generation 100 Evals: 50
     Generation 100 Evals: 50
     Generation 101 Best Fitness: 3.9698
     Generation 101 Evals: 50
     Generation 101 Evals: 50
     Generation 102 Best Fitness: 3.9714
     Generation 102 Evals: 50
     Generation 102 Evals: 50
     Generation 103 Best Fitness: 3.9690
     Generation 103 Evals: 50
     Generation 103 Evals: 50
     Generation 104 Best Fitness: 3.9634
     Generation 104 Evals: 50
     Generation 104 Evals: 50
     Generation 105 Best Fitness: 3.9603
     Generation 105 Evals: 50
     Generation 105 Evals: 50
     Generation 106 Best Fitness: 3.9593
     Generation 106 Evals: 50
     Generation 106 Evals: 50
     Generation 107 Best Fitness: 3.9588
     Generation 107 Evals: 50
     Generation 107 Evals: 50
     Generation 108 Best Fitness: 3.9540
     Generation 108 Evals: 50
     Generation 108 Evals: 50
     Generation 109 Best Fitness: 3.9515
     Generation 109 Evals: 50
     Generation 109 Evals: 50
     Generation 110 Best Fitness: 3.9481
     Generation 110 Evals: 50
     Generation 110 Evals: 50
     Generation 111 Best Fitness: 3.9455
     Generation 111 Evals: 50
     Generation 111 Evals: 50
     Generation 112 Best Fitness: 3.9411
     Generation 112 Evals: 50
     Generation 112 Evals: 50
     Generation 113 Best Fitness: 3.9402
     Generation 113 Evals: 50
     Generation 113 Evals: 50
     Generation 114 Best Fitness: 3.9394
     Generation 114 Evals: 50
     Generation 114 Evals: 50
     Generation 115 Best Fitness: 3.9289
     Generation 115 Evals: 50
     Generation 115 Evals: 50
     Generation 116 Best Fitness: 3.9237
     Generation 116 Evals: 50
     Generation 116 Evals: 50
     Generation 117 Best Fitness: 3.9242
     Generation 117 Evals: 50
     Generation 117 Evals: 50
     Generation 118 Best Fitness: 3.9242
     Generation 118 Evals: 50
     Generation 118 Evals: 50
     Generation 119 Best Fitness: 3.9242
     Generation 119 Evals: 50
     Generation 119 Evals: 50
     Generation 120 Best Fitness: 3.9173
     Generation 120 Evals: 50
     Generation 120 Evals: 50
     Generation 121 Best Fitness: 3.9156
     Generation 121 Evals: 50
     Generation 121 Evals: 50
     Generation 122 Best Fitness: 3.9132
     Generation 122 Evals: 50
     Generation 122 Evals: 50
     Generation 123 Best Fitness: 3.9143
     Generation 123 Evals: 50
     Generation 123 Evals: 50
     Generation 124 Best Fitness: 3.9120
     Generation 124 Evals: 50
     Generation 124 Evals: 50
     Generation 125 Best Fitness: 3.9059
     Generation 125 Evals: 50
     Generation 125 Evals: 50
     Generation 126 Best Fitness: 3.9062
     Generation 126 Evals: 50
     Generation 126 Evals: 50
     Generation 127 Best Fitness: 3.8997
     Generation 127 Evals: 50
     Generation 127 Evals: 50
     Generation 128 Best Fitness: 3.9016
     Generation 128 Evals: 50
     Generation 128 Evals: 50
     Generation 129 Best Fitness: 3.8994
     Generation 129 Evals: 50
     Generation 129 Evals: 50
     Generation 130 Best Fitness: 3.8962
     Generation 130 Evals: 50
     Generation 130 Evals: 50
     Generation 131 Best Fitness: 3.8907
     Generation 131 Evals: 50
     Generation 131 Evals: 50
     Generation 132 Best Fitness: 3.8882
     Generation 132 Evals: 50
     Generation 132 Evals: 50
     Generation 133 Best Fitness: 3.8845
     Generation 133 Evals: 50
     Generation 133 Evals: 50
     Generation 134 Best Fitness: 3.8850
     Generation 134 Evals: 50
     Generation 134 Evals: 50
     Generation 135 Best Fitness: 3.8850
     Generation 135 Evals: 50
     Generation 135 Evals: 50
     Generation 136 Best Fitness: 3.8793
     Generation 136 Evals: 50
     Generation 136 Evals: 50
     Generation 137 Best Fitness: 3.8782
     Generation 137 Evals: 50
     Generation 137 Evals: 50
     Generation 138 Best Fitness: 3.8737
     Generation 138 Evals: 50
     Generation 138 Evals: 50
     Generation 139 Best Fitness: 3.8719
     Generation 139 Evals: 50
     Generation 139 Evals: 50
     Generation 140 Best Fitness: 3.8714
     Generation 140 Evals: 50
     Generation 140 Evals: 50
     Generation 141 Best Fitness: 3.8668
     Generation 141 Evals: 50
     Generation 141 Evals: 50
     Generation 142 Best Fitness: 3.8584
     Generation 142 Evals: 50
     Generation 142 Evals: 50
     Generation 143 Best Fitness: 3.8584
     Generation 143 Evals: 50
     Generation 143 Evals: 50
     Generation 144 Best Fitness: 3.8621
     Generation 144 Evals: 50
     Generation 144 Evals: 50
     Generation 145 Best Fitness: 3.8588
     Generation 145 Evals: 50
     Generation 145 Evals: 50
     Generation 146 Best Fitness: 3.8527
     Generation 146 Evals: 50
     Generation 146 Evals: 50
     Generation 147 Best Fitness: 3.8504
     Generation 147 Evals: 50
     Generation 147 Evals: 50
     Generation 148 Best Fitness: 3.8437
     Generation 148 Evals: 50
     Generation 148 Evals: 50
     Generation 149 Best Fitness: 3.8442
     Generation 149 Evals: 50
     Generation 149 Evals: 50
     Generation 150 Best Fitness: 3.8399
     Generation 150 Evals: 50
     Generation 150 Evals: 50
     Generation 151 Best Fitness: 3.8390
     Generation 151 Evals: 50
     Generation 151 Evals: 50
     Generation 152 Best Fitness: 3.8367
     Generation 152 Evals: 50
     Generation 152 Evals: 50
     Generation 153 Best Fitness: 3.8347
     Generation 153 Evals: 50
     Generation 153 Evals: 50
     Generation 154 Best Fitness: 3.8347
     Generation 154 Evals: 50
     Generation 154 Evals: 50
     Generation 155 Best Fitness: 3.8297
     Generation 155 Evals: 50
     Generation 155 Evals: 50
     Generation 156 Best Fitness: 3.8279
     Generation 156 Evals: 50
     Generation 156 Evals: 50
     Generation 157 Best Fitness: 3.8291
     Generation 157 Evals: 50
     Generation 157 Evals: 50
     Generation 158 Best Fitness: 3.8253
     Generation 158 Evals: 50
     Generation 158 Evals: 50
     Generation 159 Best Fitness: 3.8253
     Generation 159 Evals: 50
     Generation 159 Evals: 50
     Generation 160 Best Fitness: 3.8182
     Generation 160 Evals: 50
     Generation 160 Evals: 50
     Generation 161 Best Fitness: 3.8177
     Generation 161 Evals: 50
     Generation 161 Evals: 50
     Generation 162 Best Fitness: 3.8142
     Generation 162 Evals: 50
     Generation 162 Evals: 50
     Generation 163 Best Fitness: 3.8111
     Generation 163 Evals: 50
     Generation 163 Evals: 50
     Generation 164 Best Fitness: 3.8111
     Generation 164 Evals: 50
     Generation 164 Evals: 50
     Generation 165 Best Fitness: 3.8036
     Generation 165 Evals: 50
     Generation 165 Evals: 50
     Generation 166 Best Fitness: 3.8007
     Generation 166 Evals: 50
     Generation 166 Evals: 50
     Generation 167 Best Fitness: 3.7981
     Generation 167 Evals: 50
     Generation 167 Evals: 50
     Generation 168 Best Fitness: 3.7985
     Generation 168 Evals: 50
     Generation 168 Evals: 50
     Generation 169 Best Fitness: 3.7931
     Generation 169 Evals: 50
     Generation 169 Evals: 50
     Generation 170 Best Fitness: 3.7931
     Generation 170 Evals: 50
     Generation 170 Evals: 50
     Generation 171 Best Fitness: 3.7923
     Generation 171 Evals: 50
     Generation 171 Evals: 50
     Generation 172 Best Fitness: 3.7914
     Generation 172 Evals: 50
     Generation 172 Evals: 50
     Generation 173 Best Fitness: 3.7904
     Generation 173 Evals: 50
     Generation 173 Evals: 50
     Generation 174 Best Fitness: 3.7814
     Generation 174 Evals: 50
     Generation 174 Evals: 50
     Generation 175 Best Fitness: 3.7813
     Generation 175 Evals: 50
     Generation 175 Evals: 50
     Generation 176 Best Fitness: 3.7782
     Generation 176 Evals: 50
     Generation 176 Evals: 50
     Generation 177 Best Fitness: 3.7741
     Generation 177 Evals: 50
     Generation 177 Evals: 50
     Generation 178 Best Fitness: 3.7685
     Generation 178 Evals: 50
     Generation 178 Evals: 50
     Generation 179 Best Fitness: 3.7682
     Generation 179 Evals: 50
     Generation 179 Evals: 50
     Generation 180 Best Fitness: 3.7650
     Generation 180 Evals: 50
     Generation 180 Evals: 50
     Generation 181 Best Fitness: 3.7650
     Generation 181 Evals: 50
     Generation 181 Evals: 50
     Generation 182 Best Fitness: 3.7639
     Generation 182 Evals: 50
     Generation 182 Evals: 50
     Generation 183 Best Fitness: 3.7614
     Generation 183 Evals: 50
     Generation 183 Evals: 50
     Generation 184 Best Fitness: 3.7576
     Generation 184 Evals: 50
     Generation 184 Evals: 50
     Generation 185 Best Fitness: 3.7541
     Generation 185 Evals: 50
     Generation 185 Evals: 50
     Generation 186 Best Fitness: 3.7475
     Generation 186 Evals: 50
     Generation 186 Evals: 50
     Generation 187 Best Fitness: 3.7423
     Generation 187 Evals: 50
     Generation 187 Evals: 50
     Generation 188 Best Fitness: 3.7408
     Generation 188 Evals: 50
     Generation 188 Evals: 50
     Generation 189 Best Fitness: 3.7408
     Generation 189 Evals: 50
     Generation 189 Evals: 50
     Generation 190 Best Fitness: 3.7405
     Generation 190 Evals: 50
     Generation 190 Evals: 50
     Generation 191 Best Fitness: 3.7388
     Generation 191 Evals: 50
     Generation 191 Evals: 50
     Generation 192 Best Fitness: 3.7372
     Generation 192 Evals: 50
     Generation 192 Evals: 50
     Generation 193 Best Fitness: 3.7361
     Generation 193 Evals: 50
     Generation 193 Evals: 50
     Generation 194 Best Fitness: 3.7315
     Generation 194 Evals: 50
     Generation 194 Evals: 50
     Generation 195 Best Fitness: 3.7314
     Generation 195 Evals: 50
     Generation 195 Evals: 50
     Generation 196 Best Fitness: 3.7314
     Generation 196 Evals: 50
     Generation 196 Evals: 50
     Generation 197 Best Fitness: 3.7290
     Generation 197 Evals: 50
     Generation 197 Evals: 50
     Generation 198 Best Fitness: 3.7267
     Generation 198 Evals: 50
     Generation 198 Evals: 50
     Generation 199 Best Fitness: 3.7267
     Generation 199 Evals: 50
     Generation 199 Evals: 50

4. GENETIC ALGORITHM
   Status: SUCCESS
   Timestamp: 2025-10-15T06:28:39.207398
   Duration: 22999.1947 seconds
   Memory Change: -8.99 MB
   Peak Memory: 258.91 MB
   Performance: Slow
   Step Details:
     Parameters: 49537
     Parameters: 49537
     Max Evals: 10000
     Max Evals: 10000
     Pop Size: 50
     Pop Size: 50
     Mutation Rate: 0.1000
     Mutation Std: 0.0010
     Crossover Rate: 0.7000
     Plateau Threshold: 250
     Plateau Threshold: 250
     Min Delta: 0.0000
     Initial Fitness: 5.9928
     Best Loss: 3.7267
     Evals: 10000
     Evals: 10000
     Wall Clock Time: 23,114.3837
     History: 200 items
     Generation Count: 199
     Generation Count: 199
     Learning Curve Points:
       algo: ga
       evals: [50, 100, 150, 200, 250, 300, 350, 400, 450, 500, 550, 600, 650, 700, 750, 800, 850, 900, 950, 1000, 1050, 1100, 1150, 1200, 1250, 1300, 1350, 1400, 1450, 1500, 1550, 1600, 1650, 1700, 1750, 1800, 1850, 1900, 1950, 2000, 2050, 2100, 2150, 2200, 2250, 2300, 2350, 2400, 2450, 2500, 2550, 2600, 2650, 2700, 2750, 2800, 2850, 2900, 2950, 3000, 3050, 3100, 3150, 3200, 3250, 3300, 3350, 3400, 3450, 3500, 3550, 3600, 3650, 3700, 3750, 3800, 3850, 3900, 3950, 4000, 4050, 4100, 4150, 4200, 4250, 4300, 4350, 4400, 4450, 4500, 4550, 4600, 4650, 4700, 4750, 4800, 4850, 4900, 4950, 5000, 5050, 5100, 5150, 5200, 5250, 5300, 5350, 5400, 5450, 5500, 5550, 5600, 5650, 5700, 5750, 5800, 5850, 5900, 5950, 6000, 6050, 6100, 6150, 6200, 6250, 6300, 6350, 6400, 6450, 6500, 6550, 6600, 6650, 6700, 6750, 6800, 6850, 6900, 6950, 7000, 7050, 7100, 7150, 7200, 7250, 7300, 7350, 7400, 7450, 7500, 7550, 7600, 7650, 7700, 7750, 7800, 7850, 7900, 7950, 8000, 8050, 8100, 8150, 8200, 8250, 8300, 8350, 8400, 8450, 8500, 8550, 8600, 8650, 8700, 8750, 8800, 8850, 8900, 8950, 9000, 9050, 9100, 9150, 9200, 9250, 9300, 9350, 9400, 9450, 9500, 9550, 9600, 9650, 9700, 9750, 9800, 9850, 9900, 9950, 10000]
       raw_losses: [5.992847331617244, 5.408896352878954, 5.88580486509535, 5.564134648237279, 4.642145021882637, 4.768230816674611, 4.981793911999495, 5.309860547383626, 5.111304182224173, 4.670971822486353, 4.515150278333634, 4.455231247755585, 4.355841123237812, 4.355841123237812, 4.317061438131585, 4.309730160173285, 4.309730160173285, 4.297352969961822, 4.28070296560015, 4.237481710141298, 4.24306734907564, 4.24306734907564, 4.2406057996093915, 4.233543618015512, 4.229047713456331, 4.229047713456331, 4.22832525974859, 4.225847393116623, 4.216706779268053, 4.213892579709412, 4.2085366022019155, 4.209429521409292, 4.206557844050978, 4.199155398777553, 4.192868440870255, 4.193811763531317, 4.189174938454199, 4.181995396891599, 4.178405163780091, 4.174302661229694, 4.174302661229694, 4.166630434611487, 4.166627731272783, 4.166627731272783, 4.155615134213967, 4.158039357927111, 4.152092893287619, 4.151381316008391, 4.148545618410464, 4.14706832265097, 4.14706832265097, 4.143005193225921, 4.132651008626141, 4.132469222659156, 4.13368166439117, 4.127198321478708, 4.123052925029129, 4.121947183810844, 4.107930101414837, 4.107930101414837, 4.105773432544931, 4.103039326491179, 4.094149940228336, 4.0997198889495206, 4.096212522062675, 4.0941293769412574, 4.086692154092133, 4.087318583140298, 4.082744767426183, 4.078882646308374, 4.069431018577051, 4.069431018577051, 4.068906925342701, 4.071659040198755, 4.058898199172247, 4.062783192074488, 4.051903725931884, 4.043382702681122, 4.040177772915553, 4.042823883591506, 4.03924202792859, 4.027099547562776, 4.027099547562776, 4.020839529693442, 4.018235443761109, 4.015115898122232, 4.013103110449655, 4.013103110449655, 4.007413340624048, 4.01032150737823, 4.0020523979550315, 4.001432219510356, 3.996570970646288, 3.994420641944522, 3.989496979133162, 3.989496979133162, 3.987435740768594, 3.977173645029623, 3.97840689982056, 3.973618016671882, 3.973618016671882, 3.969776195193094, 3.9714478702141496, 3.9689728053158553, 3.96341443818713, 3.960276792919825, 3.9593485436111533, 3.958790722347441, 3.954044122544546, 3.9514940340052207, 3.948070172910337, 3.945522184725161, 3.9411170444791277, 3.9402388706409113, 3.9393871991091935, 3.9288548237432246, 3.9237335005765237, 3.9242060689068343, 3.9242060689068343, 3.9242060689068343, 3.917254334404355, 3.9155712985487843, 3.913208532585669, 3.9143302200963257, 3.9120231179333236, 3.905946171472943, 3.9062387754046726, 3.899724568008746, 3.9015630502549428, 3.899368891640315, 3.8961520586064253, 3.8906559086350536, 3.888220677300105, 3.8844732948081204, 3.884960308276787, 3.884960308276787, 3.879275368634986, 3.87821038816341, 3.873716658385342, 3.8719473906925748, 3.871376422347215, 3.8667533902264144, 3.858362773108104, 3.858362773108104, 3.862074691782553, 3.8587831517375966, 3.8527331314389666, 3.850367377044032, 3.8437303538044922, 3.844227457803393, 3.839898436157792, 3.8390284354093844, 3.8366625271146257, 3.834736729425097, 3.834736729425097, 3.829717825329493, 3.8279300555981024, 3.829125135663956, 3.8252677967939426, 3.8252677967939426, 3.8182398124977395, 3.817692380733591, 3.814181267269074, 3.8110558444230014, 3.8110558444230014, 3.803551472053326, 3.8006778545480557, 3.798104734017105, 3.798460864516162, 3.7930916655000555, 3.7930916655000555, 3.7923126422538957, 3.7914385240544717, 3.7903526245601595, 3.7814391025159724, 3.7812749027575134, 3.7781622081837325, 3.7740929139354242, 3.768483174541009, 3.7681541682551147, 3.7650264154666315, 3.7650264154666315, 3.76393356525078, 3.7613751989193065, 3.757591935061904, 3.754061399944245, 3.747489755115812, 3.742296575869202, 3.740813524004013, 3.740813524004013, 3.740538657657684, 3.738800267063121, 3.737198167377048, 3.7361087433244817, 3.7315314106209567, 3.731385770928923, 3.731385770928923, 3.728969766980126, 3.726686538211883, 3.726686538211883]
       best_so_far: [5.992847331617244, 5.408896352878954, 5.408896352878954, 5.408896352878954, 4.642145021882637, 4.642145021882637, 4.642145021882637, 4.642145021882637, 4.642145021882637, 4.642145021882637, 4.515150278333634, 4.455231247755585, 4.355841123237812, 4.355841123237812, 4.317061438131585, 4.309730160173285, 4.309730160173285, 4.297352969961822, 4.28070296560015, 4.237481710141298, 4.237481710141298, 4.237481710141298, 4.237481710141298, 4.233543618015512, 4.229047713456331, 4.229047713456331, 4.22832525974859, 4.225847393116623, 4.216706779268053, 4.213892579709412, 4.2085366022019155, 4.2085366022019155, 4.206557844050978, 4.199155398777553, 4.192868440870255, 4.192868440870255, 4.189174938454199, 4.181995396891599, 4.178405163780091, 4.174302661229694, 4.174302661229694, 4.166630434611487, 4.166627731272783, 4.166627731272783, 4.155615134213967, 4.155615134213967, 4.152092893287619, 4.151381316008391, 4.148545618410464, 4.14706832265097, 4.14706832265097, 4.143005193225921, 4.132651008626141, 4.132469222659156, 4.132469222659156, 4.127198321478708, 4.123052925029129, 4.121947183810844, 4.107930101414837, 4.107930101414837, 4.105773432544931, 4.103039326491179, 4.094149940228336, 4.094149940228336, 4.094149940228336, 4.0941293769412574, 4.086692154092133, 4.086692154092133, 4.082744767426183, 4.078882646308374, 4.069431018577051, 4.069431018577051, 4.068906925342701, 4.068906925342701, 4.058898199172247, 4.058898199172247, 4.051903725931884, 4.043382702681122, 4.040177772915553, 4.040177772915553, 4.03924202792859, 4.027099547562776, 4.027099547562776, 4.020839529693442, 4.018235443761109, 4.015115898122232, 4.013103110449655, 4.013103110449655, 4.007413340624048, 4.007413340624048, 4.0020523979550315, 4.001432219510356, 3.996570970646288, 3.994420641944522, 3.989496979133162, 3.989496979133162, 3.987435740768594, 3.977173645029623, 3.977173645029623, 3.973618016671882, 3.973618016671882, 3.969776195193094, 3.969776195193094, 3.9689728053158553, 3.96341443818713, 3.960276792919825, 3.9593485436111533, 3.958790722347441, 3.954044122544546, 3.9514940340052207, 3.948070172910337, 3.945522184725161, 3.9411170444791277, 3.9402388706409113, 3.9393871991091935, 3.9288548237432246, 3.9237335005765237, 3.9237335005765237, 3.9237335005765237, 3.9237335005765237, 3.917254334404355, 3.9155712985487843, 3.913208532585669, 3.913208532585669, 3.9120231179333236, 3.905946171472943, 3.905946171472943, 3.899724568008746, 3.899724568008746, 3.899368891640315, 3.8961520586064253, 3.8906559086350536, 3.888220677300105, 3.8844732948081204, 3.8844732948081204, 3.8844732948081204, 3.879275368634986, 3.87821038816341, 3.873716658385342, 3.8719473906925748, 3.871376422347215, 3.8667533902264144, 3.858362773108104, 3.858362773108104, 3.858362773108104, 3.858362773108104, 3.8527331314389666, 3.850367377044032, 3.8437303538044922, 3.8437303538044922, 3.839898436157792, 3.8390284354093844, 3.8366625271146257, 3.834736729425097, 3.834736729425097, 3.829717825329493, 3.8279300555981024, 3.8279300555981024, 3.8252677967939426, 3.8252677967939426, 3.8182398124977395, 3.817692380733591, 3.814181267269074, 3.8110558444230014, 3.8110558444230014, 3.803551472053326, 3.8006778545480557, 3.798104734017105, 3.798104734017105, 3.7930916655000555, 3.7930916655000555, 3.7923126422538957, 3.7914385240544717, 3.7903526245601595, 3.7814391025159724, 3.7812749027575134, 3.7781622081837325, 3.7740929139354242, 3.768483174541009, 3.7681541682551147, 3.7650264154666315, 3.7650264154666315, 3.76393356525078, 3.7613751989193065, 3.757591935061904, 3.754061399944245, 3.747489755115812, 3.742296575869202, 3.740813524004013, 3.740813524004013, 3.740538657657684, 3.738800267063121, 3.737198167377048, 3.7361087433244817, 3.7315314106209567, 3.731385770928923, 3.731385770928923, 3.728969766980126, 3.726686538211883, 3.726686538211883]
     Ga Test Loss: 3.7183
     Rhc Test Loss: 2.8047
     Sa Test Loss: 2.8047

======================================================================
Report Generated: 2025-10-15 06:28:41 EDT
Log File: logs/experiment_logs.json
======================================================================
