episode,episode_return_mean,episode_return_q1,episode_return_q3,episode_return_iqr,steps_mean,steps_q1,steps_q3,steps_iqr,mean_abs_td_error_mean,mean_abs_td_error_q1,mean_abs_td_error_q3,mean_abs_td_error_iqr,mean_abs_q_change_mean,mean_abs_q_change_q1,mean_abs_q_change_q3,mean_abs_q_change_iqr,exploration_ratio_mean,exploration_ratio_q1,exploration_ratio_q3,exploration_ratio_iqr,q_table_size_mean,q_table_size_q1,q_table_size_q3,q_table_size_iqr,q_table_nonzero_mean,q_table_nonzero_q1,q_table_nonzero_q3,q_table_nonzero_iqr,max_q_value_mean,max_q_value_q1,max_q_value_q3,max_q_value_iqr,mean_q_value_mean,mean_q_value_q1,mean_q_value_q3,mean_q_value_iqr,action_entropy_mean,action_entropy_q1,action_entropy_q3,action_entropy_iqr,td_error_std_mean,td_error_std_q1,td_error_std_q3,td_error_std_iqr,q_change_std_mean,q_change_std_q1,q_change_std_q3,q_change_std_iqr,unique_states_visited_mean,unique_states_visited_q1,unique_states_visited_q3,unique_states_visited_iqr
0,9.0,8.0,10.25,2.25,9.0,8.0,10.25,2.25,0.9423890594741181,0.9368254498875,0.9493435714573909,0.01251812156989085,0.0942389059474118,0.09368254498875,0.09493435714573906,0.0012518121569890517,0.08333333333333333,0.03125,0.125,0.09375,3.0,3.0,3.0,0.0,3.0,3.0,3.0,0.0,0.428106158119,0.428106158119,0.428106158119,0.0,0.34962263550403,0.34962263550403,0.34962263550403,0.0,0.4741393130578373,0.4741393130578373,0.4741393130578373,0.0,0.1891738087195311,0.1891738087195311,0.1891738087195311,0.0,0.0189173808719531,0.0189173808719531,0.0189173808719531,0.0,2.0,2.0,2.0,0.0
1,9.666666666666666,9.0,9.75,0.75,9.666666666666666,9.0,9.75,0.75,0.9229409584112034,0.9180188873119424,0.9247039777440146,0.006685090432072216,0.09229409584112029,0.0918018887311942,0.09247039777440146,0.0006685090432072549,0.13518518518518519,0.1111111111111111,0.15277777777777773,0.04166666666666663,4.0,4.0,4.0,0.0,4.0,4.0,4.0,0.0,0.745982038893498,0.7237359682944919,0.7682281094925041,0.04449214119801215,0.5188791982804057,0.5064146301068856,0.5313437664539259,0.024929136347040304,0.2252806044331523,0.11264030221657614,0.3379209066497284,0.22528060443315226,0.20846134119077253,0.20657107281055356,0.21035160957099153,0.0037805367604379636,0.020846134119077202,0.0206571072810553,0.0210351609570991,0.00037805367604379705,3.0,3.0,3.0,0.0
2,9.666666666666666,9.0,9.75,0.75,9.666666666666666,9.0,9.75,0.75,0.8696909950983637,0.8321304574316277,0.9164775136716998,0.0843470562400721,0.08696909950983629,0.0832130457431627,0.09164775136716995,0.00843470562400725,0.0,0.0,0.0,0.0,5.0,5.0,5.0,0.0,5.0,5.0,5.0,0.0,1.0310798896747113,1.0229233219202918,1.0392364574291306,0.01631313550883884,0.6229576366923929,0.603561937297404,0.6423533360873818,0.03879139878997773,0.3878220911288764,0.35645253226016227,0.4191916499975905,0.06273911773742824,0.3488126193118325,0.3274522772430762,0.3701729613805888,0.04272068413751262,0.03488126193118325,0.03274522772430762,0.037017296138058875,0.004272068413751252,4.0,4.0,4.0,0.0
3,9.0,9.0,9.0,0.0,9.0,9.0,9.0,0.0,0.8641207749754303,0.8285421823858423,0.9014950862197042,0.07295290383386188,0.086412077497543,0.0828542182385842,0.09014950862197038,0.00729529038338618,0.1111111111111111,0.1111111111111111,0.1111111111111111,0.0,5.5,5.25,5.75,0.5,5.5,5.25,5.75,0.5,1.5174866596415448,1.4876601556598128,1.5473131636232769,0.059653007963464066,0.7069367295448066,0.6578285170037325,0.7560449420858806,0.09821642508214812,0.17441604792151594,0.08720802396075797,0.2616240718822739,0.1744160479215159,0.37881871978841597,0.34902222295304075,0.40861521662379113,0.05959299367075038,0.03788187197884155,0.03490222229530403,0.04086152166237907,0.005959299367075045,2.0,2.0,2.0,0.0
4,11.0,8.25,9.0,0.75,11.0,8.25,9.0,0.75,0.9425433820251236,0.8438550881308908,1.0313241755685425,0.18746908743765167,0.09425433820251233,0.08438550881308904,0.1031324175568542,0.018746908743765167,0.06280193236714975,0.0108695652173913,0.1111111111111111,0.10024154589371981,5.5,5.25,5.75,0.5,5.5,5.25,5.75,0.5,1.9203852953266853,1.8896549994432559,1.951115591210115,0.06146059176685914,0.8130388960610863,0.7596901814891056,0.8663876106330669,0.1066974291439613,0.0,0.0,-0.0,-0.0,0.36116799255084897,0.3507600113543979,0.3715759737473001,0.020815962392902232,0.03611679925508485,0.035076001135439724,0.03715759737472998,0.0020815962392902523,2.0,2.0,2.0,0.0
5,21.4,9.0,12.0,3.0,21.4,9.0,12.0,3.0,1.0650802868661722,1.0452935553678913,1.0929288145663485,0.047635259198457236,0.10650802868661713,0.1045293555367891,0.1092928814566348,0.00476352591984569,0.03787878787878786,0.0,0.0833333333333333,0.0833333333333333,6.0,6.0,6.0,0.0,6.0,6.0,6.0,0.0,2.18520758809846,2.1411476193174126,2.2292675568795075,0.08811993756209491,0.91482826064698,0.8958931189101613,0.9337634023837985,0.03787028347363719,0.2957360402026994,0.29128601162943,0.30018606877596876,0.008900057146538742,0.6108448314308541,0.560188007535694,0.6615016553260142,0.10131364779032026,0.061084483143085344,0.056018800753569326,0.06615016553260138,0.010131364779032051,4.0,4.0,4.0,0.0
6,8.6,8.0,9.0,1.0,8.6,8.0,9.0,1.0,0.9388229133728287,0.8562610032427267,0.8805354907007379,0.024274487458011196,0.09388229133728285,0.0856261003242727,0.0880535490700737,0.002427448745801003,0.04722222222222222,0.0,0.1111111111111111,0.1111111111111111,6.0,6.0,6.0,0.0,6.0,6.0,6.0,0.0,2.639769348396383,2.5970913082869096,2.682447388505856,0.08535608021894658,1.0143105035836575,0.9961578563358384,1.0324631508314766,0.03630529449563813,0.0,0.0,-0.0,-0.0,0.22928508396547637,0.22127353071974162,0.23729663721121108,0.016023106491469458,0.0229285083965476,0.022127353071974103,0.0237296637211211,0.0016023106491469957,2.0,2.0,2.0,0.0
7,9.6,9.0,10.0,1.0,9.6,9.0,10.0,1.0,1.2004354743611656,1.147373127662901,1.214505342866813,0.06713221520391222,0.12004354743611653,0.1147373127662901,0.1214505342866813,0.006713221520391208,0.14666666666666667,0.1,0.2,0.1,6.0,6.0,6.0,0.0,6.0,6.0,6.0,0.0,2.973650093593963,2.932499316997328,3.0148008701905975,0.0823015531932696,1.1627345193781524,1.144989348149213,1.1804796906070918,0.03549034245787874,0.0,0.0,-0.0,-0.0,0.5966256515161023,0.5940191328842916,0.5992321701479129,0.005213037263621212,0.0596625651516102,0.05940191328842915,0.05992321701479125,0.0005213037263621031,4.0,4.0,4.0,0.0
8,12.4,10.0,12.0,2.0,12.4,10.0,12.0,2.0,1.1581737602462359,1.0892941975065082,1.148632055884422,0.05933785837791383,0.11581737602462354,0.1089294197506508,0.1148632055884422,0.005933785837791389,0.08666666666666666,0.05,0.1,0.05,6.5,6.25,6.75,0.5,6.5,6.25,6.75,0.5,3.198536993093282,3.1590129406693275,3.238061045517237,0.0790481048479097,1.2280746595348473,1.1765843827891134,1.2795649362805812,0.10298055349146784,0.14341799152808035,0.07170899576404018,0.21512698729212054,0.14341799152808038,0.5047991630686453,0.5037580164851552,0.5058403096521354,0.0020822931669802758,0.05047991630686445,0.05037580164851543,0.050584030965213474,0.000208229316698047,3.5,3.25,3.75,0.5
9,17.8,10.0,10.0,0.0,17.8,10.0,10.0,0.0,1.296544087324723,1.1218978354909863,1.495666615662739,0.37376878017175263,0.12965440873247225,0.1121897835490987,0.1495666615662739,0.03737687801717521,0.13022222222222224,0.1,0.2,0.1,7.5,7.25,7.75,0.5,7.5,7.25,7.75,0.5,3.326312715216968,3.3000653813060987,3.352560049127838,0.05249466782173906,1.1804167828650645,1.1344310555222876,1.226402510207841,0.09197145468555346,0.33695753461724004,0.3310202540043441,0.342894815230136,0.011874561225791891,1.0271835867737071,1.0096628142463344,1.04470435930108,0.03504154505474566,0.1027183586773707,0.1009662814246334,0.10447043593010799,0.003504154505474588,3.0,3.0,3.0,0.0
10,33.0,11.0,15.0,4.0,33.0,11.0,15.0,4.0,1.2960018248356489,1.2104253405957108,1.3076971884435622,0.09727184784785137,0.12960018248356486,0.121042534059571,0.1307697188443562,0.009727184784785209,0.09500522466039706,0.0689655172413793,0.1333333333333333,0.06436781609195401,8.0,7.5,8.5,1.0,8.0,7.5,8.5,1.0,3.5720361833595375,3.52033559094699,3.6237367757720853,0.10340118482509553,1.2505007265298995,1.1706095998962776,1.3303918531635217,0.15978225326724416,0.2957360402026994,0.29128601162943,0.30018606877596876,0.008900057146538742,0.6654098876942115,0.5779756673672948,0.7528441080211282,0.17486844065383345,0.0665409887694211,0.057797566736729394,0.0752844108021128,0.01748684406538341,4.0,4.0,4.0,0.0
11,16.4,10.0,12.0,2.0,16.4,10.0,12.0,2.0,1.4166915565019569,1.260898403367576,1.4722866961046035,0.21138829273702742,0.14166915565019572,0.1260898403367576,0.1472286696104603,0.021138829273702697,0.10052631578947366,0.0833333333333333,0.1,0.016666666666666705,8.0,7.5,8.5,1.0,8.0,7.5,8.5,1.0,3.750403714606416,3.698191703089823,3.80261572612301,0.10442402303318721,1.356573104396022,1.2693844648220354,1.443761743970009,0.17437727914797363,0.0,0.0,-0.0,-0.0,0.5196754831665127,0.4996661326174466,0.5396848337155788,0.04001870109813227,0.05196754831665125,0.049966613261744626,0.05396848337155788,0.004001870109813253,4.0,4.0,4.0,0.0
12,9.0,9.0,9.0,0.0,9.0,9.0,9.0,0.0,1.1919715500447543,1.0342772401488092,1.3217014393282025,0.2874241991793933,0.11919715500447539,0.1034277240148809,0.1321701439328202,0.0287424199179393,0.04444444444444444,0.0,0.1111111111111111,0.1111111111111111,8.0,7.5,8.5,1.0,8.0,7.5,8.5,1.0,4.08420154194795,4.032211617673998,4.1361914662219,0.10397984854790199,1.4112694762992257,1.321362770875688,1.5011761817227633,0.17981341084707525,0.0,0.0,-0.0,-0.0,0.1598691441928104,0.1583014809677195,0.16143680741790128,0.0031353264501817746,0.015986914419281,0.0158301480967719,0.016143680741790102,0.0003135326450182038,2.0,2.0,2.0,0.0
13,17.0,11.0,12.0,1.0,17.0,11.0,12.0,1.0,1.4462849165595268,1.4132775923709084,1.4926312027085824,0.07935361033767396,0.14462849165595268,0.1413277592370908,0.1492631202708582,0.007935361033767407,0.14484848484848484,0.1,0.1666666666666666,0.0666666666666666,8.5,8.25,8.75,0.5,8.5,8.25,8.75,0.5,4.177688392285338,4.104775607182051,4.250601177388624,0.14582557020657294,1.42554246397779,1.378541672066338,1.4725432558892422,0.09400158382290424,0.2957360402026994,0.29128601162943,0.30018606877596876,0.008900057146538742,0.8705368938254388,0.8152840853216686,0.9257897023292088,0.11050561700754014,0.08705368938254379,0.0815284085321668,0.0925789702329208,0.01105056170075401,4.0,4.0,4.0,0.0
14,9.0,9.0,9.0,0.0,9.0,9.0,9.0,0.0,1.200482154796823,1.0800476648796904,1.2952474660199471,0.21519980114025672,0.12004821547968225,0.108004766487969,0.1295247466019947,0.0215199801140257,0.15555555555555556,0.1111111111111111,0.2222222222222222,0.1111111111111111,8.5,8.25,8.75,0.5,8.5,8.25,8.75,0.5,4.562394658461788,4.492939388025086,4.6318499288984905,0.13891054087340482,1.470862841517477,1.4234426431342297,1.518283039900724,0.09484039676649436,0.0,0.0,-0.0,-0.0,0.29237697566526344,0.28410660861980164,0.30064734271072524,0.016540734090923603,0.029237697566526402,0.028410660861980252,0.03006473427107255,0.0016540734090922972,2.0,2.0,2.0,0.0
15,12.4,9.0,10.0,1.0,12.4,9.0,10.0,1.0,1.4229233697200099,1.1703449979719027,1.5264782271555974,0.3561332291836947,0.14229233697200097,0.1170344997971903,0.1526478227155597,0.03561332291836941,0.13866666666666666,0.1111111111111111,0.16,0.0488888888888889,9.0,9.0,9.0,0.0,9.0,9.0,9.0,0.0,4.74243780473604,4.715772274814504,4.769103334657576,0.05333105984307185,1.476149064228886,1.4688912145296378,1.483406913928134,0.014515699398496285,0.25020121176909393,0.12510060588454697,0.3753018176536409,0.25020121176909393,1.314383822486243,1.2924691113347386,1.3362985336377473,0.04382942230300868,0.1314383822486243,0.12924691113347384,0.13362985336377475,0.004382942230300918,3.0,3.0,3.0,0.0
16,13.2,11.0,12.0,1.0,13.2,11.0,12.0,1.0,1.4743872877487714,1.34353861443386,1.5440546608614882,0.20051604642762832,0.14743872877487707,0.1343538614433859,0.1544054660861487,0.020051604642762788,0.11627705627705627,0.0,0.1904761904761904,0.1904761904761904,9.0,9.0,9.0,0.0,9.0,9.0,9.0,0.0,4.6090989654040975,4.53525354413223,4.682944386675965,0.1476908425437351,1.5695250770317721,1.5586121089944145,1.58043804506913,0.021825936074715502,0.15231804867461904,0.07615902433730952,0.22847707301192854,0.152318048674619,0.8555534814841059,0.7725991959959735,0.9385077669722383,0.16590857097626477,0.08555534814841051,0.0772599195995973,0.0938507766972237,0.016590857097626407,4.0,4.0,4.0,0.0
17,35.8,10.0,14.0,4.0,35.8,10.0,14.0,4.0,1.4440144486968116,1.338483024420588,1.4968263181619987,0.15834329374141065,0.14440144486968115,0.1338483024420588,0.1496826318161999,0.015834329374141087,0.1174452413258383,0.0,0.1716417910447761,0.1716417910447761,9.0,9.0,9.0,0.0,9.0,9.0,9.0,0.0,4.565533924104855,4.5621003670517934,4.568967481157918,0.0068671141061242835,1.6823348468086134,1.6631038258986037,1.701565867718623,0.03846204182001922,0.44212781567312315,0.42612206698076605,0.45813356436548025,0.032011497384714205,0.8341094467383257,0.8197034482377792,0.848515445238872,0.028811997001092826,0.08341094467383255,0.08197034482377792,0.08485154452388717,0.0028811997001092493,4.0,4.0,4.0,0.0
18,10.2,9.0,10.0,1.0,10.2,9.0,10.0,1.0,1.287601843387559,1.1058968188980305,1.344732655778316,0.23883583688028542,0.12876018433875583,0.1105896818898029,0.1344732655778315,0.02388358368802862,0.1152136752136752,0.1,0.1538461538461538,0.053846153846153794,9.0,9.0,9.0,0.0,9.0,9.0,9.0,0.0,4.906345753099438,4.904509029871099,4.908182476327776,0.0036734464566769987,1.7205557453012874,1.7012871522885775,1.7398243383139973,0.03853718602541978,0.0,0.0,-0.0,-0.0,0.4238989862399003,0.4184352278691486,0.429362744610652,0.010927516741503385,0.04238989862399,0.04184352278691485,0.042936274461065155,0.001092751674150308,2.0,2.0,2.0,0.0
19,41.8,9.0,11.0,2.0,41.8,9.0,11.0,2.0,1.5681708500459048,1.5692339890157347,1.5904686318265633,0.02123464281082854,0.15681708500459046,0.1569233989015734,0.1590468631826564,0.0021234642810830096,0.09909685086155672,0.0823529411764705,0.1,0.0176470588235295,9.0,9.0,9.0,0.0,9.0,9.0,9.0,0.0,4.983143816341619,4.954674113509454,5.0116135191737845,0.05693940566433042,1.8010566208368133,1.7822138044149045,1.819899437258722,0.03768563284381754,0.17441604792151594,0.08720802396075797,0.2616240718822739,0.1744160479215159,1.3335730141129478,1.2979328440037592,1.3692131842221364,0.07128034021837726,0.13335730141129476,0.12979328440037594,0.13692131842221358,0.007128034021837648,3.0,3.0,3.0,0.0
20,9.6,8.0,11.0,3.0,9.6,8.0,11.0,3.0,1.526604698072086,1.4199840405725137,1.5820977049777056,0.16211366440519193,0.15266046980720857,0.1419984040572515,0.1582097704977705,0.016211366440518987,0.05303030303030302,0.0,0.0833333333333333,0.0833333333333333,9.5,9.25,9.75,0.5,9.5,9.25,9.75,0.5,4.982934062751241,4.845813924883177,5.120054200619306,0.27424027573612886,1.8132694192370025,1.7837884566547444,1.8427503818192603,0.05896192516451593,0.47057513282202545,0.38760561508563174,0.5535446505584191,0.16593903547278732,1.2479124343539487,1.1760529664128723,1.3197719022950254,0.14371893588215312,0.12479124343539484,0.11760529664128716,0.13197719022950252,0.014371893588215362,3.0,3.0,3.0,0.0
21,10.0,10.0,10.0,0.0,10.0,10.0,10.0,0.0,1.3108125407494626,1.1624289168677175,1.404488703069395,0.24205978620167756,0.13108125407494625,0.1162428916867717,0.1404488703069396,0.024205978620167892,0.2208080808080808,0.1818181818181818,0.2222222222222222,0.040404040404040414,9.5,9.25,9.75,0.5,9.5,9.25,9.75,0.5,5.02913524985462,4.898933886454209,5.1593366132550305,0.2604027268008213,1.8713458766589857,1.8408803039577188,1.9018114493602527,0.06093114540253386,0.0,0.0,-0.0,-0.0,0.533411452550448,0.48824840635900124,0.5785744987418947,0.09032609238289346,0.0533411452550447,0.0488248406359,0.0578574498741894,0.009032609238289399,3.0,3.0,3.0,0.0
22,35.4,10.0,13.0,3.0,35.4,10.0,13.0,3.0,1.5669024962845481,1.285056056982397,1.7756727096458291,0.49061665266343213,0.15669024962845474,0.1285056056982396,0.1775672709645828,0.0490616652663432,0.06878787878787877,0.0606060606060606,0.1,0.039393939393939405,9.5,9.25,9.75,0.5,9.5,9.25,9.75,0.5,4.91084064061115,4.707784679826516,5.113896601395785,0.406111921569269,1.9410455599116618,1.9009801881417754,1.9811109316815485,0.08013074353977312,0.3086208848651708,0.1543104424325854,0.4629313272977562,0.3086208848651708,0.8101424389050019,0.6777463810978164,0.9425384967121875,0.2647921156143711,0.0810142438905002,0.06777463810978165,0.09425384967121875,0.026479211561437094,3.0,3.0,3.0,0.0
23,36.8,10.0,11.0,1.0,36.8,10.0,11.0,1.0,1.3817375432571817,1.248005064414352,1.5577676731440682,0.30976260872971606,0.13817375432571813,0.1248005064414351,0.1557767673144067,0.030976260872971603,0.15818181818181817,0.0909090909090909,0.3,0.2090909090909091,9.5,9.25,9.75,0.5,9.5,9.25,9.75,0.5,4.927264274210914,4.76337343467743,5.0911551137443976,0.32778167906696787,1.996065434242391,1.9512453627311444,2.0408855057536375,0.08964014302249312,0.15231804867461904,0.07615902433730952,0.22847707301192854,0.152318048674619,0.9111566335787649,0.6913409367594895,1.1309723303980401,0.43963139363855064,0.09111566335787635,0.06913409367594882,0.11309723303980387,0.043963139363855055,3.0,3.0,3.0,0.0
24,9.6,9.0,10.0,1.0,9.6,9.0,10.0,1.0,1.4122180788447427,1.39416477849544,1.5607308647495293,0.1665660862540892,0.1412218078844742,0.1394164778495439,0.1560730864749529,0.01665660862540902,0.042222222222222223,0.0,0.1,0.1,9.5,9.25,9.75,0.5,9.5,9.25,9.75,0.5,4.941254669268293,4.81281828198261,5.0696910565539755,0.2568727745713657,2.048084854099867,2.0023229142732832,2.093846793926451,0.09152387965316766,0.15231804867461904,0.07615902433730952,0.22847707301192854,0.152318048674619,0.6835603010016315,0.4982371962836272,0.8688834057196357,0.3706462094360085,0.06835603010016306,0.04982371962836257,0.08688834057196353,0.037064620943600954,3.0,3.0,3.0,0.0
25,9.0,8.0,10.0,2.0,9.0,8.0,10.0,2.0,1.647728916299585,1.483209613540627,1.8254964152009487,0.34228680166032177,0.16477289162995842,0.1483209613540627,0.1825496415200948,0.034228680166032116,0.07222222222222222,0.0,0.125,0.125,9.5,9.25,9.75,0.5,9.5,9.25,9.75,0.5,4.967249052169914,4.86385009022725,5.070648014112579,0.20679792388532903,2.125884835555848,2.0787370429496255,2.173032628162071,0.09429558521244541,0.1625414866957241,0.08127074334786205,0.24381223004358615,0.1625414866957241,1.0722277232838828,0.9522301287868171,1.1922253177809483,0.2399951889941312,0.1072227723283882,0.09522301287868165,0.11922253177809475,0.023999518899413097,4.0,4.0,4.0,0.0
26,9.4,9.0,10.0,1.0,9.4,9.0,10.0,1.0,1.3961498341726748,1.358779526065149,1.4294520281007377,0.07067250203558872,0.1396149834172674,0.1358779526065148,0.1429452028100737,0.007067250203558889,0.1511111111111111,0.1111111111111111,0.2222222222222222,0.1111111111111111,9.5,9.25,9.75,0.5,9.5,9.25,9.75,0.5,5.090299044846843,5.0065493350451185,5.174048754648568,0.16749941960344916,2.1988806229227085,2.150038331248716,2.247722914596701,0.09768458334798513,0.0,0.0,-0.0,-0.0,0.882336207086336,0.837871020994533,0.9268013931781389,0.08893037218360589,0.0882336207086336,0.0837871020994533,0.0926801393178139,0.0088930372183606,4.0,4.0,4.0,0.0
27,12.8,10.0,10.0,0.0,12.8,10.0,10.0,0.0,1.3272783398466967,1.0772794373482395,1.356906048053716,0.27962661070547656,0.13272783398466964,0.1077279437348239,0.1356906048053715,0.02796266107054761,0.10500000000000001,0.1,0.1,0.0,9.5,9.25,9.75,0.5,9.5,9.25,9.75,0.5,5.3936809107017085,5.289290480525144,5.498071340878273,0.20878086035312826,2.2412797686737043,2.1907467842039052,2.2918127531435033,0.10106596893959807,0.25020121176909393,0.12510060588454697,0.3753018176536409,0.25020121176909393,0.410586610980844,0.39260842012995456,0.4285648018317334,0.03595638170177884,0.0410586610980843,0.0392608420129953,0.0428564801831733,0.003595638170177995,3.0,3.0,3.0,0.0
28,9.6,9.0,10.0,1.0,9.6,9.0,10.0,1.0,1.485510928921808,1.4285471078491676,1.676096146469308,0.24754903862014044,0.1485510928921808,0.1428547107849166,0.1676096146469309,0.024754903862014288,0.10040404040404041,0.0,0.1111111111111111,0.1111111111111111,9.5,9.25,9.75,0.5,9.5,9.25,9.75,0.5,5.409488077386839,5.398693028922739,5.420283125850939,0.021590096928200353,2.2837855529082507,2.233529518162307,2.334041587654194,0.10051206949188662,0.15231804867461904,0.07615902433730952,0.22847707301192854,0.152318048674619,0.9204591868704268,0.6709219503783898,1.169996423362464,0.49907447298407426,0.09204591868704269,0.06709219503783895,0.11699964233624643,0.04990744729840749,3.0,3.0,3.0,0.0
29,9.8,10.0,10.0,0.0,9.8,10.0,10.0,0.0,1.4582055511397158,1.318614236980593,1.5850900444361034,0.26647580745551025,0.14582055511397155,0.1318614236980594,0.1585090044436103,0.026647580745550903,0.10222222222222221,0.1,0.1,0.0,9.5,9.25,9.75,0.5,9.5,9.25,9.75,0.5,5.7067862559010685,5.688678405972398,5.724894105829739,0.03621569985734041,2.35230127640509,2.3003670889003267,2.4042354639098535,0.10386837500952684,0.0,0.0,-0.0,-0.0,0.9355596235743122,0.9319446949216945,0.9391745522269299,0.007229857305235399,0.0935559623574311,0.0931944694921693,0.0939174552226929,0.0007229857305236093,4.0,4.0,4.0,0.0
30,11.6,9.0,13.0,4.0,11.6,9.0,13.0,4.0,1.365701161932344,1.1429863822702404,1.5153236279207274,0.372337245650487,0.1365701161932344,0.114298638227024,0.1515323627920727,0.037233724565048684,0.013333333333333319,0.0,0.0,0.0,9.5,9.25,9.75,0.5,9.5,9.25,9.75,0.5,5.875578714885561,5.863294386182089,5.887863043589034,0.02456865740694525,2.4568402902414723,2.406310545609869,2.5073700348730763,0.10105948926320751,0.3580795024933885,0.32245774277477457,0.39370126221200236,0.07124351943722779,1.080586274976737,1.0773942182575513,1.0837783316959226,0.006384113438371308,0.10805862749767364,0.10773942182575512,0.10837783316959218,0.0006384113438370614,4.0,4.0,4.0,0.0
31,9.4,9.0,10.0,1.0,9.4,9.0,10.0,1.0,1.1326786065892553,1.0497097415987215,1.1835384822519268,0.13382874065320527,0.11326786065892544,0.1049709741598722,0.1183538482251926,0.013382874065320405,0.15333333333333332,0.1,0.2222222222222222,0.1222222222222222,9.5,9.25,9.75,0.5,9.5,9.25,9.75,0.5,6.147142217368918,6.124058859582577,6.170225575155258,0.046166715572680594,2.4888648621054648,2.437319020060607,2.540410704150322,0.10309168408971514,0.0,0.0,-0.0,-0.0,0.4913593535015697,0.4429429972874756,0.5397757097156638,0.0968327124281882,0.04913593535015695,0.04429429972874753,0.05397757097156637,0.009683271242818842,3.0,3.0,3.0,0.0
32,8.6,8.0,9.0,1.0,8.6,8.0,9.0,1.0,1.398311063004549,1.2421690575086073,1.504886479291261,0.2627174217826538,0.13983110630045484,0.1242169057508606,0.150488647929126,0.026271742178265403,0.04444444444444444,0.0,0.1111111111111111,0.1111111111111111,9.5,9.25,9.75,0.5,9.5,9.25,9.75,0.5,6.147142217368918,6.124058859582577,6.170225575155258,0.046166715572680594,2.5543013741764593,2.5008618709774684,2.6077408773754502,0.10687900639798187,0.0,0.0,-0.0,-0.0,1.0844055787580231,1.0421573295681772,1.1266538279478693,0.08449649837969209,0.10844055787580234,0.10421573295681777,0.11266538279478693,0.008449649837969156,3.0,3.0,3.0,0.0
33,32.6,9.0,13.0,4.0,32.6,9.0,13.0,4.0,1.6373581100851802,1.4898171561279183,1.5602679121154297,0.07045075598751138,0.163735811008518,0.1489817156127918,0.1560267912115431,0.0070450755987512825,0.10378510378510378,0.0769230769230769,0.1111111111111111,0.034188034188034205,9.5,9.25,9.75,0.5,9.5,9.25,9.75,0.5,6.147142217368918,6.124058859582577,6.170225575155258,0.046166715572680594,2.6154992509461854,2.56019774131876,2.6708007605736106,0.11060301925485039,0.0,0.0,-0.0,-0.0,1.0388269535911068,1.0037896472779475,1.0738642599042658,0.07007461262631831,0.1038826953591105,0.1003789647277946,0.1073864259904264,0.007007461262631798,3.0,3.0,3.0,0.0
34,8.6,8.0,9.0,1.0,8.6,8.0,9.0,1.0,1.3525151879382933,1.244466257844299,1.426572134125111,0.18210587628081187,0.13525151879382924,0.1244466257844297,0.142657213412511,0.018210587628081296,0.13333333333333333,0.0,0.2222222222222222,0.2222222222222222,9.5,9.25,9.75,0.5,9.5,9.25,9.75,0.5,6.147142217368918,6.124058859582577,6.170225575155258,0.046166715572680594,2.6331197008906138,2.576494501741441,2.689744900039786,0.11325039829834482,0.0,0.0,-0.0,-0.0,0.5910760709242978,0.5577792173136374,0.6243729245349582,0.06659370722132074,0.0591076070924298,0.0557779217313638,0.0624372924534958,0.006659370722132005,2.0,2.0,2.0,0.0
35,9.2,8.0,10.0,2.0,9.2,8.0,10.0,2.0,1.3872192358864708,1.1151597089747487,1.4184836599342898,0.3033239509595411,0.13872192358864707,0.1115159708974748,0.1418483659934289,0.030332395095954104,0.11499999999999999,0.1,0.125,0.024999999999999994,9.5,9.25,9.75,0.5,9.5,9.25,9.75,0.5,6.353578622811209,6.326030842459794,6.381126403162626,0.05509556070283228,2.6623906052008453,2.6047275711187634,2.720053639282927,0.11532606816416369,0.0,0.0,-0.0,-0.0,0.6041633478503541,0.5877865826043303,0.6205401130963779,0.032753530492047656,0.060416334785035344,0.05877865826043303,0.06205401130963767,0.003275353049204642,3.0,3.0,3.0,0.0
36,34.2,8.0,11.0,3.0,34.2,8.0,11.0,3.0,1.3363323782796295,1.2480342925257075,1.32722217669547,0.07918788416976241,0.1336332378279629,0.1248034292525707,0.132722217669547,0.00791878841697631,0.0150375939849624,0.0,0.0,0.0,9.5,9.25,9.75,0.5,9.5,9.25,9.75,0.5,6.353578622811209,6.326030842459794,6.381126403162626,0.05509556070283228,2.678350028789624,2.6196160741553687,2.73708398342388,0.11746790926851114,0.0,0.0,-0.0,-0.0,0.6222450010618377,0.5969164774830998,0.6475735246405754,0.05065704715747554,0.0622245001061837,0.05969164774830995,0.06475735246405745,0.0050657047157475,2.0,2.0,2.0,0.0
37,9.4,9.0,10.0,1.0,9.4,9.0,10.0,1.0,1.1671777026068135,1.0826695873602048,1.2145169222238903,0.1318473348636855,0.11671777026068134,0.1082669587360204,0.121451692222389,0.013184733486368602,0.04,0.0,0.1,0.1,9.5,9.25,9.75,0.5,9.5,9.25,9.75,0.5,6.726923983166845,6.697147908866167,6.756700057467523,0.05955214860135527,2.7048571460486093,2.6451137252897667,2.7646005668074523,0.11948684151768552,0.0,0.0,-0.0,-0.0,0.6447674113838527,0.626498666140842,0.6630361566268634,0.036537490486021396,0.0644767411383852,0.06264986661408414,0.06630361566268625,0.0036537490486021063,3.0,3.0,3.0,0.0
38,8.6,8.0,9.0,1.0,8.6,8.0,9.0,1.0,1.3479552476095538,1.2350279947520395,1.3290730203876664,0.09404502563562689,0.13479552476095535,0.123502799475204,0.1329073020387666,0.009404502563562608,0.06999999999999999,0.0,0.125,0.125,9.5,9.25,9.75,0.5,9.5,9.25,9.75,0.5,6.726923983166845,6.697147908866167,6.756700057467523,0.05955214860135527,2.7345677615556205,2.6764746937113975,2.7926608293998436,0.11618613568844616,0.1625414866957241,0.08127074334786205,0.24381223004358615,0.1625414866957241,0.8652079825196382,0.7361402045248784,0.994275760514398,0.25813555598951965,0.08652079825196385,0.07361402045248788,0.09942757605143981,0.02581355559895193,2.0,2.0,2.0,0.0
39,13.4,10.0,10.0,0.0,13.4,10.0,10.0,0.0,1.6459052946208785,1.3755174949649107,1.44899120945317,0.07347371448825935,0.1645905294620878,0.1375517494964911,0.144899120945317,0.007347371448825912,0.11481481481481479,0.074074074074074,0.1,0.025925925925926005,9.5,9.25,9.75,0.5,9.5,9.25,9.75,0.5,6.881432265407202,6.861214510335677,6.901650020478727,0.040435510143050024,2.7947116315748,2.7346784731518117,2.854744789997788,0.12006631684597613,0.0,0.0,-0.0,-0.0,1.1429285921500045,1.1240465935511914,1.1618105907488179,0.037763997197626464,0.11429285921500044,0.11240465935511906,0.11618105907488183,0.003776399719762763,4.0,4.0,4.0,0.0
40,33.2,11.0,12.0,1.0,33.2,11.0,12.0,1.0,1.6277167237865302,1.61809988958368,1.694841431215959,0.07674154163227898,0.16277167237865303,0.161809988958368,0.1694841431215961,0.007674154163228086,0.06930894308943089,0.0,0.125,0.125,9.5,9.25,9.75,0.5,9.5,9.25,9.75,0.5,6.881432265407202,6.861214510335677,6.901650020478727,0.040435510143050024,2.8477004792842795,2.768926736807146,2.926474221761413,0.15754748495426707,0.2252806044331523,0.11264030221657614,0.3379209066497284,0.22528060443315226,0.8588220471442076,0.7321290255237572,0.9855150687646581,0.25338604324090086,0.08588220471442079,0.0732129025523758,0.0985515068764658,0.025338604324090006,2.5,2.25,2.75,0.5
41,39.4,10.0,11.0,1.0,39.4,10.0,11.0,1.0,1.348294107624293,1.1253025057709238,1.5775053145345743,0.4522028087636505,0.1348294107624293,0.1125302505770924,0.1577505314534575,0.04522028087636509,0.15935483870967743,0.0,0.3,0.3,9.5,9.25,9.75,0.5,9.5,9.25,9.75,0.5,7.110318636851508,7.090959237094266,7.12967803660875,0.0387187995144842,2.8685559725155176,2.7890132572101978,2.948098687820837,0.1590854306106393,0.0,0.0,-0.0,-0.0,0.5831585920125054,0.576605075603654,0.5897121084213568,0.013107032817702757,0.05831585920125055,0.05766050756036542,0.05897121084213568,0.0013107032817702563,3.0,3.0,3.0,0.0
42,9.6,9.0,10.0,1.0,9.6,9.0,10.0,1.0,1.583779502011804,1.4732514696199313,1.7689086668047167,0.29565719718478545,0.15837795020118037,0.1473251469619931,0.1768908666804717,0.0295657197184786,0.10222222222222221,0.0,0.2,0.2,9.5,9.25,9.75,0.5,9.5,9.25,9.75,0.5,7.316188198763383,7.297881037236033,7.334495360290733,0.03661432305469958,2.923800435664857,2.842429957460745,3.0051709138689695,0.1627409564082245,0.0,0.0,-0.0,-0.0,1.0982132589609266,1.0963999323419902,1.100026585579863,0.0036266532378728122,0.1098213258960927,0.1096399932341991,0.1100026585579863,0.0003626653237872035,4.0,4.0,4.0,0.0
43,8.6,8.0,9.0,1.0,8.6,8.0,9.0,1.0,1.332865551123426,1.1859986142870302,1.53416182717952,0.34816321289248986,0.13328655511234255,0.118599861428703,0.153416182717952,0.03481632128924898,0.04444444444444444,0.0,0.1111111111111111,0.1111111111111111,9.5,9.25,9.75,0.5,9.5,9.25,9.75,0.5,7.316188198763383,7.297881037236033,7.334495360290733,0.03661432305469958,2.9397825369886412,2.858214476804703,3.02135059717258,0.16313612036787672,0.18838508062821835,0.09419254031410917,0.2825776209423275,0.18838508062821835,0.6975380050991657,0.6708977743884951,0.7241782358098363,0.05328046142134124,0.0697538005099165,0.0670897774388495,0.0724178235809835,0.005328046142134002,2.0,2.0,2.0,0.0
44,9.0,9.0,9.0,0.0,9.0,9.0,9.0,0.0,1.4381950664482903,1.3487786197583118,1.5294234986510225,0.18064487889271064,0.14381950664482898,0.1348778619758311,0.1529423498651024,0.018064487889271313,0.08888888888888888,0.1111111111111111,0.1111111111111111,0.0,9.5,9.25,9.75,0.5,9.5,9.25,9.75,0.5,7.316188198763383,7.297881037236033,7.334495360290733,0.03661432305469958,2.993855396044448,2.9116500939268617,3.0760606981620344,0.16441060423517273,0.0,0.0,-0.0,-0.0,1.066210513761678,1.0424962386215877,1.089924788901768,0.04742855028018034,0.10662105137616774,0.10424962386215872,0.10899247889017677,0.00474285502801805,3.0,3.0,3.0,0.0
45,17.6,10.0,15.0,5.0,17.6,10.0,15.0,5.0,1.7372741516471268,1.473816096871089,1.7692780985115932,0.2954620016405043,0.17372741516471266,0.1473816096871089,0.1769278098511593,0.029546200164050407,0.11246753246753245,0.0909090909090909,0.1,0.009090909090909108,9.5,9.25,9.75,0.5,9.5,9.25,9.75,0.5,7.358530091762653,7.341805745426373,7.375254438098933,0.03344869267256012,3.0453114489859336,2.9610752662081894,3.1295476317636783,0.16847236555548895,0.1625414866957241,0.08127074334786205,0.24381223004358615,0.1625414866957241,1.0941078976964695,1.0765030109943035,1.1117127843986356,0.03520977340433218,0.10941078976964685,0.10765030109943022,0.11117127843986348,0.0035209773404332595,4.0,4.0,4.0,0.0
46,14.2,9.0,13.0,4.0,14.2,9.0,13.0,4.0,1.825833813739178,1.6033708741159427,1.9302631431629973,0.3268922690470546,0.1825833813739178,0.1603370874115943,0.1930263143162998,0.03268922690470549,0.09725806451612902,0.0,0.1612903225806451,0.1612903225806451,9.5,9.25,9.75,0.5,9.5,9.25,9.75,0.5,7.358530091762653,7.341805745426373,7.375254438098933,0.03344869267256012,3.0962603656574714,3.0166234264941103,3.1758973048208325,0.15927387832672224,0.1625414866957241,0.08127074334786205,0.24381223004358615,0.1625414866957241,1.1283745700598864,1.0974446232314887,1.1593045168882843,0.06185989365679556,0.11283745700598855,0.10974446232314873,0.11593045168882837,0.006185989365679642,3.0,3.0,3.0,0.0
47,10.8,10.0,11.0,1.0,10.8,10.0,11.0,1.0,1.6589261158915065,1.2227094250401775,2.1303182609281084,0.9076088358879308,0.16589261158915056,0.1222709425040176,0.2130318260928108,0.0907608835887932,0.05818181818181818,0.0,0.1,0.1,9.5,9.25,9.75,0.5,9.5,9.25,9.75,0.5,7.241644388193675,7.090064264743827,7.393224511643524,0.3031602468996972,3.1579177639414837,3.0789071487124744,3.2369283791704935,0.15802123045801908,0.2957360402026994,0.29128601162943,0.30018606877596876,0.008900057146538742,1.3983142090172405,1.1515171363404804,1.6451112816940006,0.4935941453535202,0.1398314209017239,0.11515171363404784,0.16451112816939994,0.0493594145353521,4.0,4.0,4.0,0.0
48,14.2,10.0,14.0,4.0,14.2,10.0,14.0,4.0,1.6319791070814471,1.4444852747067816,1.6268300589291047,0.18234478422232314,0.16319791070814477,0.1444485274706782,0.1626830058929103,0.01823447842223208,0.12883116883116882,0.0714285714285714,0.2,0.12857142857142861,9.5,9.25,9.75,0.5,9.5,9.25,9.75,0.5,7.361640954888141,7.2180639819450345,7.505217927831248,0.2871539458862138,3.2009065089983375,3.120814755441939,3.280998262554736,0.16018350711279705,0.1625414866957241,0.08127074334786205,0.24381223004358615,0.1625414866957241,1.0699036347153559,1.0218616249139696,1.1179456445167422,0.09608401960277257,0.10699036347153545,0.10218616249139677,0.11179456445167413,0.00960840196027736,4.0,4.0,4.0,0.0
49,11.0,10.0,11.0,1.0,11.0,10.0,11.0,1.0,1.4816242554329893,1.2919666709346165,1.5810523890081516,0.2890857180735351,0.14816242554329895,0.1291966670934615,0.1581052389008152,0.028908571807353706,0.18103896103896103,0.1,0.2142857142857142,0.11428571428571419,9.5,9.25,9.75,0.5,9.5,9.25,9.75,0.5,7.293810245558261,7.154218933695649,7.433401557420874,0.27918262372522484,3.257824867345726,3.177254677846902,3.3383950568445497,0.16114037899764755,0.1625414866957241,0.08127074334786205,0.24381223004358615,0.1625414866957241,1.2007933385125429,1.166058879517257,1.2355277975078285,0.06946891799057142,0.1200793338512543,0.11660588795172569,0.1235527797507829,0.006946891799057206,4.0,4.0,4.0,0.0
50,34.2,10.0,10.0,0.0,34.2,10.0,10.0,0.0,1.2984872564945131,1.185840726919078,1.3813410672148374,0.19550034029575936,0.12984872564945124,0.1185840726919078,0.1381341067214838,0.019550034029576002,0.1598473282442748,0.1,0.2,0.1,9.5,9.25,9.75,0.5,9.5,9.25,9.75,0.5,7.574446592658246,7.440495302606557,7.708397882709935,0.2679025801033781,3.27439566534202,3.1952289005636483,3.353562430120391,0.15833352955674274,0.1625414866957241,0.08127074334786205,0.24381223004358615,0.1625414866957241,0.7829161275263553,0.7018790012103573,0.8639532538423533,0.16207425263199604,0.0782916127526355,0.0701879001210357,0.0863953253842353,0.0162074252631996,3.0,3.0,3.0,0.0
51,11.4,9.0,11.0,2.0,11.4,9.0,11.0,2.0,1.834351103156631,1.4159911085779329,2.2896168954785154,0.8736257869005826,0.18343511031566306,0.1415991108577932,0.2289616895478516,0.0873625786900584,0.0919191919191919,0.0,0.1666666666666666,0.1666666666666666,9.5,9.25,9.75,0.5,9.5,9.25,9.75,0.5,7.574446592658246,7.440495302606557,7.708397882709935,0.2679025801033781,3.3038433688551367,3.227872476904051,3.3798142608062225,0.1519417839021715,0.1625414866957241,0.08127074334786205,0.24381223004358615,0.1625414866957241,0.745310872309248,0.727017968016735,0.7636037766017609,0.036585808585025914,0.07453108723092475,0.07270179680167342,0.07636037766017607,0.0036585808585026525,2.0,2.0,2.0,0.0
52,9.4,9.0,9.0,0.0,9.4,9.0,9.0,0.0,1.3749176471130462,1.2630643237392245,1.451371191620716,0.18830686788149142,0.1374917647113046,0.1263064323739224,0.1451371191620716,0.018830686788149198,0.11111111111111112,0.0,0.2222222222222222,0.2222222222222222,9.5,9.25,9.75,0.5,9.5,9.25,9.75,0.5,7.574446592658246,7.440495302606557,7.708397882709935,0.2679025801033781,3.336489732263624,3.266180643231429,3.40679882129582,0.14061817806439114,0.15231804867461904,0.07615902433730952,0.22847707301192854,0.152318048674619,0.7269403972012167,0.7217052198935152,0.7321755745089183,0.010470354615403132,0.07269403972012164,0.07217052198935142,0.07321755745089188,0.0010470354615404603,2.0,2.0,2.0,0.0
53,14.8,8.0,9.0,1.0,14.8,8.0,9.0,1.0,1.3756983800816134,1.261330511247442,1.531837562620852,0.27050705137341,0.13756983800816136,0.1261330511247442,0.1531837562620852,0.02705070513734098,0.13444444444444445,0.1111111111111111,0.125,0.013888888888888895,9.5,9.25,9.75,0.5,9.5,9.25,9.75,0.5,7.574446592658246,7.440495302606557,7.708397882709935,0.2679025801033781,3.368755305798102,3.298398466436277,3.4391121451599274,0.14071367872365048,0.0,0.0,-0.0,-0.0,0.8293830759999172,0.7889299006478792,0.8698362513519552,0.08090635070407604,0.0829383075999917,0.0788929900647879,0.0869836251351955,0.008090635070407609,3.0,3.0,3.0,0.0
54,9.4,9.0,9.0,0.0,9.4,9.0,9.0,0.0,1.3609106021261426,1.2256510714099904,1.278912030855403,0.05326095944541254,0.13609106021261425,0.122565107140999,0.1278912030855402,0.005326095944541198,0.06262626262626261,0.0,0.0909090909090909,0.0909090909090909,9.5,9.25,9.75,0.5,9.5,9.25,9.75,0.5,7.574446592658246,7.440495302606557,7.708397882709935,0.2679025801033781,3.401683690791404,3.326342939615896,3.477024441966912,0.15068150235101596,0.23706965652891865,0.11853482826445932,0.355604484793378,0.23706965652891865,0.8426630589062185,0.751075502620192,0.934250615192245,0.183175112572053,0.0842663058906217,0.07510755026201904,0.09342506151922435,0.018317511257205307,2.0,2.0,2.0,0.0
55,13.0,10.0,12.0,2.0,13.0,10.0,12.0,2.0,1.4546816054096792,1.2031244844114617,1.764168757663083,0.5610442732516212,0.14546816054096784,0.1203124484411462,0.1764168757663081,0.056104427325161896,0.21303030303030304,0.0833333333333333,0.4,0.3166666666666667,9.5,9.25,9.75,0.5,9.5,9.25,9.75,0.5,7.593730957925994,7.356965944449842,7.830495971402147,0.4735300269523055,3.4303326655475295,3.358455172364863,3.502210158730196,0.1437549863653329,0.2957360402026994,0.29128601162943,0.30018606877596876,0.008900057146538742,0.7608776932967362,0.4920491403097131,1.0297062462837592,0.537657105974046,0.0760877693296737,0.049204914030971394,0.102970624628376,0.053765710597404606,3.5,3.25,3.75,0.5
56,10.4,10.0,11.0,1.0,10.4,10.0,11.0,1.0,1.5987141101986635,1.3530808710594733,1.8287590295082488,0.4756781584487755,0.1598714110198663,0.1353080871059472,0.1828759029508249,0.04756781584487771,0.2675757575757576,0.1818181818181818,0.3,0.1181818181818182,9.5,9.25,9.75,0.5,9.5,9.25,9.75,0.5,7.552274399817922,7.235624223968257,7.868924575667587,0.6333003516993303,3.5107822922862533,3.420660543719513,3.6009040408529938,0.18024349713348098,0.2957360402026994,0.29128601162943,0.30018606877596876,0.008900057146538742,1.3690462729951083,1.2985867973069667,1.43950574868325,0.1409189513762834,0.1369046272995108,0.1298586797306966,0.14395057486832502,0.01409189513762843,4.0,4.0,4.0,0.0
57,8.8,9.0,9.0,0.0,8.8,9.0,9.0,0.0,1.207541775514157,1.1918404737250627,1.2571399065646458,0.06529943283958306,0.12075417755141564,0.1191840473725062,0.1257139906564646,0.006529943283958409,0.13611111111111113,0.1111111111111111,0.125,0.013888888888888895,9.5,9.25,9.75,0.5,9.5,9.25,9.75,0.5,7.552274399817922,7.235624223968257,7.868924575667587,0.6333003516993303,3.530906039921743,3.4376825287103414,3.6241295511331453,0.18644702242280387,0.17441604792151594,0.08720802396075797,0.2616240718822739,0.1744160479215159,0.4597959002182161,0.35175884916998246,0.5678329512664497,0.21607410209646727,0.0459795900218217,0.03517588491699835,0.056783295126645046,0.021607410209646696,2.0,2.0,2.0,0.0
58,10.0,9.0,11.0,2.0,10.0,9.0,11.0,2.0,1.3169571618229532,1.2162103285349022,1.3856880714739546,0.16947774293905238,0.1316957161822952,0.1216210328534903,0.1385688071473953,0.01694777429390501,0.10080808080808079,0.0909090909090909,0.1111111111111111,0.020202020202020207,9.5,9.25,9.75,0.5,9.5,9.25,9.75,0.5,7.726613062951957,7.440024709464427,8.013201416439486,0.5731767069750591,3.5734114621766047,3.478968473147034,3.6678544512061757,0.18888597805914165,0.0,0.0,-0.0,-0.0,0.7456952306190159,0.7036135553742624,0.7877769058637694,0.08416335048950696,0.0745695230619015,0.07036135553742615,0.07877769058637685,0.008416335048950702,4.0,4.0,4.0,0.0
59,29.0,11.0,11.0,0.0,29.0,11.0,11.0,0.0,1.4381550164051824,1.4085530746619634,1.4378153815084334,0.02926230684646991,0.14381550164051818,0.1408553074661963,0.1437815381508433,0.0029262306846470076,0.1057754010695187,0.0909090909090909,0.1470588235294117,0.05614973262032079,9.5,9.25,9.75,0.5,9.5,9.25,9.75,0.5,7.882634928993474,7.622678680085685,8.142591177901261,0.519912497815576,3.5907484038730217,3.4961014407177506,3.6853953670282933,0.18929392631054265,0.15231804867461904,0.07615902433730952,0.22847707301192854,0.152318048674619,0.6546132264868885,0.6346879242779829,0.6745385286957939,0.039850604417810964,0.0654613226486888,0.06346879242779825,0.06745385286957935,0.003985060441781096,3.0,3.0,3.0,0.0
60,10.4,9.0,10.0,1.0,10.4,9.0,10.0,1.0,1.4849035239133932,1.2612713889854623,1.394429251764299,0.1331578627788368,0.14849035239133923,0.1261271388985461,0.1394429251764297,0.013315786277883601,0.10317460317460317,0.0,0.2222222222222222,0.2222222222222222,9.5,9.25,9.75,0.5,9.5,9.25,9.75,0.5,7.882634928993474,7.622678680085685,8.142591177901261,0.519912497815576,3.62915213686037,3.5342900361247453,3.724014237595995,0.18972420147124947,0.0,0.0,-0.0,-0.0,0.6963250057438437,0.6522483900793455,0.7404016214083418,0.08815323132899622,0.06963250057438425,0.06522483900793442,0.07404016214083407,0.00881532313289965,3.0,3.0,3.0,0.0
61,10.4,10.0,11.0,1.0,10.4,10.0,11.0,1.0,1.3851295676805415,1.2427158731236414,1.444506954556131,0.2017910814324897,0.1385129567680541,0.1242715873123642,0.1444506954556131,0.020179108143248886,0.17898989898989898,0.0909090909090909,0.2222222222222222,0.13131313131313133,9.5,9.25,9.75,0.5,9.5,9.25,9.75,0.5,7.882634928993474,7.622678680085685,8.142591177901261,0.519912497815576,3.656251845789089,3.5630917352574425,3.7494119563207358,0.18632022106329327,0.1625414866957241,0.08127074334786205,0.24381223004358615,0.1625414866957241,0.7468194893870705,0.6927908967503211,0.8008480820238201,0.10805718527349895,0.07468194893870705,0.06927908967503213,0.08008480820238198,0.01080571852734985,2.0,2.0,2.0,0.0
62,9.4,9.0,10.0,1.0,9.4,9.0,10.0,1.0,1.3712092233204431,1.1674398544884914,1.4267000438877315,0.2592601893992401,0.13712092233204426,0.116743985448849,0.1426700043887731,0.025926018939924092,0.042222222222222223,0.0,0.1,0.1,9.5,9.25,9.75,0.5,9.5,9.25,9.75,0.5,8.035082963790451,7.8008031794415205,8.269362748139383,0.4685595686978621,3.6664658870933584,3.575565666824242,3.7573661073624747,0.18180044053823252,0.1625414866957241,0.08127074334786205,0.24381223004358615,0.1625414866957241,0.4850972048084339,0.38754408917462646,0.5826503204422412,0.19510623126761473,0.0485097204808433,0.03875440891746255,0.05826503204422405,0.019510623126761502,3.0,3.0,3.0,0.0
63,9.4,9.0,10.0,1.0,9.4,9.0,10.0,1.0,1.3694117830719628,1.3044287606485074,1.441892203865129,0.13746344321662152,0.13694117830719615,0.1304428760648508,0.1441892203865127,0.013746344321661885,0.15207070707070708,0.1,0.2222222222222222,0.1222222222222222,9.5,9.25,9.75,0.5,9.5,9.25,9.75,0.5,8.256365629265087,8.042529407376353,8.47020185115382,0.4276724437774675,3.679659765207565,3.5938582173911757,3.7654613130239536,0.17160309563277787,0.15231804867461904,0.07615902433730952,0.22847707301192854,0.152318048674619,0.6595256970580246,0.6456663543041608,0.6733850398118885,0.027718685507727714,0.0659525697058024,0.06456663543041605,0.06733850398118875,0.002771868550772702,3.0,3.0,3.0,0.0
64,13.4,10.0,12.0,2.0,13.4,10.0,12.0,2.0,1.555278845174422,1.2537067118520973,1.8804033907586069,0.6266966789065096,0.1555278845174422,0.1253706711852097,0.1880403390758608,0.06266966789065109,0.13733333333333334,0.12,0.2,0.08000000000000002,9.5,9.25,9.75,0.5,9.5,9.25,9.75,0.5,8.26648601416529,8.064129093595753,8.468842934734827,0.40471384113907405,3.74944089382731,3.6434894557370665,3.8553923319175527,0.2119028761804862,0.14341799152808035,0.07170899576404018,0.21512698729212054,0.14341799152808038,1.1272060737202585,0.915273232993097,1.3391389144474197,0.4238656814543227,0.11272060737202586,0.09152732329930972,0.13391389144474197,0.04238656814543225,4.0,4.0,4.0,0.0
65,15.6,10.0,10.0,0.0,15.6,10.0,10.0,0.0,1.3149193272753563,1.162553108554062,1.3921554596391268,0.22960235108506488,0.1314919327275355,0.1162553108554061,0.1392155459639124,0.022960235108506297,0.05052631578947368,0.0,0.1,0.1,9.5,9.25,9.75,0.5,9.5,9.25,9.75,0.5,8.27525941767124,8.083856981105974,8.466661854236506,0.3828048731305316,3.776261940387182,3.670252980391157,3.8822709003832077,0.21201791999205044,0.0,0.0,-0.0,-0.0,0.752015485469598,0.7091147080300522,0.7949162629091436,0.08580155487909147,0.07520154854695975,0.07091147080300517,0.07949162629091433,0.008580155487909163,4.0,4.0,4.0,0.0
66,9.8,8.0,11.0,3.0,9.8,8.0,11.0,3.0,1.5440304517716172,1.442774089860243,1.4922719620627796,0.04949787220253654,0.15440304517716172,0.1442774089860242,0.1492271962062779,0.0049497872202536874,0.10484848484848483,0.0909090909090909,0.125,0.0340909090909091,9.5,9.25,9.75,0.5,9.5,9.25,9.75,0.5,8.304552776050816,8.093599055879286,8.515506496222347,0.4219074403430607,3.815075647410257,3.710827960934103,3.9193233338864113,0.20849537295230824,0.2957360402026994,0.29128601162943,0.30018606877596876,0.008900057146538742,0.797279225692332,0.7691706625293786,0.8253877888552854,0.05621712632590681,0.0797279225692332,0.07691706625293786,0.08253877888552855,0.005621712632590689,4.0,4.0,4.0,0.0
67,33.0,9.0,12.0,3.0,33.0,9.0,12.0,3.0,1.4647504150002764,1.3076321899501002,1.7289400081524775,0.4213078182023773,0.1464750415000276,0.1307632189950099,0.1728940008152477,0.0421307818202378,0.1734222222222222,0.1666666666666666,0.2222222222222222,0.05555555555555561,9.5,9.25,9.75,0.5,9.5,9.25,9.75,0.5,8.304552776050816,8.093599055879286,8.515506496222347,0.4219074403430607,3.8515178901669263,3.7470306655359558,3.9560051147978963,0.20897444926194053,0.0,0.0,-0.0,-0.0,0.6573189106329946,0.6276349924627949,0.6870028288031944,0.05936783634039955,0.06573189106329949,0.0627634992462795,0.0687002828803195,0.005936783634040002,3.0,3.0,3.0,0.0
68,9.0,8.0,9.0,1.0,9.0,8.0,9.0,1.0,1.4212372736240675,1.2697425760952314,1.3645880199821108,0.09484544388687932,0.1421237273624067,0.126974257609523,0.136458801998211,0.00948454438868801,0.15580808080808078,0.1111111111111111,0.1818181818181818,0.07070707070707069,9.5,9.25,9.75,0.5,9.5,9.25,9.75,0.5,8.304552776050816,8.093599055879286,8.515506496222347,0.4219074403430607,3.8656464719666577,3.761608654333203,3.969684289600112,0.20807563526690886,0.0,0.0,-0.0,-0.0,0.690062065115465,0.6611568453876474,0.7189672848432825,0.05781043945563513,0.06900620651154635,0.06611568453876458,0.07189672848432813,0.005781043945563544,2.0,2.0,2.0,0.0
69,36.2,11.0,11.0,0.0,36.2,11.0,11.0,0.0,1.2969455859726087,1.2430206976380118,1.3417897003921535,0.09876900275414169,0.1296945585972608,0.1243020697638011,0.1341789700392154,0.009876900275414283,0.14213438735177863,0.0909090909090909,0.1818181818181818,0.0909090909090909,9.5,9.25,9.75,0.5,9.5,9.25,9.75,0.5,8.324134501143861,8.12814917029825,8.520119831989472,0.3919706616912215,3.892119481221583,3.7911468548311227,3.9930921076120436,0.2019452527809209,0.15231804867461904,0.07615902433730952,0.22847707301192854,0.152318048674619,0.7271164039734614,0.6950022372419322,0.7592305707049907,0.06422833346305845,0.07271164039734615,0.06950022372419318,0.07592305707049912,0.006422833346305945,4.0,4.0,4.0,0.0
70,11.8,10.0,11.0,1.0,11.8,10.0,11.0,1.0,1.695911676780262,1.310155768512945,1.5288154773390568,0.21865970882611174,0.16959116767802612,0.1310155768512945,0.1528815477339056,0.021865970882611108,0.21676767676767678,0.2,0.2727272727272727,0.0727272727272727,9.5,9.25,9.75,0.5,9.5,9.25,9.75,0.5,8.411750689514534,8.225208136342387,8.59829324268668,0.37308510634429304,3.9105145134652184,3.810125398686922,4.010903628243515,0.20077822955659297,0.0,0.0,-0.0,-0.0,0.6388149810122017,0.5868741702993754,0.690755791725028,0.1038816214256526,0.06388149810122,0.0586874170299374,0.0690755791725026,0.010388162142565195,4.0,4.0,4.0,0.0
71,16.0,10.0,11.0,1.0,16.0,10.0,11.0,1.0,1.3045480408953765,1.2885159514707532,1.41687907260842,0.1283631211376668,0.13045480408953763,0.1288515951470752,0.1416879072608421,0.012836312113766901,0.057222222222222216,0.0,0.1,0.1,9.5,9.25,9.75,0.5,9.5,9.25,9.75,0.5,8.411750689514534,8.225208136342387,8.59829324268668,0.37308510634429304,3.950885430426776,3.8473066474185993,4.054464213434953,0.20715756601635338,0.1625414866957241,0.08127074334786205,0.24381223004358615,0.1625414866957241,0.6581297723967643,0.6134839149870532,0.7027756298064752,0.089291714819422,0.0658129772396763,0.0613483914987052,0.0702775629806474,0.008929171481942201,3.0,3.0,3.0,0.0
72,9.2,8.0,10.0,2.0,9.2,8.0,10.0,2.0,1.380955279886543,1.2432313167892126,1.432599216155806,0.18936789936659348,0.13809552798865427,0.1243231316789211,0.1432599216155806,0.018936789936659496,0.11040404040404042,0.0909090909090909,0.1111111111111111,0.020202020202020207,9.5,9.25,9.75,0.5,9.5,9.25,9.75,0.5,8.411750689514534,8.225208136342387,8.59829324268668,0.37308510634429304,3.9662199586587827,3.862399960908377,4.070039956409189,0.2076399955008119,0.0,0.0,-0.0,-0.0,0.6362367530584885,0.6299896627404354,0.6424838433765414,0.012494180636105967,0.06362367530584866,0.06299896627404333,0.06424838433765398,0.0012494180636106467,2.0,2.0,2.0,0.0
73,10.8,9.0,11.0,2.0,10.8,9.0,11.0,2.0,1.5596184868331329,1.24321172779199,1.7871510915571345,0.5439393637651444,0.15596184868331323,0.124321172779199,0.1787151091557134,0.05439393637651439,0.02222222222222222,0.0,0.0,0.0,9.5,9.25,9.75,0.5,9.5,9.25,9.75,0.5,8.411750689514534,8.225208136342387,8.59829324268668,0.37308510634429304,3.9888361660156457,3.8845607861736426,4.093111545857649,0.2085507596840066,0.0,0.0,-0.0,-0.0,0.6743964492490788,0.66926613885205,0.6795267596461075,0.01026062079405754,0.06743964492490775,0.06692661388520492,0.06795267596461058,0.0010260620794056569,2.0,2.0,2.0,0.0
74,10.0,9.0,10.0,1.0,10.0,9.0,10.0,1.0,1.3185135701617807,1.2544794653356095,1.3720162054988851,0.11753674016327564,0.13185135701617806,0.1254479465335609,0.1372016205498886,0.011753674016327709,0.0576068376068376,0.0,0.1,0.1,9.5,9.25,9.75,0.5,9.5,9.25,9.75,0.5,8.411750689514534,8.225208136342387,8.59829324268668,0.37308510634429304,4.009290753207738,3.9045990198149125,4.113982486600563,0.2093834667856509,0.0,0.0,-0.0,-0.0,0.7367446601636995,0.732204143710126,0.741285176617273,0.009081032907147013,0.07367446601636984,0.07322041437101252,0.07412851766172718,0.0009081032907146541,2.0,2.0,2.0,0.0
75,16.0,10.0,12.0,2.0,16.0,10.0,12.0,2.0,1.593565837601657,1.2095132308341077,1.411083928501893,0.20157069766778535,0.15935658376016576,0.1209513230834107,0.1411083928501895,0.020157069766778807,0.05245614035087718,0.0,0.0833333333333333,0.0833333333333333,9.5,9.25,9.75,0.5,9.5,9.25,9.75,0.5,8.356360969812652,8.234987715189208,8.477734224436098,0.24274650924689034,4.024541837500742,3.9163277004956396,4.1327559745058435,0.21642827401020392,0.2252806044331523,0.11264030221657614,0.3379209066497284,0.22528060443315226,0.7795344674646965,0.7355106215750751,0.823558313354318,0.08804769177924288,0.07795344674646965,0.07355106215750752,0.08235583133543177,0.008804769177924249,3.0,3.0,3.0,0.0
76,38.0,10.0,10.0,0.0,38.0,10.0,10.0,0.0,1.3813968882917986,1.1247297459077774,1.5561922243197706,0.43146247841199314,0.13813968882917996,0.1124729745907779,0.1556192224319773,0.04314624784119939,0.10266666666666666,0.1,0.1,0.0,9.5,9.25,9.75,0.5,9.5,9.25,9.75,0.5,8.23878124625923,8.12495142311097,8.352611069407487,0.2276596462965177,4.043266476358387,3.9353758364134523,4.151157116303323,0.21578127988987061,0.41274269846481804,0.3689128359281331,0.45657256100150295,0.08765972507336983,0.7576422468488746,0.6184541771604994,0.8968303165372496,0.2783761393767502,0.07576422468488746,0.061845417716049976,0.08968303165372493,0.027837613937674956,4.0,4.0,4.0,0.0
77,10.0,9.0,10.0,1.0,10.0,9.0,10.0,1.0,1.401532138053818,1.3032344045527102,1.5388848092156788,0.2356504046629686,0.14015321380538182,0.130323440455271,0.1538884809215677,0.023565040466296705,0.0811111111111111,0.0833333333333333,0.1111111111111111,0.027777777777777804,9.5,9.25,9.75,0.5,9.5,9.25,9.75,0.5,8.220309847687943,8.107744229030155,8.332875466345731,0.22513123731557627,4.05858993958028,3.951177839614813,4.166002039545747,0.2148241999309337,0.1625414866957241,0.08127074334786205,0.24381223004358615,0.1625414866957241,0.8510383531493197,0.7535234576743883,0.9485532486242512,0.19502979094986284,0.08510383531493185,0.07535234576743877,0.09485532486242493,0.01950297909498616,4.0,4.0,4.0,0.0
78,10.2,9.0,11.0,2.0,10.2,9.0,11.0,2.0,1.3135678590871094,1.2567467084097996,1.2938573957764237,0.03711068736662404,0.13135678590871092,0.1256746708409799,0.1293857395776422,0.0037110687366622985,0.02222222222222222,0.0,0.0,0.0,9.5,9.25,9.75,0.5,9.5,9.25,9.75,0.5,8.358737072618423,8.25084388111734,8.466630264119505,0.21578638300216468,4.122768481932018,3.9932998876491346,4.252237076214901,0.25893718856576653,0.46235026096207094,0.4564557349141878,0.4682447870099541,0.011789052095766306,1.384750450820499,1.0797907138895892,1.6897101877514087,0.6099194738618194,0.13847504508204989,0.10797907138895896,0.16897101877514084,0.06099194738618188,3.5,3.25,3.75,0.5
79,38.0,10.0,10.0,0.0,38.0,10.0,10.0,0.0,1.212411876417421,1.2020605574484935,1.2495851370736029,0.047524579625109364,0.12124118764174212,0.1202060557448493,0.1249585137073604,0.0047524579625111,0.07866666666666666,0.0933333333333333,0.1,0.00666666666666671,9.5,9.25,9.75,0.5,9.5,9.25,9.75,0.5,8.387527897497753,8.279343239337836,8.49571255565767,0.21636931631983458,4.127870324420884,3.9994689401240144,4.256271708717754,0.2568027685937393,0.0,0.0,-0.0,-0.0,0.6185239741459438,0.5879922629740792,0.6490556853178083,0.06106342234372908,0.06185239741459431,0.05879922629740785,0.06490556853178076,0.006106342234372904,3.0,3.0,3.0,0.0
80,32.6,9.0,13.0,4.0,32.6,9.0,13.0,4.0,1.44668679495633,1.24183003161999,1.620472454764222,0.378642423144232,0.14466867949563292,0.1241830031619989,0.1620472454764221,0.0378642423144232,0.06735890372254005,0.0578512396694214,0.0909090909090909,0.0330578512396695,9.5,9.25,9.75,0.5,9.5,9.25,9.75,0.5,8.387527897497753,8.279343239337836,8.49571255565767,0.21636931631983458,4.147886243053461,4.02008670667926,4.275685779427662,0.2555990727484021,0.0,0.0,-0.0,-0.0,0.6850348127627031,0.6550018026183624,0.7150678229070436,0.06006602028868124,0.06850348127627025,0.06550018026183617,0.07150678229070433,0.006006602028868158,2.0,2.0,2.0,0.0
81,9.0,9.0,9.0,0.0,9.0,9.0,9.0,0.0,1.4022400332259797,1.3376347352024995,1.4283412430252602,0.09070650782276068,0.14022400332259796,0.1337634735202499,0.142834124302526,0.009070650782276118,0.17777777777777776,0.1111111111111111,0.3333333333333333,0.2222222222222222,9.5,9.25,9.75,0.5,9.5,9.25,9.75,0.5,8.387527897497753,8.279343239337836,8.49571255565767,0.21636931631983458,4.180974017421105,4.0536259884768375,4.308322046365372,0.2546960578885349,0.17441604792151594,0.08720802396075797,0.2616240718822739,0.1744160479215159,0.7954216565077441,0.7913551981840657,0.7994881148314223,0.008132916647356603,0.07954216565077435,0.07913551981840652,0.07994881148314217,0.0008132916647356492,3.0,3.0,3.0,0.0
82,11.2,9.0,12.0,3.0,11.2,9.0,12.0,3.0,1.4969458979777794,1.314037380456843,1.6154235666969134,0.3013861862400704,0.14969458979777792,0.1314037380456842,0.1615423566696914,0.030138618624007213,0.07539682539682538,0.0,0.0833333333333333,0.0833333333333333,9.5,9.25,9.75,0.5,9.5,9.25,9.75,0.5,8.26469974439721,8.244398389235958,8.285001099558464,0.0406027103225064,4.241876039766888,4.122845126555333,4.360906952978442,0.2380618264231087,0.3484761506722849,0.31765606686422276,0.37929623448034694,0.061640167616124175,1.6905332479137967,1.5008326443425615,1.8802338514850319,0.3794012071424704,0.16905332479137958,0.1500832644342561,0.18802338514850309,0.03794012071424699,4.0,4.0,4.0,0.0
83,9.4,9.0,10.0,1.0,9.4,9.0,10.0,1.0,1.2917198793642233,1.2558730283605324,1.3155701547784429,0.05969712641791047,0.12917198793642223,0.1255873028360532,0.1315570154778442,0.005969712641790997,0.10222222222222221,0.0,0.2,0.2,9.5,9.25,9.75,0.5,9.5,9.25,9.75,0.5,8.465783543932162,8.450307152934164,8.481259934930158,0.030952781995994272,4.2474684766732596,4.1280389187944815,4.366898034552038,0.23885911575755614,0.0,0.0,-0.0,-0.0,0.6308568786803406,0.6245402304544084,0.6371735269062726,0.012633296451864173,0.0630856878680341,0.0624540230454409,0.0637173526906273,0.001263329645186398,3.0,3.0,3.0,0.0
84,10.0,9.0,11.0,2.0,10.0,9.0,11.0,2.0,1.332629332465312,1.2860724630728266,1.3685861376406945,0.08251367456786785,0.13326293324653113,0.1286072463072825,0.1368586137640694,0.008251367456786896,0.03333333333333332,0.0,0.0,0.0,9.5,9.25,9.75,0.5,9.5,9.25,9.75,0.5,8.465783543932162,8.450307152934164,8.481259934930158,0.030952781995994272,4.289439281582547,4.159456843962954,4.419421719202141,0.259964875239187,0.23706965652891865,0.11853482826445932,0.355604484793378,0.23706965652891865,0.7451458152370156,0.7170628692294637,0.7732287612445676,0.05616589201510391,0.07451458152370155,0.07170628692294628,0.07732287612445682,0.005616589201510536,2.5,2.25,2.75,0.5
85,11.6,9.0,12.0,3.0,11.6,9.0,12.0,3.0,1.8917925177375516,1.3165985536163782,1.687216783129532,0.3706182295131537,0.18917925177375516,0.1316598553616379,0.1687216783129531,0.03706182295131519,0.15333333333333332,0.0833333333333333,0.25,0.16666666666666669,9.5,9.25,9.75,0.5,9.5,9.25,9.75,0.5,8.465783543932162,8.450307152934164,8.481259934930158,0.030952781995994272,4.315677659731527,4.1831126251043935,4.44824269435866,0.2651300692542664,0.26485309952882724,0.13242654976441362,0.3972796492932409,0.2648530995288273,0.5596958035244304,0.4697110670529208,0.64968053999594,0.17996947294301918,0.055969580352442996,0.0469711067052921,0.0649680539995939,0.017996947294301804,3.0,3.0,3.0,0.0
86,10.4,9.0,11.0,2.0,10.4,9.0,11.0,2.0,1.7427518558871775,1.3219474369108255,1.98482185474347,0.6628744178326444,0.17427518558871774,0.1321947436910827,0.1984821854743469,0.0662874417832642,0.14467754467754468,0.0769230769230769,0.2222222222222222,0.1452991452991453,9.5,9.25,9.75,0.5,9.5,9.25,9.75,0.5,8.465783543932162,8.450307152934164,8.481259934930158,0.030952781995994272,4.3427137017376385,4.210938283706564,4.474489119768714,0.2635508360621506,0.17441604792151594,0.08720802396075797,0.2616240718822739,0.1744160479215159,0.8770378141468291,0.8669810661322712,0.8870945621613869,0.02011349602911572,0.08770378141468285,0.08669810661322708,0.08870945621613863,0.0020113496029115496,3.0,3.0,3.0,0.0
87,34.2,9.0,11.0,2.0,34.2,9.0,11.0,2.0,1.326745604939256,1.2463189906004155,1.3092407538723254,0.0629217632719099,0.13267456049392562,0.1246318990600416,0.1309240753872325,0.006292176327190896,0.07656565656565656,0.0606060606060606,0.1111111111111111,0.050505050505050504,9.5,9.25,9.75,0.5,9.5,9.25,9.75,0.5,8.435222824621567,8.429974334064735,8.4404713151784,0.010496981113664816,4.337627166444175,4.205857121674282,4.469397211214067,0.26354008953978525,0.0,0.0,-0.0,-0.0,0.8254796654205583,0.7873314293283021,0.8636279015128145,0.07629647218451241,0.08254796654205579,0.0787331429328302,0.0863627901512814,0.007629647218451205,3.0,3.0,3.0,0.0
88,8.8,8.0,9.0,1.0,8.8,8.0,9.0,1.0,1.2876348809965816,1.3000648129449768,1.3257562168826775,0.025691403937700752,0.12876348809965815,0.1300064812944976,0.1325756216882677,0.0025691403937700974,0.075,0.0,0.0,0.0,9.5,9.25,9.75,0.5,9.5,9.25,9.75,0.5,8.40911358443958,8.406379782816895,8.411847386062266,0.005467603245371322,4.3328548413898655,4.201185253703731,4.464524429076001,0.2633391753722707,0.0,0.0,-0.0,-0.0,0.8388494663031374,0.805068288859428,0.8726306437468466,0.06756235488741857,0.0838849466303137,0.0805068288859427,0.0872630643746847,0.0067562354887420045,3.0,3.0,3.0,0.0
89,10.6,10.0,11.0,1.0,10.6,10.0,11.0,1.0,1.7226304909055794,1.3232227545539237,1.6814164100931617,0.358193655539238,0.17226304909055784,0.1323222754553923,0.1681416410093162,0.0358193655539239,0.133030303030303,0.1,0.1818181818181818,0.08181818181818179,9.5,9.25,9.75,0.5,9.5,9.25,9.75,0.5,8.551171895569086,8.542322150823464,8.560021640314707,0.01769948949124256,4.3420802967964445,4.21147798532812,4.472682608264768,0.26120462293664826,0.0,0.0,-0.0,-0.0,0.7562731345079243,0.7307320083984007,0.781814260617448,0.051082252219047275,0.0756273134507924,0.07307320083984005,0.07818142606174475,0.005108225221904697,4.0,4.0,4.0,0.0
90,13.2,10.0,10.0,0.0,13.2,10.0,10.0,0.0,1.4680324254033894,1.2852700773888956,1.4516232589684126,0.16635318157951695,0.14680324254033877,0.1285270077388895,0.1451623258968412,0.01663531815795169,0.10962962962962963,0.1,0.1481481481481481,0.04814814814814811,9.5,9.25,9.75,0.5,9.5,9.25,9.75,0.5,8.551171895569086,8.542322150823464,8.560021640314707,0.01769948949124256,4.366253510556435,4.233125402702248,4.499381618410622,0.2662562157083741,0.33695753461724004,0.3310202540043441,0.342894815230136,0.011874561225791891,0.6269819512020783,0.4852305976683379,0.7687333047358187,0.28350270706748076,0.0626981951202077,0.04852305976683365,0.07687333047358175,0.028350270706748094,2.0,2.0,2.0,0.0
91,12.8,10.0,12.0,2.0,12.8,10.0,12.0,2.0,1.8029755851773437,1.41100674950568,1.7792755805551173,0.3682688310494373,0.18029755851773435,0.141100674950568,0.1779275580555116,0.036826883104943614,0.059047619047619036,0.0,0.0952380952380952,0.0952380952380952,10.0,10.0,10.0,0.0,10.0,10.0,10.0,0.0,8.551171895569086,8.542322150823464,8.560021640314707,0.01769948949124256,4.210716129909772,4.182275186593344,4.239157073226201,0.05688188663285665,0.3775986531077713,0.3411173752285047,0.41407993098703794,0.07296255575853322,1.27450566768419,1.0354602702547873,1.5135510651135926,0.47809079485880535,0.12745056676841904,0.10354602702547877,0.15135510651135933,0.04780907948588056,3.0,3.0,3.0,0.0
92,10.0,10.0,10.0,0.0,10.0,10.0,10.0,0.0,1.6460921457830082,1.3327027264203513,1.4060800194219334,0.07337729300158213,0.1646092145783008,0.1332702726420351,0.1406080019421932,0.007337729300158108,0.18000000000000002,0.1,0.2,0.1,10.0,10.0,10.0,0.0,10.0,10.0,10.0,0.0,8.667426677304546,8.660083882563342,8.67476947204575,0.014685589482407835,4.2181922585092675,4.190855202065082,4.245529314953452,0.0546741128883701,0.0,0.0,-0.0,-0.0,0.6870432277524399,0.6777718672243555,0.6963145882805244,0.018542721056168943,0.06870432277524391,0.0677771867224354,0.0696314588280524,0.0018542721056169914,4.0,4.0,4.0,0.0
93,9.2,9.0,10.0,1.0,9.2,9.0,10.0,1.0,1.2601271133041576,1.274928154438706,1.301840549996995,0.026912395558288837,0.12601271133041564,0.1274928154438705,0.1301840549996993,0.002691239555828784,0.08722222222222223,0.1,0.1111111111111111,0.0111111111111111,10.0,10.0,10.0,0.0,10.0,10.0,10.0,0.0,8.676149628995852,8.670491935415653,8.681807322576049,0.011315387160395929,4.2200047609082905,4.192728670644418,4.247280851172164,0.0545521805277458,0.0,0.0,-0.0,-0.0,0.6984689660016274,0.690689353533616,0.7062485784696387,0.015559224936022686,0.06984689660016255,0.06906893535336142,0.07062485784696368,0.0015559224936022575,3.0,3.0,3.0,0.0
94,9.2,9.0,9.0,0.0,9.2,9.0,9.0,0.0,1.3012366977881706,1.2703979340526133,1.3233445007825035,0.05294656672989029,0.13012366977881706,0.1270397934052614,0.1323344500782504,0.0052946566729890066,0.1288888888888889,0.1111111111111111,0.2,0.0888888888888889,10.0,10.0,10.0,0.0,10.0,10.0,10.0,0.0,8.676149628995852,8.670491935415653,8.681807322576049,0.011315387160395929,4.2418581740088825,4.215722005827854,4.26799434218991,0.05227233636205586,0.0,0.0,-0.0,-0.0,0.7145719834266075,0.7076919136660019,0.7214520531872133,0.013760139521211356,0.07145719834266075,0.07076919136660012,0.07214520531872137,0.0013760139521212522,3.0,3.0,3.0,0.0
95,11.4,10.0,10.0,0.0,11.4,10.0,10.0,0.0,1.4923326194950453,1.255450776298231,1.3843281259407736,0.1288773496425426,0.14923326194950454,0.1255450776298231,0.1384328125940774,0.0128877349642543,0.042222222222222223,0.0,0.1,0.1,10.0,10.0,10.0,0.0,10.0,10.0,10.0,0.0,8.676149628995852,8.670491935415653,8.681807322576049,0.011315387160395929,4.266323726296075,4.242878676763201,4.289768775828948,0.04689009906574704,0.42461725969060987,0.38672467776682085,0.4625098416143989,0.07578516384757805,0.5521818619125369,0.3861173704470733,0.7182463533780007,0.3321289829309274,0.055218186191253654,0.03861173704470727,0.07182463533780004,0.03321289829309276,2.0,2.0,2.0,0.0
96,42.0,11.0,13.0,2.0,42.0,11.0,13.0,2.0,1.4538729603487048,1.406423697490213,1.608104296037024,0.20168059854681109,0.14538729603487044,0.1406423697490212,0.1608104296037024,0.020168059854681203,0.14470304746378362,0.1226993865030674,0.1818181818181818,0.059118795315114395,10.0,10.0,10.0,0.0,10.0,10.0,10.0,0.0,8.676149628995852,8.670491935415653,8.681807322576049,0.011315387160395929,4.3149163319468595,4.297076781556325,4.332755882337393,0.03567910078106795,0.4224201198690495,0.36352810860914375,0.48131213112895516,0.1177840225198114,0.7149666954228032,0.6639657163815815,0.7659676744640249,0.10200195808244339,0.0714966695422803,0.06639657163815815,0.07659676744640245,0.0102001958082443,3.0,3.0,3.0,0.0
97,10.6,10.0,11.0,1.0,10.6,10.0,11.0,1.0,2.022311037292837,1.3180316267676269,1.3933117260034715,0.07528009923584467,0.2022311037292838,0.1318031626767626,0.1393311726003471,0.007528009923584517,0.09272727272727271,0.0909090909090909,0.1,0.009090909090909108,10.0,10.0,10.0,0.0,10.0,10.0,10.0,0.0,8.794032940846161,8.792686033810119,8.795379847882206,0.0026938140720869086,4.330228820558551,4.313126545936946,4.347331095180156,0.034204549243209925,0.15231804867461904,0.07615902433730952,0.22847707301192854,0.152318048674619,0.7028649237404152,0.6975074232599521,0.7082224242208784,0.010715000960926369,0.0702864923740415,0.06975074232599515,0.07082224242208786,0.0010715000960927062,4.0,4.0,4.0,0.0
98,9.8,9.0,11.0,2.0,9.8,9.0,11.0,2.0,1.2408728462852288,1.1311334641470705,1.3042892030336348,0.17315573888656433,0.12408728462852281,0.1131133464147071,0.1304289203033635,0.0173155738886564,0.06262626262626261,0.0,0.0909090909090909,0.0909090909090909,10.0,10.0,10.0,0.0,10.0,10.0,10.0,0.0,8.661660450892,8.65294783583938,8.670373065944622,0.01742523010524266,4.34163224176498,4.327759158523337,4.355505325006624,0.027746166483287205,0.31485953537034317,0.3097478163597906,0.3199712543808957,0.010223438021105091,0.5330164892980672,0.41800415284398185,0.6480288257521526,0.23002467290817075,0.05330164892980655,0.04180041528439798,0.06480288257521513,0.023002467290817154,4.0,4.0,4.0,0.0
99,9.4,9.0,10.0,1.0,9.4,9.0,10.0,1.0,1.7228575149840608,1.3124311017942245,1.3287848819145782,0.01635378012035371,0.17228575149840608,0.1312431101794224,0.1328784881914578,0.001635378012035421,0.08444444444444445,0.1,0.1111111111111111,0.0111111111111111,10.0,10.0,10.0,0.0,10.0,10.0,10.0,0.0,8.661660450892,8.65294783583938,8.670373065944622,0.01742523010524266,4.360804763386394,4.347922909055205,4.373686617717583,0.025763708662378093,0.0,0.0,-0.0,-0.0,0.7372169175889511,0.7303203425882682,0.7441134925896342,0.01379315000136605,0.07372169175889515,0.07303203425882687,0.07441134925896342,0.0013793150001365495,3.0,3.0,3.0,0.0
100,9.0,8.75,9.25,0.5,9.0,8.75,9.25,0.5,1.3322045446201567,1.3048554195442401,1.3386974552534348,0.03384203570919464,0.13322045446201566,0.130485541954424,0.13386974552534342,0.003384203570919425,0.17708333333333331,0.0,0.34375,0.34375,10.0,10.0,10.0,0.0,10.0,10.0,10.0,0.0,8.761163705997646,8.761163705997646,8.761163705997646,0.0,4.38794629791678,4.38794629791678,4.38794629791678,0.0,0.0,-0.0,-0.0,0.0,0.7010846389626968,0.7010846389626968,0.7010846389626968,0.0,0.0701084638962696,0.0701084638962696,0.0701084638962696,0.0,3.0,3.0,3.0,0.0
101,9.0,8.75,9.25,0.5,9.0,8.75,9.25,0.5,1.3547062762465858,1.3050153923319026,1.3559473696800053,0.05093197734810273,0.13547062762465856,0.13050153923319013,0.1355947369680005,0.005093197734810373,0.08055555555555555,0.07500000000000001,0.1111111111111111,0.036111111111111094,10.0,10.0,10.0,0.0,10.0,10.0,10.0,0.0,8.761163705997646,8.761163705997646,8.761163705997646,0.0,4.40276813472191,4.40276813472191,4.40276813472191,0.0,0.0,-0.0,-0.0,0.0,0.7948684074788692,0.7948684074788692,0.7948684074788692,0.0,0.0794868407478869,0.0794868407478869,0.0794868407478869,0.0,2.0,2.0,2.0,0.0
102,9.0,8.0,9.5,1.5,9.0,8.0,9.5,1.5,1.4368148207349143,1.3036460741940679,1.4832572569322626,0.17961118273819476,0.14368148207349138,0.1303646074194069,0.1483257256932262,0.0179611182738193,0.0,0.0,0.0,0.0,10.0,10.0,10.0,0.0,10.0,10.0,10.0,0.0,8.8815511385504,8.8815511385504,8.8815511385504,0.0,4.41315191453201,4.41315191453201,4.41315191453201,0.0,0.0,-0.0,-0.0,0.0,0.6828840668498469,0.6828840668498469,0.6828840668498469,0.0,0.0682884066849847,0.0682884066849847,0.0682884066849847,0.0,4.0,4.0,4.0,0.0
103,17.25,9.75,17.5,7.75,17.25,9.75,17.5,7.75,1.7627591211218658,1.3185325471757958,1.8379297726633383,0.5193972254875425,0.17627591211218668,0.13185325471757955,0.18379297726633387,0.051939722548754313,0.06527777777777777,0.037500000000000006,0.10277777777777777,0.06527777777777777,10.0,10.0,10.0,0.0,10.0,10.0,10.0,0.0,8.975661819978683,8.975661819978683,8.975661819978683,0.0,4.413082501298447,4.413082501298447,4.413082501298447,0.0,0.3250829733914482,0.3250829733914482,0.3250829733914482,0.0,0.9128851797624148,0.9128851797624148,0.9128851797624148,0.0,0.0912885179762414,0.0912885179762414,0.0912885179762414,0.0,3.0,3.0,3.0,0.0
104,19.25,10.0,19.75,9.75,19.25,10.0,19.75,9.75,1.467732864288469,1.2989219427049146,1.4715429792809254,0.1726210365760108,0.14677328642884682,0.12989219427049142,0.14715429792809245,0.01726210365760103,0.02717391304347825,0.0,0.02717391304347825,0.02717391304347825,10.0,10.0,10.0,0.0,10.0,10.0,10.0,0.0,9.04839040035794,9.04839040035794,9.04839040035794,0.0,4.422139151986944,4.422139151986944,4.422139151986944,0.0,0.0,-0.0,-0.0,0.0,0.6919371088831885,0.6919371088831885,0.6919371088831885,0.0,0.0691937108883187,0.0691937108883187,0.0691937108883187,0.0,4.0,4.0,4.0,0.0
105,11.0,10.0,11.5,1.5,11.0,10.0,11.5,1.5,1.6206501852142097,1.3345664371056538,1.6231430201306924,0.28857658302503864,0.16206501852142097,0.1334566437105654,0.1623143020130692,0.028857658302503808,0.05,0.0,0.1,0.1,10.0,10.0,10.0,0.0,10.0,10.0,10.0,0.0,9.109414793562287,9.109414793562287,9.109414793562287,0.0,4.419400510585147,4.419400510585147,4.419400510585147,0.0,0.0,-0.0,-0.0,0.0,0.7353288301414961,0.7353288301414961,0.7353288301414961,0.0,0.0735328830141496,0.0735328830141496,0.0735328830141496,0.0,3.0,3.0,3.0,0.0
106,14.25,10.0,14.25,4.25,14.25,10.0,14.25,4.25,1.5748735681902766,1.3248237271872956,1.586900070621476,0.2620763434341804,0.15748735681902773,0.13248237271872956,0.15869000706214767,0.026207634343418107,0.12129629629629626,0.07500000000000001,0.18888888888888883,0.11388888888888882,10.0,10.0,10.0,0.0,10.0,10.0,10.0,0.0,9.109414793562287,9.109414793562287,9.109414793562287,0.0,4.447147230376666,4.447147230376666,4.447147230376666,0.0,0.3250829733914482,0.3250829733914482,0.3250829733914482,0.0,0.8015931536508261,0.8015931536508261,0.8015931536508261,0.0,0.0801593153650827,0.0801593153650827,0.0801593153650827,0.0,2.0,2.0,2.0,0.0
107,10.75,9.75,11.5,1.75,10.75,9.75,11.5,1.75,1.3697304357702695,1.208118311300632,1.4384655440165677,0.2303472327159357,0.13697304357702692,0.12081183113006315,0.14384655440165678,0.02303472327159363,0.06623931623931623,0.0,0.12179487179487178,0.12179487179487178,10.0,10.0,10.0,0.0,10.0,10.0,10.0,0.0,9.240389238060958,9.240389238060958,9.240389238060958,0.0,4.5395737381776025,4.5395737381776025,4.5395737381776025,0.0,0.2711893730418441,0.2711893730418441,0.2711893730418441,0.0,1.820117690287889,1.820117690287889,1.820117690287889,0.0,0.1820117690287888,0.1820117690287888,0.1820117690287888,0.0,4.0,4.0,4.0,0.0
108,28.25,9.0,28.25,19.25,28.25,9.0,28.25,19.25,1.3035152416777391,1.2668473593083895,1.3245503584700415,0.057702999161652,0.13035152416777396,0.1266847359308389,0.13245503584700424,0.0057702999161653445,0.11531007751937983,0.08333333333333333,0.15148578811369506,0.06815245478036173,10.0,10.0,10.0,0.0,10.0,10.0,10.0,0.0,9.240389238060958,9.240389238060958,9.240389238060958,0.0,4.558175484974884,4.558175484974884,4.558175484974884,0.0,0.0,-0.0,-0.0,0.0,0.7363669623843841,0.7363669623843841,0.7363669623843841,0.0,0.0736366962384384,0.0736366962384384,0.0736366962384384,0.0,2.0,2.0,2.0,0.0
109,9.75,8.75,11.0,2.25,9.75,8.75,11.0,2.25,1.2933239876757316,1.2480128653172327,1.3017928205509215,0.053779955233688836,0.1293323987675732,0.12480128653172326,0.1301792820550922,0.005377995523368928,0.14993686868686867,0.12152777777777778,0.1818181818181818,0.06029040404040402,10.0,10.0,10.0,0.0,10.0,10.0,10.0,0.0,9.240389238060958,9.240389238060958,9.240389238060958,0.0,4.574440347230387,4.574440347230387,4.574440347230387,0.0,0.0,-0.0,-0.0,0.0,0.749170097224118,0.749170097224118,0.749170097224118,0.0,0.0749170097224117,0.0749170097224117,0.0749170097224117,0.0,3.0,3.0,3.0,0.0
110,8.5,8.0,9.0,1.0,8.5,8.0,9.0,1.0,1.3508905121681942,1.3130490372236374,1.3870678153202518,0.07401877809661439,0.13508905121681944,0.1313049037223638,0.1387067815320252,0.007401877809661395,0.08680555555555555,0.08333333333333333,0.11458333333333333,0.03125,10.0,10.0,10.0,0.0,10.0,10.0,10.0,0.0,9.240389238060958,9.240389238060958,9.240389238060958,0.0,4.58269431453443,4.58269431453443,4.58269431453443,0.0,0.0,-0.0,-0.0,0.0,0.774892496788292,0.774892496788292,0.774892496788292,0.0,0.0774892496788292,0.0774892496788292,0.0774892496788292,0.0,2.0,2.0,2.0,0.0
111,11.25,10.0,11.25,1.25,11.25,10.0,11.25,1.25,1.5964364953047008,1.3699093065102497,1.7518323506708668,0.3819230441606172,0.15964364953047006,0.1369909306510249,0.17518323506708666,0.03819230441606175,0.16666666666666669,0.09166666666666665,0.17500000000000002,0.08333333333333337,10.0,10.0,10.0,0.0,10.0,10.0,10.0,0.0,9.134986092958169,9.134986092958169,9.134986092958169,0.0,4.625761045033765,4.625761045033765,4.625761045033765,0.0,0.5004024235381879,0.5004024235381879,0.5004024235381879,0.0,2.176754441153846,2.176754441153846,2.176754441153846,0.0,0.2176754441153847,0.2176754441153847,0.2176754441153847,0.0,4.0,4.0,4.0,0.0
112,59.25,10.0,60.25,50.25,59.25,10.0,60.25,50.25,1.4037384038187726,1.1920074337291786,1.4696282455215646,0.27762081179238596,0.1403738403818772,0.11920074337291778,0.14696282455215642,0.027762081179238646,0.11971544715447152,0.1,0.12581300813008128,0.025813008130081277,10.0,10.0,10.0,0.0,10.0,10.0,10.0,0.0,9.182908243570203,9.182908243570203,9.182908243570203,0.0,4.642346662804182,4.642346662804182,4.642346662804182,0.0,0.2868359830561607,0.2868359830561607,0.2868359830561607,0.0,1.832736234267812,1.832736234267812,1.832736234267812,0.0,0.183273623426781,0.183273623426781,0.183273623426781,0.0,4.0,4.0,4.0,0.0
113,9.25,9.0,9.25,0.25,9.25,9.0,9.25,0.25,1.451837075825565,1.3713279697979586,1.501941129350583,0.13061315955262454,0.14518370758255644,0.1371327969797958,0.15019411293505824,0.013061315955262442,0.1361111111111111,0.07500000000000001,0.16666666666666666,0.09166666666666665,10.0,10.0,10.0,0.0,10.0,10.0,10.0,0.0,9.182908243570203,9.182908243570203,9.182908243570203,0.0,4.660359212881028,4.660359212881028,4.660359212881028,0.0,0.0,-0.0,-0.0,0.0,0.7254857175737319,0.7254857175737319,0.7254857175737319,0.0,0.0725485717573732,0.0725485717573732,0.0725485717573732,0.0,2.0,2.0,2.0,0.0
114,13.25,9.5,15.25,5.75,13.25,9.5,15.25,5.75,1.7379380397235207,1.3285315448185195,1.8751636231940711,0.5466320783755516,0.17379380397235208,0.13285315448185192,0.18751636231940713,0.05466320783755521,0.11022727272727273,0.06818181818181818,0.1375,0.06931818181818183,10.0,10.0,10.0,0.0,10.0,10.0,10.0,0.0,9.182908243570203,9.182908243570203,9.182908243570203,0.0,4.667044943904644,4.667044943904644,4.667044943904644,0.0,0.0,-0.0,-0.0,0.0,0.7782213421150562,0.7782213421150562,0.7782213421150562,0.0,0.0778221342115057,0.0778221342115057,0.0778221342115057,0.0,3.0,3.0,3.0,0.0
115,11.75,10.0,11.75,1.75,11.75,10.0,11.75,1.75,1.5770385248052174,1.2987748624421471,1.6972686019209757,0.3984937394788286,0.15770385248052177,0.12987748624421472,0.1697268601920976,0.03984937394788288,0.125,0.07500000000000001,0.15,0.07499999999999998,10.0,10.0,10.0,0.0,10.0,10.0,10.0,0.0,9.182908243570203,9.182908243570203,9.182908243570203,0.0,4.693503975442129,4.693503975442129,4.693503975442129,0.0,0.3250829733914482,0.3250829733914482,0.3250829733914482,0.0,0.8121103945524352,0.8121103945524352,0.8121103945524352,0.0,0.0812110394552435,0.0812110394552435,0.0812110394552435,0.0,2.0,2.0,2.0,0.0
116,9.75,9.75,10.0,0.25,9.75,9.75,10.0,0.25,1.2959733784066123,1.1948311042167117,1.4060819658180461,0.21125086160133444,0.12959733784066124,0.1194831104216712,0.1406081965818045,0.02112508616013331,0.027777777777777776,0.0,0.027777777777777776,0.027777777777777776,10.0,10.0,10.0,0.0,10.0,10.0,10.0,0.0,9.172135760359366,9.172135760359366,9.172135760359366,0.0,4.692118704272402,4.692118704272402,4.692118704272402,0.0,0.3250829733914482,0.3250829733914482,0.3250829733914482,0.0,0.5325352211316035,0.5325352211316035,0.5325352211316035,0.0,0.0532535221131604,0.0532535221131604,0.0532535221131604,0.0,4.0,4.0,4.0,0.0
117,15.5,10.0,15.5,5.5,15.5,10.0,15.5,5.5,1.34454200162814,1.2718146413244118,1.3942689812323243,0.12245433990791255,0.134454200162814,0.1271814641324412,0.1394268981232324,0.012245433990791199,0.05625,0.0,0.10625000000000001,0.10625000000000001,10.0,10.0,10.0,0.0,10.0,10.0,10.0,0.0,9.161898400737726,9.161898400737726,9.161898400737726,0.0,4.689209146934866,4.689209146934866,4.689209146934866,0.0,0.0,-0.0,-0.0,0.0,0.806736152493057,0.806736152493057,0.806736152493057,0.0,0.0806736152493055,0.0806736152493055,0.0806736152493055,0.0,4.0,4.0,4.0,0.0
118,15.25,9.0,15.75,6.75,15.25,9.0,15.75,6.75,1.8349270949352958,1.3195476144278444,1.8832145111984027,0.5636668967705583,0.18349270949352964,0.1319547614427844,0.1883214511198404,0.05636668967705599,0.04015151515151515,0.0,0.07045454545454545,0.07045454545454545,10.0,10.0,10.0,0.0,10.0,10.0,10.0,0.0,9.161898400737726,9.161898400737726,9.161898400737726,0.0,4.703478247290334,4.703478247290334,4.703478247290334,0.0,0.0,-0.0,-0.0,0.0,0.823933460646128,0.823933460646128,0.823933460646128,0.0,0.0823933460646129,0.0823933460646129,0.0823933460646129,0.0,3.0,3.0,3.0,0.0
119,9.0,9.0,9.0,0.0,9.0,9.0,9.0,0.0,1.3930650735685737,1.3370797723479417,1.4223310252077446,0.08525125285980284,0.13930650735685732,0.13370797723479405,0.14223310252077445,0.0085251252859804,0.08333333333333333,0.08333333333333333,0.1111111111111111,0.027777777777777776,10.0,10.0,10.0,0.0,10.0,10.0,10.0,0.0,9.161898400737726,9.161898400737726,9.161898400737726,0.0,4.716873993758584,4.716873993758584,4.716873993758584,0.0,0.0,-0.0,-0.0,0.0,0.8710449304164243,0.8710449304164243,0.8710449304164243,0.0,0.0871044930416424,0.0871044930416424,0.0871044930416424,0.0,3.0,3.0,3.0,0.0
120,15.25,8.75,16.0,7.25,15.25,8.75,16.0,7.25,1.1738956890470473,1.0570522761631413,1.259021974298115,0.20196969813497367,0.1173895689047047,0.10570522761631412,0.12590219742981143,0.020196969813497306,0.16674836601307189,0.10833333333333334,0.2169117647058823,0.10857843137254897,10.0,10.0,10.0,0.0,10.0,10.0,10.0,0.0,9.16202384263928,9.16202384263928,9.16202384263928,0.0,4.715772402116551,4.715772402116551,4.715772402116551,0.0,0.3250829733914482,0.3250829733914482,0.3250829733914482,0.0,0.4739329148118,0.4739329148118,0.4739329148118,0.0,0.0473932914811798,0.0473932914811798,0.0473932914811798,0.0,4.0,4.0,4.0,0.0
121,50.0,9.75,50.25,40.5,50.0,9.75,50.25,40.5,1.3787127712952476,1.3321064042863533,1.4337988646631585,0.10169246037680524,0.13787127712952474,0.13321064042863523,0.14337988646631586,0.01016924603768063,0.11257309941520466,0.0,0.1710526315789473,0.1710526315789473,10.0,10.0,10.0,0.0,10.0,10.0,10.0,0.0,9.16202384263928,9.16202384263928,9.16202384263928,0.0,4.727394867462909,4.727394867462909,4.727394867462909,0.0,0.3488320958430319,0.3488320958430319,0.3488320958430319,0.0,1.0764925469743605,1.0764925469743605,1.0764925469743605,0.0,0.1076492546974359,0.1076492546974359,0.1076492546974359,0.0,2.0,2.0,2.0,0.0
122,12.0,11.5,12.5,1.0,12.0,11.5,12.5,1.0,1.4342184912052618,1.369919732589378,1.4853449849714913,0.11542525238211332,0.14342184912052613,0.13699197325893778,0.14853449849714906,0.011542525238211282,0.12738095238095234,0.0833333333333333,0.15714285714285708,0.07380952380952378,10.0,10.0,10.0,0.0,10.0,10.0,10.0,0.0,9.16202384263928,9.16202384263928,9.16202384263928,0.0,4.767097636517423,4.767097636517423,4.767097636517423,0.0,0.4505612088663046,0.4505612088663046,0.4505612088663046,0.0,0.9462185620111996,0.9462185620111996,0.9462185620111996,0.0,0.0946218562011199,0.0946218562011199,0.0946218562011199,0.0,2.0,2.0,2.0,0.0
123,26.5,10.0,26.5,16.5,26.5,10.0,26.5,16.5,1.3610359094613171,1.3204765560053342,1.4224911352401357,0.1020145792348015,0.13610359094613173,0.13204765560053344,0.14224911352401354,0.010201457923480095,0.12960526315789472,0.1,0.13881578947368417,0.038815789473684165,10.0,10.0,10.0,0.0,10.0,10.0,10.0,0.0,9.16202384263928,9.16202384263928,9.16202384263928,0.0,4.773640935582315,4.773640935582315,4.773640935582315,0.0,0.0,-0.0,-0.0,0.0,0.8344672860754137,0.8344672860754137,0.8344672860754137,0.0,0.0834467286075413,0.0834467286075413,0.0834467286075413,0.0,3.0,3.0,3.0,0.0
124,45.25,9.0,45.75,36.75,45.25,9.0,45.75,36.75,1.4519061991592672,1.3759796600708163,1.534745560829995,0.15876590075917862,0.1451906199159267,0.13759796600708155,0.1534745560829996,0.015876590075918046,0.09084967320261438,0.0392156862745098,0.13333333333333333,0.09411764705882353,10.0,10.0,10.0,0.0,10.0,10.0,10.0,0.0,9.16202384263928,9.16202384263928,9.16202384263928,0.0,4.797012481297124,4.797012481297124,4.797012481297124,0.0,0.3250829733914482,0.3250829733914482,0.3250829733914482,0.0,0.8907768864242486,0.8907768864242486,0.8907768864242486,0.0,0.0890776886424248,0.0890776886424248,0.0890776886424248,0.0,2.0,2.0,2.0,0.0
125,41.25,10.0,41.75,31.75,41.25,10.0,41.75,31.75,1.396018019280648,1.3085314090063918,1.4610329803172333,0.15250157131084152,0.13960180192806473,0.13085314090063907,0.14610329803172328,0.015250157131084213,0.11224559023066485,0.0503731343283582,0.18636363636363634,0.13599050203527813,10.0,10.0,10.0,0.0,10.0,10.0,10.0,0.0,9.16202384263928,9.16202384263928,9.16202384263928,0.0,4.802428412609746,4.802428412609746,4.802428412609746,0.0,0.0,-0.0,-0.0,0.0,0.7728118940951483,0.7728118940951483,0.7728118940951483,0.0,0.0772811894095149,0.0772811894095149,0.0772811894095149,0.0,3.0,3.0,3.0,0.0
126,44.25,10.0,45.25,35.25,44.25,10.0,45.25,35.25,1.4855767279678345,1.3143986865234023,1.6417657945875244,0.32736710806412206,0.1485576727967834,0.1314398686523402,0.16417657945875236,0.03273671080641216,0.07945402298850572,0.07112068965517238,0.1,0.02887931034482763,10.0,10.0,10.0,0.0,10.0,10.0,10.0,0.0,9.175742770807332,9.175742770807332,9.175742770807332,0.0,4.874496545336852,4.874496545336852,4.874496545336852,0.0,0.2868359830561607,0.2868359830561607,0.2868359830561607,0.0,1.688481657747237,1.688481657747237,1.688481657747237,0.0,0.1688481657747237,0.1688481657747237,0.1688481657747237,0.0,4.0,4.0,4.0,0.0
127,73.75,11.5,74.25,62.75,73.75,11.5,74.25,62.75,1.4501186552537844,1.286907232192631,1.6116344230127944,0.32472719082016344,0.14501186552537848,0.12869072321926311,0.16116344230127946,0.03247271908201635,0.08390804597701149,0.0797413793103448,0.08749999999999998,0.007758620689655174,10.0,10.0,10.0,0.0,10.0,10.0,10.0,0.0,9.211741989168434,9.211741989168434,9.211741989168434,0.0,4.872478124026754,4.872478124026754,4.872478124026754,0.0,0.3250829733914482,0.3250829733914482,0.3250829733914482,0.0,0.843775413770388,0.843775413770388,0.843775413770388,0.0,0.0843775413770387,0.0843775413770387,0.0843775413770387,0.0,4.0,4.0,4.0,0.0
128,34.25,9.0,34.75,25.75,34.25,9.0,34.75,25.75,1.5418747651884148,1.320736280248287,1.5656068780271766,0.24487059777888964,0.15418747651884152,0.1320736280248287,0.15656068780271765,0.024487059777888953,0.1289755351681957,0.06192660550458713,0.15833333333333333,0.0964067278287462,10.0,10.0,10.0,0.0,10.0,10.0,10.0,0.0,9.211741989168434,9.211741989168434,9.211741989168434,0.0,4.874512273073721,4.874512273073721,4.874512273073721,0.0,0.3250829733914482,0.3250829733914482,0.3250829733914482,0.0,0.7159242632149888,0.7159242632149888,0.7159242632149888,0.0,0.0715924263214989,0.0715924263214989,0.0715924263214989,0.0,3.0,3.0,3.0,0.0
129,70.75,10.0,71.25,61.25,70.75,10.0,71.25,61.25,1.37082879202987,1.3328605475691846,1.4171705519414504,0.08431000437226577,0.13708287920298695,0.1332860547569183,0.141717055194145,0.008431000437226693,0.1657106782106782,0.0744047619047619,0.2409090909090909,0.166504329004329,10.0,10.0,10.0,0.0,10.0,10.0,10.0,0.0,9.211741989168434,9.211741989168434,9.211741989168434,0.0,4.873637393876915,4.873637393876915,4.873637393876915,0.0,0.0,-0.0,-0.0,0.0,0.6826316892602801,0.6826316892602801,0.6826316892602801,0.0,0.0682631689260281,0.0682631689260281,0.0682631689260281,0.0,3.0,3.0,3.0,0.0
130,52.75,10.0,52.75,42.75,52.75,10.0,52.75,42.75,1.352914003271779,1.3194275329901335,1.3776799653813383,0.05825243239120481,0.1352914003271778,0.13194275329901334,0.13776799653813376,0.005825243239120426,0.04709944751381215,0.0,0.09129834254143646,0.09129834254143646,10.0,10.0,10.0,0.0,10.0,10.0,10.0,0.0,9.211741989168434,9.211741989168434,9.211741989168434,0.0,4.906249845305374,4.906249845305374,4.906249845305374,0.0,0.3250829733914482,0.3250829733914482,0.3250829733914482,0.0,0.7540356056257685,0.7540356056257685,0.7540356056257685,0.0,0.0754035605625769,0.0754035605625769,0.0754035605625769,0.0,3.0,3.0,3.0,0.0
131,58.25,10.0,58.25,48.25,58.25,10.0,58.25,48.25,1.3535184547830352,1.3057287306301806,1.3784761072626945,0.07274737663251396,0.1353518454783035,0.13057287306301807,0.13784761072626944,0.007274737663251374,0.07463054187192117,0.07389162561576353,0.1,0.02610837438423648,10.0,10.0,10.0,0.0,10.0,10.0,10.0,0.0,9.211741989168434,9.211741989168434,9.211741989168434,0.0,4.934897300167672,4.934897300167672,4.934897300167672,0.0,0.3250829733914482,0.3250829733914482,0.3250829733914482,0.0,0.7101367537101795,0.7101367537101795,0.7101367537101795,0.0,0.0710136753710179,0.0710136753710179,0.0710136753710179,0.0,2.0,2.0,2.0,0.0
132,25.75,9.0,27.75,18.75,25.75,9.0,27.75,18.75,1.7227293035079134,1.3638819391138046,1.972643941811461,0.6087620026976563,0.1722729303507913,0.13638819391138035,0.1972643941811461,0.06087620026976576,0.0625,0.0,0.11805555555555555,0.11805555555555555,10.0,10.0,10.0,0.0,10.0,10.0,10.0,0.0,9.062203552154584,9.062203552154584,9.062203552154584,0.0,4.958358497427688,4.958358497427688,4.958358497427688,0.0,0.2711893730418441,0.2711893730418441,0.2711893730418441,0.0,1.4764707324248008,1.4764707324248008,1.4764707324248008,0.0,0.14764707324248,0.14764707324248,0.14764707324248,0.0,4.0,4.0,4.0,0.0
133,9.25,9.0,9.25,0.25,9.25,9.0,9.25,0.25,1.75291894335706,1.372384918448556,1.754848870989004,0.38246395254044807,0.17529189433570588,0.13723849184485554,0.17548488709890026,0.03824639525404472,0.10833333333333334,0.07500000000000001,0.1388888888888889,0.06388888888888888,10.0,10.0,10.0,0.0,10.0,10.0,10.0,0.0,9.114396761813378,9.114396761813378,9.114396761813378,0.0,4.956507879291542,4.956507879291542,4.956507879291542,0.0,0.3250829733914482,0.3250829733914482,0.3250829733914482,0.0,0.7836676873924326,0.7836676873924326,0.7836676873924326,0.0,0.0783667687392433,0.0783667687392433,0.0783667687392433,0.0,3.0,3.0,3.0,0.0
134,49.25,8.75,49.5,40.75,49.25,8.75,49.5,40.75,1.364583548419044,1.3584767431099396,1.3902309114099662,0.03175416830002664,0.13645835484190436,0.13584767431099395,0.13902309114099656,0.0031754168300026087,0.21217105263157893,0.13304093567251457,0.26041666666666663,0.12737573099415206,10.0,10.0,10.0,0.0,10.0,10.0,10.0,0.0,9.114396761813378,9.114396761813378,9.114396761813378,0.0,4.965928753108201,4.965928753108201,4.965928753108201,0.0,0.0,-0.0,-0.0,0.0,0.8106764658982184,0.8106764658982184,0.8106764658982184,0.0,0.0810676465898217,0.0810676465898217,0.0810676465898217,0.0,2.0,2.0,2.0,0.0
135,38.25,8.0,39.25,31.25,38.25,8.0,39.25,31.25,1.410012991622178,1.3999159911415509,1.4438256121594226,0.04390962101787177,0.14100129916221774,0.1399915991141549,0.14438256121594228,0.004390962101787382,0.1482775590551181,0.1135826771653543,0.15625,0.04266732283464569,10.0,10.0,10.0,0.0,10.0,10.0,10.0,0.0,9.015332192962784,9.015332192962784,9.015332192962784,0.0,4.96718913234631,4.96718913234631,4.96718913234631,0.0,0.5004024235381879,0.5004024235381879,0.5004024235381879,0.0,0.7532298993990779,0.7532298993990779,0.7532298993990779,0.0,0.0753229899399078,0.0753229899399078,0.0753229899399078,0.0,4.0,4.0,4.0,0.0
136,44.0,9.75,44.25,34.5,44.0,9.75,44.25,34.5,1.4098900227777276,1.3416696421290968,1.4358980613548273,0.09422841922573055,0.1409890022777727,0.13416696421290955,0.1435898061354826,0.00942284192257306,0.08231292517006802,0.0,0.1469387755102041,0.1469387755102041,10.0,10.0,10.0,0.0,10.0,10.0,10.0,0.0,9.10522537010893,9.10522537010893,9.10522537010893,0.0,4.966557491687032,4.966557491687032,4.966557491687032,0.0,0.6108643020548935,0.6108643020548935,0.6108643020548935,0.0,0.7061815341875088,0.7061815341875088,0.7061815341875088,0.0,0.0706181534187507,0.0706181534187507,0.0706181534187507,0.0,4.0,4.0,4.0,0.0
137,55.25,9.0,56.25,47.25,55.25,9.0,56.25,47.25,1.3827833499297233,1.362933229538855,1.4238416549674222,0.060908425428567226,0.13827833499297218,0.13629332295388535,0.14238416549674213,0.0060908425428567725,0.16394412878787878,0.10546875,0.21969696969696967,0.11422821969696967,10.0,10.0,10.0,0.0,10.0,10.0,10.0,0.0,9.16767494506498,9.16767494506498,9.16767494506498,0.0,4.97476392530044,4.97476392530044,4.97476392530044,0.0,0.4741393130578373,0.4741393130578373,0.4741393130578373,0.0,0.6789929744703653,0.6789929744703653,0.6789929744703653,0.0,0.0678992974470363,0.0678992974470363,0.0678992974470363,0.0,4.0,4.0,4.0,0.0
138,37.5,9.75,38.25,28.5,37.5,9.75,38.25,28.5,1.402140034522965,1.2984473839342017,1.4880237281758553,0.1895763442416536,0.14021400345229645,0.12984473839342006,0.14880237281758546,0.018957634424165398,0.09703282828282828,0.056249999999999994,0.12373737373737373,0.06748737373737373,10.0,10.0,10.0,0.0,10.0,10.0,10.0,0.0,9.16767494506498,9.16767494506498,9.16767494506498,0.0,4.987277086504802,4.987277086504802,4.987277086504802,0.0,0.5297061990576545,0.5297061990576545,0.5297061990576545,0.0,0.791280670300521,0.791280670300521,0.791280670300521,0.0,0.0791280670300521,0.0791280670300521,0.0791280670300521,0.0,3.0,3.0,3.0,0.0
139,12.0,9.75,12.25,2.5,12.0,9.75,12.25,2.5,1.5909432387751719,1.3279667817290524,1.6218310583253002,0.2938642765962478,0.1590943238775172,0.13279667817290533,0.16218310583253,0.02938642765962468,0.06593567251461988,0.0394736842105263,0.10277777777777777,0.06330409356725147,10.0,10.0,10.0,0.0,10.0,10.0,10.0,0.0,9.16767494506498,9.16767494506498,9.16767494506498,0.0,5.004964370672499,5.004964370672499,5.004964370672499,0.0,0.5297061990576545,0.5297061990576545,0.5297061990576545,0.0,0.8003011262212563,0.8003011262212563,0.8003011262212563,0.0,0.0800301126221258,0.0800301126221258,0.0800301126221258,0.0,2.0,2.0,2.0,0.0
140,66.0,9.75,66.75,57.0,66.0,9.75,66.75,57.0,1.2758869553846193,1.2253700017082996,1.31312313597173,0.08775313426343034,0.1275886955384619,0.12253700017082994,0.131312313597173,0.008775313426343051,0.13898601398601396,0.0608974358974359,0.17424242424242423,0.11334498834498832,10.0,10.0,10.0,0.0,10.0,10.0,10.0,0.0,9.16767494506498,9.16767494506498,9.16767494506498,0.0,5.026133971384075,5.026133971384075,5.026133971384075,0.0,0.6730116670092565,0.6730116670092565,0.6730116670092565,0.0,0.7559656370348308,0.7559656370348308,0.7559656370348308,0.0,0.0755965637034829,0.0755965637034829,0.0755965637034829,0.0,3.0,3.0,3.0,0.0
141,51.75,10.0,51.75,41.75,51.75,10.0,51.75,41.75,1.410527017604724,1.339485267173828,1.4207452988271099,0.08126003165328188,0.14105270176047247,0.1339485267173828,0.14207452988271096,0.00812600316532816,0.04194915254237287,0.0,0.07584745762711863,0.07584745762711863,10.0,10.0,10.0,0.0,10.0,10.0,10.0,0.0,9.16767494506498,9.16767494506498,9.16767494506498,0.0,5.025374307354,5.025374307354,5.025374307354,0.0,0.6108643020548935,0.6108643020548935,0.6108643020548935,0.0,0.6913128678943514,0.6913128678943514,0.6913128678943514,0.0,0.0691312867894352,0.0691312867894352,0.0691312867894352,0.0,3.0,3.0,3.0,0.0
142,56.0,10.0,57.0,47.0,56.0,10.0,57.0,47.0,1.343314496120445,1.2758522843576108,1.4031488485439927,0.1272965641863819,0.13433144961204446,0.12758522843576095,0.14031488485439927,0.012729656418638324,0.09817708333333333,0.06249999999999997,0.13203125,0.06953125000000002,10.0,10.0,10.0,0.0,10.0,10.0,10.0,0.0,9.16767494506498,9.16767494506498,9.16767494506498,0.0,5.068508595709363,5.068508595709363,5.068508595709363,0.0,0.6931471805599453,0.6931471805599453,0.6931471805599453,0.0,0.6912223261857975,0.6912223261857975,0.6912223261857975,0.0,0.0691222326185797,0.0691222326185797,0.0691222326185797,0.0,2.0,2.0,2.0,0.0
143,29.25,9.75,30.0,20.25,29.25,9.75,30.0,20.25,1.5659564185885464,1.3028966600189997,1.5871453879480621,0.2842487279290624,0.15659564185885455,0.1302896660018999,0.15871453879480601,0.02842487279290612,0.1375043538836642,0.0864942528735632,0.1919191919191919,0.1054249390456287,10.0,10.0,10.0,0.0,10.0,10.0,10.0,0.0,9.16767494506498,9.16767494506498,9.16767494506498,0.0,5.080234451963422,5.080234451963422,5.080234451963422,0.0,0.6365141682948128,0.6365141682948128,0.6365141682948128,0.0,0.7465854593882959,0.7465854593882959,0.7465854593882959,0.0,0.0746585459388296,0.0746585459388296,0.0746585459388296,0.0,3.0,3.0,3.0,0.0
144,56.5,9.0,57.5,48.5,56.5,9.0,57.5,48.5,1.3727078141809865,1.3688300287660344,1.412498042107464,0.04366801334142956,0.13727078141809862,0.1368830028766034,0.14124980421074634,0.004366801334142939,0.0796672306824591,0.0,0.1278905809362662,0.1278905809362662,10.0,10.0,10.0,0.0,10.0,10.0,10.0,0.0,9.233206146944372,9.233206146944372,9.233206146944372,0.0,5.08560069659204,5.08560069659204,5.08560069659204,0.0,0.5859526183035508,0.5859526183035508,0.5859526183035508,0.0,0.6627681144424002,0.6627681144424002,0.6627681144424002,0.0,0.0662768114442399,0.0662768114442399,0.0662768114442399,0.0,4.0,4.0,4.0,0.0
145,39.5,8.0,42.5,34.5,39.5,8.0,42.5,34.5,1.4485732633652129,1.3969855707736687,1.4942292241476287,0.09724365337396002,0.14485732633652126,0.1396985570773668,0.14942292241476282,0.009724365337396013,0.1821986607142857,0.1286272321428571,0.25,0.1213727678571429,10.0,10.0,10.0,0.0,10.0,10.0,10.0,0.0,9.302543571381609,9.302543571381609,9.302543571381609,0.0,5.119337237156966,5.119337237156966,5.119337237156966,0.0,0.6829081047004717,0.6829081047004717,0.6829081047004717,0.0,0.9274882306810116,0.9274882306810116,0.9274882306810116,0.0,0.0927488230681011,0.0927488230681011,0.0927488230681011,0.0,4.0,4.0,4.0,0.0
146,42.75,9.75,43.0,33.25,42.75,9.75,43.0,33.25,1.248102540612606,1.1947755606613537,1.3609027591136198,0.1661271984522661,0.12481025406126053,0.11947755606613539,0.13609027591136186,0.01661271984522647,0.1879890453834116,0.08333333333333333,0.23063380281690138,0.14730046948356806,10.0,10.0,10.0,0.0,10.0,10.0,10.0,0.0,9.302543571381609,9.302543571381609,9.302543571381609,0.0,5.130449098845839,5.130449098845839,5.130449098845839,0.0,0.6365141682948128,0.6365141682948128,0.6365141682948128,0.0,0.7391682624121914,0.7391682624121914,0.7391682624121914,0.0,0.0739168262412192,0.0739168262412192,0.0739168262412192,0.0,3.0,3.0,3.0,0.0
147,39.75,10.0,40.25,30.25,39.75,10.0,40.25,30.25,1.4209289909929284,1.3678459900033713,1.485145874923706,0.11729988492033483,0.1420928990992929,0.13678459900033718,0.14851458749237062,0.011729988492033439,0.04616477272727272,0.0,0.09161931818181818,0.09161931818181818,10.0,10.0,10.0,0.0,10.0,10.0,10.0,0.0,9.33891729060914,9.33891729060914,9.33891729060914,0.0,5.134163580038903,5.134163580038903,5.134163580038903,0.0,0.4741393130578373,0.4741393130578373,0.4741393130578373,0.0,0.6877911896595587,0.6877911896595587,0.6877911896595587,0.0,0.0687791189659557,0.0687791189659557,0.0687791189659557,0.0,4.0,4.0,4.0,0.0
148,44.5,10.0,44.5,34.5,44.5,10.0,44.5,34.5,1.4405280889412548,1.3204548164055432,1.4969411973608118,0.17648638095526858,0.14405280889412553,0.13204548164055432,0.14969411973608127,0.017648638095526942,0.12195945945945945,0.06587837837837834,0.2,0.13412162162162167,10.0,10.0,10.0,0.0,10.0,10.0,10.0,0.0,9.33891729060914,9.33891729060914,9.33891729060914,0.0,5.156998008038042,5.156998008038042,5.156998008038042,0.0,0.6931471805599453,0.6931471805599453,0.6931471805599453,0.0,0.7250015949411186,0.7250015949411186,0.7250015949411186,0.0,0.0725001594941119,0.0725001594941119,0.0725001594941119,0.0,2.0,2.0,2.0,0.0
149,8.5,8.0,9.0,1.0,8.5,8.0,9.0,1.0,2.069629883767184,1.308568738372346,2.086942018145306,0.7783732797729601,0.20696298837671837,0.1308568738372346,0.20869420181453055,0.07783732797729595,0.0625,0.0,0.125,0.125,10.0,10.0,10.0,0.0,10.0,10.0,10.0,0.0,9.33891729060914,9.33891729060914,9.33891729060914,0.0,5.170134606368366,5.170134606368366,5.170134606368366,0.0,0.6365141682948128,0.6365141682948128,0.6365141682948128,0.0,0.7487860856181611,0.7487860856181611,0.7487860856181611,0.0,0.074878608561816,0.074878608561816,0.074878608561816,0.0,2.0,2.0,2.0,0.0
150,57.5,9.75,57.75,48.0,57.5,9.75,57.75,48.0,1.3403153524796698,1.2915571639249488,1.3984046726148118,0.10684750868986304,0.1340315352479669,0.12915571639249485,0.1398404672614811,0.010684750868986265,0.12363184079601991,0.0708955223880597,0.2,0.12910447761194033,10.0,10.0,10.0,0.0,10.0,10.0,10.0,0.0,9.33891729060914,9.33891729060914,9.33891729060914,0.0,5.180590367951168,5.180590367951168,5.180590367951168,0.0,0.6365141682948128,0.6365141682948128,0.6365141682948128,0.0,0.7818300662840507,0.7818300662840507,0.7818300662840507,0.0,0.0781830066284051,0.0781830066284051,0.0781830066284051,0.0,3.0,3.0,3.0,0.0
151,39.5,10.5,41.5,31.0,39.5,10.5,41.5,31.0,1.4324901420874476,1.4136441193302554,1.4645817856463255,0.05093766631607011,0.14324901420874464,0.1413644119330254,0.1464581785646324,0.0050937666316069885,0.09041160452450772,0.042338709677419345,0.12175324675324672,0.07941453707582738,10.0,10.0,10.0,0.0,10.0,10.0,10.0,0.0,9.33891729060914,9.33891729060914,9.33891729060914,0.0,5.191283050975496,5.191283050975496,5.191283050975496,0.0,0.5297061990576545,0.5297061990576545,0.5297061990576545,0.0,0.8292901432456675,0.8292901432456675,0.8292901432456675,0.0,0.0829290143245666,0.0829290143245666,0.0829290143245666,0.0,2.0,2.0,2.0,0.0
152,61.75,10.0,111.25,101.25,61.75,10.0,111.25,101.25,1.342435064745175,1.3313847026331924,1.3516191460976543,0.020234443464461904,0.13424350647451744,0.13313847026331904,0.1351619146097654,0.002023444346446357,0.07759679676566628,0.06880733944954125,0.10466101694915253,0.03585367749961128,10.0,10.0,10.0,0.0,10.0,10.0,10.0,0.0,9.33891729060914,9.33891729060914,9.33891729060914,0.0,5.189968719701126,5.189968719701126,5.189968719701126,0.0,0.5004024235381879,0.5004024235381879,0.5004024235381879,0.0,0.7910743269814071,0.7910743269814071,0.7910743269814071,0.0,0.0791074326981408,0.0791074326981408,0.0791074326981408,0.0,3.0,3.0,3.0,0.0
153,24.25,11.0,33.25,22.25,24.25,11.0,33.25,22.25,1.40535412637497,1.294606043527142,1.4167176536658999,0.12211161013875782,0.14053541263749705,0.1294606043527142,0.1416717653665901,0.012211161013875899,0.0671425650810958,0.051724137931034475,0.09535573122529642,0.043631593294261944,10.0,10.0,10.0,0.0,10.0,10.0,10.0,0.0,9.398644556936745,9.398644556936745,9.398644556936745,0.0,5.193501210133939,5.193501210133939,5.193501210133939,0.0,0.5859526183035508,0.5859526183035508,0.5859526183035508,0.0,0.7627324877420635,0.7627324877420635,0.7627324877420635,0.0,0.0762732487742064,0.0762732487742064,0.0762732487742064,0.0,4.0,4.0,4.0,0.0
154,44.5,9.75,59.25,49.5,44.5,9.75,59.25,49.5,1.3016975517896874,1.2453075074925657,1.3584842502799421,0.11317674278737644,0.13016975517896875,0.1245307507492566,0.1358484250279942,0.011317674278737616,0.06939102564102562,0.056249999999999994,0.10064102564102563,0.044391025641025636,10.0,10.0,10.0,0.0,10.0,10.0,10.0,0.0,9.398644556936745,9.398644556936745,9.398644556936745,0.0,5.212383084592497,5.212383084592497,5.212383084592497,0.0,0.6931471805599453,0.6931471805599453,0.6931471805599453,0.0,0.7848315735165943,0.7848315735165943,0.7848315735165943,0.0,0.0784831573516593,0.0784831573516593,0.0784831573516593,0.0,3.0,3.0,3.0,0.0
155,13.5,12.25,14.25,2.0,13.5,12.25,14.25,2.0,1.9537572278836939,1.3673466972649246,2.159733149013131,0.7923864517482062,0.19537572278836943,0.13673466972649231,0.2159733149013131,0.0792386451748208,0.057692307692307675,0.0,0.09615384615384612,0.09615384615384612,10.0,10.0,10.0,0.0,10.0,10.0,10.0,0.0,9.398644556936745,9.398644556936745,9.398644556936745,0.0,5.32297284274954,5.32297284274954,5.32297284274954,0.0,0.6172417697303416,0.6172417697303416,0.6172417697303416,0.0,1.8616770574702728,1.8616770574702728,1.8616770574702728,0.0,0.1861677057470273,0.1861677057470273,0.1861677057470273,0.0,3.0,3.0,3.0,0.0
156,41.0,9.75,41.25,31.5,41.0,9.75,41.25,31.5,2.1487477623078224,1.3000687582075643,2.337202336275803,1.037133578068239,0.21487477623078233,0.13000687582075643,0.23372023362758035,0.10371335780682392,0.15185185185185185,0.09907407407407408,0.15833333333333333,0.05925925925925925,10.0,10.0,10.0,0.0,10.0,10.0,10.0,0.0,9.398644556936745,9.398644556936745,9.398644556936745,0.0,5.344340281880462,5.344340281880462,5.344340281880462,0.0,0.6931471805599453,0.6931471805599453,0.6931471805599453,0.0,0.7577332434591699,0.7577332434591699,0.7577332434591699,0.0,0.0757733243459168,0.0757733243459168,0.0757733243459168,0.0,2.0,2.0,2.0,0.0
157,65.25,11.75,112.0,100.25,65.25,11.75,112.0,100.25,1.5659575974609607,1.4483685590404405,1.6897766490206316,0.24140808998019114,0.15659575974609607,0.14483685590404405,0.1689776649020632,0.024140808998019153,0.0795112781954887,0.056390977443609,0.09880952380952379,0.04241854636591479,10.0,10.0,10.0,0.0,10.0,10.0,10.0,0.0,9.465168361146258,9.465168361146258,9.465168361146258,0.0,5.347213951484102,5.347213951484102,5.347213951484102,0.0,0.5859526183035508,0.5859526183035508,0.5859526183035508,0.0,0.6835381527821384,0.6835381527821384,0.6835381527821384,0.0,0.0683538152782138,0.0683538152782138,0.0683538152782138,0.0,4.0,4.0,4.0,0.0
158,44.75,9.75,78.5,68.75,44.75,9.75,78.5,68.75,1.394324908118631,1.3362348247385158,1.4181097307231025,0.08187490598458669,0.13943249081186285,0.1336234824738512,0.14181097307231,0.008187490598458802,0.09662415897355656,0.07500000000000001,0.13655922390862146,0.06155922390862145,10.0,10.0,10.0,0.0,10.0,10.0,10.0,0.0,9.465168361146258,9.465168361146258,9.465168361146258,0.0,5.360178895448838,5.360178895448838,5.360178895448838,0.0,0.6365141682948128,0.6365141682948128,0.6365141682948128,0.0,0.7524322072105704,0.7524322072105704,0.7524322072105704,0.0,0.075243220721057,0.075243220721057,0.075243220721057,0.0,2.0,2.0,2.0,0.0
159,49.5,10.75,52.75,42.0,49.5,10.75,52.75,42.0,1.620178352706311,1.274253609394904,1.678667229787321,0.40441362039241713,0.16201783527063107,0.12742536093949053,0.16786672297873192,0.040441362039241396,0.08630514705882353,0.051562500000000004,0.11911764705882352,0.06755514705882351,10.0,10.0,10.0,0.0,10.0,10.0,10.0,0.0,9.53448927942753,9.53448927942753,9.53448927942753,0.0,5.362353040547951,5.362353040547951,5.362353040547951,0.0,0.5859526183035508,0.5859526183035508,0.5859526183035508,0.0,0.6982502057751608,0.6982502057751608,0.6982502057751608,0.0,0.069825020577516,0.069825020577516,0.069825020577516,0.0,4.0,4.0,4.0,0.0
160,73.25,14.25,134.0,119.75,73.25,14.25,134.0,119.75,1.4977728357076656,1.4003085346277917,1.5098223861883133,0.10951385156052162,0.14977728357076656,0.14003085346277916,0.15098223861883134,0.010951385156052179,0.08535447761194027,0.07276119402985073,0.1208022388059701,0.04804104477611937,10.0,10.0,10.0,0.0,10.0,10.0,10.0,0.0,9.687128606767407,9.687128606767407,9.687128606767407,0.0,5.455949269426756,5.455949269426756,5.455949269426756,0.0,0.6853142072764582,0.6853142072764582,0.6853142072764582,0.0,1.4358265782559645,1.4358265782559645,1.4358265782559645,0.0,0.1435826578255964,0.1435826578255964,0.1435826578255964,0.0,4.0,4.0,4.0,0.0
161,92.0,10.5,150.0,139.5,92.0,10.5,150.0,139.5,1.480723006611627,1.252922111473495,1.6704224537306258,0.41750034225713084,0.14807230066116267,0.1252922111473495,0.1670422453730626,0.04175003422571308,0.09624722124722122,0.088023088023088,0.10548048048048048,0.017457392457392473,10.0,10.0,10.0,0.0,10.0,10.0,10.0,0.0,9.687128606767407,9.687128606767407,9.687128606767407,0.0,5.46308889819272,5.46308889819272,5.46308889819272,0.0,0.6890092384766586,0.6890092384766586,0.6890092384766586,0.0,0.6055328933982367,0.6055328933982367,0.6055328933982367,0.0,0.0605532893398237,0.0605532893398237,0.0605532893398237,0.0,3.0,3.0,3.0,0.0
162,52.75,10.5,60.25,49.75,52.75,10.5,60.25,49.75,1.731146049620727,1.333192891028148,1.75821885022477,0.4250259591966219,0.17311460496207257,0.13331928910281474,0.17582188502247692,0.042502595919662184,0.088577339661677,0.0780722891566265,0.09595959595959595,0.017887306802969447,10.0,10.0,10.0,0.0,10.0,10.0,10.0,0.0,9.687128606767407,9.687128606767407,9.687128606767407,0.0,5.470510429303834,5.470510429303834,5.470510429303834,0.0,0.6365141682948128,0.6365141682948128,0.6365141682948128,0.0,0.8515187775926704,0.8515187775926704,0.8515187775926704,0.0,0.085151877759267,0.085151877759267,0.085151877759267,0.0,3.0,3.0,3.0,0.0
163,47.75,9.75,49.0,39.25,47.75,9.75,49.0,39.25,1.558392989714816,1.2356592722019666,1.6343106133329823,0.39865134113101575,0.1558392989714817,0.1235659272201966,0.16343106133329832,0.03986513411310172,0.09809027777777778,0.060937500000000006,0.13333333333333333,0.07239583333333333,10.0,10.0,10.0,0.0,10.0,10.0,10.0,0.0,9.687128606767407,9.687128606767407,9.687128606767407,0.0,5.476760633819461,5.476760633819461,5.476760633819461,0.0,0.5297061990576545,0.5297061990576545,0.5297061990576545,0.0,0.8854929609451792,0.8854929609451792,0.8854929609451792,0.0,0.0885492960945178,0.0885492960945178,0.0885492960945178,0.0,3.0,3.0,3.0,0.0
164,76.5,10.0,119.0,109.0,76.5,10.0,119.0,109.0,1.544045652557578,1.3186977831308284,1.77852796039654,0.4598301772657116,0.15440456525575785,0.13186977831308289,0.177852796039654,0.045983017726571124,0.0683039404794709,0.06315789473684205,0.09175392670157065,0.028596031964728597,10.0,10.0,10.0,0.0,10.0,10.0,10.0,0.0,9.718720582659232,9.718720582659232,9.718720582659232,0.0,5.468043707447299,5.468043707447299,5.468043707447299,0.0,0.0,-0.0,-0.0,0.0,1.0023776948541383,1.0023776948541383,1.0023776948541383,0.0,0.1002377694854137,0.1002377694854137,0.1002377694854137,0.0,4.0,4.0,4.0,0.0
165,34.75,9.75,35.0,25.25,34.75,9.75,35.0,25.25,2.026047920602233,1.268647664004483,2.0890840139644444,0.8204363499599614,0.20260479206022347,0.1268647664004483,0.20890840139644454,0.08204363499599623,0.09318181818181819,0.05454545454545452,0.125,0.07045454545454548,10.0,10.0,10.0,0.0,10.0,10.0,10.0,0.0,9.718720582659232,9.718720582659232,9.718720582659232,0.0,5.4782146646475045,5.4782146646475045,5.4782146646475045,0.0,0.5297061990576545,0.5297061990576545,0.5297061990576545,0.0,0.8878683288704871,0.8878683288704871,0.8878683288704871,0.0,0.0887868328870487,0.0887868328870487,0.0887868328870487,0.0,2.0,2.0,2.0,0.0
166,94.5,9.75,170.75,161.0,94.5,9.75,170.75,161.0,1.3771394002180928,1.2970573471776132,1.4114721205929457,0.11441477341533246,0.1377139400218093,0.1297057347177614,0.1411472120592946,0.011441477341533196,0.07894654383656072,0.060913705583756333,0.11419753086419751,0.05328382528044118,10.0,10.0,10.0,0.0,10.0,10.0,10.0,0.0,9.718720582659232,9.718720582659232,9.718720582659232,0.0,5.472832098170457,5.472832098170457,5.472832098170457,0.0,0.5004024235381879,0.5004024235381879,0.5004024235381879,0.0,0.7549524253724694,0.7549524253724694,0.7549524253724694,0.0,0.075495242537247,0.075495242537247,0.075495242537247,0.0,3.0,3.0,3.0,0.0
167,55.25,11.25,90.0,78.75,55.25,11.25,90.0,78.75,1.3877212088279731,1.3630766717446992,1.426424067315696,0.06334739557099689,0.1387721208827973,0.13630766717446985,0.1426424067315696,0.006334739557099761,0.11944444444444444,0.0833333333333333,0.13333333333333333,0.05000000000000003,10.0,10.0,10.0,0.0,10.0,10.0,10.0,0.0,9.718720582659232,9.718720582659232,9.718720582659232,0.0,5.478472578956196,5.478472578956196,5.478472578956196,0.0,0.5297061990576545,0.5297061990576545,0.5297061990576545,0.0,0.8800120205639974,0.8800120205639974,0.8800120205639974,0.0,0.0880012020563997,0.0880012020563997,0.0880012020563997,0.0,3.0,3.0,3.0,0.0
168,86.25,10.5,161.75,151.25,86.25,10.5,161.75,151.25,1.4778715503233029,1.4364268908776223,1.5024806670830695,0.06605377620544717,0.1477871550323302,0.1436426890877622,0.1502480667083068,0.0066053776205445836,0.06939079095759901,0.05030487804878047,0.10231193926846098,0.05200706121968051,10.0,10.0,10.0,0.0,10.0,10.0,10.0,0.0,9.782170045797615,9.782170045797615,9.782170045797615,0.0,5.478650161803985,5.478650161803985,5.478650161803985,0.0,0.5859526183035508,0.5859526183035508,0.5859526183035508,0.0,0.8867755493457405,0.8867755493457405,0.8867755493457405,0.0,0.0886775549345739,0.0886775549345739,0.0886775549345739,0.0,4.0,4.0,4.0,0.0
169,29.0,11.0,38.5,27.5,29.0,11.0,38.5,27.5,2.005308463304795,1.2862838676908204,2.248779574356864,0.9624957066660438,0.20053084633047952,0.12862838676908206,0.22487795743568634,0.09624957066660428,0.07116477272727273,0.06818181818181818,0.0953125,0.027130681818181818,10.0,10.0,10.0,0.0,10.0,10.0,10.0,0.0,9.838670244459168,9.838670244459168,9.838670244459168,0.0,5.477606717768367,5.477606717768367,5.477606717768367,0.0,0.5859526183035508,0.5859526183035508,0.5859526183035508,0.0,0.7762505046581339,0.7762505046581339,0.7762505046581339,0.0,0.0776250504658135,0.0776250504658135,0.0776250504658135,0.0,4.0,4.0,4.0,0.0
170,28.0,11.5,39.0,27.5,28.0,11.5,39.0,27.5,2.00424310807714,1.3916629986085167,2.2851113087239865,0.8934483101154698,0.2004243108077139,0.13916629986085163,0.2285111308723986,0.08934483101154697,0.12009569377990428,0.09772727272727273,0.13377192982456135,0.036044657097288615,10.0,10.0,10.0,0.0,10.0,10.0,10.0,0.0,9.838670244459168,9.838670244459168,9.838670244459168,0.0,5.470357261929017,5.470357261929017,5.470357261929017,0.0,0.6108643020548935,0.6108643020548935,0.6108643020548935,0.0,0.7696501446281359,0.7696501446281359,0.7696501446281359,0.0,0.0769650144628136,0.0769650144628136,0.0769650144628136,0.0,3.0,3.0,3.0,0.0
171,26.5,14.5,31.0,16.5,26.5,14.5,31.0,16.5,2.140786158580683,1.7763346283859816,2.351918796190979,0.5755841678049973,0.2140786158580682,0.17763346283859802,0.23519187961909788,0.05755841678049986,0.06998432601880875,0.0258620689655172,0.08409090909090905,0.058228840125391854,10.0,10.0,10.0,0.0,10.0,10.0,10.0,0.0,9.838670244459168,9.838670244459168,9.838670244459168,0.0,5.463102280063155,5.463102280063155,5.463102280063155,0.0,0.6108643020548935,0.6108643020548935,0.6108643020548935,0.0,0.7453182099849991,0.7453182099849991,0.7453182099849991,0.0,0.0745318209984999,0.0745318209984999,0.0745318209984999,0.0,3.0,3.0,3.0,0.0
172,107.0,97.5,138.0,40.5,107.0,97.5,138.0,40.5,1.3729183653963435,1.2340026519822174,1.5196821083378065,0.2856794563555891,0.13729183653963434,0.12340026519822174,0.1519682108337807,0.028567945635558964,0.07490204215925997,0.06923076923076922,0.1030062214445416,0.033775452213772386,10.0,10.0,10.0,0.0,10.0,10.0,10.0,0.0,9.838670244459168,9.838670244459168,9.838670244459168,0.0,5.478786991329093,5.478786991329093,5.478786991329093,0.0,0.5297061990576545,0.5297061990576545,0.5297061990576545,0.0,0.8165825913127244,0.8165825913127244,0.8165825913127244,0.0,0.0816582591312724,0.0816582591312724,0.0816582591312724,0.0,2.0,2.0,2.0,0.0
173,35.0,16.25,47.25,31.0,35.0,16.25,47.25,31.0,2.168694960574265,1.2702009302356765,2.996526281570761,1.7263253513350847,0.2168694960574266,0.1270200930235676,0.29965262815707644,0.17263253513350885,0.07269813519813517,0.019230769230769197,0.10795454545454543,0.08872377622377622,10.0,10.0,10.0,0.0,10.0,10.0,10.0,0.0,9.838670244459168,9.838670244459168,9.838670244459168,0.0,5.503230562107242,5.503230562107242,5.503230562107242,0.0,0.6554817739013927,0.6554817739013927,0.6554817739013927,0.0,0.8485893766517651,0.8485893766517651,0.8485893766517651,0.0,0.0848589376651765,0.0848589376651765,0.0848589376651765,0.0,3.0,3.0,3.0,0.0
174,57.5,11.5,66.5,55.0,57.5,11.5,66.5,55.0,2.059592477522754,1.5355845500503766,2.431789122704254,0.8962045726538774,0.2059592477522752,0.15355845500503768,0.24317891227042487,0.0896204572653872,0.13404771078148076,0.09266037372375265,0.17499999999999996,0.08233962627624732,10.0,10.0,10.0,0.0,10.0,10.0,10.0,0.0,9.838670244459168,9.838670244459168,9.838670244459168,0.0,5.495036440349587,5.495036440349587,5.495036440349587,0.0,0.5004024235381879,0.5004024235381879,0.5004024235381879,0.0,0.8039191706370268,0.8039191706370268,0.8039191706370268,0.0,0.0803919170637026,0.0803919170637026,0.0803919170637026,0.0,3.0,3.0,3.0,0.0
175,74.5,21.0,125.0,104.0,74.5,21.0,125.0,104.0,1.666622713201519,1.4730258956771782,1.7610792598615146,0.28805336418433636,0.16666227132015196,0.14730258956771786,0.17610792598615146,0.028805336418433608,0.10717410933106312,0.100243789180404,0.11333333333333333,0.01308954415292933,10.0,10.0,10.0,0.0,10.0,10.0,10.0,0.0,9.838670244459168,9.838670244459168,9.838670244459168,0.0,5.509389832136108,5.509389832136108,5.509389832136108,0.0,0.5297061990576545,0.5297061990576545,0.5297061990576545,0.0,0.8584988746363491,0.8584988746363491,0.8584988746363491,0.0,0.0858498874636349,0.0858498874636349,0.0858498874636349,0.0,2.0,2.0,2.0,0.0
176,92.75,20.5,159.75,139.25,92.75,20.5,159.75,139.25,1.8418893103190497,1.182390036486606,1.9257411471056765,0.7433511106190704,0.1841889310319051,0.11823900364866065,0.19257411471056773,0.07433511106190709,0.09613196966460155,0.08541666666666665,0.1203179520045574,0.03490128533789075,10.0,10.0,10.0,0.0,10.0,10.0,10.0,0.0,9.838670244459168,9.838670244459168,9.838670244459168,0.0,5.529901333635385,5.529901333635385,5.529901333635385,0.0,0.6931471805599453,0.6931471805599453,0.6931471805599453,0.0,0.8497257458456376,0.8497257458456376,0.8497257458456376,0.0,0.0849725745845636,0.0849725745845636,0.0849725745845636,0.0,2.0,2.0,2.0,0.0
177,99.5,9.0,171.0,162.0,99.5,9.0,171.0,162.0,2.1190551017346273,1.508992733214276,2.2210440946169774,0.7120513614027013,0.2119055101734627,0.15089927332142755,0.22210440946169763,0.07120513614027008,0.1233552631578947,0.09484649122807015,0.1410818713450292,0.046235380116959046,10.0,10.0,10.0,0.0,10.0,10.0,10.0,0.0,9.838670244459168,9.838670244459168,9.838670244459168,0.0,5.535413066890886,5.535413066890886,5.535413066890886,0.0,0.6365141682948128,0.6365141682948128,0.6365141682948128,0.0,0.8899203635598525,0.8899203635598525,0.8899203635598525,0.0,0.0889920363559852,0.0889920363559852,0.0889920363559852,0.0,3.0,3.0,3.0,0.0
178,45.5,10.75,54.75,44.0,45.5,10.75,54.75,44.0,3.317260675614224,1.4236536255799712,5.233671415792476,3.810017790212505,0.33172606756142253,0.14236536255799714,0.5233671415792479,0.38100177902125076,0.047544409613375124,0.0,0.08202716823406478,0.08202716823406478,10.0,10.0,10.0,0.0,10.0,10.0,10.0,0.0,9.838670244459168,9.838670244459168,9.838670244459168,0.0,5.555274966750346,5.555274966750346,5.555274966750346,0.0,0.6730116670092565,0.6730116670092565,0.6730116670092565,0.0,0.8297857427287277,0.8297857427287277,0.8297857427287277,0.0,0.0829785742728729,0.0829785742728729,0.0829785742728729,0.0,2.0,2.0,2.0,0.0
179,89.25,19.25,139.5,120.25,89.25,19.25,139.5,120.25,2.5198725752516324,1.6142278964062486,2.976722608171592,1.3624947117653432,0.2519872575251633,0.16142278964062495,0.29767226081715914,0.1362494711765342,0.10673625891017192,0.07720178372352281,0.11363636363636362,0.03643457991284081,10.0,10.0,10.0,0.0,10.0,10.0,10.0,0.0,9.838670244459168,9.838670244459168,9.838670244459168,0.0,5.554908893501586,5.554908893501586,5.554908893501586,0.0,0.5859526183035508,0.5859526183035508,0.5859526183035508,0.0,0.7674111478820036,0.7674111478820036,0.7674111478820036,0.0,0.0767411147882002,0.0767411147882002,0.0767411147882002,0.0,3.0,3.0,3.0,0.0
180,48.0,10.0,62.0,52.0,48.0,10.0,62.0,52.0,2.765972439019578,1.4629683380335874,3.5147213022654133,2.051752964231826,0.27659724390195795,0.1462968338033587,0.3514721302265416,0.2051752964231829,0.0846622152395915,0.04477611940298505,0.10921052631578945,0.0644344069128044,10.0,10.0,10.0,0.0,10.0,10.0,10.0,0.0,9.92107940997424,9.92107940997424,9.92107940997424,0.0,5.544736222814024,5.544736222814024,5.544736222814024,0.0,0.5004024235381879,0.5004024235381879,0.5004024235381879,0.0,0.7898849624686621,0.7898849624686621,0.7898849624686621,0.0,0.0789884962468661,0.0789884962468661,0.0789884962468661,0.0,4.0,4.0,4.0,0.0
181,74.5,10.75,121.25,110.5,74.5,10.75,121.25,110.5,2.3678581303066752,1.2095200087042897,2.3791436947670515,1.1696236860627618,0.23678581303066745,0.12095200087042912,0.23791436947670508,0.11696236860627596,0.10485771453979542,0.07803468208092479,0.13653846153846147,0.05850377945753668,10.0,10.0,10.0,0.0,10.0,10.0,10.0,0.0,9.99074625427227,9.99074625427227,9.99074625427227,0.0,5.5435242010630805,5.5435242010630805,5.5435242010630805,0.0,0.6554817739013927,0.6554817739013927,0.6554817739013927,0.0,0.68477876803127,0.68477876803127,0.68477876803127,0.0,0.0684778768031269,0.0684778768031269,0.0684778768031269,0.0,4.0,4.0,4.0,0.0
182,62.25,22.25,92.5,70.25,62.25,22.25,92.5,70.25,1.946833058928866,1.3663327149129392,2.129018345954098,0.7626856310411589,0.19468330589288663,0.13663327149129373,0.21290183459540996,0.07626856310411623,0.12370183114686775,0.07152374607404585,0.18444055944055943,0.11291681336651357,10.0,10.0,10.0,0.0,10.0,10.0,10.0,0.0,9.99074625427227,9.99074625427227,9.99074625427227,0.0,5.542600802974714,5.542600802974714,5.542600802974714,0.0,0.5859526183035508,0.5859526183035508,0.5859526183035508,0.0,0.7899891236259131,0.7899891236259131,0.7899891236259131,0.0,0.0789989123625913,0.0789989123625913,0.0789989123625913,0.0,3.0,3.0,3.0,0.0
183,55.5,9.75,55.75,46.0,55.5,9.75,55.75,46.0,2.8751558090804945,1.4947858015806612,4.1447626878575194,2.6499768862768582,0.2875155809080493,0.1494785801580661,0.4144762687857518,0.2649976886276857,0.17776338514680481,0.0944300518134715,0.23333333333333334,0.13890328151986184,10.0,10.0,10.0,0.0,10.0,10.0,10.0,0.0,10.063095080549834,10.063095080549834,10.063095080549834,0.0,5.531542161045269,5.531542161045269,5.531542161045269,0.0,0.6108643020548935,0.6108643020548935,0.6108643020548935,0.0,0.8103666198979549,0.8103666198979549,0.8103666198979549,0.0,0.0810366619897954,0.0810366619897954,0.0810366619897954,0.0,4.0,4.0,4.0,0.0
184,95.5,19.5,168.5,149.0,95.5,19.5,168.5,149.0,1.5220178712932224,1.1373648504465808,1.6289970777546594,0.49163222730807865,0.15220178712932234,0.11373648504465811,0.16289970777546614,0.04916322273080803,0.0861285275408001,0.06481481481481478,0.12835337650323772,0.06353856168842294,10.0,10.0,10.0,0.0,10.0,10.0,10.0,0.0,10.063095080549834,10.063095080549834,10.063095080549834,0.0,5.537832470330895,5.537832470330895,5.537832470330895,0.0,0.5297061990576545,0.5297061990576545,0.5297061990576545,0.0,0.8651110010440213,0.8651110010440213,0.8651110010440213,0.0,0.086511100104402,0.086511100104402,0.086511100104402,0.0,3.0,3.0,3.0,0.0
185,87.25,34.75,132.5,97.75,87.25,34.75,132.5,97.75,1.9799864534228129,1.274071053511132,2.3776288218707906,1.1035577683596587,0.19799864534228107,0.1274071053511131,0.2377628821870788,0.1103557768359657,0.08418420319160863,0.06410256410256406,0.11868260361179672,0.05458003950923267,10.0,10.0,10.0,0.0,10.0,10.0,10.0,0.0,10.115299502724232,10.115299502724232,10.115299502724232,0.0,5.5256734487998544,5.5256734487998544,5.5256734487998544,0.0,0.5004024235381879,0.5004024235381879,0.5004024235381879,0.0,0.8017151711844962,0.8017151711844962,0.8017151711844962,0.0,0.0801715171184497,0.0801715171184497,0.0801715171184497,0.0,4.0,4.0,4.0,0.0
186,46.5,10.25,62.75,52.5,46.5,10.25,62.75,52.5,2.966668510772646,2.3355280416806607,3.823808318108372,1.4882802764277114,0.2966668510772646,0.23355280416806581,0.38238083181083743,0.14882802764277162,0.09983441558441557,0.08603896103896103,0.11525,0.02921103896103898,10.0,10.0,10.0,0.0,10.0,10.0,10.0,0.0,10.150393281588894,10.150393281588894,10.150393281588894,0.0,5.522172596723163,5.522172596723163,5.522172596723163,0.0,0.5859526183035508,0.5859526183035508,0.5859526183035508,0.0,0.8638476265952886,0.8638476265952886,0.8638476265952886,0.0,0.0863847626595287,0.0863847626595287,0.0863847626595287,0.0,4.0,4.0,4.0,0.0
187,42.25,10.0,54.75,44.75,42.25,10.0,54.75,44.75,2.67327380393994,1.933434656604029,3.5459878333625836,1.6125531767585546,0.26732738039399384,0.19334346566040295,0.3545987833362578,0.16125531767585483,0.11340852130325813,0.04285714285714282,0.14736842105263154,0.10451127819548872,10.0,10.0,10.0,0.0,10.0,10.0,10.0,0.0,10.150393281588894,10.150393281588894,10.150393281588894,0.0,5.536038592676865,5.536038592676865,5.536038592676865,0.0,0.6730116670092565,0.6730116670092565,0.6730116670092565,0.0,0.849508789550072,0.849508789550072,0.849508789550072,0.0,0.0849508789550071,0.0849508789550071,0.0849508789550071,0.0,3.0,3.0,3.0,0.0
188,82.0,13.75,130.25,116.5,82.0,13.75,130.25,116.5,2.127313518521659,1.7898980600806542,2.324431091025289,0.534533030944635,0.21273135185216588,0.17898980600806547,0.23244310910252888,0.05345330309446342,0.08207620038462747,0.06288659793814427,0.1025229357798165,0.039636337841672226,10.0,10.0,10.0,0.0,10.0,10.0,10.0,0.0,10.253750081083515,10.253750081083515,10.253750081083515,0.0,5.639354022660285,5.639354022660285,5.639354022660285,0.0,0.6365141682948128,0.6365141682948128,0.6365141682948128,0.0,1.9511582756809216,1.9511582756809216,1.9511582756809216,0.0,0.1951158275680921,0.1951158275680921,0.1951158275680921,0.0,4.0,4.0,4.0,0.0
189,111.0,101.75,149.75,48.0,111.0,101.75,149.75,48.0,1.5922730818712572,1.2747146544770944,1.8293546606940196,0.5546400062169252,0.15922730818712555,0.12747146544770918,0.18293546606940186,0.05546400062169268,0.09635642454213626,0.08298444976076552,0.115873500101688,0.032889050340922474,10.0,10.0,10.0,0.0,10.0,10.0,10.0,0.0,10.249079346987646,10.249079346987646,10.249079346987646,0.0,5.6337104438349055,5.6337104438349055,5.6337104438349055,0.0,0.5859526183035508,0.5859526183035508,0.5859526183035508,0.0,0.7730409443326461,0.7730409443326461,0.7730409443326461,0.0,0.0773040944332647,0.0773040944332647,0.0773040944332647,0.0,4.0,4.0,4.0,0.0
190,96.25,12.25,170.0,157.75,96.25,12.25,170.0,157.75,2.386233494103348,1.4290499022433036,2.5289510310828507,1.099901128839547,0.23862334941033475,0.14290499022433034,0.252895103108285,0.10999011288395466,0.10069625668194304,0.09236453201970443,0.13280116110304782,0.04043662908334339,10.0,10.0,10.0,0.0,10.0,10.0,10.0,0.0,10.332537429639826,10.332537429639826,10.332537429639826,0.0,5.710418571564324,5.710418571564324,5.710418571564324,0.0,0.6172417697303416,0.6172417697303416,0.6172417697303416,0.0,1.7993351295542888,1.7993351295542888,1.7993351295542888,0.0,0.1799335129554289,0.1799335129554289,0.1799335129554289,0.0,4.0,4.0,4.0,0.0
191,77.75,32.5,112.25,79.75,77.75,32.5,112.25,79.75,2.015564636733219,1.321670096964542,2.1096284442600286,0.7879583472954865,0.2015564636733218,0.1321670096964541,0.21096284442600285,0.07879583472954876,0.06237896547330869,0.037500000000000006,0.08580710918588355,0.048307109185883546,10.0,10.0,10.0,0.0,10.0,10.0,10.0,0.0,10.332537429639826,10.332537429639826,10.332537429639826,0.0,5.703739142617115,5.703739142617115,5.703739142617115,0.0,0.5004024235381879,0.5004024235381879,0.5004024235381879,0.0,0.7121060829996638,0.7121060829996638,0.7121060829996638,0.0,0.0712106082999664,0.0712106082999664,0.0712106082999664,0.0,3.0,3.0,3.0,0.0
192,51.0,10.0,59.0,49.0,51.0,10.0,59.0,49.0,2.3539630578228166,1.4011406091461287,3.1762972526435624,1.7751566434974337,0.23539630578228168,0.14011406091461287,0.31762972526435657,0.1775156643497437,0.14454722492697175,0.057692307692307675,0.1759493670886076,0.11825705939629991,10.0,10.0,10.0,0.0,10.0,10.0,10.0,0.0,10.332537429639826,10.332537429639826,10.332537429639826,0.0,5.697457011382671,5.697457011382671,5.697457011382671,0.0,0.3250829733914482,0.3250829733914482,0.3250829733914482,0.0,0.80221875653441,0.80221875653441,0.80221875653441,0.0,0.080221875653441,0.080221875653441,0.080221875653441,0.0,3.0,3.0,3.0,0.0
193,129.75,105.0,184.75,79.75,129.75,105.0,184.75,79.75,2.259249566456427,1.573376076140277,2.3829140353594114,0.8095379592191343,0.22592495664564252,0.15733760761402776,0.2382914035359407,0.08095379592191293,0.17037760129652837,0.10974978429680755,0.1873479318734793,0.07759814757667176,12.0,12.0,12.0,0.0,12.0,12.0,12.0,0.0,11.800064465582862,11.800064465582862,11.800064465582862,0.0,6.122277812536751,6.122277812536751,6.122277812536751,0.0,0.6931471805599453,0.6931471805599453,0.6931471805599453,0.0,1.5980422661771585,1.5980422661771585,1.5980422661771585,0.0,0.1598042266177158,0.1598042266177158,0.1598042266177158,0.0,6.0,6.0,6.0,0.0
194,139.25,132.75,171.0,38.25,139.25,132.75,171.0,38.25,1.7651046881077836,1.415798355702809,1.880581622846909,0.4647832671440999,0.17651046881077842,0.141579835570281,0.18805816228469083,0.04647832671440982,0.08733992153379225,0.0800299800133244,0.097953216374269,0.017923236360944603,14.0,14.0,14.0,0.0,14.0,14.0,14.0,0.0,14.849366126556047,14.849366126556047,14.849366126556047,0.0,6.229416014325195,6.229416014325195,6.229416014325195,0.0,0.6931300811840717,0.6931300811840717,0.6931300811840717,0.0,1.9259909309392784,1.9259909309392784,1.9259909309392784,0.0,0.1925990930939278,0.1925990930939278,0.1925990930939278,0.0,6.0,6.0,6.0,0.0
195,145.25,119.75,194.5,74.75,145.25,119.75,194.5,74.75,1.9550641790675285,1.3202324695018524,2.017231766474872,0.6969992969730194,0.19550641790675286,0.1320232469501851,0.20172317664748735,0.06969992969730224,0.09486179716442869,0.07791607396870548,0.10034340659340657,0.02242733262470109,15.0,15.0,15.0,0.0,15.0,15.0,15.0,0.0,17.888541030825596,17.888541030825596,17.888541030825596,0.0,6.536869199857149,6.536869199857149,6.536869199857149,0.0,0.6931471805599453,0.6931471805599453,0.6931471805599453,0.0,1.8537427930625563,1.8537427930625563,1.8537427930625563,0.0,0.1853742793062556,0.1853742793062556,0.1853742793062556,0.0,4.0,4.0,4.0,0.0
196,87.75,82.5,113.75,31.25,87.75,82.5,113.75,31.25,2.5471754337267503,1.6184499478095102,2.936658817312689,1.3182088695031788,0.2547175433726751,0.16184499478095107,0.293665881731269,0.13182088695031793,0.11590896107985496,0.1057389937106918,0.12824915079013435,0.022510157079442553,15.0,15.0,15.0,0.0,15.0,15.0,15.0,0.0,20.338479635242805,20.338479635242805,20.338479635242805,0.0,7.1052571071168735,7.1052571071168735,7.1052571071168735,0.0,0.6931065988893228,0.6931065988893228,0.6931065988893228,0.0,2.3821153153922827,2.3821153153922827,2.3821153153922827,0.0,0.2382115315392282,0.2382115315392282,0.2382115315392282,0.0,5.0,5.0,5.0,0.0
197,93.5,72.75,103.25,30.5,93.5,72.75,103.25,30.5,2.1741062722699827,1.7757784836086066,2.586575814403508,0.8107973307949015,0.21741062722699833,0.17757784836086066,0.258657581440351,0.08107973307949035,0.09150941340538651,0.08751525320317259,0.10097402597402598,0.013458772770853389,15.0,15.0,15.0,0.0,15.0,15.0,15.0,0.0,21.848760445062435,21.848760445062435,21.848760445062435,0.0,7.444261925525476,7.444261925525476,7.444261925525476,0.0,0.6930628469360363,0.6930628469360363,0.6930628469360363,0.0,2.7824124205498144,2.7824124205498144,2.7824124205498144,0.0,0.2782412420549814,0.2782412420549814,0.2782412420549814,0.0,6.0,6.0,6.0,0.0
198,70.25,31.75,115.5,83.75,70.25,31.75,115.5,83.75,3.0021026043789796,1.7527932527963055,3.798809137874872,2.0460158850785666,0.30021026043789784,0.17527932527963053,0.3798809137874871,0.2046015885078566,0.05157933853586025,0.019230769230769197,0.079951690821256,0.0607209215904868,15.0,15.0,15.0,0.0,15.0,15.0,15.0,0.0,22.11020079471254,22.11020079471254,22.11020079471254,0.0,7.926569269820745,7.926569269820745,7.926569269820745,0.0,0.6931106544376726,0.6931106544376726,0.6931106544376726,0.0,2.59817471213081,2.59817471213081,2.59817471213081,0.0,0.2598174712130809,0.2598174712130809,0.2598174712130809,0.0,4.0,4.0,4.0,0.0
199,77.0,43.0,98.0,55.0,77.0,43.0,98.0,55.0,2.9860792095700996,1.6875588850731347,3.6775419589829266,1.989983073909792,0.29860792095701005,0.1687558885073135,0.3677541958982927,0.19899830739097923,0.08797473944532766,0.08006535947712412,0.10202702702702703,0.021961667549902905,15.0,15.0,15.0,0.0,15.0,15.0,15.0,0.0,24.40424609092756,24.40424609092756,24.40424609092756,0.0,8.666079353837391,8.666079353837391,8.666079353837391,0.0,0.6928703384028123,0.6928703384028123,0.6928703384028123,0.0,2.682064643595913,2.682064643595913,2.682064643595913,0.0,0.2682064643595913,0.2682064643595913,0.2682064643595913,0.0,4.0,4.0,4.0,0.0
200,87.5,33.5,136.0,102.5,87.5,33.5,136.0,102.5,3.3608755777797077,1.3158171441857267,5.263212098978398,3.9473949547926717,0.33608755777797084,0.1315817144185724,0.5263212098978404,0.394739495479268,0.10452750501530989,0.09129870129870127,0.11585365853658534,0.024554957237884076,16.0,16.0,16.0,0.0,16.0,16.0,16.0,0.0,27.307800362376163,27.307800362376163,27.307800362376163,0.0,8.811726899568907,8.811726899568907,8.811726899568907,0.0,0.69313085394048,0.69313085394048,0.69313085394048,0.0,2.450686703795711,2.450686703795711,2.450686703795711,0.0,0.2450686703795712,0.2450686703795712,0.2450686703795712,0.0,6.0,6.0,6.0,0.0
201,57.75,25.75,67.5,41.75,57.75,25.75,67.5,41.75,2.610949946011783,1.856844181706921,3.075259008174228,1.218414826467307,0.2610949946011781,0.185684418170692,0.3075259008174225,0.12184148264673048,0.14439686722295417,0.07954545454545453,0.18276972624798707,0.10322427170253254,16.0,16.0,16.0,0.0,16.0,16.0,16.0,0.0,26.698570815498652,26.698570815498652,26.698570815498652,0.0,8.955096585568377,8.955096585568377,8.955096585568377,0.0,0.6890092384766586,0.6890092384766586,0.6890092384766586,0.0,3.7685165691157936,3.7685165691157936,3.7685165691157936,0.0,0.3768516569115792,0.3768516569115792,0.3768516569115792,0.0,5.0,5.0,5.0,0.0
202,73.25,31.0,108.75,77.75,73.25,31.0,108.75,77.75,2.91821149340812,1.6292660725905734,4.193656139437219,2.5643900668466455,0.291821149340812,0.16292660725905736,0.419365613943722,0.2564390066846647,0.10137457044673538,0.08054123711340203,0.125,0.044458762886597974,16.0,16.0,16.0,0.0,16.0,16.0,16.0,0.0,26.698570815498652,26.698570815498652,26.698570815498652,0.0,8.929687843704986,8.929687843704986,8.929687843704986,0.0,0.6210863745552451,0.6210863745552451,0.6210863745552451,0.0,5.749116382661259,5.749116382661259,5.749116382661259,0.0,0.574911638266126,0.574911638266126,0.574911638266126,0.0,3.0,3.0,3.0,0.0
203,73.0,12.0,133.5,121.5,73.0,12.0,133.5,121.5,2.725098627499865,1.6441994294461737,3.631249357194196,1.9870499277480222,0.2725098627499861,0.16441994294461698,0.3631249357194192,0.1987049927748022,0.13477796358231137,0.08242753623188402,0.1709401709401709,0.08851263470828687,16.0,16.0,16.0,0.0,16.0,16.0,16.0,0.0,26.140104204519837,26.140104204519837,26.140104204519837,0.0,8.82632854284455,8.82632854284455,8.82632854284455,0.0,0.5402041423888608,0.5402041423888608,0.5402041423888608,0.0,4.955625534603677,4.955625534603677,4.955625534603677,0.0,0.4955625534603675,0.4955625534603675,0.4955625534603675,0.0,3.0,3.0,3.0,0.0
204,58.0,41.0,73.0,32.0,58.0,41.0,73.0,32.0,2.393139806406289,2.1970529288962237,2.6886578912793877,0.491604962383164,0.23931398064062914,0.21970529288962262,0.2688657891279389,0.04916049623831628,0.13919076225029947,0.10997442455242964,0.15946843853820591,0.04949401398577627,16.0,16.0,16.0,0.0,16.0,16.0,16.0,0.0,26.649225417900496,26.649225417900496,26.649225417900496,0.0,9.049047069230513,9.049047069230513,9.049047069230513,0.0,0.6930421569294483,0.6930421569294483,0.6930421569294483,0.0,2.710413773667061,2.710413773667061,2.710413773667061,0.0,0.2710413773667059,0.2710413773667059,0.2710413773667059,0.0,4.0,4.0,4.0,0.0
205,79.75,44.0,109.25,65.25,79.75,44.0,109.25,65.25,2.3916754532702313,1.9430591156430383,2.603865955401261,0.6608068397582227,0.239167545327023,0.1943059115643038,0.260386595540126,0.0660806839758222,0.0846040867037916,0.07428571428571427,0.09776362789252988,0.0234779136068156,16.0,16.0,16.0,0.0,16.0,16.0,16.0,0.0,28.2178385018552,28.2178385018552,28.2178385018552,0.0,9.344825800947543,9.344825800947543,9.344825800947543,0.0,0.6931471805599453,0.6931471805599453,0.6931471805599453,0.0,2.4801425944990685,2.4801425944990685,2.4801425944990685,0.0,0.2480142594499066,0.2480142594499066,0.2480142594499066,0.0,3.0,3.0,3.0,0.0
206,84.75,28.5,145.75,117.25,84.75,28.5,145.75,117.25,3.1155758567003153,1.9276232157940205,3.977925024926498,2.0503018091324776,0.31155758567003156,0.19276232157940199,0.39779250249264986,0.20503018091324787,0.0992994262010489,0.08700980392156857,0.10370456663560113,0.016694762714032557,16.0,16.0,16.0,0.0,16.0,16.0,16.0,0.0,30.43493250514625,30.43493250514625,30.43493250514625,0.0,9.838037113273828,9.838037113273828,9.838037113273828,0.0,0.6931233991585846,0.6931233991585846,0.6931233991585846,0.0,2.60424427188688,2.60424427188688,2.60424427188688,0.0,0.2604244271886879,0.2604244271886879,0.2604244271886879,0.0,4.0,4.0,4.0,0.0
207,64.5,10.0,104.5,94.5,64.5,10.0,104.5,94.5,2.987165573027209,2.1414470705375197,3.826910567457696,1.6854634969201765,0.29871655730272073,0.2141447070537519,0.38269105674576975,0.16854634969201784,0.14309309309309307,0.09039039039039037,0.2,0.10960960960960964,16.0,16.0,16.0,0.0,16.0,16.0,16.0,0.0,30.194231152028927,30.194231152028927,30.194231152028927,0.0,10.325073524665935,10.325073524665935,10.325073524665935,0.0,0.693055870256981,0.693055870256981,0.693055870256981,0.0,2.931708606539664,2.931708606539664,2.931708606539664,0.0,0.2931708606539664,0.2931708606539664,0.2931708606539664,0.0,4.0,4.0,4.0,0.0
208,116.75,84.5,152.25,67.75,116.75,84.5,152.25,67.75,1.8294229763697318,1.3485499027836654,1.9522838819551327,0.6037339791714673,0.18294229763697312,0.13485499027836653,0.19522838819551322,0.06037339791714669,0.09202279446175617,0.07039687703318148,0.11199334543254684,0.04159646839936536,16.0,16.0,16.0,0.0,16.0,16.0,16.0,0.0,31.107706320733023,31.107706320733023,31.107706320733023,0.0,10.604374007966838,10.604374007966838,10.604374007966838,0.0,0.6930917778747354,0.6930917778747354,0.6930917778747354,0.0,2.805591776989357,2.805591776989357,2.805591776989357,0.0,0.2805591776989357,0.2805591776989357,0.2805591776989357,0.0,4.0,4.0,4.0,0.0
209,105.5,74.0,136.5,62.5,105.5,74.0,136.5,62.5,2.096430444762937,1.874977935049081,2.219743399398614,0.34476546434953304,0.20964304447629362,0.18749779350490786,0.22197433993986126,0.0344765464349534,0.09606366330369923,0.09089834515366425,0.11169014084507037,0.020791795691406115,16.0,16.0,16.0,0.0,16.0,16.0,16.0,0.0,31.93268181263861,31.93268181263861,31.93268181263861,0.0,11.026017115722222,11.026017115722222,11.026017115722222,0.0,0.6931220307087461,0.6931220307087461,0.6931220307087461,0.0,2.643137989729982,2.643137989729982,2.643137989729982,0.0,0.2643137989729983,0.2643137989729983,0.2643137989729983,0.0,3.0,3.0,3.0,0.0
210,10.5,9.75,10.75,1.0,10.5,9.75,10.75,1.0,4.191048789974365,3.7081490366663514,4.402601230391657,0.6944521937253052,0.4191048789974362,0.3708149036666342,0.4402601230391655,0.06944521937253129,0.025,0.0,0.025,0.025,16.0,16.0,16.0,0.0,16.0,16.0,16.0,0.0,31.93268181263861,31.93268181263861,31.93268181263861,0.0,10.929644917504952,10.929644917504952,10.929644917504952,0.0,0.0,-0.0,-0.0,0.0,7.1703058939296325,7.1703058939296325,7.1703058939296325,0.0,0.7170305893929629,0.7170305893929629,0.7170305893929629,0.0,3.0,3.0,3.0,0.0
211,34.5,15.5,50.5,35.0,34.5,15.5,50.5,35.0,3.583141509317515,3.2313669078442846,4.009806530791107,0.7784396229468227,0.35831415093175134,0.32313669078442825,0.4009806530791105,0.07784396229468227,0.08875479539641942,0.044117647058823525,0.12839673913043476,0.08427909207161123,16.0,16.0,16.0,0.0,16.0,16.0,16.0,0.0,31.93268181263861,31.93268181263861,31.93268181263861,0.0,10.941818666427109,10.941818666427109,10.941818666427109,0.0,0.605797499372304,0.605797499372304,0.605797499372304,0.0,6.145063976974782,6.145063976974782,6.145063976974782,0.0,0.614506397697478,0.614506397697478,0.614506397697478,0.0,4.0,4.0,4.0,0.0
212,18.5,11.0,18.5,7.5,18.5,11.0,18.5,7.5,3.475577770631986,3.0651288310656755,3.9423643031754145,0.8772354721097391,0.3475577770631987,0.3065128831065674,0.39423643031754185,0.08772354721097447,0.1031042128603104,0.08037694013303767,0.11363636363636362,0.03325942350332595,16.0,16.0,16.0,0.0,16.0,16.0,16.0,0.0,31.93268181263861,31.93268181263861,31.93268181263861,0.0,10.91525222933705,10.91525222933705,10.91525222933705,0.0,0.3046360973492381,0.3046360973492381,0.3046360973492381,0.0,6.688783283503311,6.688783283503311,6.688783283503311,0.0,0.6688783283503311,0.6688783283503311,0.6688783283503311,0.0,4.0,4.0,4.0,0.0
213,24.75,9.75,32.0,22.25,24.75,9.75,32.0,22.25,4.063296797211189,3.1590630151534644,4.73122607538523,1.5721630602317656,0.406329679721119,0.3159063015153467,0.47312260753852264,0.15721630602317593,0.16964285714285712,0.040178571428571376,0.21875,0.17857142857142863,17.0,17.0,17.0,0.0,17.0,17.0,17.0,0.0,30.1603435592784,30.1603435592784,30.1603435592784,0.0,10.365540177662034,10.365540177662034,10.365540177662034,0.0,0.6925092898114951,0.6925092898114951,0.6925092898114951,0.0,5.845970293094369,5.845970293094369,5.845970293094369,0.0,0.5845970293094368,0.5845970293094368,0.5845970293094368,0.0,5.0,5.0,5.0,0.0
214,105.25,69.25,150.0,80.75,105.25,69.25,150.0,80.75,2.38599344404819,1.6132623210152124,2.8037852091422906,1.1905228881270782,0.23859934440481886,0.1613262321015211,0.2803785209142291,0.11905228881270799,0.08106929005005213,0.07216775599128536,0.09973045822102422,0.02756270222973886,17.0,17.0,17.0,0.0,17.0,17.0,17.0,0.0,29.509512510168086,29.509512510168086,29.509512510168086,0.0,10.553261924732178,10.553261924732178,10.553261924732178,0.0,0.6924611526112329,0.6924611526112329,0.6924611526112329,0.0,2.835871663873847,2.835871663873847,2.835871663873847,0.0,0.2835871663873847,0.2835871663873847,0.2835871663873847,0.0,5.0,5.0,5.0,0.0
215,35.75,18.5,51.75,33.25,35.75,18.5,51.75,33.25,2.2442400342154736,1.6370023170928052,2.4668342731562376,0.8298319560634324,0.2244240034215471,0.1637002317092806,0.2466834273156232,0.0829831956063426,0.1288684719535783,0.06818181818181818,0.1593326885880077,0.09115087040618952,17.0,17.0,17.0,0.0,17.0,17.0,17.0,0.0,29.509512510168086,29.509512510168086,29.509512510168086,0.0,10.42415377133332,10.42415377133332,10.42415377133332,0.0,0.0,-0.0,-0.0,0.0,7.320221789899209,7.320221789899209,7.320221789899209,0.0,0.7320221789899206,0.7320221789899206,0.7320221789899206,0.0,2.0,2.0,2.0,0.0
216,105.0,48.25,160.25,112.0,105.0,48.25,160.25,112.0,1.8747188390772802,1.2411499820350742,2.1817042561208844,0.9405542740858102,0.18747188390772812,0.12411499820350745,0.21817042561208866,0.09405542740858121,0.06588116828307472,0.05911330049261078,0.0871603413429148,0.028047040850304017,17.0,17.0,17.0,0.0,17.0,17.0,17.0,0.0,32.004492682842,32.004492682842,32.004492682842,0.0,10.859040661965034,10.859040661965034,10.859040661965034,0.0,0.693053351391456,0.693053351391456,0.693053351391456,0.0,2.436499340561332,2.436499340561332,2.436499340561332,0.0,0.243649934056133,0.243649934056133,0.243649934056133,0.0,5.0,5.0,5.0,0.0
217,134.75,102.25,186.0,83.75,134.75,102.25,186.0,83.75,2.0790531098655523,1.305769644366153,2.2626104011264565,0.9568407567603034,0.20790531098655515,0.13057696443661537,0.22626104011264553,0.09568407567603016,0.12907262331037284,0.10213879292826661,0.13620689655172408,0.03406810362345747,17.0,17.0,17.0,0.0,17.0,17.0,17.0,0.0,35.42540941315357,35.42540941315357,35.42540941315357,0.0,11.380177934854292,11.380177934854292,11.380177934854292,0.0,0.6930811201807139,0.6930811201807139,0.6930811201807139,0.0,2.7274448820823487,2.7274448820823487,2.7274448820823487,0.0,0.272744488208235,0.272744488208235,0.272744488208235,0.0,5.0,5.0,5.0,0.0
218,147.25,103.25,194.5,91.25,147.25,103.25,194.5,91.25,1.7129663074808625,1.3305692523590364,2.104481497967296,0.7739122456082597,0.17129663074808615,0.13305692523590354,0.21044814979672943,0.0773912245608259,0.093546448749887,0.0765052112413921,0.098693019735693,0.022187808494300895,17.0,17.0,17.0,0.0,17.0,17.0,17.0,0.0,37.10963708390373,37.10963708390373,37.10963708390373,0.0,11.940998396207236,11.940998396207236,11.940998396207236,0.0,0.6931337573207383,0.6931337573207383,0.6931337573207383,0.0,2.9205565601811587,2.9205565601811587,2.9205565601811587,0.0,0.2920556560181161,0.2920556560181161,0.2920556560181161,0.0,6.0,6.0,6.0,0.0
219,93.0,75.75,109.75,34.0,93.0,75.75,109.75,34.0,1.8928997695275114,1.5390340872722679,2.0388368003780784,0.4998027131058105,0.1892899769527511,0.1539034087272268,0.20388368003780782,0.049980271310581026,0.08534632957205131,0.055769230769230696,0.11354136288519485,0.05777213211596416,17.0,17.0,17.0,0.0,17.0,17.0,17.0,0.0,37.20440902330169,37.20440902330169,37.20440902330169,0.0,12.211257223249746,12.211257223249746,12.211257223249746,0.0,0.6931161801776027,0.6931161801776027,0.6931161801776027,0.0,3.302716849542352,3.302716849542352,3.302716849542352,0.0,0.3302716849542352,0.3302716849542352,0.3302716849542352,0.0,5.0,5.0,5.0,0.0
220,89.0,60.5,131.0,70.5,89.0,60.5,131.0,70.5,1.9611060776570395,1.5444559903054602,2.015109411606197,0.47065342130073673,0.19611060776570394,0.15444559903054583,0.2015109411606199,0.04706534213007407,0.078809862012987,0.06818181818181818,0.10965401785714282,0.041472199675324645,17.0,17.0,17.0,0.0,17.0,17.0,17.0,0.0,37.56079579869722,37.56079579869722,37.56079579869722,0.0,12.655857515518877,12.655857515518877,12.655857515518877,0.0,0.6930451362725594,0.6930451362725594,0.6930451362725594,0.0,3.166478989363939,3.166478989363939,3.166478989363939,0.0,0.316647898936394,0.316647898936394,0.316647898936394,0.0,5.0,5.0,5.0,0.0
221,125.25,112.25,154.5,42.25,125.25,112.25,154.5,42.25,1.6601288693737908,1.3530920672083127,1.8270336860932768,0.4739416188849641,0.16601288693737906,0.13530920672083113,0.1827033686093276,0.04739416188849646,0.1033978261939651,0.0779588336192109,0.12165111378687535,0.04369228016766445,17.0,17.0,17.0,0.0,17.0,17.0,17.0,0.0,39.69313543095123,39.69313543095123,39.69313543095123,0.0,12.981870682742471,12.981870682742471,12.981870682742471,0.0,0.6930323919620441,0.6930323919620441,0.6930323919620441,0.0,3.2148981810572685,3.2148981810572685,3.2148981810572685,0.0,0.3214898181057267,0.3214898181057267,0.3214898181057267,0.0,5.0,5.0,5.0,0.0
222,69.75,31.5,78.75,47.25,69.75,31.5,78.75,47.25,3.103256088301717,2.3507933746959537,3.9885899055970584,1.6377965309011047,0.3103256088301714,0.2350793374695953,0.39885899055970553,0.16377965309011022,0.12927350427350426,0.1111111111111111,0.1378205128205128,0.026709401709401698,17.0,17.0,17.0,0.0,17.0,17.0,17.0,0.0,42.92338493057895,42.92338493057895,42.92338493057895,0.0,13.421794515317991,13.421794515317991,13.421794515317991,0.0,0.6931331831261411,0.6931331831261411,0.6931331831261411,0.0,2.9273327204058,2.9273327204058,2.9273327204058,0.0,0.2927332720405797,0.2927332720405797,0.2927332720405797,0.0,4.0,4.0,4.0,0.0
223,70.75,43.0,95.75,52.75,70.75,43.0,95.75,52.75,2.7604480652742547,2.2543887912558214,2.954449883445974,0.7000610921901527,0.27604480652742536,0.225438879125582,0.29544498834459715,0.07000610921901515,0.13041626280009755,0.07241410005340927,0.14444444444444438,0.0720303443910351,18.0,18.0,18.0,0.0,18.0,18.0,18.0,0.0,42.16745396373162,42.16745396373162,42.16745396373162,0.0,12.972461083305635,12.972461083305635,12.972461083305635,0.0,0.6929074043489288,0.6929074043489288,0.6929074043489288,0.0,3.715146236193864,3.715146236193864,3.715146236193864,0.0,0.3715146236193863,0.3715146236193863,0.3715146236193863,0.0,5.0,5.0,5.0,0.0
224,97.0,95.0,119.0,24.0,97.0,95.0,119.0,24.0,2.6822949954126356,1.6189066638758705,2.9978070687356966,1.3789004048598261,0.26822949954126357,0.16189066638758712,0.29978070687356956,0.13789004048598244,0.1153545534924845,0.09188034188034186,0.13944827586206893,0.04756793398172707,18.0,18.0,18.0,0.0,18.0,18.0,18.0,0.0,41.41486364501752,41.41486364501752,41.41486364501752,0.0,12.993648858614314,12.993648858614314,12.993648858614314,0.0,0.6782093939033127,0.6782093939033127,0.6782093939033127,0.0,10.19083593596111,10.19083593596111,10.19083593596111,0.0,1.0190835935961102,1.0190835935961102,1.0190835935961102,0.0,6.0,6.0,6.0,0.0
225,117.0,68.0,150.5,82.5,117.0,68.0,150.5,82.5,1.8663415964792978,1.3482408449811496,2.2021709022120493,0.8539300572308997,0.18663415964792968,0.13482408449811506,0.22021709022120478,0.08539300572308972,0.09441421654270452,0.0782770927968851,0.10961538461538461,0.03133829181849951,18.0,18.0,18.0,0.0,18.0,18.0,18.0,0.0,39.86573786658546,39.86573786658546,39.86573786658546,0.0,13.145123391793636,13.145123391793636,13.145123391793636,0.0,0.6930421569294483,0.6930421569294483,0.6930421569294483,0.0,5.1891986214183285,5.1891986214183285,5.1891986214183285,0.0,0.5189198621418327,0.5189198621418327,0.5189198621418327,0.0,5.0,5.0,5.0,0.0
226,128.75,110.5,162.25,51.75,128.75,110.5,162.25,51.75,1.5473608981801557,1.2979221282178757,1.574910363986437,0.27698823576856135,0.15473608981801543,0.12979221282178743,0.15749103639864348,0.027698823576856046,0.07575687142250608,0.07048224695283517,0.0951267056530214,0.024644458700186236,18.0,18.0,18.0,0.0,18.0,18.0,18.0,0.0,41.44632779158052,41.44632779158052,41.44632779158052,0.0,13.467832041518182,13.467832041518182,13.467832041518182,0.0,0.6931258211016196,0.6931258211016196,0.6931258211016196,0.0,3.2472192153721475,3.2472192153721475,3.2472192153721475,0.0,0.3247219215372149,0.3247219215372149,0.3247219215372149,0.0,6.0,6.0,6.0,0.0
227,119.5,88.25,141.25,53.0,119.5,88.25,141.25,53.0,1.5483779140309601,1.3600012880009116,1.645593985110299,0.2855926971093874,0.15483779140309592,0.1360001288000911,0.16455939851102983,0.028559269710938723,0.09072752844881796,0.08306686046511627,0.10086121743425112,0.017794356969134853,18.0,18.0,18.0,0.0,18.0,18.0,18.0,0.0,41.80845113174675,41.80845113174675,41.80845113174675,0.0,13.570765890326443,13.570765890326443,13.570765890326443,0.0,0.6930868001634132,0.6930868001634132,0.6930868001634132,0.0,3.825210731348923,3.825210731348923,3.825210731348923,0.0,0.3825210731348924,0.3825210731348924,0.3825210731348924,0.0,3.0,3.0,3.0,0.0
228,132.75,123.0,136.75,13.75,132.75,123.0,136.75,13.75,1.5063900185484658,1.295761349525317,1.6436934647039747,0.34793211517865763,0.15063900185484635,0.12957613495253134,0.1643693464703973,0.03479321151786596,0.08396090194172484,0.07720474151306392,0.09744219195438707,0.02023745044132315,18.0,18.0,18.0,0.0,18.0,18.0,18.0,0.0,42.43692370374666,42.43692370374666,42.43692370374666,0.0,13.824156771958682,13.824156771958682,13.824156771958682,0.0,0.6931180444457279,0.6931180444457279,0.6931180444457279,0.0,3.086215872568542,3.086215872568542,3.086215872568542,0.0,0.308621587256854,0.308621587256854,0.308621587256854,0.0,5.0,5.0,5.0,0.0
229,93.25,58.0,118.75,60.75,93.25,58.0,118.75,60.75,2.6050603323415094,1.532712422616568,2.8285137353311063,1.2958013127145382,0.260506033234151,0.15327124226165675,0.28285137353311074,0.12958013127145399,0.09080424235954188,0.07303324555628697,0.10540540540540541,0.03237215984911844,18.0,18.0,18.0,0.0,18.0,18.0,18.0,0.0,42.36986591196133,42.36986591196133,42.36986591196133,0.0,13.83738703172772,13.83738703172772,13.83738703172772,0.0,0.6927819059876479,0.6927819059876479,0.6927819059876479,0.0,4.552674091935953,4.552674091935953,4.552674091935953,0.0,0.4552674091935954,0.4552674091935954,0.4552674091935954,0.0,4.0,4.0,4.0,0.0
230,44.0,11.25,68.75,57.5,44.0,11.25,68.75,57.5,3.0121341307618215,1.6626774410848988,4.039330810231073,2.376653369146174,0.3012134130761821,0.1662677441084899,0.4039330810231074,0.23766533691461747,0.050219298245614,0.0,0.0923245614035087,0.0923245614035087,18.0,18.0,18.0,0.0,18.0,18.0,18.0,0.0,41.98309204229638,41.98309204229638,41.98309204229638,0.0,13.847469235586477,13.847469235586477,13.847469235586477,0.0,0.6925915220779792,0.6925915220779792,0.6925915220779792,0.0,4.62519346772217,4.62519346772217,4.62519346772217,0.0,0.4625193467722174,0.4625193467722174,0.4625193467722174,0.0,4.0,4.0,4.0,0.0
231,53.75,11.5,77.75,66.25,53.75,11.5,77.75,66.25,3.112715289405968,1.8878278450392747,4.303357349946161,2.4155295049068863,0.3112715289405968,0.18878278450392724,0.43033573499461614,0.2415529504906889,0.07051079349017622,0.06249999999999997,0.09818492284341004,0.03568492284341007,18.0,18.0,18.0,0.0,18.0,18.0,18.0,0.0,40.86109414599623,40.86109414599623,40.86109414599623,0.0,13.940499141497224,13.940499141497224,13.940499141497224,0.0,0.6918538909574949,0.6918538909574949,0.6918538909574949,0.0,4.969929812396759,4.969929812396759,4.969929812396759,0.0,0.4969929812396758,0.4969929812396758,0.4969929812396758,0.0,5.0,5.0,5.0,0.0
232,81.0,12.0,127.5,115.5,81.0,12.0,127.5,115.5,2.9763682601656134,1.8377548556234329,4.2035169211795855,2.3657620655561526,0.29763682601656155,0.1837754855623433,0.4203516921179592,0.2365762065556159,0.08823260073260072,0.06249999999999997,0.12124542124542126,0.058745421245421287,18.0,18.0,18.0,0.0,18.0,18.0,18.0,0.0,40.46040249093532,40.46040249093532,40.46040249093532,0.0,13.760114535123282,13.760114535123282,13.760114535123282,0.0,0.4505612088663046,0.4505612088663046,0.4505612088663046,0.0,8.731752336934,8.731752336934,8.731752336934,0.0,0.8731752336934003,0.8731752336934003,0.8731752336934003,0.0,3.0,3.0,3.0,0.0
233,83.0,44.5,111.0,66.5,83.0,44.5,111.0,66.5,2.50448921052005,2.121152956441196,2.930121343929905,0.8089683874887093,0.2504489210520048,0.21211529564411935,0.2930121343929904,0.08089683874887105,0.09457558991819165,0.07842105263157892,0.09703504043126678,0.018613987799687856,18.0,18.0,18.0,0.0,18.0,18.0,18.0,0.0,40.14986941197765,40.14986941197765,40.14986941197765,0.0,13.638479619743212,13.638479619743212,13.638479619743212,0.0,0.6517565611726531,0.6517565611726531,0.6517565611726531,0.0,7.0216579096220535,7.0216579096220535,7.0216579096220535,0.0,0.7021657909622058,0.7021657909622058,0.7021657909622058,0.0,5.0,5.0,5.0,0.0
234,26.75,19.25,35.0,15.75,26.75,19.25,35.0,15.75,3.4300166019125884,2.885411638585279,3.8357366464936904,0.9503250079084116,0.34300166019125866,0.28854116385852785,0.38357366464936876,0.09503250079084091,0.10162601626016257,0.0700295639320029,0.11363636363636362,0.043606799704360724,18.0,18.0,18.0,0.0,18.0,18.0,18.0,0.0,40.14986941197765,40.14986941197765,40.14986941197765,0.0,13.5517453444976,13.5517453444976,13.5517453444976,0.0,0.3046360973492381,0.3046360973492381,0.3046360973492381,0.0,9.034826805621808,9.034826805621808,9.034826805621808,0.0,0.9034826805621804,0.9034826805621804,0.9034826805621804,0.0,4.0,4.0,4.0,0.0
235,59.0,22.75,61.75,39.0,59.0,22.75,61.75,39.0,4.26537483704201,3.2828014015335043,5.475614374987956,2.1928129734544513,0.4265374837042011,0.3282801401533503,0.5475614374987956,0.21928129734544533,0.0983604285818209,0.06737510955302362,0.13191699604743076,0.06454188649440715,20.0,20.0,20.0,0.0,20.0,20.0,20.0,0.0,38.78385978236535,38.78385978236535,38.78385978236535,0.0,12.101013548818752,12.101013548818752,12.101013548818752,0.0,0.6145033203107282,0.6145033203107282,0.6145033203107282,0.0,10.759527634794594,10.759527634794594,10.759527634794594,0.0,1.075952763479459,1.075952763479459,1.075952763479459,0.0,7.0,7.0,7.0,0.0
236,51.25,29.25,71.0,41.75,51.25,29.25,71.0,41.75,3.110355879461107,2.6282507084013367,3.814371751425514,1.1861210430241775,0.31103558794611086,0.26282507084013385,0.3814371751425519,0.11861210430241803,0.11673474945533764,0.06550925925925925,0.1328431372549019,0.06733387799564265,20.0,20.0,20.0,0.0,20.0,20.0,20.0,0.0,37.076942489163045,37.076942489163045,37.076942489163045,0.0,12.170642494075588,12.170642494075588,12.170642494075588,0.0,0.6918966592050799,0.6918966592050799,0.6918966592050799,0.0,5.894733178133548,5.894733178133548,5.894733178133548,0.0,0.5894733178133552,0.5894733178133552,0.5894733178133552,0.0,6.0,6.0,6.0,0.0
237,41.5,10.5,58.0,47.5,41.5,10.5,58.0,47.5,3.153094327051641,2.547534802238949,3.817321673418762,1.269786871179813,0.31530943270516454,0.25475348022389493,0.3817321673418764,0.1269786871179815,0.11790175404986872,0.10282436010591345,0.12403100775193798,0.021206647646024535,20.0,20.0,20.0,0.0,20.0,20.0,20.0,0.0,37.75990810943428,37.75990810943428,37.75990810943428,0.0,12.33317868981038,12.33317868981038,12.33317868981038,0.0,0.6931000500240548,0.6931000500240548,0.6931000500240548,0.0,3.266150209607622,3.266150209607622,3.266150209607622,0.0,0.326615020960762,0.326615020960762,0.326615020960762,0.0,3.0,3.0,3.0,0.0
238,47.0,31.5,67.5,36.0,47.0,31.5,67.5,36.0,2.4744905727526634,1.5573508749144256,3.0825724925866496,1.525221617672224,0.24744905727526634,0.1557350874914426,0.30825724925866477,0.15252216176722216,0.06256410256410253,0.038461538461538394,0.09589743589743588,0.057435897435897484,20.0,20.0,20.0,0.0,20.0,20.0,20.0,0.0,37.75990810943428,37.75990810943428,37.75990810943428,0.0,12.19339310943946,12.19339310943946,12.19339310943946,0.0,0.0,-0.0,-0.0,0.0,9.122491277592962,9.122491277592962,9.122491277592962,0.0,0.9122491277592972,0.9122491277592972,0.9122491277592972,0.0,3.0,3.0,3.0,0.0
239,127.25,97.5,175.75,78.25,127.25,97.5,175.75,78.25,1.9953811691380805,1.3889905489207501,2.0950288579636718,0.7060383090429216,0.19953811691380813,0.1388990548920751,0.2095028857963674,0.07060383090429229,0.06740846915551638,0.05408653846153845,0.09662371748985918,0.04253717902832073,20.0,20.0,20.0,0.0,20.0,20.0,20.0,0.0,39.74848352480433,39.74848352480433,39.74848352480433,0.0,12.592076176579337,12.592076176579337,12.592076176579337,0.0,0.6931288149746025,0.6931288149746025,0.6931288149746025,0.0,4.005646648345597,4.005646648345597,4.005646648345597,0.0,0.4005646648345595,0.4005646648345595,0.4005646648345595,0.0,7.0,7.0,7.0,0.0
240,53.5,10.75,82.25,71.5,53.5,10.75,82.25,71.5,3.560423102457236,1.7974362466472074,4.692594365950846,2.895158119303639,0.35604231024572375,0.17974362466472038,0.46925943659508496,0.2895158119303646,0.1392192513368984,0.121,0.1557486631016042,0.03474866310160421,20.0,20.0,20.0,0.0,20.0,20.0,20.0,0.0,40.515223138614886,40.515223138614886,40.515223138614886,0.0,12.7830846772862,12.7830846772862,12.7830846772862,0.0,0.6931151802186033,0.6931151802186033,0.6931151802186033,0.0,4.555285102022006,4.555285102022006,4.555285102022006,0.0,0.4555285102022006,0.4555285102022006,0.4555285102022006,0.0,4.0,4.0,4.0,0.0
241,45.75,9.75,71.0,61.25,45.75,9.75,71.0,61.25,3.665861487030959,2.677879255528099,4.743008843567559,2.0651295880394596,0.3665861487030958,0.26778792555281006,0.47430088435675555,0.2065129588039455,0.10940170940170937,0.07500000000000001,0.14209401709401703,0.06709401709401702,20.0,20.0,20.0,0.0,20.0,20.0,20.0,0.0,40.515223138614886,40.515223138614886,40.515223138614886,0.0,12.690822291417422,12.690822291417422,12.690822291417422,0.0,0.0,-0.0,-0.0,0.0,8.870227901137588,8.870227901137588,8.870227901137588,0.0,0.8870227901137592,0.8870227901137592,0.8870227901137592,0.0,4.0,4.0,4.0,0.0
242,65.25,56.25,82.5,26.25,65.25,56.25,82.5,26.25,2.7642244399829177,1.9587493657894823,3.0445746272529366,1.0858252614634543,0.2764224439982918,0.19587493657894822,0.3044574627252935,0.10858252614634528,0.09474206349206347,0.0738095238095238,0.11458333333333333,0.04077380952380953,20.0,20.0,20.0,0.0,20.0,20.0,20.0,0.0,37.62701172207863,37.62701172207863,37.62701172207863,0.0,12.85799366454262,12.85799366454262,12.85799366454262,0.0,0.6920129648318738,0.6920129648318738,0.6920129648318738,0.0,4.721573958643894,4.721573958643894,4.721573958643894,0.0,0.4721573958643892,0.4721573958643892,0.4721573958643892,0.0,6.0,6.0,6.0,0.0
243,96.0,93.0,119.0,26.0,96.0,93.0,119.0,26.0,2.161772928977826,1.6626320742365421,2.6139386668381275,0.9513065926015853,0.21617729289778256,0.1662632074236542,0.2613938666838126,0.0951306592601584,0.09309550353028613,0.07923076923076923,0.10603864734299515,0.026807878112225916,20.0,20.0,20.0,0.0,20.0,20.0,20.0,0.0,37.07559629319593,37.07559629319593,37.07559629319593,0.0,12.759963424751124,12.759963424751124,12.759963424751124,0.0,0.6591525038229908,0.6591525038229908,0.6591525038229908,0.0,5.682221427383968,5.682221427383968,5.682221427383968,0.0,0.5682221427383968,0.5682221427383968,0.5682221427383968,0.0,5.0,5.0,5.0,0.0
244,73.5,45.75,113.25,67.5,73.5,45.75,113.25,67.5,2.334898396115851,1.741788763185804,2.4423529210425765,0.7005641578567725,0.23348983961158504,0.17417887631858037,0.2442352921042574,0.07005641578567703,0.09111461774158718,0.08172255860891162,0.10536398467432945,0.02364142606541783,20.0,20.0,20.0,0.0,20.0,20.0,20.0,0.0,36.81063716366303,36.81063716366303,36.81063716366303,0.0,12.608770424242248,12.608770424242248,12.608770424242248,0.0,0.3488320958430319,0.3488320958430319,0.3488320958430319,0.0,8.8528963577722,8.8528963577722,8.8528963577722,0.0,0.8852896357772196,0.8852896357772196,0.8852896357772196,0.0,3.0,3.0,3.0,0.0
245,86.75,40.5,120.75,80.25,86.75,40.5,120.75,80.25,2.8720992814063755,1.825904374976743,3.8922973968314873,2.0663930218547444,0.2872099281406374,0.1825904374976742,0.38922973968314845,0.20663930218547424,0.09002867030363576,0.08858401084010835,0.10365263667150455,0.015068625831396204,20.0,20.0,20.0,0.0,20.0,20.0,20.0,0.0,36.544496681166194,36.544496681166194,36.544496681166194,0.0,12.600050027464992,12.600050027464992,12.600050027464992,0.0,0.666278442414676,0.666278442414676,0.666278442414676,0.0,8.417889955060856,8.417889955060856,8.417889955060856,0.0,0.8417889955060859,0.8417889955060859,0.8417889955060859,0.0,7.0,7.0,7.0,0.0
246,92.5,63.5,104.5,41.0,92.5,63.5,104.5,41.0,2.611914673461761,1.8993916478751207,2.864291265744731,0.9648996178696101,0.2611914673461761,0.18993916478751208,0.286429126574473,0.09648996178696093,0.12191441874833278,0.09251290877796897,0.13672205012672478,0.04420914134875581,20.0,20.0,20.0,0.0,20.0,20.0,20.0,0.0,35.48859388854847,35.48859388854847,35.48859388854847,0.0,12.65293125923654,12.65293125923654,12.65293125923654,0.0,0.6876794221118472,0.6876794221118472,0.6876794221118472,0.0,4.101369875800203,4.101369875800203,4.101369875800203,0.0,0.4101369875800208,0.4101369875800208,0.4101369875800208,0.0,5.0,5.0,5.0,0.0
247,85.0,30.25,135.75,105.5,85.0,30.25,135.75,105.5,2.2442302401427563,1.2993545167473686,2.671354706472298,1.3720001897249294,0.22442302401427572,0.12993545167473672,0.26713547064722987,0.13720001897249315,0.15234845559845558,0.10340250965250963,0.159,0.05559749034749037,20.0,20.0,20.0,0.0,20.0,20.0,20.0,0.0,36.484758986643456,36.484758986643456,36.484758986643456,0.0,12.881746896799967,12.881746896799967,12.881746896799967,0.0,0.6931151802186033,0.6931151802186033,0.6931151802186033,0.0,3.125047037133664,3.125047037133664,3.125047037133664,0.0,0.3125047037133666,0.3125047037133666,0.3125047037133666,0.0,3.0,3.0,3.0,0.0
248,83.0,46.75,115.25,68.5,83.0,46.75,115.25,68.5,2.0284236384643037,1.8092267567754974,2.2367088320209296,0.42748207524543225,0.2028423638464302,0.18092267567754972,0.22367088320209277,0.04274820752454306,0.11093098927852423,0.08589470480827748,0.1538461538461538,0.06795144903787632,20.0,20.0,20.0,0.0,20.0,20.0,20.0,0.0,38.21728217760579,38.21728217760579,38.21728217760579,0.0,13.159742304012877,13.159742304012877,13.159742304012877,0.0,0.6931227292872543,0.6931227292872543,0.6931227292872543,0.0,3.1331346347593945,3.1331346347593945,3.1331346347593945,0.0,0.3133134634759396,0.3133134634759396,0.3133134634759396,0.0,5.0,5.0,5.0,0.0
249,91.5,49.0,128.5,79.5,91.5,49.0,128.5,79.5,1.9150709817297988,1.3540958132230212,2.4477631390737318,1.0936673258507106,0.19150709817297998,0.13540958132230227,0.24477631390737326,0.10936673258507099,0.14398599399588907,0.10789180145008358,0.15901571546732834,0.05112391401724477,20.0,20.0,20.0,0.0,20.0,20.0,20.0,0.0,37.62657782723348,37.62657782723348,37.62657782723348,0.0,13.126511669141028,13.126511669141028,13.126511669141028,0.0,0.6800829048357611,0.6800829048357611,0.6800829048357611,0.0,5.629064754641939,5.629064754641939,5.629064754641939,0.0,0.5629064754641939,0.5629064754641939,0.5629064754641939,0.0,6.0,6.0,6.0,0.0
250,103.5,54.5,153.5,99.0,103.5,54.5,153.5,99.0,2.738686327014568,1.109487248254543,3.9705002494572055,2.8610130012026627,0.27386863270145667,0.11094872482545423,0.3970500249457204,0.28610130012026613,0.07306114063733962,0.0696428571428571,0.09881592708800238,0.029173069945145277,20.0,20.0,20.0,0.0,20.0,20.0,20.0,0.0,40.63778491584356,40.63778491584356,40.63778491584356,0.0,13.548828063920846,13.548828063920846,13.548828063920846,0.0,0.6929346030562364,0.6929346030562364,0.6929346030562364,0.0,2.1423216026711605,2.1423216026711605,2.1423216026711605,0.0,0.2142321602671159,0.2142321602671159,0.2142321602671159,0.0,5.0,5.0,5.0,0.0
251,117.0,100.5,151.0,50.5,117.0,100.5,151.0,50.5,1.8161059264785155,1.348962462724025,2.007956638581951,0.6589941758579259,0.18161059264785157,0.13489624627240238,0.20079566385819522,0.06589941758579285,0.11786186036186032,0.10416666666666666,0.13782217782217776,0.0336555111555111,20.0,20.0,20.0,0.0,20.0,20.0,20.0,0.0,42.17623199093051,42.17623199093051,42.17623199093051,0.0,13.778496335427556,13.778496335427556,13.778496335427556,0.0,0.6931227292872543,0.6931227292872543,0.6931227292872543,0.0,3.0504674304431054,3.0504674304431054,3.0504674304431054,0.0,0.3050467430443104,0.3050467430443104,0.3050467430443104,0.0,5.0,5.0,5.0,0.0
252,100.5,72.25,116.75,44.5,100.5,72.25,116.75,44.5,2.5445670308664314,1.487483069996006,2.9629450800131636,1.4754620100171576,0.25445670308664314,0.14874830699960045,0.2962945080013164,0.14754620100171595,0.09969580677554524,0.07925504727830307,0.11652759948652117,0.037272552208218096,20.0,20.0,20.0,0.0,20.0,20.0,20.0,0.0,41.77172631117996,41.77172631117996,41.77172631117996,0.0,13.921817381185049,13.921817381185049,13.921817381185049,0.0,0.6930917778747354,0.6930917778747354,0.6930917778747354,0.0,5.004627273113905,5.004627273113905,5.004627273113905,0.0,0.5004627273113905,0.5004627273113905,0.5004627273113905,0.0,6.0,6.0,6.0,0.0
253,79.75,59.75,111.0,51.25,79.75,59.75,111.0,51.25,2.152025029195124,1.9295459553011534,2.3215517554333043,0.3920058001321509,0.2152025029195124,0.1929545955301151,0.2321551755433304,0.0392005800132153,0.09108815653367618,0.07568807339449538,0.12065331928345625,0.04496524588896088,20.0,20.0,20.0,0.0,20.0,20.0,20.0,0.0,39.728758581718495,39.728758581718495,39.728758581718495,0.0,13.993011210624704,13.993011210624704,13.993011210624704,0.0,0.6923025066041153,0.6923025066041153,0.6923025066041153,0.0,4.275628250965961,4.275628250965961,4.275628250965961,0.0,0.4275628250965958,0.4275628250965958,0.4275628250965958,0.0,5.0,5.0,5.0,0.0
254,81.75,32.75,124.5,91.75,81.75,32.75,124.5,91.75,2.539534531060318,1.7037385373871117,3.3539088237540238,1.650170286366912,0.2539534531060319,0.17037385373871114,0.33539088237540254,0.1650170286366914,0.13270651762031066,0.0846153846153846,0.17998768472906398,0.09537230011367938,20.0,20.0,20.0,0.0,20.0,20.0,20.0,0.0,39.18568250051833,39.18568250051833,39.18568250051833,0.0,13.924117410351563,13.924117410351563,13.924117410351563,0.0,0.6730116670092565,0.6730116670092565,0.6730116670092565,0.0,6.915265354367742,6.915265354367742,6.915265354367742,0.0,0.6915265354367748,0.6915265354367748,0.6915265354367748,0.0,5.0,5.0,5.0,0.0
255,38.25,21.5,45.75,24.25,38.25,21.5,45.75,24.25,3.2809312677173477,2.076103827677424,4.098967859829793,2.022864032152369,0.3280931267717344,0.2076103827677421,0.40989678598297913,0.20228640321523703,0.07940290671971703,0.0344827586206896,0.12560096153846148,0.09111820291777188,20.0,20.0,20.0,0.0,20.0,20.0,20.0,0.0,38.5598054761086,38.5598054761086,38.5598054761086,0.0,13.836154517553371,13.836154517553371,13.836154517553371,0.0,0.6754645824509031,0.6754645824509031,0.6754645824509031,0.0,6.516501113096579,6.516501113096579,6.516501113096579,0.0,0.651650111309658,0.651650111309658,0.651650111309658,0.0,5.0,5.0,5.0,0.0
256,27.5,9.75,28.75,19.0,27.5,9.75,28.75,19.0,3.3589059238793135,2.7679344478501147,4.16779724539951,1.3998627975493951,0.3358905923879313,0.2767934447850116,0.41677972453995077,0.13998627975493916,0.10780590717299576,0.07500000000000001,0.16508438818565394,0.09008438818565392,20.0,20.0,20.0,0.0,20.0,20.0,20.0,0.0,38.5598054761086,38.5598054761086,38.5598054761086,0.0,13.69836956455627,13.69836956455627,13.69836956455627,0.0,0.0,-0.0,-0.0,0.0,8.766495657418938,8.766495657418938,8.766495657418938,0.0,0.8766495657418945,0.8766495657418945,0.8766495657418945,0.0,2.0,2.0,2.0,0.0
257,57.5,24.75,76.25,51.5,57.5,24.75,76.25,51.5,2.3017134339606686,1.8782977621020491,2.6809755063574485,0.8026777442553994,0.23017134339606682,0.1878297762102049,0.26809755063574486,0.08026777442553995,0.0650366588112071,0.0,0.0986187483634459,0.0986187483634459,20.0,20.0,20.0,0.0,20.0,20.0,20.0,0.0,38.23691262356594,38.23691262356594,38.23691262356594,0.0,13.62012175743818,13.62012175743818,13.62012175743818,0.0,0.6571577614973405,0.6571577614973405,0.6571577614973405,0.0,5.133529959453675,5.133529959453675,5.133529959453675,0.0,0.5133529959453679,0.5133529959453679,0.5133529959453679,0.0,5.0,5.0,5.0,0.0
258,68.25,32.0,78.25,46.25,68.25,32.0,78.25,46.25,3.12116780842339,2.177048199877951,3.4966294006108196,1.3195812007328684,0.3121167808423387,0.21770481998779495,0.34966294006108145,0.1319581200732865,0.09758082117632674,0.07929292929292928,0.11430423509075188,0.035011305797822606,20.0,20.0,20.0,0.0,20.0,20.0,20.0,0.0,38.23691262356594,38.23691262356594,38.23691262356594,0.0,13.4890578350564,13.4890578350564,13.4890578350564,0.0,0.3046360973492381,0.3046360973492381,0.3046360973492381,0.0,8.409612086877033,8.409612086877033,8.409612086877033,0.0,0.8409612086877029,0.8409612086877029,0.8409612086877029,0.0,4.0,4.0,4.0,0.0
259,56.0,25.5,62.5,37.0,56.0,25.5,62.5,37.0,4.02802267754463,2.1916888577459113,5.7391702603561265,3.5474814026102153,0.40280226775446304,0.21916888577459107,0.5739170260356125,0.3547481402610214,0.11638182299947003,0.09583333333333333,0.13811605723370424,0.04228272390037091,22.0,22.0,22.0,0.0,22.0,22.0,22.0,0.0,38.14299139113775,38.14299139113775,38.14299139113775,0.0,12.247707966779323,12.247707966779323,12.247707966779323,0.0,0.6914160776171183,0.6914160776171183,0.6914160776171183,0.0,10.30291156640186,10.30291156640186,10.30291156640186,0.0,1.0302911566401858,1.0302911566401858,1.0302911566401858,0.0,7.0,7.0,7.0,0.0
260,28.5,11.5,36.0,24.5,28.5,11.5,36.0,24.5,2.884162928833892,2.0433295586272284,3.7285228704157554,1.685193311788527,0.28841629288338916,0.20433295586272282,0.37285228704157575,0.16851933117885293,0.11279137529137527,0.0817307692307692,0.11818181818181818,0.036451048951048975,22.0,22.0,22.0,0.0,22.0,22.0,22.0,0.0,38.14299139113775,38.14299139113775,38.14299139113775,0.0,12.1263788414839,12.1263788414839,12.1263788414839,0.0,0.5004024235381879,0.5004024235381879,0.5004024235381879,0.0,7.268305084983416,7.268305084983416,7.268305084983416,0.0,0.7268305084983416,0.7268305084983416,0.7268305084983416,0.0,3.0,3.0,3.0,0.0
261,96.75,58.0,139.25,81.25,96.75,58.0,139.25,81.25,2.5556573378991105,1.5846367409391522,3.5575362917770597,1.9728995508379075,0.2555657337899108,0.15846367409391493,0.35575362917770575,0.19728995508379082,0.1380866214281568,0.10720517179670719,0.17162162162162156,0.06441644982491437,22.0,22.0,22.0,0.0,22.0,22.0,22.0,0.0,35.46728646227254,35.46728646227254,35.46728646227254,0.0,12.187870821417414,12.187870821417414,12.187870821417414,0.0,0.6872920626194337,0.6872920626194337,0.6872920626194337,0.0,6.260264505312337,6.260264505312337,6.260264505312337,0.0,0.6260264505312338,0.6260264505312338,0.6260264505312338,0.0,7.0,7.0,7.0,0.0
262,29.5,20.25,40.75,20.5,29.5,20.25,40.75,20.5,3.897495418617397,3.267888587233087,4.88804960509598,1.620161017862893,0.3897495418617396,0.326788858723309,0.4888049605095975,0.1620161017862885,0.06745871250421298,0.0483695652173913,0.08575581395348833,0.03738624873609703,22.0,22.0,22.0,0.0,22.0,22.0,22.0,0.0,35.20775202709097,35.20775202709097,35.20775202709097,0.0,12.175054887058648,12.175054887058648,12.175054887058648,0.0,0.6928767397383337,0.6928767397383337,0.6928767397383337,0.0,6.43907119566656,6.43907119566656,6.43907119566656,0.0,0.643907119566656,0.643907119566656,0.643907119566656,0.0,8.0,8.0,8.0,0.0
263,37.5,10.5,38.5,28.0,37.5,10.5,38.5,28.0,3.2489795043521252,2.685904967860076,3.63282514227355,0.9469201744134739,0.3248979504352125,0.2685904967860077,0.3632825142273551,0.09469201744134736,0.09983307652799175,0.03813559322033895,0.17045454545454541,0.13231895223420648,22.0,22.0,22.0,0.0,22.0,22.0,22.0,0.0,35.20775202709097,35.20775202709097,35.20775202709097,0.0,12.08706517336562,12.08706517336562,12.08706517336562,0.0,0.6931471805599453,0.6931471805599453,0.6931471805599453,0.0,6.049697815483425,6.049697815483425,6.049697815483425,0.0,0.6049697815483427,0.6049697815483427,0.6049697815483427,0.0,2.0,2.0,2.0,0.0
264,74.75,45.0,88.25,43.25,74.75,45.0,88.25,43.25,2.8594969065781486,1.9460135836827535,3.627093326478968,1.6810797427962147,0.28594969065781456,0.19460135836827536,0.3627093326478964,0.16810797427962104,0.11671694892336809,0.0670824459993915,0.1430555555555555,0.07597310955616399,22.0,22.0,22.0,0.0,22.0,22.0,22.0,0.0,34.7202393009832,34.7202393009832,34.7202393009832,0.0,12.145201308920631,12.145201308920631,12.145201308920631,0.0,0.6909233093138181,0.6909233093138181,0.6909233093138181,0.0,5.016253866715535,5.016253866715535,5.016253866715535,0.0,0.5016253866715537,0.5016253866715537,0.5016253866715537,0.0,8.0,8.0,8.0,0.0
265,64.75,26.75,79.0,52.25,64.75,26.75,79.0,52.25,2.7987706363514047,1.3517285483795307,3.7329940670788613,2.3812655186993306,0.2798770636351406,0.13517285483795294,0.37329940670788614,0.2381265518699332,0.07415423055859802,0.0528125,0.09679627601314347,0.043983776013143475,22.0,22.0,22.0,0.0,22.0,22.0,22.0,0.0,34.208475617353045,34.208475617353045,34.208475617353045,0.0,12.091975979429488,12.091975979429488,12.091975979429488,0.0,0.6911927820032008,0.6911927820032008,0.6911927820032008,0.0,4.898115144453315,4.898115144453315,4.898115144453315,0.0,0.4898115144453314,0.4898115144453314,0.4898115144453314,0.0,5.0,5.0,5.0,0.0
266,82.25,40.75,130.5,89.75,82.25,40.75,130.5,89.75,2.1379276996154393,1.5968255454722633,2.8183604531348045,1.2215349076625412,0.21379276996154398,0.15968255454722616,0.2818360453134806,0.12215349076625445,0.15782334545478433,0.1081905203026092,0.17606382978723403,0.06787330948462483,22.0,22.0,22.0,0.0,22.0,22.0,22.0,0.0,33.27391996327082,33.27391996327082,33.27391996327082,0.0,12.15151520492438,12.15151520492438,12.15151520492438,0.0,0.6883336081894993,0.6883336081894993,0.6883336081894993,0.0,3.81187416361612,3.81187416361612,3.81187416361612,0.0,0.3811874163616118,0.3811874163616118,0.3811874163616118,0.0,6.0,6.0,6.0,0.0
267,64.0,27.25,77.75,50.5,64.0,27.25,77.75,50.5,3.2231050839606388,2.5111737404089456,3.9800985314016657,1.46892479099272,0.3223105083960639,0.2511173740408945,0.3980098531401665,0.146892479099272,0.14325553946634084,0.08104156296665,0.20303030303030303,0.12198874006365304,22.0,22.0,22.0,0.0,22.0,22.0,22.0,0.0,33.13397215460315,33.13397215460315,33.13397215460315,0.0,12.114880895592592,12.114880895592592,12.114880895592592,0.0,0.6704776487973955,0.6704776487973955,0.6704776487973955,0.0,6.07409694348094,6.07409694348094,6.07409694348094,0.0,0.6074096943480937,0.6074096943480937,0.6074096943480937,0.0,7.0,7.0,7.0,0.0
268,69.75,52.5,92.25,39.75,69.75,52.5,92.25,39.75,2.7764775406515154,1.966241047413951,3.0164566112605486,1.0502155638465978,0.2776477540651515,0.19662410474139505,0.30164566112605473,0.10502155638465968,0.06261613618653715,0.01807228915662645,0.0864427860696517,0.06837049691302524,22.0,22.0,22.0,0.0,22.0,22.0,22.0,0.0,32.50097486858304,32.50097486858304,32.50097486858304,0.0,12.225371747112971,12.225371747112971,12.225371747112971,0.0,0.6930745993293921,0.6930745993293921,0.6930745993293921,0.0,3.468960882471531,3.468960882471531,3.468960882471531,0.0,0.3468960882471533,0.3468960882471533,0.3468960882471533,0.0,5.0,5.0,5.0,0.0
269,99.5,84.5,130.0,45.5,99.5,84.5,130.0,45.5,2.04671520721726,1.619173264282754,2.103619092878036,0.48444582859528196,0.2046715207217259,0.16191732642827522,0.21036190928780352,0.048444582859528296,0.08949448800449197,0.07299102003223575,0.09812030075187968,0.02512928071964393,22.0,22.0,22.0,0.0,22.0,22.0,22.0,0.0,32.462981194007305,32.462981194007305,32.462981194007305,0.0,12.207316108639509,12.207316108639509,12.207316108639509,0.0,0.6829081047004717,0.6829081047004717,0.6829081047004717,0.0,5.23369307787955,5.23369307787955,5.23369307787955,0.0,0.5233693077879551,0.5233693077879551,0.5233693077879551,0.0,7.0,7.0,7.0,0.0
270,73.25,50.0,93.75,43.75,73.25,50.0,93.75,43.75,3.0034246803648754,2.0516599311031922,3.9832231696103286,1.9315632385071364,0.30034246803648745,0.20516599311031933,0.39832231696103265,0.19315632385071332,0.11838476234543649,0.10445804195804193,0.138160632542655,0.033702590584613085,22.0,22.0,22.0,0.0,22.0,22.0,22.0,0.0,31.495564440465884,31.495564440465884,31.495564440465884,0.0,12.493038491948257,12.493038491948257,12.493038491948257,0.0,0.6888543401070146,0.6888543401070146,0.6888543401070146,0.0,3.026234597502049,3.026234597502049,3.026234597502049,0.0,0.3026234597502049,0.3026234597502049,0.3026234597502049,0.0,7.0,7.0,7.0,0.0
271,62.25,34.0,93.25,59.25,62.25,34.0,93.25,59.25,2.754804319453715,1.8094781631718988,3.3745340391499656,1.5650558759780668,0.2754804319453712,0.18094781631718995,0.33745340391499623,0.15650558759780628,0.0882580722030263,0.06818181818181818,0.12516382699868933,0.056982008816871155,22.0,22.0,22.0,0.0,22.0,22.0,22.0,0.0,31.239823776377992,31.239823776377992,31.239823776377992,0.0,12.525953255596304,12.525953255596304,12.525953255596304,0.0,0.6886051523183013,0.6886051523183013,0.6886051523183013,0.0,4.2303291560151175,4.2303291560151175,4.2303291560151175,0.0,0.4230329156015119,0.4230329156015119,0.4230329156015119,0.0,7.0,7.0,7.0,0.0
272,48.5,33.25,58.75,25.5,48.5,33.25,58.75,25.5,3.1415935266362256,2.172496504531494,4.233151900543095,2.0606553960116005,0.31415935266362227,0.21724965045314934,0.42331519005430907,0.20606553960115973,0.14593887680248382,0.12490570781996477,0.16413043478260864,0.03922472696264387,22.0,22.0,22.0,0.0,22.0,22.0,22.0,0.0,31.332992737707134,31.332992737707134,31.332992737707134,0.0,12.75382826340648,12.75382826340648,12.75382826340648,0.0,0.6841393377231006,0.6841393377231006,0.6841393377231006,0.0,2.432310922506813,2.432310922506813,2.432310922506813,0.0,0.2432310922506813,0.2432310922506813,0.2432310922506813,0.0,6.0,6.0,6.0,0.0
273,28.75,22.0,39.25,17.25,28.75,22.0,39.25,17.25,2.988071626050623,2.3423428264466093,3.313352943263662,0.9710101168170526,0.2988071626050621,0.2342342826446609,0.3313352943263662,0.09710101168170532,0.10128205128205128,0.09423076923076923,0.10705128205128206,0.01282051282051283,22.0,22.0,22.0,0.0,22.0,22.0,22.0,0.0,31.50278171639081,31.50278171639081,31.50278171639081,0.0,12.749466403374226,12.749466403374226,12.749466403374226,0.0,0.6918966592050799,0.6918966592050799,0.6918966592050799,0.0,3.0704899310155107,3.0704899310155107,3.0704899310155107,0.0,0.3070489931015513,0.3070489931015513,0.3070489931015513,0.0,6.0,6.0,6.0,0.0
274,135.75,112.25,156.0,43.75,135.75,112.25,156.0,43.75,1.522639351874828,1.1932718970610197,1.8726518065608462,0.6793799094998265,0.15226393518748274,0.1193271897061019,0.1872651806560845,0.0679379909499826,0.10347984537819503,0.0767176372015081,0.12678628135916156,0.05006864415765347,22.0,22.0,22.0,0.0,22.0,22.0,22.0,0.0,30.69321283248168,30.69321283248168,30.69321283248168,0.0,13.068607711298393,13.068607711298393,13.068607711298393,0.0,0.6884572217893625,0.6884572217893625,0.6884572217893625,0.0,2.58949792412889,2.58949792412889,2.58949792412889,0.0,0.2589497924128891,0.2589497924128891,0.2589497924128891,0.0,6.0,6.0,6.0,0.0
275,83.5,20.5,124.0,103.5,83.5,20.5,124.0,103.5,2.5920666561711383,1.4101109378347882,3.486204473205099,2.076093535370311,0.25920666561711386,0.1410110937834789,0.3486204473205101,0.20760935353703122,0.08406285781639386,0.048681972789115624,0.11089108910891088,0.062209116319795255,22.0,22.0,22.0,0.0,22.0,22.0,22.0,0.0,30.646661511616223,30.646661511616223,30.646661511616223,0.0,13.023384169096072,13.023384169096072,13.023384169096072,0.0,0.6896709283570267,0.6896709283570267,0.6896709283570267,0.0,4.944378607440755,4.944378607440755,4.944378607440755,0.0,0.4944378607440752,0.4944378607440752,0.4944378607440752,0.0,5.0,5.0,5.0,0.0
276,87.25,58.75,110.5,51.75,87.25,58.75,110.5,51.75,2.611095189402005,1.8058244006189854,3.0100345094396737,1.2042101088206882,0.26110951894020057,0.18058244006189852,0.3010034509439674,0.12042101088206889,0.09237827715355802,0.08404494382022468,0.10500000000000001,0.020955056179775333,22.0,22.0,22.0,0.0,22.0,22.0,22.0,0.0,30.65769393620512,30.65769393620512,30.65769393620512,0.0,13.236539387350206,13.236539387350206,13.236539387350206,0.0,0.6854896902887295,0.6854896902887295,0.6854896902887295,0.0,3.3885005471755947,3.3885005471755947,3.3885005471755947,0.0,0.3388500547175596,0.3388500547175596,0.3388500547175596,0.0,6.0,6.0,6.0,0.0
277,102.75,43.0,132.25,89.25,102.75,43.0,132.25,89.25,2.2463641136977492,1.3899821961107066,2.5656752123520494,1.1756930162413428,0.2246364113697748,0.13899821961107062,0.2565675212352049,0.11756930162413426,0.10991438192491812,0.07537208366854377,0.13050742574257423,0.055135342074030466,22.0,22.0,22.0,0.0,22.0,22.0,22.0,0.0,30.65769393620512,30.65769393620512,30.65769393620512,0.0,13.47530911826492,13.47530911826492,13.47530911826492,0.0,0.6907435287735013,0.6907435287735013,0.6907435287735013,0.0,2.221728925767631,2.221728925767631,2.221728925767631,0.0,0.2221728925767629,0.2221728925767629,0.2221728925767629,0.0,5.0,5.0,5.0,0.0
278,97.0,83.0,125.0,42.0,97.0,83.0,125.0,42.0,2.0074447043931487,1.816046072320795,2.273685255299614,0.4576391829788189,0.20074447043931481,0.18160460723207952,0.22736852552996142,0.0457639182978819,0.06484820291656557,0.0541735197368421,0.07373271889400917,0.019559199157167077,22.0,22.0,22.0,0.0,22.0,22.0,22.0,0.0,30.698665491330857,30.698665491330857,30.698665491330857,0.0,13.675071493461736,13.675071493461736,13.675071493461736,0.0,0.6856314566031323,0.6856314566031323,0.6856314566031323,0.0,2.260573861640434,2.260573861640434,2.260573861640434,0.0,0.2260573861640435,0.2260573861640435,0.2260573861640435,0.0,5.0,5.0,5.0,0.0
279,93.25,38.5,128.25,89.75,93.25,38.5,128.25,89.75,2.1204056913521807,1.5618172333237177,2.3954846735677036,0.8336674402439859,0.212040569135218,0.1561817233323718,0.23954846735677016,0.08336674402439836,0.1117339867339867,0.1003118503118503,0.13029100529100524,0.02997915497915493,22.0,22.0,22.0,0.0,22.0,22.0,22.0,0.0,33.62622965709244,33.62622965709244,33.62622965709244,0.0,14.135304962689906,14.135304962689906,14.135304962689906,0.0,0.6931331831261411,0.6931331831261411,0.6931331831261411,0.0,2.28634476813626,2.28634476813626,2.28634476813626,0.0,0.2286344768136259,0.2286344768136259,0.2286344768136259,0.0,4.0,4.0,4.0,0.0
280,64.0,34.25,76.25,42.0,64.0,34.25,76.25,42.0,2.9382045782150694,2.647034227709312,3.491401692609677,0.844367464900365,0.2938204578215071,0.2647034227709313,0.349140169260968,0.08443674649003674,0.09176936324769139,0.07805023923444974,0.11799719887955179,0.039946959645102045,22.0,22.0,22.0,0.0,22.0,22.0,22.0,0.0,36.21082548206244,36.21082548206244,36.21082548206244,0.0,14.44273455414256,14.44273455414256,14.44273455414256,0.0,0.6930606129649808,0.6930606129649808,0.6930606129649808,0.0,2.620002047224235,2.620002047224235,2.620002047224235,0.0,0.2620002047224236,0.2620002047224236,0.2620002047224236,0.0,5.0,5.0,5.0,0.0
281,81.5,45.75,115.75,70.0,81.5,45.75,115.75,70.0,2.252274604131703,1.5443795527270576,2.370339336396136,0.8259597836690782,0.22522746041317016,0.15443795527270573,0.23703393363961325,0.08259597836690752,0.06202707347964298,0.046352583586626125,0.0660326862689123,0.019680102682286177,23.0,23.0,23.0,0.0,23.0,23.0,23.0,0.0,36.33704147574513,36.33704147574513,36.33704147574513,0.0,14.037591647083412,14.037591647083412,14.037591647083412,0.0,0.6919760677529896,0.6919760677529896,0.6919760677529896,0.0,2.4962757812923537,2.4962757812923537,2.4962757812923537,0.0,0.2496275781292355,0.2496275781292355,0.2496275781292355,0.0,6.0,6.0,6.0,0.0
282,39.5,12.0,54.5,42.5,39.5,12.0,54.5,42.5,3.3112564844599772,2.213619833668602,4.465028903666459,2.251409069997857,0.33112564844599784,0.2213619833668602,0.44650289036664637,0.22514090699978617,0.09865266668861017,0.08504492939666235,0.12179487179487178,0.03674994239820943,23.0,23.0,23.0,0.0,23.0,23.0,23.0,0.0,35.754137661725565,35.754137661725565,35.754137661725565,0.0,14.185874616016468,14.185874616016468,14.185874616016468,0.0,0.6864285191146048,0.6864285191146048,0.6864285191146048,0.0,3.967078058189383,3.967078058189383,3.967078058189383,0.0,0.3967078058189383,0.3967078058189383,0.3967078058189383,0.0,4.0,4.0,4.0,0.0
283,47.0,28.5,59.0,30.5,47.0,28.5,59.0,30.5,2.874220209856891,1.7977506808681687,3.71207374455364,1.9143230636854711,0.28742202098568886,0.17977506808681665,0.37120737445536367,0.19143230636854702,0.06535541752933055,0.04829192546583848,0.08134920634920632,0.033057280883367846,23.0,23.0,23.0,0.0,23.0,23.0,23.0,0.0,35.754137661725565,35.754137661725565,35.754137661725565,0.0,14.166587508472908,14.166587508472908,14.166587508472908,0.0,0.6829081047004717,0.6829081047004717,0.6829081047004717,0.0,3.6075432106961536,3.6075432106961536,3.6075432106961536,0.0,0.3607543210696153,0.3607543210696153,0.3607543210696153,0.0,4.0,4.0,4.0,0.0
284,35.5,20.5,45.5,25.0,35.5,20.5,45.5,25.0,2.5132832587903824,1.897054476282061,2.6340736245095036,0.7370191482274426,0.2513283258790384,0.1897054476282064,0.26340736245095053,0.07370191482274413,0.05843167110772742,0.0,0.10772744575561471,0.10772744575561471,23.0,23.0,23.0,0.0,23.0,23.0,23.0,0.0,35.754137661725565,35.754137661725565,35.754137661725565,0.0,14.109039110644698,14.109039110644698,14.109039110644698,0.0,0.6791932659915256,0.6791932659915256,0.6791932659915256,0.0,4.107250958944768,4.107250958944768,4.107250958944768,0.0,0.4107250958944766,0.4107250958944766,0.4107250958944766,0.0,3.0,3.0,3.0,0.0
285,123.25,81.25,173.0,91.75,123.25,81.25,173.0,91.75,2.5091597962058962,1.7694444506476832,2.7321131870838262,0.962668736436143,0.2509159796205895,0.17694444506476817,0.27321131870838267,0.0962668736436145,0.06503292806484293,0.04787234042553188,0.09669452887537991,0.04882218844984803,23.0,23.0,23.0,0.0,23.0,23.0,23.0,0.0,34.312026481238306,34.312026481238306,34.312026481238306,0.0,14.487698148240618,14.487698148240618,14.487698148240618,0.0,0.6925092898114951,0.6925092898114951,0.6925092898114951,0.0,2.891720265217019,2.891720265217019,2.891720265217019,0.0,0.289172026521702,0.289172026521702,0.289172026521702,0.0,7.0,7.0,7.0,0.0
286,47.0,13.0,62.0,49.0,47.0,13.0,62.0,49.0,2.837062745175735,1.653107380076929,3.8015622120414045,2.1484548319644756,0.2837062745175735,0.1653107380076927,0.3801562212041409,0.2148454831964482,0.08735362997658078,0.0714285714285714,0.10163934426229508,0.030210772833723684,23.0,23.0,23.0,0.0,23.0,23.0,23.0,0.0,34.312026481238306,34.312026481238306,34.312026481238306,0.0,14.375776337564943,14.375776337564943,14.375776337564943,0.0,0.5004024235381879,0.5004024235381879,0.5004024235381879,0.0,5.927384597166137,5.927384597166137,5.927384597166137,0.0,0.5927384597166132,0.5927384597166132,0.5927384597166132,0.0,3.0,3.0,3.0,0.0
287,64.25,28.5,77.75,49.25,64.25,28.5,77.75,49.25,2.230993684044649,1.6246799043260578,2.9168286028796087,1.2921486985535509,0.22309936840446487,0.1624679904326058,0.29168286028796103,0.12921486985535524,0.06874378573204071,0.039583333333333276,0.09629008202833697,0.056706748695003695,23.0,23.0,23.0,0.0,23.0,23.0,23.0,0.0,35.101744416885246,35.101744416885246,35.101744416885246,0.0,14.677404332778464,14.677404332778464,14.677404332778464,0.0,0.6920432203634352,0.6920432203634352,0.6920432203634352,0.0,2.013395048390813,2.013395048390813,2.013395048390813,0.0,0.2013395048390816,0.2013395048390816,0.2013395048390816,0.0,7.0,7.0,7.0,0.0
288,76.5,41.25,101.25,60.0,76.5,41.25,101.25,60.0,2.399696133828276,1.455868044729479,3.040655706242612,1.584787661513133,0.2399696133828276,0.14558680447294783,0.30406557062426104,0.1584787661513132,0.07693355119825705,0.07230392156862743,0.08950617283950613,0.017202251270878696,23.0,23.0,23.0,0.0,23.0,23.0,23.0,0.0,37.67546317843199,37.67546317843199,37.67546317843199,0.0,14.99250117658747,14.99250117658747,14.99250117658747,0.0,0.6930709707288083,0.6930709707288083,0.6930709707288083,0.0,2.0136125737816646,2.0136125737816646,2.0136125737816646,0.0,0.2013612573781667,0.2013612573781667,0.2013612573781667,0.0,6.0,6.0,6.0,0.0
289,99.25,50.25,147.0,96.75,99.25,50.25,147.0,96.75,2.034139677561989,1.278138741347227,2.2467956673877922,0.9686569260405653,0.2034139677561988,0.12781387413472264,0.2246795667387792,0.09686569260405656,0.08582270795385546,0.07443837279902844,0.10154826958105645,0.027109896782028006,23.0,23.0,23.0,0.0,23.0,23.0,23.0,0.0,39.82923375140484,39.82923375140484,39.82923375140484,0.0,15.32780040602119,15.32780040602119,15.32780040602119,0.0,0.6931322502100272,0.6931322502100272,0.6931322502100272,0.0,2.6721411397337507,2.6721411397337507,2.6721411397337507,0.0,0.2672141139733749,0.2672141139733749,0.2672141139733749,0.0,5.0,5.0,5.0,0.0
290,82.75,57.0,103.25,46.25,82.75,57.0,103.25,46.25,2.621144347228839,2.211835197399535,3.0117402114075924,0.7999050140080572,0.2621144347228839,0.22118351973995332,0.3011740211407593,0.07999050140080599,0.06944137387418897,0.050468164794007425,0.08815898713158984,0.03769082233758242,23.0,23.0,23.0,0.0,23.0,23.0,23.0,0.0,37.506970775570494,37.506970775570494,37.506970775570494,0.0,15.4538276712925,15.4538276712925,15.4538276712925,0.0,0.6824410737934514,0.6824410737934514,0.6824410737934514,0.0,3.292990833178583,3.292990833178583,3.292990833178583,0.0,0.3292990833178581,0.3292990833178581,0.3292990833178581,0.0,6.0,6.0,6.0,0.0
291,89.25,55.25,127.0,71.75,89.25,55.25,127.0,71.75,1.9636480014834086,1.2182741975035658,2.133177310443778,0.9149031129402123,0.1963648001483408,0.12182741975035644,0.21331773104437782,0.09149031129402138,0.09121470245406457,0.07050304878048774,0.10046248715313458,0.029959438372646835,23.0,23.0,23.0,0.0,23.0,23.0,23.0,0.0,38.69186043284921,38.69186043284921,38.69186043284921,0.0,15.666661529924252,15.666661529924252,15.666661529924252,0.0,0.691526898828444,0.691526898828444,0.691526898828444,0.0,2.3555584708847115,2.3555584708847115,2.3555584708847115,0.0,0.235555847088471,0.235555847088471,0.235555847088471,0.0,6.0,6.0,6.0,0.0
292,27.75,10.75,28.0,17.25,27.75,10.75,28.0,17.25,3.398053130708759,2.99201779803013,4.217552336639027,1.2255345386088972,0.33980531307087575,0.29920177980301316,0.4217552336639025,0.12255345386088934,0.16216915995397008,0.08716915995397007,0.21136363636363634,0.12419447640966627,23.0,23.0,23.0,0.0,23.0,23.0,23.0,0.0,38.69186043284921,38.69186043284921,38.69186043284921,0.0,15.534978810452444,15.534978810452444,15.534978810452444,0.0,0.5004024235381879,0.5004024235381879,0.5004024235381879,0.0,6.63846382777763,6.63846382777763,6.63846382777763,0.0,0.663846382777763,0.663846382777763,0.663846382777763,0.0,2.0,2.0,2.0,0.0
293,37.5,11.0,40.0,29.0,37.5,11.0,40.0,29.0,3.1814572180247813,2.4001027620611444,4.21946558725948,1.8193628251983354,0.3181457218024783,0.24001027620611476,0.42194655872594805,0.1819362825198333,0.07893668831168829,0.046875,0.09902597402597399,0.05215097402597399,23.0,23.0,23.0,0.0,23.0,23.0,23.0,0.0,38.43903484038939,38.43903484038939,38.43903484038939,0.0,15.788492958559674,15.788492958559674,15.788492958559674,0.0,0.6917115444317026,0.6917115444317026,0.6917115444317026,0.0,2.669171244940864,2.669171244940864,2.669171244940864,0.0,0.2669171244940863,0.2669171244940863,0.2669171244940863,0.0,8.0,8.0,8.0,0.0
294,16.75,10.75,17.5,6.75,16.75,10.75,17.5,6.75,3.5840874023854425,3.4106102933588445,4.079282814380552,0.6686725210217079,0.3584087402385445,0.34106102933588445,0.4079282814380556,0.06686725210217115,0.14797237076648842,0.08901515151515149,0.16323529411764703,0.07422014260249554,23.0,23.0,23.0,0.0,23.0,23.0,23.0,0.0,38.43903484038939,38.43903484038939,38.43903484038939,0.0,15.69728131042781,15.69728131042781,15.69728131042781,0.0,0.5859526183035508,0.5859526183035508,0.5859526183035508,0.0,6.430137196244514,6.430137196244514,6.430137196244514,0.0,0.6430137196244508,0.6430137196244508,0.6430137196244508,0.0,4.0,4.0,4.0,0.0
295,108.25,84.0,139.75,55.75,108.25,84.0,139.75,55.75,1.9562206760769274,1.282270122070523,2.0932606728284364,0.8109905507579134,0.19562206760769266,0.12822701220705235,0.20932606728284348,0.08109905507579113,0.11000183931238348,0.09298561151079135,0.13039650949173298,0.03741089798094163,23.0,23.0,23.0,0.0,23.0,23.0,23.0,0.0,39.96002642891159,39.96002642891159,39.96002642891159,0.0,15.928682666303928,15.928682666303928,15.928682666303928,0.0,0.6930479906110416,0.6930479906110416,0.6930479906110416,0.0,2.95043503385058,2.95043503385058,2.95043503385058,0.0,0.2950435033850577,0.2950435033850577,0.2950435033850577,0.0,5.0,5.0,5.0,0.0
296,68.0,43.5,74.0,30.5,68.0,43.5,74.0,30.5,2.946018227134455,2.723067203461707,3.3011667034952454,0.5780995000335385,0.29460182271344526,0.2723067203461703,0.3301166703495243,0.05780995000335398,0.08557755857374173,0.06304112554112547,0.1062456627342123,0.04320453719308684,23.0,23.0,23.0,0.0,23.0,23.0,23.0,0.0,37.45061326050707,37.45061326050707,37.45061326050707,0.0,15.975579650339006,15.975579650339006,15.975579650339006,0.0,0.6916588387203568,0.6916588387203568,0.6916588387203568,0.0,5.311502204022378,5.311502204022378,5.311502204022378,0.0,0.5311502204022377,0.5311502204022377,0.5311502204022377,0.0,8.0,8.0,8.0,0.0
297,103.5,73.5,133.5,60.0,103.5,73.5,133.5,60.0,1.716814416944733,1.3410460024905853,2.1170659968924848,0.7760199944018995,0.1716814416944732,0.1341046002490584,0.21170659968924824,0.07760199944018983,0.09498279498279492,0.08730158730158728,0.12477522477522471,0.037473637473637425,23.0,23.0,23.0,0.0,23.0,23.0,23.0,0.0,37.7446534613066,37.7446534613066,37.7446534613066,0.0,16.058224304237733,16.058224304237733,16.058224304237733,0.0,0.6890092384766586,0.6890092384766586,0.6890092384766586,0.0,3.549595728380784,3.549595728380784,3.549595728380784,0.0,0.3549595728380786,0.3549595728380786,0.3549595728380786,0.0,6.0,6.0,6.0,0.0
298,75.0,45.75,111.25,65.5,75.0,45.75,111.25,65.5,2.380422946833515,1.718345107820753,2.563949483525009,0.845604375704256,0.2380422946833515,0.17183451078207526,0.25639494835250076,0.0845604375704255,0.10107388043518499,0.07990237691001695,0.11176012461059184,0.031857747700574895,23.0,23.0,23.0,0.0,23.0,23.0,23.0,0.0,38.88942189065647,38.88942189065647,38.88942189065647,0.0,16.230850616871948,16.230850616871948,16.230850616871948,0.0,0.6910057266303486,0.6910057266303486,0.6910057266303486,0.0,3.3756740002551235,3.3756740002551235,3.3756740002551235,0.0,0.3375674000255121,0.3375674000255121,0.3375674000255121,0.0,7.0,7.0,7.0,0.0
299,42.75,22.5,67.25,44.75,42.75,22.5,67.25,44.75,2.736580738853666,1.9098376503463963,2.998587951153649,1.0887503008072525,0.2736580738853663,0.1909837650346396,0.2998587951153647,0.10887503008072508,0.06313001983546317,0.03308823529411763,0.0891376451077943,0.056049409813676676,23.0,23.0,23.0,0.0,23.0,23.0,23.0,0.0,37.365911153520855,37.365911153520855,37.365911153520855,0.0,16.26818974824987,16.26818974824987,16.26818974824987,0.0,0.6927145922272342,0.6927145922272342,0.6927145922272342,0.0,4.0994657166777,4.0994657166777,4.0994657166777,0.0,0.40994657166777,0.40994657166777,0.40994657166777,0.0,6.0,6.0,6.0,0.0
300,82.25,30.0,103.75,73.75,82.25,30.0,103.75,73.75,2.3435151889363253,1.83439279509536,2.8837491512535727,1.0493563561582127,0.2343515188936326,0.183439279509536,0.2883749151253573,0.10493563561582128,0.0840916503587736,0.0666666666666666,0.09870352250489235,0.032036855838225756,23.0,23.0,23.0,0.0,23.0,23.0,23.0,0.0,37.4616615948346,37.4616615948346,37.4616615948346,0.0,16.33530209432229,16.33530209432229,16.33530209432229,0.0,0.6855278846488313,0.6855278846488313,0.6855278846488313,0.0,4.215304114654489,4.215304114654489,4.215304114654489,0.0,0.421530411465449,0.421530411465449,0.421530411465449,0.0,6.0,6.0,6.0,0.0
301,46.25,38.0,54.25,16.25,46.25,38.0,54.25,16.25,2.5679974734832616,2.0027585938429757,3.222515616055828,1.2197570222128524,0.256799747348326,0.20027585938429748,0.3222515616055825,0.12197570222128501,0.1514300158890654,0.10863787375415278,0.17236024844720493,0.06372237469305216,23.0,23.0,23.0,0.0,23.0,23.0,23.0,0.0,37.57833000063533,37.57833000063533,37.57833000063533,0.0,16.307197657122597,16.307197657122597,16.307197657122597,0.0,0.6928767397383337,0.6928767397383337,0.6928767397383337,0.0,3.593341848326244,3.593341848326244,3.593341848326244,0.0,0.3593341848326246,0.3593341848326246,0.3593341848326246,0.0,5.0,5.0,5.0,0.0
302,110.25,68.75,152.5,83.75,110.25,68.75,152.5,83.75,1.8930843435747577,1.6885556463000349,2.182696022775278,0.4941403764752432,0.18930843435747574,0.16885556463000348,0.21826960227752773,0.04941403764752425,0.07899021919130163,0.058180894308943056,0.10890233362143467,0.050721439312491616,23.0,23.0,23.0,0.0,23.0,23.0,23.0,0.0,37.438359005885125,37.438359005885125,37.438359005885125,0.0,16.38593285392522,16.38593285392522,16.38593285392522,0.0,0.6878782224978909,0.6878782224978909,0.6878782224978909,0.0,4.295613064642085,4.295613064642085,4.295613064642085,0.0,0.4295613064642087,0.4295613064642087,0.4295613064642087,0.0,8.0,8.0,8.0,0.0
303,32.5,24.75,37.75,13.0,32.5,24.75,37.75,13.0,2.4151709425245684,2.022955406554685,2.566514978417718,0.543559571863033,0.2415170942524566,0.20229554065546831,0.25665149784177166,0.054355957186303344,0.12790113871635608,0.0961309523809523,0.16891304347826086,0.07278209109730856,23.0,23.0,23.0,0.0,23.0,23.0,23.0,0.0,37.175816211714086,37.175816211714086,37.175816211714086,0.0,16.330349239209095,16.330349239209095,16.330349239209095,0.0,0.6894691997751603,0.6894691997751603,0.6894691997751603,0.0,5.459262013672929,5.459262013672929,5.459262013672929,0.0,0.5459262013672931,0.5459262013672931,0.5459262013672931,0.0,7.0,7.0,7.0,0.0
304,64.25,37.25,99.0,61.75,64.25,37.25,99.0,61.75,2.6294918878546305,1.7844809036093603,3.1419564246683587,1.3574755210589984,0.26294918878546314,0.1784480903609361,0.314195642466836,0.13574755210589992,0.14582132150952065,0.1055604299188418,0.15535714285714286,0.049796712938301055,23.0,23.0,23.0,0.0,23.0,23.0,23.0,0.0,37.175816211714086,37.175816211714086,37.175816211714086,0.0,16.211349675934915,16.211349675934915,16.211349675934915,0.0,0.0,-0.0,-0.0,0.0,6.568482950589145,6.568482950589145,6.568482950589145,0.0,0.6568482950589144,0.6568482950589144,0.6568482950589144,0.0,2.0,2.0,2.0,0.0
305,62.25,31.25,85.0,53.75,62.25,31.25,85.0,53.75,2.1520707273853477,1.8677361652508448,2.473471029644598,0.605734864393753,0.21520707273853457,0.18677361652508462,0.2473471029644594,0.06057348643937477,0.08027004472387862,0.059536637931034475,0.0998590225563909,0.04032238462535642,23.0,23.0,23.0,0.0,23.0,23.0,23.0,0.0,35.83363359855439,35.83363359855439,35.83363359855439,0.0,16.447978014843397,16.447978014843397,16.447978014843397,0.0,0.6905939864775922,0.6905939864775922,0.6905939864775922,0.0,2.7839799307766198,2.7839799307766198,2.7839799307766198,0.0,0.2783979930776619,0.2783979930776619,0.2783979930776619,0.0,7.0,7.0,7.0,0.0
306,31.0,26.5,35.0,8.5,31.0,26.5,35.0,8.5,3.442361813275633,3.2179193635145,3.7900641480872608,0.5721447845727607,0.3442361813275633,0.32179193635144987,0.37900641480872616,0.057214478457276285,0.09187134502923974,0.03,0.13450292397660815,0.10450292397660815,23.0,23.0,23.0,0.0,23.0,23.0,23.0,0.0,35.32627168213101,35.32627168213101,35.32627168213101,0.0,16.438985335936582,16.438985335936582,16.438985335936582,0.0,0.6875967375909238,0.6875967375909238,0.6875967375909238,0.0,5.139515056086855,5.139515056086855,5.139515056086855,0.0,0.5139515056086854,0.5139515056086854,0.5139515056086854,0.0,7.0,7.0,7.0,0.0
307,80.0,43.75,117.25,73.5,80.0,43.75,117.25,73.5,2.3775609248125953,1.3839868980447054,2.9757962179958404,1.591809319951135,0.2377560924812594,0.13839868980447043,0.29757962179958414,0.1591809319951137,0.08103027624055657,0.040909090909090874,0.1180695882798686,0.07716049737077774,23.0,23.0,23.0,0.0,23.0,23.0,23.0,0.0,35.32627168213101,35.32627168213101,35.32627168213101,0.0,16.3371423428774,16.3371423428774,16.3371423428774,0.0,0.5004024235381879,0.5004024235381879,0.5004024235381879,0.0,5.971701035760208,5.971701035760208,5.971701035760208,0.0,0.5971701035760213,0.5971701035760213,0.5971701035760213,0.0,4.0,4.0,4.0,0.0
308,34.25,25.5,42.75,17.25,34.25,25.5,42.75,17.25,2.983628739078342,2.075361445363773,3.4178520798637093,1.3424906344999363,0.2983628739078344,0.20753614453637742,0.3417852079863709,0.1342490634499935,0.1084532112757919,0.06249999999999997,0.16826503923278113,0.10576503923278116,23.0,23.0,23.0,0.0,23.0,23.0,23.0,0.0,35.27939462106754,35.27939462106754,35.27939462106754,0.0,16.3868795213834,16.3868795213834,16.3868795213834,0.0,0.6909233093138181,0.6909233093138181,0.6909233093138181,0.0,3.939821340666733,3.939821340666733,3.939821340666733,0.0,0.3939821340666732,0.3939821340666732,0.3939821340666732,0.0,8.0,8.0,8.0,0.0
309,40.25,35.5,50.75,15.25,40.25,35.5,50.75,15.25,3.3635822031990985,2.358908815849877,3.853133948587049,1.494225132737172,0.33635822031991003,0.23589088158498767,0.3853133948587051,0.14942251327371742,0.1073366076014381,0.07627118644067797,0.15482954545454541,0.07855835901386744,23.0,23.0,23.0,0.0,23.0,23.0,23.0,0.0,35.319117917214044,35.319117917214044,35.319117917214044,0.0,16.4449649220175,16.4449649220175,16.4449649220175,0.0,0.6895519477750731,0.6895519477750731,0.6895519477750731,0.0,2.9566517023202263,2.9566517023202263,2.9566517023202263,0.0,0.2956651702320229,0.2956651702320229,0.2956651702320229,0.0,6.0,6.0,6.0,0.0
310,30.0,12.75,38.75,26.0,30.0,12.75,38.75,26.0,3.312787642770313,2.0313400916441533,4.741383407071905,2.7100433154277517,0.3312787642770314,0.2031340091644151,0.47413834070719085,0.27100433154277576,0.05845729096236192,0.0258620689655172,0.09395424836601302,0.06809217940049582,23.0,23.0,23.0,0.0,23.0,23.0,23.0,0.0,35.016149544839514,35.016149544839514,35.016149544839514,0.0,16.386637721413617,16.386637721413617,16.386637721413617,0.0,0.6877868229921127,0.6877868229921127,0.6877868229921127,0.0,3.795533297218082,3.795533297218082,3.795533297218082,0.0,0.3795533297218082,0.3795533297218082,0.3795533297218082,0.0,4.0,4.0,4.0,0.0
311,74.5,33.5,85.0,51.5,74.5,33.5,85.0,51.5,2.0061949216995822,1.4201706212805907,2.6862599476398894,1.2660893263592987,0.20061949216995817,0.14201706212805898,0.2686259947639889,0.12660893263592993,0.09548103817054915,0.06722465789823297,0.10534213685474182,0.038117478956508855,23.0,23.0,23.0,0.0,23.0,23.0,23.0,0.0,35.016149544839514,35.016149544839514,35.016149544839514,0.0,16.303578198853124,16.303578198853124,16.303578198853124,0.0,0.605797499372304,0.605797499372304,0.605797499372304,0.0,4.607307599106078,4.607307599106078,4.607307599106078,0.0,0.4607307599106077,0.4607307599106077,0.4607307599106077,0.0,4.0,4.0,4.0,0.0
312,56.25,16.0,72.75,56.75,56.25,16.0,72.75,56.75,2.5136062631910985,1.9011175126631885,3.199266092838009,1.2981485801748205,0.2513606263191098,0.1901117512663188,0.3199266092838007,0.12981485801748188,0.06540189125295506,0.04787234042553188,0.09277777777777772,0.04490543735224584,23.0,23.0,23.0,0.0,23.0,23.0,23.0,0.0,35.016149544839514,35.016149544839514,35.016149544839514,0.0,16.184292830976457,16.184292830976457,16.184292830976457,0.0,0.5004024235381879,0.5004024235381879,0.5004024235381879,0.0,5.490315558233842,5.490315558233842,5.490315558233842,0.0,0.5490315558233839,0.5490315558233839,0.5490315558233839,0.0,3.0,3.0,3.0,0.0
313,73.25,32.75,93.0,60.25,73.25,32.75,93.0,60.25,3.0980098135333343,2.1891228573405064,3.4586084600589926,1.2694856027184862,0.3098009813533336,0.21891228573405072,0.3458608460058995,0.12694856027184878,0.10756477821695207,0.07752525252525247,0.1376811594202898,0.06015590689503733,23.0,23.0,23.0,0.0,23.0,23.0,23.0,0.0,34.293253383565286,34.293253383565286,34.293253383565286,0.0,16.256259328784086,16.256259328784086,16.256259328784086,0.0,0.6922017029622767,0.6922017029622767,0.6922017029622767,0.0,3.596928968936118,3.596928968936118,3.596928968936118,0.0,0.359692896893612,0.359692896893612,0.359692896893612,0.0,5.0,5.0,5.0,0.0
314,86.25,47.25,135.0,87.75,86.25,47.25,135.0,87.75,2.097497785077405,1.3487647753180125,2.466007042087028,1.1172422667690154,0.2097497785077405,0.13487647753180135,0.2466007042087027,0.11172422667690135,0.09289772727272722,0.07348484848484843,0.11284722222222221,0.03936237373737378,23.0,23.0,23.0,0.0,23.0,23.0,23.0,0.0,36.90895978418603,36.90895978418603,36.90895978418603,0.0,16.48763669600815,16.48763669600815,16.48763669600815,0.0,0.6931471805599453,0.6931471805599453,0.6931471805599453,0.0,2.756655676506863,2.756655676506863,2.756655676506863,0.0,0.2756655676506864,0.2756655676506864,0.2756655676506864,0.0,5.0,5.0,5.0,0.0
315,76.25,45.5,105.25,59.75,76.25,45.5,105.25,59.75,2.022533542882712,1.7153735979593745,2.334261449072219,0.6188878511128446,0.20225335428827118,0.17153735979593734,0.23342614490722208,0.06188878511128473,0.07522014467280802,0.05921052631578945,0.10209347205907027,0.04288294574328082,23.0,23.0,23.0,0.0,23.0,23.0,23.0,0.0,35.00739242924979,35.00739242924979,35.00739242924979,0.0,16.449437906245482,16.449437906245482,16.449437906245482,0.0,0.6931471805599453,0.6931471805599453,0.6931471805599453,0.0,4.87261503924083,4.87261503924083,4.87261503924083,0.0,0.4872615039240829,0.4872615039240829,0.4872615039240829,0.0,7.0,7.0,7.0,0.0
316,34.25,27.25,47.0,19.75,34.25,27.25,47.0,19.75,2.702623337077301,2.108778647988335,3.197134092258376,1.0883554442700412,0.27026233370773006,0.2108778647988336,0.3197134092258376,0.10883554442700397,0.15849451966473244,0.11218568665377175,0.1707446808510638,0.05855899419729206,23.0,23.0,23.0,0.0,23.0,23.0,23.0,0.0,34.88934848746324,34.88934848746324,34.88934848746324,0.0,16.433736864192184,16.433736864192184,16.433736864192184,0.0,0.6820148175994905,0.6820148175994905,0.6820148175994905,0.0,3.4947468930650603,3.4947468930650603,3.4947468930650603,0.0,0.3494746893065058,0.3494746893065058,0.3494746893065058,0.0,5.0,5.0,5.0,0.0
317,56.0,38.75,66.25,27.5,56.0,38.75,66.25,27.5,1.9704498115141353,1.6874697220645816,2.117905794994468,0.4304360729298864,0.19704498115141358,0.16874697220645807,0.21179057949944685,0.043043607292988784,0.08491846589098588,0.0556469298245614,0.10839387649195638,0.052746946667394976,23.0,23.0,23.0,0.0,23.0,23.0,23.0,0.0,34.974607736901966,34.974607736901966,34.974607736901966,0.0,16.616463527774325,16.616463527774325,16.616463527774325,0.0,0.6895212477618784,0.6895212477618784,0.6895212477618784,0.0,2.5098478947878062,2.5098478947878062,2.5098478947878062,0.0,0.2509847894787804,0.2509847894787804,0.2509847894787804,0.0,6.0,6.0,6.0,0.0
318,37.25,24.5,47.75,23.25,37.25,24.5,47.75,23.25,2.8329423857063967,2.400533350616065,3.0192147811124768,0.6186814304964119,0.28329423857063984,0.24005333506160675,0.30192147811124787,0.06186814304964111,0.09483568075117368,0.07500000000000001,0.12617370892018773,0.051173708920187716,23.0,23.0,23.0,0.0,23.0,23.0,23.0,0.0,34.535457958680965,34.535457958680965,34.535457958680965,0.0,16.596413314751054,16.596413314751054,16.596413314751054,0.0,0.6881388137135884,0.6881388137135884,0.6881388137135884,0.0,4.214004310688211,4.214004310688211,4.214004310688211,0.0,0.4214004310688211,0.4214004310688211,0.4214004310688211,0.0,8.0,8.0,8.0,0.0
319,32.5,13.75,51.75,38.0,32.5,13.75,51.75,38.0,3.472829855493617,3.4013332787984445,3.775883915877038,0.3745506370785936,0.34728298554936177,0.3401333278798443,0.377588391587704,0.037455063707859726,0.09673202614379081,0.08741830065359474,0.10833333333333334,0.0209150326797386,23.0,23.0,23.0,0.0,23.0,23.0,23.0,0.0,34.40388303340043,34.40388303340043,34.40388303340043,0.0,16.476438734920126,16.476438734920126,16.476438734920126,0.0,0.6108643020548935,0.6108643020548935,0.6108643020548935,0.0,6.012106147217327,6.012106147217327,6.012106147217327,0.0,0.601210614721732,0.601210614721732,0.601210614721732,0.0,3.0,3.0,3.0,0.0
320,46.5,17.25,54.25,37.0,46.5,17.25,54.25,37.0,2.5854193014369633,2.2361424955065017,2.6513581772456165,0.41521568173911483,0.2585419301436964,0.22361424955065007,0.2651358177245618,0.04152156817391173,0.10409592529711373,0.04838709677419349,0.13232173174872663,0.08393463497453314,23.0,23.0,23.0,0.0,23.0,23.0,23.0,0.0,34.26894185373049,34.26894185373049,34.26894185373049,0.0,16.43129352732175,16.43129352732175,16.43129352732175,0.0,0.6926267989248349,0.6926267989248349,0.6926267989248349,0.0,3.668656075219455,3.668656075219455,3.668656075219455,0.0,0.3668656075219454,0.3668656075219454,0.3668656075219454,0.0,6.0,6.0,6.0,0.0
321,45.25,10.75,59.0,48.25,45.25,10.75,59.0,48.25,2.7833609662077787,2.5386152630882792,3.272006756053378,0.7333914929650986,0.27833609662077774,0.25386152630882797,0.3272006756053376,0.07333914929650964,0.11683073182210366,0.09473684210526315,0.12537257824143067,0.03063573613616752,23.0,23.0,23.0,0.0,23.0,23.0,23.0,0.0,34.10263716757443,34.10263716757443,34.10263716757443,0.0,16.31317070136183,16.31317070136183,16.31317070136183,0.0,0.6108643020548935,0.6108643020548935,0.6108643020548935,0.0,5.524826338987309,5.524826338987309,5.524826338987309,0.0,0.5524826338987309,0.5524826338987309,0.5524826338987309,0.0,3.0,3.0,3.0,0.0
322,59.5,49.75,70.75,21.0,59.5,49.75,70.75,21.0,2.2261903188013648,2.0787860522090025,2.4525461885651496,0.37376013635614713,0.22261903188013654,0.20787860522090026,0.24525461885651506,0.037376013635614797,0.12773594401288366,0.11786099137931035,0.1306593406593406,0.01279834928003025,23.0,23.0,23.0,0.0,23.0,23.0,23.0,0.0,34.2873755566298,34.2873755566298,34.2873755566298,0.0,16.36377156428353,16.36377156428353,16.36377156428353,0.0,0.6931471805599453,0.6931471805599453,0.6931471805599453,0.0,4.015618044381454,4.015618044381454,4.015618044381454,0.0,0.4015618044381454,0.4015618044381454,0.4015618044381454,0.0,8.0,8.0,8.0,0.0
323,35.75,14.25,39.0,24.75,35.75,14.25,39.0,24.75,2.4690482062447625,2.2158669207150687,2.8099596115726153,0.5940926908575466,0.246904820624476,0.22158669207150658,0.28099596115726144,0.05940926908575486,0.06419457735247207,0.0303030303030303,0.10672514619883038,0.07642211589580007,23.0,23.0,23.0,0.0,23.0,23.0,23.0,0.0,34.194841035609514,34.194841035609514,34.194841035609514,0.0,16.269436340246738,16.269436340246738,16.269436340246738,0.0,0.5146531654289292,0.5146531654289292,0.5146531654289292,0.0,4.038044804783112,4.038044804783112,4.038044804783112,0.0,0.4038044804783114,0.4038044804783114,0.4038044804783114,0.0,5.0,5.0,5.0,0.0
324,52.25,28.75,60.0,31.25,52.25,28.75,60.0,31.25,2.009693784669012,1.6842500940983605,2.3409778933204013,0.6567277992220408,0.20096937846690116,0.16842500940983593,0.23409778933204012,0.06567277992220419,0.07191074795725957,0.03,0.11596480201131362,0.08596480201131362,23.0,23.0,23.0,0.0,23.0,23.0,23.0,0.0,34.4313808761159,34.4313808761159,34.4313808761159,0.0,16.24522322050229,16.24522322050229,16.24522322050229,0.0,0.6907114543575098,0.6907114543575098,0.6907114543575098,0.0,3.9512331673717385,3.9512331673717385,3.9512331673717385,0.0,0.3951233167371742,0.3951233167371742,0.3951233167371742,0.0,7.0,7.0,7.0,0.0
325,102.25,24.0,173.75,149.75,102.25,24.0,173.75,149.75,1.9723254130035706,1.0675823420091266,2.736193747408726,1.6686114053995995,0.1972325413003569,0.10675823420091252,0.2736193747408725,0.16686114053995998,0.09523267561682562,0.08465502983046842,0.10536398467432945,0.020708954843861024,23.0,23.0,23.0,0.0,23.0,23.0,23.0,0.0,34.22807693767018,34.22807693767018,34.22807693767018,0.0,16.20611284051168,16.20611284051168,16.20611284051168,0.0,0.6637254974722313,0.6637254974722313,0.6637254974722313,0.0,3.580974265889458,3.580974265889458,3.580974265889458,0.0,0.358097426588946,0.358097426588946,0.358097426588946,0.0,5.0,5.0,5.0,0.0
326,78.0,33.0,84.0,51.0,78.0,33.0,84.0,51.0,2.3843572278691294,2.2148237900265904,2.795172498232903,0.5803487082063126,0.23843572278691277,0.22148237900265866,0.2795172498232902,0.05803487082063152,0.06964412773310645,0.05636070853462153,0.08754152823920262,0.031180819704581093,23.0,23.0,23.0,0.0,23.0,23.0,23.0,0.0,34.12888786474177,34.12888786474177,34.12888786474177,0.0,16.18920749267551,16.18920749267551,16.18920749267551,0.0,0.6907114543575098,0.6907114543575098,0.6907114543575098,0.0,4.086464431323381,4.086464431323381,4.086464431323381,0.0,0.4086464431323384,0.4086464431323384,0.4086464431323384,0.0,7.0,7.0,7.0,0.0
327,79.5,10.75,139.75,129.0,79.5,10.75,139.75,129.0,2.4089367037054847,1.5710748869088342,3.2982822478504623,1.727207360941628,0.24089367037054832,0.15710748869088342,0.3298282247850461,0.17272073609416266,0.06821839753183448,0.06777108433734938,0.0910825815405968,0.02331149720324742,23.0,23.0,23.0,0.0,23.0,23.0,23.0,0.0,34.12888786474177,34.12888786474177,34.12888786474177,0.0,16.08105930586924,16.08105930586924,16.08105930586924,0.0,0.5859526183035508,0.5859526183035508,0.5859526183035508,0.0,4.872089706142116,4.872089706142116,4.872089706142116,0.0,0.4872089706142117,0.4872089706142117,0.4872089706142117,0.0,3.0,3.0,3.0,0.0
328,88.5,32.5,151.0,118.5,88.5,32.5,151.0,118.5,2.8032186930371,1.3064544159089102,3.6165374038029343,2.310082987894024,0.28032186930371034,0.13064544159089103,0.3616537403802939,0.23100829878940288,0.0636038961038961,0.037500000000000006,0.0933116883116883,0.0558116883116883,23.0,23.0,23.0,0.0,23.0,23.0,23.0,0.0,33.889722210883555,33.889722210883555,33.889722210883555,0.0,16.07952076014385,16.07952076014385,16.07952076014385,0.0,0.6881388137135884,0.6881388137135884,0.6881388137135884,0.0,4.189004169394508,4.189004169394508,4.189004169394508,0.0,0.418900416939451,0.418900416939451,0.418900416939451,0.0,7.0,7.0,7.0,0.0
329,80.25,34.0,134.25,100.25,80.25,34.0,134.25,100.25,2.2204161761511996,1.5283407040891066,2.9175686176707742,1.3892279135816676,0.22204161761511984,0.1528340704089105,0.29175686176707716,0.13892279135816665,0.07991392245123585,0.061567164179104426,0.11865079365079362,0.05708362947168919,23.0,23.0,23.0,0.0,23.0,23.0,23.0,0.0,33.77086430519822,33.77086430519822,33.77086430519822,0.0,16.064145333835324,16.064145333835324,16.064145333835324,0.0,0.6645284386549151,0.6645284386549151,0.6645284386549151,0.0,4.4204989652972175,4.4204989652972175,4.4204989652972175,0.0,0.4420498965297216,0.4420498965297216,0.4420498965297216,0.0,8.0,8.0,8.0,0.0
330,71.0,27.0,88.5,61.5,71.0,27.0,88.5,61.5,2.2973262303609534,2.108722316864406,2.5200510537155187,0.4113287368511127,0.2297326230360952,0.2108722316864408,0.2520051053715515,0.04113287368511073,0.07900869291998319,0.040178571428571376,0.10593841642228732,0.06575984499371595,23.0,23.0,23.0,0.0,23.0,23.0,23.0,0.0,33.5251835190107,33.5251835190107,33.5251835190107,0.0,16.024390789755046,16.024390789755046,16.024390789755046,0.0,0.6890092384766586,0.6890092384766586,0.6890092384766586,0.0,3.313181021516934,3.313181021516934,3.313181021516934,0.0,0.3313181021516931,0.3313181021516931,0.3313181021516931,0.0,5.0,5.0,5.0,0.0
331,50.5,19.0,68.5,49.5,50.5,19.0,68.5,49.5,2.465217743718921,1.9438640573201795,2.6357837895761835,0.691919732256004,0.246521774371892,0.19438640573201804,0.26357837895761804,0.0691919732256,0.084123503615029,0.0635593220338983,0.12062937062937054,0.05707004859547224,23.0,23.0,23.0,0.0,23.0,23.0,23.0,0.0,33.369514328787815,33.369514328787815,33.369514328787815,0.0,15.943945719353849,15.943945719353849,15.943945719353849,0.0,0.5859526183035508,0.5859526183035508,0.5859526183035508,0.0,3.384099351971077,3.384099351971077,3.384099351971077,0.0,0.3384099351971081,0.3384099351971081,0.3384099351971081,0.0,5.0,5.0,5.0,0.0
332,58.5,26.5,76.5,50.0,58.5,26.5,76.5,50.0,2.7814569190122698,2.1703762761306766,3.134666946164291,0.9642906700336145,0.2781456919012269,0.21703762761306783,0.31346669461642873,0.0964290670033609,0.08562873357228193,0.0785185185185185,0.09294354838709673,0.014425029868578229,23.0,23.0,23.0,0.0,23.0,23.0,23.0,0.0,33.294322521303215,33.294322521303215,33.294322521303215,0.0,15.904386588488087,15.904386588488087,15.904386588488087,0.0,0.6859298002523728,0.6859298002523728,0.6859298002523728,0.0,3.4581526447094646,3.4581526447094646,3.4581526447094646,0.0,0.3458152644709465,0.3458152644709465,0.3458152644709465,0.0,5.0,5.0,5.0,0.0
333,95.25,80.5,121.25,40.75,95.25,80.5,121.25,40.75,1.7058085758108328,1.3382595160900044,1.8308424478868726,0.4925829317968682,0.17058085758108318,0.13382595160900038,0.18308424478868712,0.049258293179686746,0.0968648203672178,0.0720894717930291,0.11524411974340694,0.043154647950377836,23.0,23.0,23.0,0.0,23.0,23.0,23.0,0.0,33.781910247038574,33.781910247038574,33.781910247038574,0.0,15.894306577389417,15.894306577389417,15.894306577389417,0.0,0.6893616831435102,0.6893616831435102,0.6893616831435102,0.0,2.693999392706244,2.693999392706244,2.693999392706244,0.0,0.2693999392706243,0.2693999392706243,0.2693999392706243,0.0,6.0,6.0,6.0,0.0
334,39.0,31.75,45.75,14.0,39.0,31.75,45.75,14.0,2.917407473878974,2.7045942627124355,3.1285615640227524,0.4239673013103169,0.2917407473878976,0.270459426271244,0.3128561564022754,0.0423967301310314,0.04986801438921818,0.035130718954248324,0.05325581395348835,0.018125094999240025,23.0,23.0,23.0,0.0,23.0,23.0,23.0,0.0,33.78673948572728,33.78673948572728,33.78673948572728,0.0,15.86516456280782,15.86516456280782,15.86516456280782,0.0,0.649248354870898,0.649248354870898,0.649248354870898,0.0,4.535566044203869,4.535566044203869,4.535566044203869,0.0,0.4535566044203867,0.4535566044203867,0.4535566044203867,0.0,7.0,7.0,7.0,0.0
335,62.5,33.0,68.0,35.0,62.5,33.0,68.0,35.0,2.3764398609751263,1.888257995590899,2.642105178018535,0.753847182427636,0.2376439860975127,0.18882579955908996,0.2642105178018537,0.07538471824276372,0.1475320721896064,0.12769080234833655,0.16269841269841265,0.0350076103500761,23.0,23.0,23.0,0.0,23.0,23.0,23.0,0.0,33.59341856540882,33.59341856540882,33.59341856540882,0.0,15.860711531286231,15.860711531286231,15.860711531286231,0.0,0.6931471805599453,0.6931471805599453,0.6931471805599453,0.0,3.237730258379625,3.237730258379625,3.237730258379625,0.0,0.3237730258379623,0.3237730258379623,0.3237730258379623,0.0,5.0,5.0,5.0,0.0
336,52.5,23.25,63.75,40.5,52.5,23.25,63.75,40.5,3.1180960528386716,1.6752969386033123,4.45696632893806,2.781669390334748,0.3118096052838671,0.16752969386033129,0.44569663289380584,0.27816693903347456,0.08286699750114379,0.07273519163763059,0.08459595959595956,0.011860767958328966,23.0,23.0,23.0,0.0,23.0,23.0,23.0,0.0,33.43015350571914,33.43015350571914,33.43015350571914,0.0,15.8603406567982,15.8603406567982,15.8603406567982,0.0,0.6856925884481759,0.6856925884481759,0.6856925884481759,0.0,3.0309317344280826,3.0309317344280826,3.0309317344280826,0.0,0.3030931734428081,0.3030931734428081,0.3030931734428081,0.0,5.0,5.0,5.0,0.0
337,26.5,16.5,30.5,14.0,26.5,16.5,30.5,14.0,3.539747482670247,2.447984306139322,4.424896878109518,1.976912571970196,0.3539747482670244,0.2447984306139318,0.4424896878109514,0.19769125719701958,0.1400779410647831,0.09050324675324672,0.17397660818713445,0.08347336143388773,23.0,23.0,23.0,0.0,23.0,23.0,23.0,0.0,33.33523752032737,33.33523752032737,33.33523752032737,0.0,15.77150625012197,15.77150625012197,15.77150625012197,0.0,0.5763341277567499,0.5763341277567499,0.5763341277567499,0.0,3.822767223257669,3.822767223257669,3.822767223257669,0.0,0.3822767223257675,0.3822767223257675,0.3822767223257675,0.0,5.0,5.0,5.0,0.0
338,62.0,29.0,89.5,60.5,62.0,29.0,89.5,60.5,2.6232195765994226,1.7463949523978546,3.123163957444886,1.3767690050470314,0.26232195765994204,0.17463949523978559,0.31231639574448816,0.13767690050470258,0.07842117559859493,0.07197802197802194,0.08925953079178883,0.017281508813766888,23.0,23.0,23.0,0.0,23.0,23.0,23.0,0.0,33.36889967965301,33.36889967965301,33.36889967965301,0.0,15.729701717399127,15.729701717399127,15.729701717399127,0.0,0.6730116670092565,0.6730116670092565,0.6730116670092565,0.0,3.103754903009776,3.103754903009776,3.103754903009776,0.0,0.3103754903009775,0.3103754903009775,0.3103754903009775,0.0,5.0,5.0,5.0,0.0
339,133.25,120.5,170.75,50.25,133.25,120.5,170.75,50.25,1.7290494521169373,1.265372814057021,1.832803482984465,0.567430668927444,0.1729049452116938,0.12653728140570217,0.18328034829844653,0.05674306689274436,0.10428809033649608,0.08991139750302048,0.11741816431322206,0.02750676681020159,23.0,23.0,23.0,0.0,23.0,23.0,23.0,0.0,33.3146214027381,33.3146214027381,33.3146214027381,0.0,15.67150790274134,15.67150790274134,15.67150790274134,0.0,0.6901856760188042,0.6901856760188042,0.6901856760188042,0.0,4.048954172410979,4.048954172410979,4.048954172410979,0.0,0.4048954172410978,0.4048954172410978,0.4048954172410978,0.0,5.0,5.0,5.0,0.0
340,64.0,35.5,75.0,39.5,64.0,35.5,75.0,39.5,2.613932558637148,2.26948017355747,3.2620157336421,0.99253556008463,0.26139325586371487,0.22694801735574713,0.32620157336421013,0.099253556008463,0.06907914681023923,0.04591836734693872,0.0992275698158051,0.05330920246886638,23.0,23.0,23.0,0.0,23.0,23.0,23.0,0.0,33.3146214027381,33.3146214027381,33.3146214027381,0.0,15.571995998874758,15.571995998874758,15.571995998874758,0.0,0.0,-0.0,-0.0,0.0,4.632926897378658,4.632926897378658,4.632926897378658,0.0,0.4632926897378657,0.4632926897378657,0.4632926897378657,0.0,4.0,4.0,4.0,0.0
341,96.0,31.75,164.75,133.0,96.0,31.75,164.75,133.0,2.1414542046729728,1.0680756496503485,2.8231563176715566,1.755080668021208,0.21414542046729707,0.10680756496503457,0.28231563176715546,0.1755080668021209,0.12876471842077214,0.0729647330257086,0.16130239520958084,0.08833766218387223,23.0,23.0,23.0,0.0,23.0,23.0,23.0,0.0,33.3146214027381,33.3146214027381,33.3146214027381,0.0,15.492619909519275,15.492619909519275,15.492619909519275,0.0,0.6210863745552451,0.6210863745552451,0.6210863745552451,0.0,3.895278707801172,3.895278707801172,3.895278707801172,0.0,0.389527870780117,0.389527870780117,0.389527870780117,0.0,3.0,3.0,3.0,0.0
342,96.5,35.25,142.75,107.5,96.5,35.25,142.75,107.5,2.3172421653728628,1.3767883082061054,3.074503886936528,1.6977155787304228,0.2317242165372862,0.13767883082061058,0.3074503886936526,0.16977155787304202,0.0888769585619979,0.07294400699912505,0.1053030303030303,0.03235902330390525,23.0,23.0,23.0,0.0,23.0,23.0,23.0,0.0,33.329060371430565,33.329060371430565,33.329060371430565,0.0,15.446668987510796,15.446668987510796,15.446668987510796,0.0,0.6554817739013927,0.6554817739013927,0.6554817739013927,0.0,4.124580242405029,4.124580242405029,4.124580242405029,0.0,0.4124580242405028,0.4124580242405028,0.4124580242405028,0.0,7.0,7.0,7.0,0.0
343,31.25,28.0,33.75,5.75,31.25,28.0,33.75,5.75,2.7422606672473235,2.2704047604264055,3.1615893394777794,0.8911845790513739,0.2742260667247324,0.2270404760426404,0.31615893394777816,0.08911845790513775,0.10717396109637486,0.0728205128205128,0.13685344827586207,0.06403293545534927,23.0,23.0,23.0,0.0,23.0,23.0,23.0,0.0,33.10925261941834,33.10925261941834,33.10925261941834,0.0,15.392855865515507,15.392855865515507,15.392855865515507,0.0,0.6637254974722313,0.6637254974722313,0.6637254974722313,0.0,3.1931375385904883,3.1931375385904883,3.1931375385904883,0.0,0.3193137538590491,0.3193137538590491,0.3193137538590491,0.0,5.0,5.0,5.0,0.0
344,51.0,10.5,68.5,58.0,51.0,10.5,68.5,58.0,2.8787100914284407,2.3836644226615884,3.400349714374913,1.0166852917133244,0.2878710091428441,0.2383664422661588,0.3400349714374913,0.10166852917133248,0.07259283482305062,0.01666666666666665,0.11020274689339432,0.09353608022672767,23.0,23.0,23.0,0.0,23.0,23.0,23.0,0.0,33.10925261941834,33.10925261941834,33.10925261941834,0.0,15.32080696629723,15.32080696629723,15.32080696629723,0.0,0.0,-0.0,-0.0,0.0,4.529678979998046,4.529678979998046,4.529678979998046,0.0,0.452967897999804,0.452967897999804,0.452967897999804,0.0,2.0,2.0,2.0,0.0
345,87.0,59.5,115.0,55.5,87.0,59.5,115.0,55.5,2.4580517450488335,2.139116996254361,2.6660040218621646,0.5268870256078038,0.24580517450488312,0.21391169962543571,0.2666004021862163,0.052688702560780565,0.10090223954801067,0.0638496400959744,0.13618958475153162,0.07233994465555722,23.0,23.0,23.0,0.0,23.0,23.0,23.0,0.0,32.88358753908063,32.88358753908063,32.88358753908063,0.0,15.36664621556928,15.36664621556928,15.36664621556928,0.0,0.6800829048357611,0.6800829048357611,0.6800829048357611,0.0,5.574518759539343,5.574518759539343,5.574518759539343,0.0,0.5574518759539342,0.5574518759539342,0.5574518759539342,0.0,8.0,8.0,8.0,0.0
346,91.5,55.25,127.25,72.0,91.5,55.25,127.25,72.0,2.247881982407736,1.3697937599664558,3.1122335115459423,1.7424397515794865,0.2247881982407738,0.1369793759966457,0.31122335115459465,0.17424397515794895,0.10310617011936482,0.09597902097902097,0.110405837664934,0.01442681668591303,27.0,27.0,27.0,0.0,27.0,27.0,27.0,0.0,32.63099567267723,32.63099567267723,32.63099567267723,0.0,13.331764819097996,13.331764819097996,13.331764819097996,0.0,0.6796490894965843,0.6796490894965843,0.6796490894965843,0.0,2.9338125587546773,2.9338125587546773,2.9338125587546773,0.0,0.2933812558754676,0.2933812558754676,0.2933812558754676,0.0,9.0,9.0,9.0,0.0
347,30.5,21.5,34.5,13.0,30.5,21.5,34.5,13.0,2.993974912572643,2.5831261102925938,3.2739977438421963,0.6908716335496026,0.2993974912572646,0.2583126110292601,0.32739977438421985,0.06908716335495974,0.065,0.0,0.115,0.115,27.0,27.0,27.0,0.0,27.0,27.0,27.0,0.0,32.885652901806026,32.885652901806026,32.885652901806026,0.0,13.280415273045689,13.280415273045689,13.280415273045689,0.0,0.6812657296632041,0.6812657296632041,0.6812657296632041,0.0,4.117102165387259,4.117102165387259,4.117102165387259,0.0,0.4117102165387254,0.4117102165387254,0.4117102165387254,0.0,7.0,7.0,7.0,0.0
348,63.75,45.25,68.0,22.75,63.75,45.25,68.0,22.75,2.2190656636017687,1.976507344961404,2.740454616055964,0.7639472710945603,0.22190656636017697,0.1976507344961405,0.2740454616055964,0.07639472710945588,0.09866835258693638,0.07639344262295081,0.11329531812725087,0.03690187550430006,27.0,27.0,27.0,0.0,27.0,27.0,27.0,0.0,33.00740262022908,33.00740262022908,33.00740262022908,0.0,13.295032463606267,13.295032463606267,13.295032463606267,0.0,0.6859298002523728,0.6859298002523728,0.6859298002523728,0.0,4.697113732582743,4.697113732582743,4.697113732582743,0.0,0.4697113732582743,0.4697113732582743,0.4697113732582743,0.0,8.0,8.0,8.0,0.0
349,109.5,66.25,145.25,79.0,109.5,66.25,145.25,79.0,2.0744416159141723,1.3426449639198947,2.848165599654648,1.5055206357347533,0.2074441615914171,0.1342644963919893,0.28481655996546473,0.15055206357347542,0.07504818116955865,0.06371132267936072,0.08935028929604623,0.025638966616685507,28.0,28.0,28.0,0.0,28.0,28.0,28.0,0.0,32.81476569124538,32.81476569124538,32.81476569124538,0.0,13.04821814283431,13.04821814283431,13.04821814283431,0.0,0.6822947159310485,0.6822947159310485,0.6822947159310485,0.0,2.8788439796468426,2.8788439796468426,2.8788439796468426,0.0,0.2878843979646842,0.2878843979646842,0.2878843979646842,0.0,9.0,9.0,9.0,0.0
350,52.0,26.5,60.5,34.0,52.0,26.5,60.5,34.0,2.939190156495442,2.4355407016468824,3.6461643915077904,1.210623689860908,0.29391901564954426,0.2435540701646883,0.364616439150779,0.12106236898609071,0.11988075657894734,0.09257812500000001,0.13980263157894735,0.047224506578947334,28.0,28.0,28.0,0.0,28.0,28.0,28.0,0.0,32.87232662912812,32.87232662912812,32.87232662912812,0.0,13.02514521141202,13.02514521141202,13.02514521141202,0.0,0.6917614988524178,0.6917614988524178,0.6917614988524178,0.0,5.969661834164782,5.969661834164782,5.969661834164782,0.0,0.596966183416478,0.596966183416478,0.596966183416478,0.0,7.0,7.0,7.0,0.0
351,61.5,35.25,71.75,36.5,61.5,35.25,71.75,36.5,3.3568105896487643,2.602571994781663,4.364675518675798,1.7621035238941354,0.3356810589648766,0.2602571994781663,0.43646755186758013,0.17621035238941385,0.0622946530298614,0.05113636363636357,0.08780238997376857,0.036666026337405004,28.0,28.0,28.0,0.0,28.0,28.0,28.0,0.0,32.91443555621466,32.91443555621466,32.91443555621466,0.0,13.059292239923852,13.059292239923852,13.059292239923852,0.0,0.6670936741211575,0.6670936741211575,0.6670936741211575,0.0,6.187512983541196,6.187512983541196,6.187512983541196,0.0,0.6187512983541197,0.6187512983541197,0.6187512983541197,0.0,8.0,8.0,8.0,0.0
352,50.5,31.0,59.0,28.0,50.5,31.0,59.0,28.0,3.125553404844163,2.7323647761032426,3.191984225700423,0.4596194495971804,0.31255534048441624,0.27323647761032427,0.31919842257004205,0.04596194495971778,0.10219648516932303,0.09308223613209582,0.10789473684210525,0.014812500710009432,28.0,28.0,28.0,0.0,28.0,28.0,28.0,0.0,32.91443555621466,32.91443555621466,32.91443555621466,0.0,12.984122647188803,12.984122647188803,12.984122647188803,0.0,0.3250829733914482,0.3250829733914482,0.3250829733914482,0.0,4.670760249323622,4.670760249323622,4.670760249323622,0.0,0.4670760249323623,0.4670760249323623,0.4670760249323623,0.0,3.0,3.0,3.0,0.0
353,57.0,10.0,87.5,77.5,57.0,10.0,87.5,77.5,3.3450937964599534,2.4247342519077915,4.508658071746982,2.0839238198391907,0.3345093796459954,0.24247342519077897,0.4508658071746986,0.20839238198391963,0.1299321476303074,0.06021897810218977,0.20985915492957746,0.1496401768273877,28.0,28.0,28.0,0.0,28.0,28.0,28.0,0.0,32.85236407262029,32.85236407262029,32.85236407262029,0.0,13.256705711038302,13.256705711038302,13.256705711038302,0.0,0.6854284351999519,0.6854284351999519,0.6854284351999519,0.0,3.264974601886916,3.264974601886916,3.264974601886916,0.0,0.3264974601886917,0.3264974601886917,0.3264974601886917,0.0,9.0,9.0,9.0,0.0
354,63.0,38.25,75.25,37.0,63.0,38.25,75.25,37.0,2.5697040620504685,1.9903486162906003,2.9439062061958077,0.9535575899052073,0.25697040620504674,0.19903486162905998,0.29439062061958066,0.09535575899052068,0.12833775532765274,0.11031175059952038,0.1374113475177305,0.02709959691821011,28.0,28.0,28.0,0.0,28.0,28.0,28.0,0.0,33.08336680804018,33.08336680804018,33.08336680804018,0.0,13.49987329275332,13.49987329275332,13.49987329275332,0.0,0.6837757023521253,0.6837757023521253,0.6837757023521253,0.0,2.928464331211846,2.928464331211846,2.928464331211846,0.0,0.2928464331211846,0.2928464331211846,0.2928464331211846,0.0,9.0,9.0,9.0,0.0
355,40.75,9.75,41.0,31.25,40.75,9.75,41.0,31.25,3.7884856860004295,3.273042464567464,4.695891225323051,1.4228487607555875,0.37884856860004273,0.3273042464567465,0.46958912253230456,0.14228487607555806,0.0548507462686567,0.0,0.1048507462686567,0.1048507462686567,31.0,31.0,31.0,0.0,31.0,31.0,31.0,0.0,32.60793411597569,32.60793411597569,32.60793411597569,0.0,12.41068437607154,12.41068437607154,12.41068437607154,0.0,0.6891320020523701,0.6891320020523701,0.6891320020523701,0.0,3.1034030246865947,3.1034030246865947,3.1034030246865947,0.0,0.3103403024686597,0.3103403024686597,0.3103403024686597,0.0,6.0,6.0,6.0,0.0
356,83.75,37.0,127.75,90.75,83.75,37.0,127.75,90.75,2.4322810872963716,1.8016775098146385,3.1285990951790534,1.326921585364415,0.24322810872963713,0.1801677509814639,0.31285990951790515,0.13269215853644126,0.11636486775824517,0.10801946677951754,0.13295840407470283,0.024938937295185287,31.0,31.0,31.0,0.0,31.0,31.0,31.0,0.0,32.43725504037139,32.43725504037139,32.43725504037139,0.0,12.620176364081784,12.620176364081784,12.620176364081784,0.0,0.6773247392117049,0.6773247392117049,0.6773247392117049,0.0,3.468429237252048,3.468429237252048,3.468429237252048,0.0,0.3468429237252047,0.3468429237252047,0.3468429237252047,0.0,10.0,10.0,10.0,0.0
357,65.0,42.0,76.5,34.5,65.0,42.0,76.5,34.5,3.3541916877146694,2.273529821732323,3.794505700527741,1.5209758787954182,0.33541916877146694,0.2273529821732323,0.3794505700527742,0.15209758787954192,0.06756638714185881,0.06249999999999997,0.09302935010482173,0.03052935010482176,31.0,31.0,31.0,0.0,31.0,31.0,31.0,0.0,32.823405827434186,32.823405827434186,32.823405827434186,0.0,12.642009628293112,12.642009628293112,12.642009628293112,0.0,0.6904011819103343,0.6904011819103343,0.6904011819103343,0.0,4.613895983149472,4.613895983149472,4.613895983149472,0.0,0.4613895983149472,0.4613895983149472,0.4613895983149472,0.0,8.0,8.0,8.0,0.0
358,63.25,19.75,92.5,72.75,63.25,19.75,92.5,72.75,2.720437354671279,2.1389041667616424,3.2870822010043246,1.1481780342426822,0.27204373546712773,0.21389041667616407,0.32870822010043227,0.1148178034242682,0.10507653947238821,0.07125648628613783,0.14073426573426567,0.06947777944812784,31.0,31.0,31.0,0.0,31.0,31.0,31.0,0.0,33.02568641244389,33.02568641244389,33.02568641244389,0.0,12.730418825136743,12.730418825136743,12.730418825136743,0.0,0.6900275917730929,0.6900275917730929,0.6900275917730929,0.0,4.067019607749733,4.067019607749733,4.067019607749733,0.0,0.4067019607749733,0.4067019607749733,0.4067019607749733,0.0,8.0,8.0,8.0,0.0
359,67.25,45.25,72.5,27.25,67.25,45.25,72.5,27.25,2.925961987485788,2.185284732505957,3.7281526367114406,1.5428679042054836,0.29259619874857856,0.2185284732505952,0.3728152636711439,0.15428679042054871,0.08089218368231398,0.04766116352201252,0.10351763977718169,0.055856476255169166,32.0,32.0,32.0,0.0,32.0,32.0,32.0,0.0,32.73397340677296,32.73397340677296,32.73397340677296,0.0,12.527399632506352,12.527399632506352,12.527399632506352,0.0,0.6882151112958581,0.6882151112958581,0.6882151112958581,0.0,4.183468711727827,4.183468711727827,4.183468711727827,0.0,0.4183468711727828,0.4183468711727828,0.4183468711727828,0.0,12.0,12.0,12.0,0.0
360,18.0,10.5,23.0,12.5,18.0,10.5,23.0,12.5,3.735430399543781,3.452306518011834,4.051373795443231,0.5990672774313972,0.37354303995437843,0.34523065180118384,0.40513737954432344,0.0599067277431396,0.17842487373737373,0.1640625,0.23484848484848483,0.07078598484848483,32.0,32.0,32.0,0.0,32.0,32.0,32.0,0.0,32.69666031125135,32.69666031125135,32.69666031125135,0.0,12.477176689522178,12.477176689522178,12.477176689522178,0.0,0.5859526183035508,0.5859526183035508,0.5859526183035508,0.0,6.248719843392468,6.248719843392468,6.248719843392468,0.0,0.6248719843392466,0.6248719843392466,0.6248719843392466,0.0,4.0,4.0,4.0,0.0
361,42.0,9.75,42.75,33.0,42.0,9.75,42.75,33.0,3.45063574881185,3.333578237928778,4.227127501186455,0.8935492632576771,0.3450635748811852,0.33335782379287854,0.4227127501186455,0.08935492632576697,0.0831137461572244,0.06818181818181818,0.11594202898550723,0.04776021080368906,32.0,32.0,32.0,0.0,32.0,32.0,32.0,0.0,32.55005141971892,32.55005141971892,32.55005141971892,0.0,12.422005098826611,12.422005098826611,12.422005098826611,0.0,0.5004024235381879,0.5004024235381879,0.5004024235381879,0.0,5.893560747926894,5.893560747926894,5.893560747926894,0.0,0.589356074792689,0.589356074792689,0.589356074792689,0.0,4.0,4.0,4.0,0.0
362,112.25,59.75,172.0,112.25,112.25,59.75,172.0,112.25,2.180745137342059,1.1752467115219547,2.8911511935124077,1.715904481990453,0.21807451373420586,0.11752467115219528,0.2891151193512409,0.17159044819904562,0.09187366043397224,0.08224151539068665,0.1042134258314629,0.021971910440776246,32.0,32.0,32.0,0.0,32.0,32.0,32.0,0.0,34.8417155842271,34.8417155842271,34.8417155842271,0.0,12.692931379445202,12.692931379445202,12.692931379445202,0.0,0.6854068711410621,0.6854068711410621,0.6854068711410621,0.0,2.6090225838205874,2.6090225838205874,2.6090225838205874,0.0,0.2609022583820586,0.2609022583820586,0.2609022583820586,0.0,7.0,7.0,7.0,0.0
363,68.5,27.0,111.0,84.0,68.5,27.0,111.0,84.0,2.3640252696783426,1.760029173383423,3.1126084261464224,1.3525792527629994,0.2364025269678343,0.1760029173383423,0.3112608426146425,0.13525792527630018,0.10101348702266127,0.0651709401709401,0.13669724770642197,0.07152630753548186,32.0,32.0,32.0,0.0,32.0,32.0,32.0,0.0,33.090176187792984,33.090176187792984,33.090176187792984,0.0,12.84238027721534,12.84238027721534,12.84238027721534,0.0,0.6799028359995001,0.6799028359995001,0.6799028359995001,0.0,3.6278523666095817,3.6278523666095817,3.6278523666095817,0.0,0.362785236660958,0.362785236660958,0.362785236660958,0.0,9.0,9.0,9.0,0.0
364,91.5,47.25,142.25,95.0,91.5,47.25,142.25,95.0,1.9757103444976554,1.1422702398433562,2.492712998803433,1.3504427589600767,0.19757103444976537,0.11422702398433576,0.24927129988034277,0.135044275896007,0.0760702106929728,0.06617647058823525,0.10370082815734985,0.0375243575691146,32.0,32.0,32.0,0.0,32.0,32.0,32.0,0.0,33.11876471092171,33.11876471092171,33.11876471092171,0.0,12.871303897777976,12.871303897777976,12.871303897777976,0.0,0.6909233093138181,0.6909233093138181,0.6909233093138181,0.0,3.7415988463152834,3.7415988463152834,3.7415988463152834,0.0,0.3741598846315281,0.3741598846315281,0.3741598846315281,0.0,8.0,8.0,8.0,0.0
365,85.0,44.75,127.25,82.5,85.0,44.75,127.25,82.5,2.2203858884529173,1.3525738290011504,2.5086703262683345,1.156096497267184,0.22203858884529193,0.135257382900115,0.2508670326268337,0.1156096497267187,0.1232840935718191,0.09677419354838707,0.17138317191283292,0.07460897836444585,32.0,32.0,32.0,0.0,32.0,32.0,32.0,0.0,33.40539908619192,33.40539908619192,33.40539908619192,0.0,12.888693654568703,12.888693654568703,12.888693654568703,0.0,0.6925092898114951,0.6925092898114951,0.6925092898114951,0.0,3.375630620153288,3.375630620153288,3.375630620153288,0.0,0.3375630620153286,0.3375630620153286,0.3375630620153286,0.0,7.0,7.0,7.0,0.0
366,38.5,10.0,57.0,47.0,38.5,10.0,57.0,47.0,2.814222940147494,1.938132481081467,3.509263476592323,1.571130995510856,0.28142229401474944,0.19381324810814665,0.35092634765923236,0.1571130995510857,0.11553558327219368,0.0836206896551724,0.14574468085106382,0.06212399119589142,32.0,32.0,32.0,0.0,32.0,32.0,32.0,0.0,33.26941544181043,33.26941544181043,33.26941544181043,0.0,12.882785736376196,12.882785736376196,12.882785736376196,0.0,0.6911086741443572,0.6911086741443572,0.6911086741443572,0.0,3.3079913192963897,3.3079913192963897,3.3079913192963897,0.0,0.330799131929639,0.330799131929639,0.330799131929639,0.0,7.0,7.0,7.0,0.0
367,90.25,26.0,152.25,126.25,90.25,26.0,152.25,126.25,2.9507368552218933,1.587347012885775,4.017725212538751,2.4303781996529756,0.29507368552218943,0.15873470128857742,0.401772521253875,0.2430378199652976,0.09926770485724876,0.046551724137930975,0.13834816462736366,0.09179644048943268,32.0,32.0,32.0,0.0,32.0,32.0,32.0,0.0,33.11554673144838,33.11554673144838,33.11554673144838,0.0,12.864157311977989,12.864157311977989,12.864157311977989,0.0,0.667431707658747,0.667431707658747,0.667431707658747,0.0,5.529711216524484,5.529711216524484,5.529711216524484,0.0,0.5529711216524483,0.5529711216524483,0.5529711216524483,0.0,7.0,7.0,7.0,0.0
368,148.25,122.25,203.5,81.25,148.25,122.25,203.5,81.25,1.8733044952667484,1.311228735792539,2.082222990930833,0.7709942551382942,0.18733044952667463,0.13112287357925376,0.2082222990930831,0.07709942551382934,0.08460401270854324,0.05384615384615378,0.13228029475982533,0.07843414091367155,32.0,32.0,32.0,0.0,32.0,32.0,32.0,0.0,36.06948398259856,36.06948398259856,36.06948398259856,0.0,13.179108370159977,13.179108370159977,13.179108370159977,0.0,0.6883927638893563,0.6883927638893563,0.6883927638893563,0.0,2.352650132383806,2.352650132383806,2.352650132383806,0.0,0.2352650132383807,0.2352650132383807,0.2352650132383807,0.0,7.0,7.0,7.0,0.0
369,54.25,21.0,62.75,41.75,54.25,21.0,62.75,41.75,3.000143206365022,2.1100741270440406,3.681578780503664,1.5715046534596233,0.3000143206365021,0.2110074127044042,0.3681578780503662,0.157150465345962,0.15499836921069793,0.0876141552511415,0.16904761904761897,0.08143346379647748,32.0,32.0,32.0,0.0,32.0,32.0,32.0,0.0,36.69342203993861,36.69342203993861,36.69342203993861,0.0,13.377077272509428,13.377077272509428,13.377077272509428,0.0,0.6871302239570765,0.6871302239570765,0.6871302239570765,0.0,3.1621549345735755,3.1621549345735755,3.1621549345735755,0.0,0.3162154934573578,0.3162154934573578,0.3162154934573578,0.0,7.0,7.0,7.0,0.0
370,80.5,31.0,125.0,94.0,80.5,31.0,125.0,94.0,1.978770266449674,1.3152537057971645,2.5751080039131726,1.2598542981160081,0.1978770266449671,0.1315253705797162,0.25751080039131713,0.12598542981160094,0.14284754224270352,0.11969086021505372,0.1662442396313364,0.04655337941628267,32.0,32.0,32.0,0.0,32.0,32.0,32.0,0.0,36.11545082659899,36.11545082659899,36.11545082659899,0.0,13.338511577433705,13.338511577433705,13.338511577433705,0.0,0.6926267989248349,0.6926267989248349,0.6926267989248349,0.0,4.09245964546488,4.09245964546488,4.09245964546488,0.0,0.4092459645464879,0.4092459645464879,0.4092459645464879,0.0,7.0,7.0,7.0,0.0
371,60.5,27.5,63.5,36.0,60.5,27.5,63.5,36.0,2.9512013714999394,2.1341809458872425,3.407972032432911,1.2737910865456685,0.295120137149994,0.21341809458872418,0.34079720324329127,0.12737910865456709,0.11061720537526985,0.10308441558441554,0.1187965260545905,0.015712110470174956,32.0,32.0,32.0,0.0,32.0,32.0,32.0,0.0,34.8581086052705,34.8581086052705,34.8581086052705,0.0,13.28775444098412,13.28775444098412,13.28775444098412,0.0,0.6931471805599453,0.6931471805599453,0.6931471805599453,0.0,4.637195383775214,4.637195383775214,4.637195383775214,0.0,0.4637195383775213,0.4637195383775213,0.4637195383775213,0.0,6.0,6.0,6.0,0.0
372,104.0,54.75,148.25,93.5,104.0,54.75,148.25,93.5,3.031138351260718,1.426857308376387,4.753481827606737,3.32662451923035,0.30311383512607193,0.1426857308376388,0.47534818276067375,0.33266245192303495,0.1178233704829449,0.08528368794326233,0.14365079365079364,0.058367105707531314,32.0,32.0,32.0,0.0,32.0,32.0,32.0,0.0,35.02513735869061,35.02513735869061,35.02513735869061,0.0,13.470745354775255,13.470745354775255,13.470745354775255,0.0,0.6809991432654108,0.6809991432654108,0.6809991432654108,0.0,3.407429697157032,3.407429697157032,3.407429697157032,0.0,0.3407429697157033,0.3407429697157033,0.3407429697157033,0.0,10.0,10.0,10.0,0.0
373,95.5,43.75,142.75,99.0,95.5,43.75,142.75,99.0,2.1839536564009796,1.1822394676512902,2.7466672969463026,1.5644278292950125,0.21839536564009798,0.11822394676512882,0.2746667296946307,0.15644278292950187,0.09896348011989547,0.08137254901960778,0.12227633940015376,0.04090379038054598,32.0,32.0,32.0,0.0,32.0,32.0,32.0,0.0,35.14259840636525,35.14259840636525,35.14259840636525,0.0,13.462169796620556,13.462169796620556,13.462169796620556,0.0,0.6874777893536668,0.6874777893536668,0.6874777893536668,0.0,4.2069679023213045,4.2069679023213045,4.2069679023213045,0.0,0.4206967902321304,0.4206967902321304,0.4206967902321304,0.0,7.0,7.0,7.0,0.0
374,70.75,35.0,94.25,59.25,70.75,35.0,94.25,59.25,2.828353786876434,2.2386818519822542,3.3901407129399006,1.1514588609576464,0.2828353786876433,0.22386818519822546,0.33901407129399014,0.11514588609576468,0.132349073140521,0.11462865716429102,0.13667076167076164,0.022042104506470622,32.0,32.0,32.0,0.0,32.0,32.0,32.0,0.0,35.42755263736565,35.42755263736565,35.42755263736565,0.0,13.442104597648353,13.442104597648353,13.442104597648353,0.0,0.6798376211857489,0.6798376211857489,0.6798376211857489,0.0,4.684032148301573,4.684032148301573,4.684032148301573,0.0,0.4684032148301574,0.4684032148301574,0.4684032148301574,0.0,6.0,6.0,6.0,0.0
375,25.5,9.0,37.5,28.5,25.5,9.0,37.5,28.5,3.8546574509037654,3.3370586242700835,4.1763807647183695,0.839322140448286,0.3854657450903767,0.33370586242700845,0.41763807647183715,0.0839322140448287,0.08749257278669043,0.08333333333333333,0.11853832442067735,0.035204991087344026,32.0,32.0,32.0,0.0,32.0,32.0,32.0,0.0,35.128876351938125,35.128876351938125,35.128876351938125,0.0,13.436873120221456,13.436873120221456,13.436873120221456,0.0,0.6914160776171183,0.6914160776171183,0.6914160776171183,0.0,4.763990481108893,4.763990481108893,4.763990481108893,0.0,0.4763990481108891,0.4763990481108891,0.4763990481108891,0.0,7.0,7.0,7.0,0.0
376,120.0,113.25,145.75,32.5,120.0,113.25,145.75,32.5,1.6508395089899843,1.3990715157617686,1.9180794161278134,0.5190079003660448,0.16508395089899838,0.13990715157617675,0.1918079416127814,0.05190079003660464,0.11067079426308553,0.07151907175246733,0.15096153846153845,0.07944246670907112,32.0,32.0,32.0,0.0,32.0,32.0,32.0,0.0,35.17122885080655,35.17122885080655,35.17122885080655,0.0,13.417918055265208,13.417918055265208,13.417918055265208,0.0,0.6901856760188042,0.6901856760188042,0.6901856760188042,0.0,3.7391399751698216,3.7391399751698216,3.7391399751698216,0.0,0.373913997516982,0.373913997516982,0.373913997516982,0.0,7.0,7.0,7.0,0.0
377,46.75,10.0,47.75,37.75,46.75,10.0,47.75,37.75,3.5962014967213873,3.2136962835354432,4.612505497616054,1.3988092140806105,0.3596201496721385,0.32136962835354443,0.4612505497616046,0.1398809214080602,0.06518817204301072,0.0580645161290322,0.08749999999999998,0.029435483870967782,32.0,32.0,32.0,0.0,32.0,32.0,32.0,0.0,34.69935542166376,34.69935542166376,34.69935542166376,0.0,13.333709205097342,13.333709205097342,13.333709205097342,0.0,0.5623351446188083,0.5623351446188083,0.5623351446188083,0.0,5.7691994526299935,5.7691994526299935,5.7691994526299935,0.0,0.5769199452629997,0.5769199452629997,0.5769199452629997,0.0,4.0,4.0,4.0,0.0
378,82.0,54.5,108.0,53.5,82.0,54.5,108.0,53.5,2.783796376966653,2.6268570017943818,2.9895333189548734,0.36267631716049165,0.2783796376966652,0.2626857001794379,0.2989533318954873,0.03626763171604941,0.1045711046216284,0.09943086709072642,0.11368255728011822,0.014251690189391805,32.0,32.0,32.0,0.0,32.0,32.0,32.0,0.0,34.66750214377239,34.66750214377239,34.66750214377239,0.0,13.329711434902617,13.329711434902617,13.329711434902617,0.0,0.6838206287849113,0.6838206287849113,0.6838206287849113,0.0,4.965809694610401,4.965809694610401,4.965809694610401,0.0,0.4965809694610401,0.4965809694610401,0.4965809694610401,0.0,8.0,8.0,8.0,0.0
379,77.0,13.25,139.75,126.5,77.0,13.25,139.75,126.5,2.8191841663233017,1.6975913359825348,4.019184389117525,2.32159305313499,0.28191841663232986,0.1697591335982535,0.40191843891175194,0.23215930531349843,0.04777611194402798,0.0,0.09260369815092453,0.09260369815092453,32.0,32.0,32.0,0.0,32.0,32.0,32.0,0.0,34.53682758698808,34.53682758698808,34.53682758698808,0.0,13.269387583172945,13.269387583172945,13.269387583172945,0.0,0.5859526183035508,0.5859526183035508,0.5859526183035508,0.0,6.013457631756095,6.013457631756095,6.013457631756095,0.0,0.6013457631756093,0.6013457631756093,0.6013457631756093,0.0,4.0,4.0,4.0,0.0
380,84.25,33.5,130.75,97.25,84.25,33.5,130.75,97.25,2.8587190937488938,1.738544540080782,3.4975224825171494,1.7589779424363674,0.2858719093748894,0.17385445400807814,0.34975224825171486,0.17589779424363672,0.10906699521632711,0.0958980044345898,0.11657132732611114,0.020673322891521337,32.0,32.0,32.0,0.0,32.0,32.0,32.0,0.0,34.39928609951049,34.39928609951049,34.39928609951049,0.0,13.432671926812477,13.432671926812477,13.432671926812477,0.0,0.6774944044487072,0.6774944044487072,0.6774944044487072,0.0,3.5613484905278026,3.5613484905278026,3.5613484905278026,0.0,0.3561348490527802,0.3561348490527802,0.3561348490527802,0.0,10.0,10.0,10.0,0.0
381,21.5,10.0,22.5,12.5,21.5,10.0,22.5,12.5,3.7540909537454743,3.7132878000503187,4.239336411646432,0.5260486115961136,0.375409095374547,0.3713287800050316,0.4239336411646427,0.052604861159611105,0.13564814814814813,0.06944444444444438,0.21250000000000002,0.14305555555555566,32.0,32.0,32.0,0.0,32.0,32.0,32.0,0.0,34.311413176032616,34.311413176032616,34.311413176032616,0.0,13.443120448000872,13.443120448000872,13.443120448000872,0.0,0.6869615765973234,0.6869615765973234,0.6869615765973234,0.0,4.014005366391598,4.014005366391598,4.014005366391598,0.0,0.4014005366391597,0.4014005366391597,0.4014005366391597,0.0,7.0,7.0,7.0,0.0
382,58.5,36.25,63.25,27.0,58.5,36.25,63.25,27.0,2.9423169225191144,2.3456399740538356,3.557759167213388,1.2121191931595523,0.29423169225191137,0.23456399740538358,0.3557759167213385,0.12121191931595493,0.09154383376063795,0.07101328903654483,0.10463192721257236,0.03361863817602753,32.0,32.0,32.0,0.0,32.0,32.0,32.0,0.0,34.41809925687455,34.41809925687455,34.41809925687455,0.0,13.424816982760388,13.424816982760388,13.424816982760388,0.0,0.6901856760188042,0.6901856760188042,0.6901856760188042,0.0,3.73629499851372,3.73629499851372,3.73629499851372,0.0,0.3736294998513721,0.3736294998513721,0.3736294998513721,0.0,7.0,7.0,7.0,0.0
383,54.0,30.75,63.75,33.0,54.0,30.75,63.75,33.0,2.950025113589218,2.19232012418489,3.4465069312773204,1.2541868070924305,0.2950025113589218,0.21923201241848905,0.344650693127732,0.12541868070924295,0.12322716286130914,0.08647450110864742,0.16328828828828823,0.07681378717964081,32.0,32.0,32.0,0.0,32.0,32.0,32.0,0.0,34.32934933756728,34.32934933756728,34.32934933756728,0.0,13.393276125498804,13.393276125498804,13.393276125498804,0.0,0.6927819059876479,0.6927819059876479,0.6927819059876479,0.0,4.605898002326107,4.605898002326107,4.605898002326107,0.0,0.4605898002326107,0.4605898002326107,0.4605898002326107,0.0,7.0,7.0,7.0,0.0
384,51.25,10.75,59.5,48.75,51.25,10.75,59.5,48.75,3.268082031895886,2.7627124487587142,3.7628797543988117,1.0001673056400975,0.3268082031895885,0.27627124487587146,0.37628797543988113,0.10001673056400967,0.1260315468914195,0.0698867657466383,0.1431818181818182,0.07329505243517989,32.0,32.0,32.0,0.0,32.0,32.0,32.0,0.0,34.32934933756728,34.32934933756728,34.32934933756728,0.0,13.31905168055811,13.31905168055811,13.31905168055811,0.0,0.6730116670092565,0.6730116670092565,0.6730116670092565,0.0,6.058820584068523,6.058820584068523,6.058820584068523,0.0,0.605882058406852,0.605882058406852,0.605882058406852,0.0,2.0,2.0,2.0,0.0
385,38.75,11.5,64.25,52.75,38.75,11.5,64.25,52.75,3.643535573175751,3.3085512174897564,4.161999875397802,0.8534486579080456,0.3643535573175751,0.33085512174897563,0.41619998753978027,0.08534486579080464,0.07032030895047706,0.06338028169014082,0.09758064516129032,0.034200363471149506,32.0,32.0,32.0,0.0,32.0,32.0,32.0,0.0,34.08582904129685,34.08582904129685,34.08582904129685,0.0,13.367477849663176,13.367477849663176,13.367477849663176,0.0,0.6922542347203888,0.6922542347203888,0.6922542347203888,0.0,4.340727420720722,4.340727420720722,4.340727420720722,0.0,0.4340727420720721,0.4340727420720721,0.4340727420720721,0.0,8.0,8.0,8.0,0.0
386,47.5,9.75,65.25,55.5,47.5,9.75,65.25,55.5,3.2329257026922464,2.9568465822343577,3.899129545423577,0.9422829631892191,0.32329257026922475,0.2956846582234362,0.38991295454235747,0.09422829631892127,0.15873015873015872,0.10317460317460315,0.2111111111111111,0.10793650793650796,32.0,32.0,32.0,0.0,32.0,32.0,32.0,0.0,34.08582904129685,34.08582904129685,34.08582904129685,0.0,13.29260699495597,13.29260699495597,13.29260699495597,0.0,0.6365141682948128,0.6365141682948128,0.6365141682948128,0.0,6.256330582099859,6.256330582099859,6.256330582099859,0.0,0.6256330582099866,0.6256330582099866,0.6256330582099866,0.0,2.0,2.0,2.0,0.0
387,27.25,10.75,35.5,24.75,27.25,10.75,35.5,24.75,3.4698399546461376,2.530564323578681,4.293666963878831,1.7631026403001497,0.34698399546461406,0.2530564323578684,0.4293666963878834,0.17631026403001498,0.14072556162720096,0.08606557377049177,0.1861111111111111,0.10004553734061931,32.0,32.0,32.0,0.0,32.0,32.0,32.0,0.0,34.11212388629048,34.11212388629048,34.11212388629048,0.0,13.251669110496128,13.251669110496128,13.251669110496128,0.0,0.6924611526112329,0.6924611526112329,0.6924611526112329,0.0,3.961342272675912,3.961342272675912,3.961342272675912,0.0,0.3961342272675907,0.3961342272675907,0.3961342272675907,0.0,5.0,5.0,5.0,0.0
388,33.75,31.75,41.0,9.25,33.75,31.75,41.0,9.25,3.5009523027049396,2.769703724721319,4.376787285900274,1.6070835611789551,0.35009523027049394,0.2769703724721321,0.4376787285900273,0.16070835611789525,0.08960720130932895,0.07692307692307687,0.12779596290234588,0.050872885979269006,32.0,32.0,32.0,0.0,32.0,32.0,32.0,0.0,33.80421586923817,33.80421586923817,33.80421586923817,0.0,13.188609085187146,13.188609085187146,13.188609085187146,0.0,0.5004024235381879,0.5004024235381879,0.5004024235381879,0.0,5.409924358737501,5.409924358737501,5.409924358737501,0.0,0.54099243587375,0.54099243587375,0.54099243587375,0.0,4.0,4.0,4.0,0.0
389,48.75,40.25,56.5,16.25,48.75,40.25,56.5,16.25,2.8041472146065085,2.4787523206442676,3.0878883732542857,0.609136052610018,0.28041472146065083,0.2478752320644267,0.3087888373254286,0.060913605261001924,0.12833167989417987,0.08816964285714285,0.1611111111111111,0.07294146825396824,32.0,32.0,32.0,0.0,32.0,32.0,32.0,0.0,33.399134887040226,33.399134887040226,33.399134887040226,0.0,13.18966395099886,13.18966395099886,13.18966395099886,0.0,0.6886051523183013,0.6886051523183013,0.6886051523183013,0.0,3.6813705031877695,3.6813705031877695,3.6813705031877695,0.0,0.3681370503187768,0.3681370503187768,0.3681370503187768,0.0,7.0,7.0,7.0,0.0
390,64.0,20.5,96.5,76.0,64.0,20.5,96.5,76.0,2.516443252216139,2.340122771211681,2.888541998154174,0.5484192269424928,0.25164432522161384,0.23401227712116815,0.2888541998154173,0.05484192269424917,0.06464140534262483,0.03124999999999995,0.10779616724738672,0.07654616724738678,32.0,32.0,32.0,0.0,32.0,32.0,32.0,0.0,33.399134887040226,33.399134887040226,33.399134887040226,0.0,13.122925913026524,13.122925913026524,13.122925913026524,0.0,0.6931471805599453,0.6931471805599453,0.6931471805599453,0.0,5.21009729850383,5.21009729850383,5.21009729850383,0.0,0.5210097298503831,0.5210097298503831,0.5210097298503831,0.0,2.0,2.0,2.0,0.0
391,57.5,32.75,69.75,37.0,57.5,32.75,69.75,37.0,2.862678190797851,1.8296864136142423,3.920149949395686,2.090463535781444,0.28626781907978477,0.18296864136142413,0.392014994939568,0.20904635357814386,0.10131782945736433,0.06395348837209297,0.14,0.07604651162790704,32.0,32.0,32.0,0.0,32.0,32.0,32.0,0.0,33.073975964537546,33.073975964537546,33.073975964537546,0.0,13.108423818176504,13.108423818176504,13.108423818176504,0.0,0.6881388137135884,0.6881388137135884,0.6881388137135884,0.0,3.0156372870683006,3.0156372870683006,3.0156372870683006,0.0,0.3015637287068299,0.3015637287068299,0.3015637287068299,0.0,5.0,5.0,5.0,0.0
392,55.0,31.5,63.0,31.5,55.0,31.5,63.0,31.5,2.8021680592412013,2.3025261562535917,3.193500484575151,0.8909743283215592,0.2802168059241201,0.23025261562535929,0.3193500484575148,0.08909743283215552,0.08654624043640059,0.0755148741418764,0.09595959595959595,0.020444721817719558,32.0,32.0,32.0,0.0,32.0,32.0,32.0,0.0,33.157717474345226,33.157717474345226,33.157717474345226,0.0,13.120680872026911,13.120680872026911,13.120680872026911,0.0,0.6931471805599453,0.6931471805599453,0.6931471805599453,0.0,3.460095436170638,3.460095436170638,3.460095436170638,0.0,0.3460095436170639,0.3460095436170639,0.3460095436170639,0.0,7.0,7.0,7.0,0.0
393,67.75,39.25,80.5,41.25,67.75,39.25,80.5,41.25,2.9066512758956127,2.805577735239959,2.958524380592194,0.1529466453522348,0.2906651275895612,0.2805577735239958,0.29585243805921946,0.015294664535223657,0.1297523041474654,0.11160714285714285,0.1612903225806451,0.04968317972350225,32.0,32.0,32.0,0.0,32.0,32.0,32.0,0.0,33.41745480443588,33.41745480443588,33.41745480443588,0.0,13.161378845462751,13.161378845462751,13.161378845462751,0.0,0.6910645689482917,0.6910645689482917,0.6910645689482917,0.0,5.07612511994446,5.07612511994446,5.07612511994446,0.0,0.507612511994446,0.507612511994446,0.507612511994446,0.0,8.0,8.0,8.0,0.0
394,72.0,34.25,100.25,66.0,72.0,34.25,100.25,66.0,2.5644562783105065,2.297498554383683,2.9730423971899436,0.6755438428062606,0.2564456278310505,0.22974985543836818,0.2973042397189943,0.0675543842806261,0.11520697019265717,0.10722805343511445,0.13571428571428568,0.028486232279171228,32.0,32.0,32.0,0.0,32.0,32.0,32.0,0.0,33.44533315087299,33.44533315087299,33.44533315087299,0.0,13.150156516351249,13.150156516351249,13.150156516351249,0.0,0.6894691997751603,0.6894691997751603,0.6894691997751603,0.0,5.082944469267321,5.082944469267321,5.082944469267321,0.0,0.5082944469267321,0.5082944469267321,0.5082944469267321,0.0,7.0,7.0,7.0,0.0
395,59.75,33.0,71.25,38.25,59.75,33.0,71.25,38.25,2.685274167128163,1.9886222325332799,3.3863110281138873,1.3976887955806074,0.26852741671281627,0.198862223253328,0.3386311028113886,0.13976887955806058,0.11015292295780099,0.09355400696864109,0.12499999999999997,0.03144599303135888,32.0,32.0,32.0,0.0,32.0,32.0,32.0,0.0,33.52707130425714,33.52707130425714,33.52707130425714,0.0,13.16573664814477,13.16573664814477,13.16573664814477,0.0,0.6924611526112329,0.6924611526112329,0.6924611526112329,0.0,3.787757878050004,3.787757878050004,3.787757878050004,0.0,0.3787757878050002,0.3787757878050002,0.3787757878050002,0.0,7.0,7.0,7.0,0.0
396,42.25,9.75,52.0,42.25,42.25,9.75,52.0,42.25,3.1853800291925083,2.4194200161779396,3.8698500123988735,1.450429996220934,0.3185380029192509,0.24194200161779428,0.3869850012398871,0.14504299962209283,0.09154238307843322,0.061983471074380125,0.12643678160919541,0.06445331053481529,32.0,32.0,32.0,0.0,32.0,32.0,32.0,0.0,33.52707130425714,33.52707130425714,33.52707130425714,0.0,13.102803892503715,13.102803892503715,13.102803892503715,0.0,0.6365141682948128,0.6365141682948128,0.6365141682948128,0.0,5.322777859521084,5.322777859521084,5.322777859521084,0.0,0.5322777859521077,0.5322777859521077,0.5322777859521077,0.0,2.0,2.0,2.0,0.0
397,57.25,29.25,72.5,43.25,57.25,29.25,72.5,43.25,2.7134522016823834,2.0081136449899066,3.4896000234810796,1.481486378491173,0.27134522016823837,0.20081136449899065,0.34896000234810803,0.1481486378491174,0.09048248053392655,0.06785317018909898,0.10883620689655167,0.040983036707452694,32.0,32.0,32.0,0.0,32.0,32.0,32.0,0.0,33.390904834223704,33.390904834223704,33.390904834223704,0.0,13.06545773342723,13.06545773342723,13.06545773342723,0.0,0.6791932659915256,0.6791932659915256,0.6791932659915256,0.0,5.271442615883964,5.271442615883964,5.271442615883964,0.0,0.5271442615883964,0.5271442615883964,0.5271442615883964,0.0,7.0,7.0,7.0,0.0
398,43.25,10.0,56.75,46.75,43.25,10.0,56.75,46.75,3.0608099544560234,2.6112848122193264,3.6949233732225117,1.0836385610031853,0.3060809954456025,0.26112848122193266,0.3694923373222512,0.10836385610031851,0.04684296365330848,0.02027027027027025,0.07025862068965517,0.04998835041938492,32.0,32.0,32.0,0.0,32.0,32.0,32.0,0.0,33.390904834223704,33.390904834223704,33.390904834223704,0.0,12.98798334750839,12.98798334750839,12.98798334750839,0.0,0.5004024235381879,0.5004024235381879,0.5004024235381879,0.0,5.059342522694603,5.059342522694603,5.059342522694603,0.0,0.5059342522694603,0.5059342522694603,0.5059342522694603,0.0,3.0,3.0,3.0,0.0
399,41.25,23.5,53.25,29.75,41.25,23.5,53.25,29.75,3.147705479504466,2.975268399584782,3.3060383170899903,0.33076991750520834,0.31477054795044646,0.29752683995847795,0.33060383170899904,0.03307699175052109,0.11196365363032024,0.07621082621082617,0.14239618406285068,0.0661853578520245,32.0,32.0,32.0,0.0,32.0,32.0,32.0,0.0,32.62783372314439,32.62783372314439,32.62783372314439,0.0,13.07632514317356,13.07632514317356,13.07632514317356,0.0,0.6924611526112329,0.6924611526112329,0.6924611526112329,0.0,4.507085223066022,4.507085223066022,4.507085223066022,0.0,0.4507085223066021,0.4507085223066021,0.4507085223066021,0.0,8.0,8.0,8.0,0.0
400,55.0,30.25,61.25,31.0,55.0,30.25,61.25,31.0,2.664189005061034,2.2322808583544025,3.3246955561335243,1.0924146977791218,0.26641890050610323,0.22322808583544013,0.3324695556133521,0.10924146977791199,0.14884150798329898,0.12933642597821696,0.16399572649572644,0.034659300517509484,32.0,32.0,32.0,0.0,32.0,32.0,32.0,0.0,32.62783372314439,32.62783372314439,32.62783372314439,0.0,13.00933940012817,13.00933940012817,13.00933940012817,0.0,0.6172417697303416,0.6172417697303416,0.6172417697303416,0.0,4.286301547520526,4.286301547520526,4.286301547520526,0.0,0.4286301547520523,0.4286301547520523,0.4286301547520523,0.0,4.0,4.0,4.0,0.0
401,59.75,37.5,61.75,24.25,59.75,37.5,61.75,24.25,2.2156079503832524,2.1354010004142188,2.4436562584378123,0.30825525802359355,0.221560795038325,0.213540100041422,0.24436562584378083,0.03082552580235884,0.055901498106661826,0.0466660110149488,0.06140350877192977,0.014737497756980973,32.0,32.0,32.0,0.0,32.0,32.0,32.0,0.0,32.62783372314439,32.62783372314439,32.62783372314439,0.0,13.000158978898888,13.000158978898888,13.000158978898888,0.0,0.6904678087032025,0.6904678087032025,0.6904678087032025,0.0,3.9713672759987872,3.9713672759987872,3.9713672759987872,0.0,0.3971367275998787,0.3971367275998787,0.3971367275998787,0.0,7.0,7.0,7.0,0.0
402,42.0,12.0,43.5,31.5,42.0,12.0,43.5,31.5,3.1114275401378753,2.5171414402352545,3.8339335789975184,1.3167921387622639,0.31114275401378755,0.2517141440235257,0.3833933578997518,0.1316792138762261,0.018939393939393926,0.0,0.018939393939393926,0.018939393939393926,32.0,32.0,32.0,0.0,32.0,32.0,32.0,0.0,32.62783372314439,32.62783372314439,32.62783372314439,0.0,12.935907059095886,12.935907059095886,12.935907059095886,0.0,0.6517565611726531,0.6517565611726531,0.6517565611726531,0.0,4.223359670576576,4.223359670576576,4.223359670576576,0.0,0.4223359670576574,0.4223359670576574,0.4223359670576574,0.0,4.0,4.0,4.0,0.0
403,22.25,9.0,23.25,14.25,22.25,9.0,23.25,14.25,3.7564921299337,3.093454724111794,4.451718028884672,1.358263304772878,0.37564921299336995,0.3093454724111799,0.4451718028884668,0.13582633047728693,0.19090909090909086,0.09999999999999998,0.25757575757575757,0.1575757575757576,32.0,32.0,32.0,0.0,32.0,32.0,32.0,0.0,32.62783372314439,32.62783372314439,32.62783372314439,0.0,12.8646982481701,12.8646982481701,12.8646982481701,0.0,0.5859526183035508,0.5859526183035508,0.5859526183035508,0.0,4.446048289680809,4.446048289680809,4.446048289680809,0.0,0.4446048289680808,0.4446048289680808,0.4446048289680808,0.0,3.0,3.0,3.0,0.0
404,29.0,11.0,46.5,35.5,29.0,11.0,46.5,35.5,3.68904206586764,2.867208511592608,4.505146523212731,1.6379380116201228,0.36890420658676404,0.28672085115926066,0.4505146523212733,0.16379380116201264,0.1126482213438735,0.06521739130434781,0.1818181818181818,0.11660079051383399,32.0,32.0,32.0,0.0,32.0,32.0,32.0,0.0,32.56825541282114,32.56825541282114,32.56825541282114,0.0,12.871893157227811,12.871893157227811,12.871893157227811,0.0,0.6896709283570267,0.6896709283570267,0.6896709283570267,0.0,4.482901303011953,4.482901303011953,4.482901303011953,0.0,0.4482901303011952,0.4482901303011952,0.4482901303011952,0.0,8.0,8.0,8.0,0.0
405,26.25,11.25,34.0,22.75,26.25,11.25,34.0,22.75,3.939349104352531,3.4524509838254946,4.5795137074103875,1.127062723584893,0.39393491043525264,0.34524509838254913,0.45795137074103776,0.11270627235848862,0.08939360447981134,0.0817307692307692,0.09243295019157086,0.010702180960801652,32.0,32.0,32.0,0.0,32.0,32.0,32.0,0.0,31.90937734594323,31.90937734594323,31.90937734594323,0.0,12.91930789826316,12.91930789826316,12.91930789826316,0.0,0.6925525323607232,0.6925525323607232,0.6925525323607232,0.0,3.999342605890399,3.999342605890399,3.999342605890399,0.0,0.3999342605890398,0.3999342605890398,0.3999342605890398,0.0,8.0,8.0,8.0,0.0
406,33.75,11.75,56.0,44.25,33.75,11.75,56.0,44.25,3.2908040640789635,2.416332749570301,4.200000524560689,1.7836677749903882,0.3290804064078965,0.24163327495703033,0.42000005245606925,0.17836677749903893,0.0684523809523809,0.040178571428571376,0.08184523809523803,0.04166666666666665,32.0,32.0,32.0,0.0,32.0,32.0,32.0,0.0,32.01172227272488,32.01172227272488,32.01172227272488,0.0,12.943798521559778,12.943798521559778,12.943798521559778,0.0,0.6925092898114951,0.6925092898114951,0.6925092898114951,0.0,3.413408807202701,3.413408807202701,3.413408807202701,0.0,0.3413408807202701,0.3413408807202701,0.3413408807202701,0.0,7.0,7.0,7.0,0.0
407,30.75,25.75,34.0,8.25,30.75,25.75,34.0,8.25,3.0834154709190384,2.7295698423802803,3.5199277098037802,0.7903578674234999,0.3083415470919039,0.272956984238028,0.3519927709803782,0.07903578674235018,0.19120192307692307,0.180625,0.2004807692307692,0.019855769230769205,32.0,32.0,32.0,0.0,32.0,32.0,32.0,0.0,32.01172227272488,32.01172227272488,32.01172227272488,0.0,12.936234011421522,12.936234011421522,12.936234011421522,0.0,0.6918966592050799,0.6918966592050799,0.6918966592050799,0.0,3.6124370814256026,3.6124370814256026,3.6124370814256026,0.0,0.3612437081425603,0.3612437081425603,0.3612437081425603,0.0,7.0,7.0,7.0,0.0
408,50.25,28.25,73.0,44.75,50.25,28.25,73.0,44.75,3.287434036665794,3.1175877569072328,3.5568697668670426,0.4392820099598098,0.3287434036665794,0.3117587756907232,0.35568697668670424,0.04392820099598105,0.1620578270834025,0.11342710997442451,0.2126623376623376,0.0992352276879131,32.0,32.0,32.0,0.0,32.0,32.0,32.0,0.0,32.02855884074643,32.02855884074643,32.02855884074643,0.0,12.911854927642104,12.911854927642104,12.911854927642104,0.0,0.6816244336247836,0.6816244336247836,0.6816244336247836,0.0,4.453519943215068,4.453519943215068,4.453519943215068,0.0,0.4453519943215068,0.4453519943215068,0.4453519943215068,0.0,7.0,7.0,7.0,0.0
409,50.0,39.75,60.25,20.5,50.0,39.75,60.25,20.5,3.3505648900847036,2.8942445510345216,3.6915417081944013,0.7972971571598797,0.3350564890084704,0.28942445510345194,0.3691541708194404,0.07972971571598847,0.10844337042967178,0.08603896103896103,0.12950279046169455,0.043463829422733524,32.0,32.0,32.0,0.0,32.0,32.0,32.0,0.0,31.878649746360377,31.878649746360377,31.878649746360377,0.0,12.953624075578787,12.953624075578787,12.953624075578787,0.0,0.687396352150425,0.687396352150425,0.687396352150425,0.0,3.9211250317012594,3.9211250317012594,3.9211250317012594,0.0,0.3921125031701259,0.3921125031701259,0.3921125031701259,0.0,8.0,8.0,8.0,0.0
410,79.0,47.25,118.75,71.5,79.0,47.25,118.75,71.5,2.840694608173787,2.153338531974094,3.3773996054104494,1.2240610734363555,0.28406946081737866,0.21533385319740928,0.33773996054104494,0.12240610734363566,0.0949770258980785,0.08662280701754382,0.10108604845446947,0.01446324143692565,32.0,32.0,32.0,0.0,32.0,32.0,32.0,0.0,31.941676899857637,31.941676899857637,31.941676899857637,0.0,13.144075402660182,13.144075402660182,13.144075402660182,0.0,0.6931189141395071,0.6931189141395071,0.6931189141395071,0.0,2.8595159846320266,2.8595159846320266,2.8595159846320266,0.0,0.2859515984632024,0.2859515984632024,0.2859515984632024,0.0,8.0,8.0,8.0,0.0
411,35.75,28.75,43.5,14.75,35.75,28.75,43.5,14.75,2.887893317340179,2.4283124333059143,3.098214298032148,0.6699018647262336,0.288789331734018,0.24283124333059158,0.30982142980321487,0.06699018647262328,0.12813283208020046,0.11071428571428565,0.1403508771929824,0.02963659147869674,32.0,32.0,32.0,0.0,32.0,32.0,32.0,0.0,31.941676899857637,31.941676899857637,31.941676899857637,0.0,13.140892541951246,13.140892541951246,13.140892541951246,0.0,0.6875967375909238,0.6875967375909238,0.6875967375909238,0.0,4.997340156332449,4.997340156332449,4.997340156332449,0.0,0.4997340156332447,0.4997340156332447,0.4997340156332447,0.0,7.0,7.0,7.0,0.0
412,71.0,37.25,99.25,62.0,71.0,37.25,99.25,62.0,2.689620139801664,2.569674961241535,2.9752548330150055,0.40557987177347066,0.2689620139801662,0.2569674961241533,0.2975254833015003,0.04055798717734699,0.11382954378839386,0.1087798432659012,0.13439849624060143,0.02561865297470023,32.0,32.0,32.0,0.0,32.0,32.0,32.0,0.0,31.43460098018621,31.43460098018621,31.43460098018621,0.0,13.297008336723,13.297008336723,13.297008336723,0.0,0.6931471805599453,0.6931471805599453,0.6931471805599453,0.0,3.009584334163131,3.009584334163131,3.009584334163131,0.0,0.3009584334163132,0.3009584334163132,0.3009584334163132,0.0,8.0,8.0,8.0,0.0
413,54.25,43.0,67.25,24.25,54.25,43.0,67.25,24.25,2.545603852674267,2.433397140950696,2.6280578652626447,0.19466072431194892,0.2545603852674265,0.24333971409506963,0.26280578652626413,0.019466072431194498,0.07397600629602377,0.071813725490196,0.07624041952400153,0.004426694033805523,32.0,32.0,32.0,0.0,32.0,32.0,32.0,0.0,31.11694909402401,31.11694909402401,31.11694909402401,0.0,13.356095723856134,13.356095723856134,13.356095723856134,0.0,0.6921443948876715,0.6921443948876715,0.6921443948876715,0.0,4.065025782788408,4.065025782788408,4.065025782788408,0.0,0.4065025782788407,0.4065025782788407,0.4065025782788407,0.0,7.0,7.0,7.0,0.0
414,21.25,19.75,25.5,5.75,21.25,19.75,25.5,5.75,3.1046244513950803,2.812787193924733,3.165232295340079,0.35244510141534624,0.31046244513950816,0.28127871939247356,0.3165232295340078,0.035244510141534235,0.06964573268921093,0.0,0.1348631239935587,0.1348631239935587,32.0,32.0,32.0,0.0,32.0,32.0,32.0,0.0,31.11625970854837,31.11625970854837,31.11625970854837,0.0,13.315497809493348,13.315497809493348,13.315497809493348,0.0,0.6859298002523728,0.6859298002523728,0.6859298002523728,0.0,4.339185714595177,4.339185714595177,4.339185714595177,0.0,0.4339185714595177,0.4339185714595177,0.4339185714595177,0.0,7.0,7.0,7.0,0.0
415,24.25,11.5,35.75,24.25,24.25,11.5,35.75,24.25,3.0999940964111876,2.407343805358373,3.8523582137972294,1.4450144084388565,0.3099994096411189,0.2407343805358374,0.38523582137972323,0.14450144084388583,0.18686035389765662,0.1061692969870875,0.22499999999999995,0.11883070301291244,32.0,32.0,32.0,0.0,32.0,32.0,32.0,0.0,31.11625970854837,31.11625970854837,31.11625970854837,0.0,13.294249526656396,13.294249526656396,13.294249526656396,0.0,0.6862107122427636,0.6862107122427636,0.6862107122427636,0.0,4.089694532395736,4.089694532395736,4.089694532395736,0.0,0.4089694532395734,0.4089694532395734,0.4089694532395734,0.0,7.0,7.0,7.0,0.0
416,31.25,14.75,46.0,31.25,31.25,14.75,46.0,31.25,3.1414308166202987,2.7814747583793267,3.5527754548021404,0.7713006964228137,0.3141430816620298,0.2781474758379326,0.3552775454802138,0.0771300696422812,0.127213266384778,0.0909090909090909,0.15152616279069764,0.06061707188160674,32.0,32.0,32.0,0.0,32.0,32.0,32.0,0.0,31.24897641552277,31.24897641552277,31.24897641552277,0.0,13.31925196381856,13.31925196381856,13.31925196381856,0.0,0.6929818821956966,0.6929818821956966,0.6929818821956966,0.0,3.0958062245085167,3.0958062245085167,3.0958062245085167,0.0,0.3095806224508516,0.3095806224508516,0.3095806224508516,0.0,7.0,7.0,7.0,0.0
417,53.5,30.75,80.25,49.5,53.5,30.75,80.25,49.5,2.8366915326322575,2.3698165474036337,3.101038550924987,0.7312220035213532,0.28366915326322584,0.23698165474036337,0.3101038550924989,0.07312220035213551,0.10374610769347607,0.09307359307359306,0.13201754385964906,0.038943950786056,32.0,32.0,32.0,0.0,32.0,32.0,32.0,0.0,31.08905070806819,31.08905070806819,31.08905070806819,0.0,13.42696501701645,13.42696501701645,13.42696501701645,0.0,0.6921592008280879,0.6921592008280879,0.6921592008280879,0.0,3.4109880594259345,3.4109880594259345,3.4109880594259345,0.0,0.3410988059425934,0.3410988059425934,0.3410988059425934,0.0,8.0,8.0,8.0,0.0
418,30.5,24.75,34.25,9.5,30.5,24.75,34.25,9.5,2.7902318449256462,2.35759138522571,3.092077171253458,0.7344857860277476,0.27902318449256475,0.23575913852257088,0.3092077171253461,0.07344857860277523,0.07735518292682925,0.06269054878048774,0.09125,0.028559451219512255,32.0,32.0,32.0,0.0,32.0,32.0,32.0,0.0,31.08905070806819,31.08905070806819,31.08905070806819,0.0,13.397331821238486,13.397331821238486,13.397331821238486,0.0,0.6923469670899615,0.6923469670899615,0.6923469670899615,0.0,4.072932833113439,4.072932833113439,4.072932833113439,0.0,0.4072932833113441,0.4072932833113441,0.4072932833113441,0.0,6.0,6.0,6.0,0.0
419,48.0,41.5,55.5,14.0,48.0,41.5,55.5,14.0,2.2897443302167475,2.1019681386815754,2.386311275791876,0.2843431371103007,0.2289744330216748,0.2101968138681575,0.23863112757918764,0.02843431371103014,0.06397801544860363,0.05303030303030297,0.0720588235294117,0.019028520499108734,32.0,32.0,32.0,0.0,32.0,32.0,32.0,0.0,31.167949919273887,31.167949919273887,31.167949919273887,0.0,13.37588782101604,13.37588782101604,13.37588782101604,0.0,0.6914160776171183,0.6914160776171183,0.6914160776171183,0.0,3.9353217290312568,3.9353217290312568,3.9353217290312568,0.0,0.3935321729031258,0.3935321729031258,0.3935321729031258,0.0,7.0,7.0,7.0,0.0
420,63.75,35.5,65.75,30.25,63.75,35.5,65.75,30.25,2.3846057711668402,2.1206802348948424,2.757967833121319,0.6372875982264765,0.23846057711668378,0.21206802348948398,0.27579678331213164,0.06372875982264767,0.10606408878971324,0.10014927994380042,0.12295751633986927,0.022808236396068854,32.0,32.0,32.0,0.0,32.0,32.0,32.0,0.0,31.167949919273887,31.167949919273887,31.167949919273887,0.0,13.377409315037877,13.377409315037877,13.377409315037877,0.0,0.6901856760188042,0.6901856760188042,0.6901856760188042,0.0,3.7096741808438014,3.7096741808438014,3.7096741808438014,0.0,0.3709674180843804,0.3709674180843804,0.3709674180843804,0.0,7.0,7.0,7.0,0.0
421,46.0,22.5,71.0,48.5,46.0,22.5,71.0,48.5,2.682508939335821,2.210805634271595,3.045422761134968,0.8346171268633729,0.26825089393358226,0.22108056342715934,0.3045422761134973,0.08346171268633798,0.11028283310892006,0.07792207792207792,0.15677257525083607,0.07885049732875815,32.0,32.0,32.0,0.0,32.0,32.0,32.0,0.0,30.882537556844365,30.882537556844365,30.882537556844365,0.0,13.441227722004648,13.441227722004648,13.441227722004648,0.0,0.6922017029622767,0.6922017029622767,0.6922017029622767,0.0,3.2770461502056496,3.2770461502056496,3.2770461502056496,0.0,0.3277046150205648,0.3277046150205648,0.3277046150205648,0.0,8.0,8.0,8.0,0.0
422,47.0,39.75,62.75,23.0,47.0,39.75,62.75,23.0,2.9733153767438414,2.136496498427113,3.2064183932146704,1.0699218947875573,0.2973315376743841,0.2136496498427112,0.320641839321467,0.1069921894787558,0.10304537662059354,0.07838235294117646,0.12021857923497264,0.041836226293796186,32.0,32.0,32.0,0.0,32.0,32.0,32.0,0.0,31.09414696452178,31.09414696452178,31.09414696452178,0.0,13.461312381881818,13.461312381881818,13.461312381881818,0.0,0.6923469670899615,0.6923469670899615,0.6923469670899615,0.0,3.483778128568661,3.483778128568661,3.483778128568661,0.0,0.3483778128568659,0.3483778128568659,0.3483778128568659,0.0,8.0,8.0,8.0,0.0
423,25.0,10.0,40.0,30.0,25.0,10.0,40.0,30.0,2.9054623987905766,1.9517929605759528,3.8996425306219837,1.947849570046031,0.29054623987905764,0.19517929605759524,0.3899642530621983,0.19478495700460305,0.049999999999999996,0.018750000000000003,0.08125,0.0625,32.0,32.0,32.0,0.0,32.0,32.0,32.0,0.0,31.12760184828157,31.12760184828157,31.12760184828157,0.0,13.459254678378,13.459254678378,13.459254678378,0.0,0.6881388137135884,0.6881388137135884,0.6881388137135884,0.0,3.611273453610653,3.611273453610653,3.611273453610653,0.0,0.3611273453610653,0.3611273453610653,0.3611273453610653,0.0,7.0,7.0,7.0,0.0
424,83.25,37.75,133.0,95.25,83.25,37.75,133.0,95.25,2.140672600744208,1.4103887735538512,2.469703881208624,1.0593151076547727,0.21406726007442076,0.14103887735538487,0.2469703881208623,0.10593151076547744,0.09972528213053478,0.0885135135135135,0.11980551861702127,0.03129200510350777,32.0,32.0,32.0,0.0,32.0,32.0,32.0,0.0,31.49242638765268,31.49242638765268,31.49242638765268,0.0,13.464459384043742,13.464459384043742,13.464459384043742,0.0,0.6820148175994905,0.6820148175994905,0.6820148175994905,0.0,3.3717623230034723,3.3717623230034723,3.3717623230034723,0.0,0.3371762323003474,0.3371762323003474,0.3371762323003474,0.0,7.0,7.0,7.0,0.0
425,110.5,44.5,161.0,116.5,110.5,44.5,161.0,116.5,1.6995546839252342,1.5622124531539163,1.8642744763016366,0.30206202314772024,0.16995546839252326,0.1562212453153916,0.1864274476301635,0.03020620231477189,0.08511554666742885,0.0773535220539828,0.0960896633612528,0.01873614130727,32.0,32.0,32.0,0.0,32.0,32.0,32.0,0.0,31.700086721330536,31.700086721330536,31.700086721330536,0.0,13.482685365721636,13.482685365721636,13.482685365721636,0.0,0.6912717888263618,0.6912717888263618,0.6912717888263618,0.0,2.892483481770795,2.892483481770795,2.892483481770795,0.0,0.2892483481770796,0.2892483481770796,0.2892483481770796,0.0,7.0,7.0,7.0,0.0
426,82.0,30.5,135.0,104.5,82.0,30.5,135.0,104.5,2.317222167157671,1.8177442064197145,2.7330366686396186,0.9152924622199041,0.23172221671576698,0.18177442064197136,0.2733036668639616,0.09152924622199027,0.043076923076923075,0.0,0.08307692307692308,0.08307692307692308,32.0,32.0,32.0,0.0,32.0,32.0,32.0,0.0,31.886223400300658,31.886223400300658,31.886223400300658,0.0,13.467117988501863,13.467117988501863,13.467117988501863,0.0,0.6839884329677817,0.6839884329677817,0.6839884329677817,0.0,3.7396212282669863,3.7396212282669863,3.7396212282669863,0.0,0.3739621228266985,0.3739621228266985,0.3739621228266985,0.0,7.0,7.0,7.0,0.0
427,52.25,33.75,61.0,27.25,52.25,33.75,61.0,27.25,3.0973302861211467,2.741106198286883,3.4580173568688757,0.7169111585819925,0.3097330286121147,0.2741106198286882,0.34580173568688766,0.07169111585819948,0.08464177379748662,0.05357142857142855,0.11895854398382202,0.06538711541239348,32.0,32.0,32.0,0.0,32.0,32.0,32.0,0.0,31.886223400300658,31.886223400300658,31.886223400300658,0.0,13.46621243189495,13.46621243189495,13.46621243189495,0.0,0.686371452146747,0.686371452146747,0.686371452146747,0.0,5.012199319395076,5.012199319395076,5.012199319395076,0.0,0.5012199319395074,0.5012199319395074,0.5012199319395074,0.0,7.0,7.0,7.0,0.0
428,49.25,11.5,67.25,55.75,49.25,11.5,67.25,55.75,2.8882558531549143,2.5317503000742576,3.4263915540064858,0.8946412539322282,0.2888255853154916,0.25317503000742575,0.3426391554006489,0.08946412539322313,0.061901595744680855,0.046875,0.08882978723404256,0.041954787234042556,32.0,32.0,32.0,0.0,32.0,32.0,32.0,0.0,31.886223400300658,31.886223400300658,31.886223400300658,0.0,13.402368363381452,13.402368363381452,13.402368363381452,0.0,0.5004024235381879,0.5004024235381879,0.5004024235381879,0.0,4.999214849111021,4.999214849111021,4.999214849111021,0.0,0.4999214849111024,0.4999214849111024,0.4999214849111024,0.0,4.0,4.0,4.0,0.0
429,22.25,21.0,26.75,5.75,22.25,21.0,26.75,5.75,3.1066961209445236,2.5670527750002847,3.3000617997182706,0.7330090247179859,0.31066961209445243,0.25670527750002825,0.3300061799718276,0.07330090247179932,0.07424992631889182,0.06172413793103447,0.08547008547008544,0.023745947539050974,32.0,32.0,32.0,0.0,32.0,32.0,32.0,0.0,31.886223400300658,31.886223400300658,31.886223400300658,0.0,13.380583228464326,13.380583228464326,13.380583228464326,0.0,0.6901856760188042,0.6901856760188042,0.6901856760188042,0.0,4.287620409248192,4.287620409248192,4.287620409248192,0.0,0.428762040924819,0.428762040924819,0.428762040924819,0.0,5.0,5.0,5.0,0.0
430,69.5,39.0,90.0,51.0,69.5,39.0,90.0,51.0,2.3185014516459286,1.4124194559862233,2.8459857228608305,1.4335662668746072,0.2318501451645927,0.14124194559862235,0.28459857228608276,0.1433566266874604,0.10277777777777776,0.08928571428571427,0.11904761904761903,0.029761904761904753,32.0,32.0,32.0,0.0,32.0,32.0,32.0,0.0,31.886223400300658,31.886223400300658,31.886223400300658,0.0,13.434011466318688,13.434011466318688,13.434011466318688,0.0,0.6931471805599453,0.6931471805599453,0.6931471805599453,0.0,2.434731268861406,2.434731268861406,2.434731268861406,0.0,0.2434731268861406,0.2434731268861406,0.2434731268861406,0.0,5.0,5.0,5.0,0.0
431,47.5,29.5,60.5,31.0,47.5,29.5,60.5,31.0,2.8840498815297284,2.573275486947152,3.1675854934368313,0.5943100064896791,0.28840498815297294,0.2573275486947156,0.316758549343683,0.05943100064896745,0.09880952380952375,0.0702380952380952,0.12792207792207785,0.05768398268398266,32.0,32.0,32.0,0.0,32.0,32.0,32.0,0.0,31.886223400300658,31.886223400300658,31.886223400300658,0.0,13.40128241841616,13.40128241841616,13.40128241841616,0.0,0.6905939864775922,0.6905939864775922,0.6905939864775922,0.0,4.269736142830146,4.269736142830146,4.269736142830146,0.0,0.4269736142830146,0.4269736142830146,0.4269736142830146,0.0,7.0,7.0,7.0,0.0
432,47.0,26.75,64.25,37.5,47.0,26.75,64.25,37.5,2.4851422505659144,2.384062588904702,2.6263034696801895,0.24224088077548744,0.24851422505659143,0.2384062588904703,0.2626303469680189,0.02422408807754861,0.10824112258538486,0.1056712450155073,0.11217948717948716,0.006508242163979855,32.0,32.0,32.0,0.0,32.0,32.0,32.0,0.0,31.886223400300658,31.886223400300658,31.886223400300658,0.0,13.37216940246571,13.37216940246571,13.37216940246571,0.0,0.666278442414676,0.666278442414676,0.666278442414676,0.0,3.434671244518952,3.434671244518952,3.434671244518952,0.0,0.3434671244518951,0.3434671244518951,0.3434671244518951,0.0,5.0,5.0,5.0,0.0
433,26.25,11.0,40.25,29.25,26.25,11.0,40.25,29.25,3.203903871699799,2.51952046431629,3.7445511387595563,1.2250306744432664,0.32039038716997964,0.2519520464316288,0.37445511387595526,0.12250306744432649,0.0718240093240093,0.05113636363636357,0.10023310023310023,0.049096736596736655,32.0,32.0,32.0,0.0,32.0,32.0,32.0,0.0,31.886223400300658,31.886223400300658,31.886223400300658,0.0,13.372726766929093,13.372726766929093,13.372726766929093,0.0,0.6928184134311288,0.6928184134311288,0.6928184134311288,0.0,3.618029406215934,3.618029406215934,3.618029406215934,0.0,0.3618029406215935,0.3618029406215935,0.3618029406215935,0.0,7.0,7.0,7.0,0.0
434,20.5,12.0,22.0,10.0,20.5,12.0,22.0,10.0,3.011403056109541,2.692927152554722,3.2700284889699445,0.5771013364152227,0.3011403056109541,0.26929271525547194,0.3270028488969947,0.057710133641522776,0.01630434782608695,0.0,0.01630434782608695,0.01630434782608695,32.0,32.0,32.0,0.0,32.0,32.0,32.0,0.0,31.886223400300658,31.886223400300658,31.886223400300658,0.0,13.307060442855509,13.307060442855509,13.307060442855509,0.0,0.5402041423888608,0.5402041423888608,0.5402041423888608,0.0,4.370035341652243,4.370035341652243,4.370035341652243,0.0,0.4370035341652242,0.4370035341652242,0.4370035341652242,0.0,3.0,3.0,3.0,0.0
435,35.0,33.75,36.25,2.5,35.0,33.75,36.25,2.5,2.663868645657949,2.4562390080851815,2.744763105194016,0.28852409710883453,0.2663868645657945,0.24562390080851798,0.2744763105194008,0.02885240971088282,0.08503557032968795,0.06838656838656833,0.11274509803921567,0.04435852965264735,32.0,32.0,32.0,0.0,32.0,32.0,32.0,0.0,31.97166712356633,31.97166712356633,31.97166712356633,0.0,13.30497673391747,13.30497673391747,13.30497673391747,0.0,0.6927819059876479,0.6927819059876479,0.6927819059876479,0.0,4.26822656456106,4.26822656456106,4.26822656456106,0.0,0.4268226564561063,0.4268226564561063,0.4268226564561063,0.0,7.0,7.0,7.0,0.0
436,23.25,15.25,30.0,14.75,23.25,15.25,30.0,14.75,2.73517745242159,2.395978543800582,2.868729508116714,0.4727509643161323,0.2735177452421593,0.2395978543800584,0.2868729508116716,0.04727509643161318,0.1317244846656611,0.09615384615384615,0.18790849673202614,0.09175465057818,32.0,32.0,32.0,0.0,32.0,32.0,32.0,0.0,31.97166712356633,31.97166712356633,31.97166712356633,0.0,13.247431556139338,13.247431556139338,13.247431556139338,0.0,0.649248354870898,0.649248354870898,0.649248354870898,0.0,3.9235308754119775,3.9235308754119775,3.9235308754119775,0.0,0.3923530875411979,0.3923530875411979,0.3923530875411979,0.0,5.0,5.0,5.0,0.0
437,58.5,17.5,78.0,60.5,58.5,17.5,78.0,60.5,2.588915911873915,2.2359015878209236,3.0879647644581434,0.8520631766372198,0.2588915911873911,0.22359015878209204,0.3087964764458141,0.08520631766372205,0.12151820610467225,0.10167464114832532,0.14050235478806908,0.03882771363974376,32.0,32.0,32.0,0.0,32.0,32.0,32.0,0.0,32.06819905007524,32.06819905007524,32.06819905007524,0.0,13.273230016120946,13.273230016120946,13.273230016120946,0.0,0.6929818821956966,0.6929818821956966,0.6929818821956966,0.0,4.329453940654793,4.329453940654793,4.329453940654793,0.0,0.4329453940654794,0.4329453940654794,0.4329453940654794,0.0,8.0,8.0,8.0,0.0
438,71.0,25.75,80.75,55.0,71.0,25.75,80.75,55.0,2.4486658357139826,2.2561516484903548,2.785177970702456,0.5290263222121014,0.2448665835713984,0.2256151648490355,0.27851779707024577,0.05290263222121028,0.049107110383706104,0.03440170940170935,0.05393617021276595,0.0195344608110566,32.0,32.0,32.0,0.0,32.0,32.0,32.0,0.0,32.2505752747281,32.2505752747281,32.2505752747281,0.0,13.290568539651408,13.290568539651408,13.290568539651408,0.0,0.6909233093138181,0.6909233093138181,0.6909233093138181,0.0,4.018002278585416,4.018002278585416,4.018002278585416,0.0,0.4018002278585418,0.4018002278585418,0.4018002278585418,0.0,8.0,8.0,8.0,0.0
439,47.5,10.5,53.0,42.5,47.5,10.5,53.0,42.5,2.9284017036551653,2.1531077456351917,3.789938774855515,1.6368310292203234,0.29284017036551635,0.2153107745635191,0.3789938774855508,0.1636831029220317,0.1414214048442236,0.09523809523809523,0.16885295912141549,0.07361486388332025,32.0,32.0,32.0,0.0,32.0,32.0,32.0,0.0,32.2505752747281,32.2505752747281,32.2505752747281,0.0,13.231708380262427,13.231708380262427,13.231708380262427,0.0,0.3488320958430319,0.3488320958430319,0.3488320958430319,0.0,4.774445370904244,4.774445370904244,4.774445370904244,0.0,0.4774445370904249,0.4774445370904249,0.4774445370904249,0.0,2.0,2.0,2.0,0.0
440,18.5,10.75,24.75,14.0,18.5,10.75,24.75,14.0,3.0676160542679534,2.3750146381320802,3.669261093770089,1.2942464556380089,0.3067616054267954,0.23750146381320816,0.36692610937700887,0.1294246455638007,0.11719367588932805,0.06521739130434781,0.18636363636363634,0.12114624505928853,32.0,32.0,32.0,0.0,32.0,32.0,32.0,0.0,32.2505752747281,32.2505752747281,32.2505752747281,0.0,13.187693926761622,13.187693926761622,13.187693926761622,0.0,0.6693279632926454,0.6693279632926454,0.6693279632926454,0.0,3.7804525160086553,3.7804525160086553,3.7804525160086553,0.0,0.3780452516008654,0.3780452516008654,0.3780452516008654,0.0,5.0,5.0,5.0,0.0
441,47.75,9.75,61.0,51.25,47.75,9.75,61.0,51.25,2.7471694452872475,2.2235560667246568,3.3596540740777545,1.1360980073530977,0.27471694452872486,0.22235560667246546,0.335965407407776,0.11360980073531052,0.0975081699346405,0.0716911764705882,0.1236111111111111,0.0519199346405229,32.0,32.0,32.0,0.0,32.0,32.0,32.0,0.0,32.2505752747281,32.2505752747281,32.2505752747281,0.0,13.129691288200169,13.129691288200169,13.129691288200169,0.0,0.5297061990576545,0.5297061990576545,0.5297061990576545,0.0,5.193486820612422,5.193486820612422,5.193486820612422,0.0,0.5193486820612419,0.5193486820612419,0.5193486820612419,0.0,2.0,2.0,2.0,0.0
442,34.5,13.25,40.75,27.5,34.5,13.25,40.75,27.5,3.371993680702589,2.9374410835530145,3.967325317716085,1.0298842341630707,0.33719936807025896,0.2937441083553015,0.39673253177160867,0.10298842341630715,0.07339743589743589,0.057692307692307675,0.0958333333333333,0.038141025641025623,32.0,32.0,32.0,0.0,32.0,32.0,32.0,0.0,32.208585791098685,32.208585791098685,32.208585791098685,0.0,13.244678327610078,13.244678327610078,13.244678327610078,0.0,0.6926036694533748,0.6926036694533748,0.6926036694533748,0.0,3.471564083316671,3.471564083316671,3.471564083316671,0.0,0.3471564083316671,0.3471564083316671,0.3471564083316671,0.0,8.0,8.0,8.0,0.0
443,28.5,19.25,35.25,16.0,28.5,19.25,35.25,16.0,2.9910218698696607,2.634553172249915,3.025860255110664,0.3913070828607488,0.29910218698696617,0.26345531722499127,0.3025860255110666,0.039130708286075344,0.06693404634581102,0.024999999999999974,0.10762032085561495,0.08262032085561496,32.0,32.0,32.0,0.0,32.0,32.0,32.0,0.0,32.129895682128414,32.129895682128414,32.129895682128414,0.0,13.274732056644917,13.274732056644917,13.274732056644917,0.0,0.6929549344838639,0.6929549344838639,0.6929549344838639,0.0,3.898698746589698,3.898698746589698,3.898698746589698,0.0,0.3898698746589696,0.3898698746589696,0.3898698746589696,0.0,8.0,8.0,8.0,0.0
444,25.5,10.0,35.0,25.0,25.5,10.0,35.0,25.0,3.0123256345022393,2.45324082917045,3.4673743750844723,1.0141335459140222,0.30123256345022364,0.24532408291704474,0.34673743750844704,0.1014133545914023,0.1800260247234873,0.17830188679245285,0.2017241379310345,0.02342225113858165,32.0,32.0,32.0,0.0,32.0,32.0,32.0,0.0,32.29547020698561,32.29547020698561,32.29547020698561,0.0,13.308154444893336,13.308154444893336,13.308154444893336,0.0,0.6786591340630184,0.6786591340630184,0.6786591340630184,0.0,3.87750697297704,3.87750697297704,3.87750697297704,0.0,0.3877506972977039,0.3877506972977039,0.3877506972977039,0.0,8.0,8.0,8.0,0.0
445,54.0,17.0,57.5,40.5,54.0,17.0,57.5,40.5,2.744821763655475,2.0523678325767536,3.461718551906866,1.4093507193301122,0.27448217636554756,0.20523678325767516,0.34617185519068694,0.14093507193301177,0.05223042362002565,0.0,0.10405969191270854,0.10405969191270854,32.0,32.0,32.0,0.0,32.0,32.0,32.0,0.0,32.29547020698561,32.29547020698561,32.29547020698561,0.0,13.257781297676756,13.257781297676756,13.257781297676756,0.0,0.6581099875431143,0.6581099875431143,0.6581099875431143,0.0,3.6884235409148647,3.6884235409148647,3.6884235409148647,0.0,0.3688423540914864,0.3688423540914864,0.3688423540914864,0.0,5.0,5.0,5.0,0.0
446,86.0,11.25,145.75,134.5,86.0,11.25,145.75,134.5,2.804491456458611,1.2585464410482683,4.147177097095533,2.8886306560472645,0.28044914564586126,0.12585464410482683,0.41471770970955324,0.2888630656047264,0.11344659226783577,0.06346153846153846,0.15187823834196887,0.08841669988043041,32.0,32.0,32.0,0.0,32.0,32.0,32.0,0.0,33.45671866757889,33.45671866757889,33.45671866757889,0.0,13.585830583475817,13.585830583475817,13.585830583475817,0.0,0.6930263670822564,0.6930263670822564,0.6930263670822564,0.0,2.162889585770879,2.162889585770879,2.162889585770879,0.0,0.2162889585770878,0.2162889585770878,0.2162889585770878,0.0,4.0,4.0,4.0,0.0
447,119.5,34.75,208.25,173.5,119.5,34.75,208.25,173.5,2.329465539513906,1.2761847242758326,3.1606236899434488,1.8844389656676162,0.23294655395139058,0.12761847242758312,0.316062368994345,0.18844389656676186,0.11448183029920372,0.0872948016415868,0.12126696832579183,0.033972166684205024,32.0,32.0,32.0,0.0,32.0,32.0,32.0,0.0,32.504448178816816,32.504448178816816,32.504448178816816,0.0,13.582143654072809,13.582143654072809,13.582143654072809,0.0,0.6710806543560228,0.6710806543560228,0.6710806543560228,0.0,4.166708062821364,4.166708062821364,4.166708062821364,0.0,0.4166708062821364,0.4166708062821364,0.4166708062821364,0.0,8.0,8.0,8.0,0.0
448,108.75,95.0,140.25,45.25,108.75,95.0,140.25,45.25,1.7624024194152528,1.4884924851821961,2.0797477287381128,0.5912552435559166,0.17624024194152527,0.14884924851821973,0.2079747728738111,0.059125524355591375,0.07545674900670535,0.06759225429302153,0.08672439688350693,0.0191321425904854,32.0,32.0,32.0,0.0,32.0,32.0,32.0,0.0,33.47837683769722,33.47837683769722,33.47837683769722,0.0,13.766824362679404,13.766824362679404,13.766824362679404,0.0,0.693035793042558,0.693035793042558,0.693035793042558,0.0,2.99622252808796,2.99622252808796,2.99622252808796,0.0,0.2996222528087959,0.2996222528087959,0.2996222528087959,0.0,9.0,9.0,9.0,0.0
449,74.75,34.0,116.25,82.25,74.75,34.0,116.25,82.25,2.554351266961351,1.964696471237262,3.0435211943905167,1.0788247231532546,0.2554351266961353,0.19646964712372647,0.30435211943905194,0.10788247231532547,0.10283759488165847,0.05966952264381878,0.14560439560439553,0.08593487296057675,32.0,32.0,32.0,0.0,32.0,32.0,32.0,0.0,33.022278103066625,33.022278103066625,33.022278103066625,0.0,13.912164588722725,13.912164588722725,13.912164588722725,0.0,0.6929877333097798,0.6929877333097798,0.6929877333097798,0.0,3.358547155495136,3.358547155495136,3.358547155495136,0.0,0.3358547155495135,0.3358547155495135,0.3358547155495135,0.0,8.0,8.0,8.0,0.0
450,59.75,38.75,65.5,26.75,59.75,38.75,65.5,26.75,2.178567487819961,1.875375047473104,2.6475358350051033,0.7721607875319993,0.21785674878199607,0.18753750474731037,0.26475358350051026,0.07721607875319988,0.0876344707923655,0.05857142857142855,0.11740890688259105,0.0588374783111625,32.0,32.0,32.0,0.0,32.0,32.0,32.0,0.0,34.37383718648767,34.37383718648767,34.37383718648767,0.0,14.072288705619115,14.072288705619115,14.072288705619115,0.0,0.6929877333097798,0.6929877333097798,0.6929877333097798,0.0,2.721155545686773,2.721155545686773,2.721155545686773,0.0,0.2721155545686773,0.2721155545686773,0.2721155545686773,0.0,7.0,7.0,7.0,0.0
451,48.0,35.5,62.0,26.5,48.0,35.5,62.0,26.5,2.567442374528129,2.029792797072439,3.0076144561519085,0.9778216590794693,0.25674423745281305,0.20297927970724391,0.300761445615191,0.09778216590794711,0.10152337858220206,0.07838235294117646,0.11442307692307688,0.03604072398190042,32.0,32.0,32.0,0.0,32.0,32.0,32.0,0.0,33.141179507164615,33.141179507164615,33.141179507164615,0.0,14.118386481941904,14.118386481941904,14.118386481941904,0.0,0.6881388137135884,0.6881388137135884,0.6881388137135884,0.0,4.709294855694581,4.709294855694581,4.709294855694581,0.0,0.4709294855694578,0.4709294855694578,0.4709294855694578,0.0,7.0,7.0,7.0,0.0
452,93.5,53.5,135.5,82.0,93.5,53.5,135.5,82.0,2.313284203135084,1.5429190817829088,2.7406492522434913,1.1977301704605825,0.23132842031350864,0.15429190817829086,0.27406492522434944,0.11977301704605858,0.07207205806332115,0.0609756097560975,0.10321744304658276,0.04224183329048526,32.0,32.0,32.0,0.0,32.0,32.0,32.0,0.0,33.301703979832766,33.301703979832766,33.301703979832766,0.0,14.157595918670111,14.157595918670111,14.157595918670111,0.0,0.6914160776171183,0.6914160776171183,0.6914160776171183,0.0,3.5407694298950845,3.5407694298950845,3.5407694298950845,0.0,0.3540769429895081,0.3540769429895081,0.3540769429895081,0.0,8.0,8.0,8.0,0.0
453,58.75,11.5,76.25,64.75,58.75,11.5,76.25,64.75,3.1638629963321536,2.413173544047043,3.987414667354389,1.574241123307346,0.3163862996332155,0.24131735440470417,0.39874146673543925,0.15742411233073508,0.08781567300182243,0.032608695652173905,0.13083832335329337,0.09822962770111947,32.0,32.0,32.0,0.0,32.0,32.0,32.0,0.0,33.82672487722482,33.82672487722482,33.82672487722482,0.0,14.40647893107195,14.40647893107195,14.40647893107195,0.0,0.693129252237378,0.693129252237378,0.693129252237378,0.0,2.440931531987709,2.440931531987709,2.440931531987709,0.0,0.2440931531987709,0.2440931531987709,0.2440931531987709,0.0,8.0,8.0,8.0,0.0
454,45.25,10.75,57.0,46.25,45.25,10.75,57.0,46.25,2.87215447041427,2.4617360391361904,3.4941085977138773,1.0323725585776868,0.28721544704142715,0.24617360391361917,0.34941085977138786,0.10323725585776869,0.09586834733893555,0.06617647058823525,0.12142857142857141,0.05525210084033616,32.0,32.0,32.0,0.0,32.0,32.0,32.0,0.0,33.82672487722482,33.82672487722482,33.82672487722482,0.0,14.329368934420147,14.329368934420147,14.329368934420147,0.0,0.6108643020548935,0.6108643020548935,0.6108643020548935,0.0,7.709159796338617,7.709159796338617,7.709159796338617,0.0,0.7709159796338616,0.7709159796338616,0.7709159796338616,0.0,2.0,2.0,2.0,0.0
455,64.25,44.25,75.0,30.75,64.25,44.25,75.0,30.75,2.4872145188341737,1.890479511952206,2.7187495742021266,0.8282700622499206,0.24872145188341743,0.18904795119522055,0.2718749574202129,0.08282700622499234,0.1256313131313131,0.08030303030303022,0.14431818181818173,0.06401515151515151,32.0,32.0,32.0,0.0,32.0,32.0,32.0,0.0,33.49365363688626,33.49365363688626,33.49365363688626,0.0,14.256906411077,14.256906411077,14.256906411077,0.0,0.6365141682948128,0.6365141682948128,0.6365141682948128,0.0,6.383204694557002,6.383204694557002,6.383204694557002,0.0,0.6383204694557002,0.6383204694557002,0.6383204694557002,0.0,5.0,5.0,5.0,0.0
456,37.5,32.5,49.5,17.0,37.5,32.5,49.5,17.0,2.9710435532258566,2.687279140411158,3.1218495800424035,0.43457043963124553,0.29710435532258567,0.26872791404111557,0.31218495800424045,0.043457043963124886,0.10472188875550217,0.0954081632653061,0.10931372549019608,0.013905562224889978,32.0,32.0,32.0,0.0,32.0,32.0,32.0,0.0,33.49365363688626,33.49365363688626,33.49365363688626,0.0,14.176077933393849,14.176077933393849,14.176077933393849,0.0,0.6108643020548935,0.6108643020548935,0.6108643020548935,0.0,6.442894046642508,6.442894046642508,6.442894046642508,0.0,0.644289404664251,0.644289404664251,0.644289404664251,0.0,3.0,3.0,3.0,0.0
457,70.75,9.75,131.0,121.25,70.75,9.75,131.0,121.25,2.642234510317038,1.4795307444472716,3.6058712752323387,2.1263405307850674,0.2642234510317038,0.14795307444472697,0.3605871275232336,0.2126340530785066,0.1013490241102181,0.055970149253731276,0.14807692307692302,0.09210677382319174,32.0,32.0,32.0,0.0,32.0,32.0,32.0,0.0,33.82494668825672,33.82494668825672,33.82494668825672,0.0,14.37056693812503,14.37056693812503,14.37056693812503,0.0,0.693035793042558,0.693035793042558,0.693035793042558,0.0,3.140228098590035,3.140228098590035,3.140228098590035,0.0,0.3140228098590039,0.3140228098590039,0.3140228098590039,0.0,9.0,9.0,9.0,0.0
458,63.25,49.5,72.25,22.75,63.25,49.5,72.25,22.75,2.273210104289178,2.0382243487360006,2.538876944521507,0.5006525957855064,0.2273210104289179,0.20382243487360016,0.25388769445215065,0.050065259578550486,0.08991104478027326,0.07112068965517238,0.10509987893462462,0.033979189279452246,32.0,32.0,32.0,0.0,32.0,32.0,32.0,0.0,33.43854721147685,33.43854721147685,33.43854721147685,0.0,14.385391374607629,14.385391374607629,14.385391374607629,0.0,0.6925525323607232,0.6925525323607232,0.6925525323607232,0.0,4.070621990422611,4.070621990422611,4.070621990422611,0.0,0.4070621990422611,0.4070621990422611,0.4070621990422611,0.0,8.0,8.0,8.0,0.0
459,31.25,16.0,38.25,22.25,31.25,16.0,38.25,22.25,3.268541324069575,2.9904390605258455,3.4413778522042606,0.4509387916784151,0.3268541324069575,0.2990439060525839,0.34413778522042593,0.04509387916784202,0.08210835058661142,0.06746031746031741,0.10036231884057971,0.032902001380262294,32.0,32.0,32.0,0.0,32.0,32.0,32.0,0.0,33.62614615867351,33.62614615867351,33.62614615867351,0.0,14.341668433296988,14.341668433296988,14.341668433296988,0.0,0.6931471805599453,0.6931471805599453,0.6931471805599453,0.0,4.165111674740291,4.165111674740291,4.165111674740291,0.0,0.4165111674740286,0.4165111674740286,0.4165111674740286,0.0,5.0,5.0,5.0,0.0
460,66.25,31.25,89.5,58.25,66.25,31.25,89.5,58.25,2.5334282174845555,2.0934859547812157,2.9267409502202026,0.833254995438987,0.25334282174845574,0.20934859547812174,0.2926740950220206,0.08332549954389884,0.05033539731682142,0.022058823529411725,0.07631578947368414,0.054256965944272414,32.0,32.0,32.0,0.0,32.0,32.0,32.0,0.0,33.93814590498435,33.93814590498435,33.93814590498435,0.0,14.308377663038671,14.308377663038671,14.308377663038671,0.0,0.6774944044487072,0.6774944044487072,0.6774944044487072,0.0,3.9588103740099,3.9588103740099,3.9588103740099,0.0,0.3958810374009899,0.3958810374009899,0.3958810374009899,0.0,7.0,7.0,7.0,0.0
461,43.5,10.0,58.5,48.5,43.5,10.0,58.5,48.5,3.0727558714563488,2.031622927655285,4.151123602177399,2.1195006745221137,0.30727558714563424,0.20316229276552825,0.4151123602177389,0.21195006745221065,0.0682017543859649,0.037500000000000006,0.10570175438596491,0.0682017543859649,32.0,32.0,32.0,0.0,32.0,32.0,32.0,0.0,34.18439807907433,34.18439807907433,34.18439807907433,0.0,14.441030088599286,14.441030088599286,14.441030088599286,0.0,0.6929932791588755,0.6929932791588755,0.6929932791588755,0.0,3.0301566297056985,3.0301566297056985,3.0301566297056985,0.0,0.3030156629705697,0.3030156629705697,0.3030156629705697,0.0,7.0,7.0,7.0,0.0
462,54.0,18.25,74.75,56.5,54.0,18.25,74.75,56.5,2.4599438498995565,1.979564367442983,2.8353460817231473,0.8557817142801643,0.24599438498995546,0.19795643674429814,0.2835346081723145,0.08557817142801638,0.0812783912907268,0.052920386904761904,0.10570175438596491,0.052781367481203004,32.0,32.0,32.0,0.0,32.0,32.0,32.0,0.0,34.05877321541908,34.05877321541908,34.05877321541908,0.0,14.45224303746199,14.45224303746199,14.45224303746199,0.0,0.689294893666163,0.689294893666163,0.689294893666163,0.0,4.070469583078753,4.070469583078753,4.070469583078753,0.0,0.4070469583078753,0.4070469583078753,0.4070469583078753,0.0,8.0,8.0,8.0,0.0
463,82.0,30.25,134.75,104.5,82.0,30.25,134.75,104.5,1.9007885874530448,1.2820712822945852,2.46553023771143,1.1834589554168446,0.19007885874530459,0.12820712822945862,0.2465530237711428,0.11834589554168418,0.0924885813626925,0.07991071428571428,0.10123653665167832,0.021325822365964045,32.0,32.0,32.0,0.0,32.0,32.0,32.0,0.0,34.14275831990186,34.14275831990186,34.14275831990186,0.0,14.440853090539546,14.440853090539546,14.440853090539546,0.0,0.6894691997751603,0.6894691997751603,0.6894691997751603,0.0,4.251577718022343,4.251577718022343,4.251577718022343,0.0,0.4251577718022344,0.4251577718022344,0.4251577718022344,0.0,7.0,7.0,7.0,0.0
464,70.5,19.75,120.25,100.5,70.5,19.75,120.25,100.5,2.410926378780646,1.9607349259811466,2.635139815674659,0.6744048896935124,0.24109263787806468,0.19607349259811474,0.26351398156746636,0.06744048896935162,0.05562232981253733,0.04525862068965517,0.0781301078783916,0.03287148718873643,32.0,32.0,32.0,0.0,32.0,32.0,32.0,0.0,34.14275831990186,34.14275831990186,34.14275831990186,0.0,14.36338276078764,14.36338276078764,14.36338276078764,0.0,0.6931471805599453,0.6931471805599453,0.6931471805599453,0.0,6.082554208471011,6.082554208471011,6.082554208471011,0.0,0.6082554208471014,0.6082554208471014,0.6082554208471014,0.0,2.0,2.0,2.0,0.0
465,62.75,21.5,72.75,51.25,62.75,21.5,72.75,51.25,2.6941296749314807,2.34927829337525,3.2223500069229365,0.8730717135476866,0.26941296749314786,0.23492782933752482,0.3222350006922935,0.08730717135476868,0.1466132781877652,0.1055367231638418,0.1668660287081339,0.06132930554429211,32.0,32.0,32.0,0.0,32.0,32.0,32.0,0.0,33.8738323654509,33.8738323654509,33.8738323654509,0.0,14.31722048867758,14.31722048867758,14.31722048867758,0.0,0.6730116670092565,0.6730116670092565,0.6730116670092565,0.0,3.898194401544584,3.898194401544584,3.898194401544584,0.0,0.3898194401544587,0.3898194401544587,0.3898194401544587,0.0,6.0,6.0,6.0,0.0
466,49.25,21.5,56.25,34.75,49.25,21.5,56.25,34.75,2.7317066014194538,1.8864905444848676,3.7699776017371573,1.8834870572522897,0.2731706601419453,0.1886490544484864,0.37699776017371567,0.18834870572522927,0.10038032945736433,0.06395348837209297,0.1571875,0.09323401162790704,32.0,32.0,32.0,0.0,32.0,32.0,32.0,0.0,33.78934033997556,33.78934033997556,33.78934033997556,0.0,14.25411704599391,14.25411704599391,14.25411704599391,0.0,0.6554817739013927,0.6554817739013927,0.6554817739013927,0.0,5.358303659711811,5.358303659711811,5.358303659711811,0.0,0.5358303659711808,0.5358303659711808,0.5358303659711808,0.0,4.0,4.0,4.0,0.0
467,53.75,21.75,81.0,59.25,53.75,21.75,81.0,59.25,3.0725993078625633,2.6043765906494487,3.351437437123498,0.7470608464740494,0.307259930786256,0.26043765906494476,0.33514374371234934,0.07470608464740458,0.18732193732193728,0.09722222222222218,0.25641025641025633,0.15918803418803415,32.0,32.0,32.0,0.0,32.0,32.0,32.0,0.0,33.71978253937311,33.71978253937311,33.71978253937311,0.0,14.214668841316271,14.214668841316271,14.214668841316271,0.0,0.6172417697303416,0.6172417697303416,0.6172417697303416,0.0,4.1192725186600585,4.1192725186600585,4.1192725186600585,0.0,0.4119272518660062,0.4119272518660062,0.4119272518660062,0.0,7.0,7.0,7.0,0.0
468,55.25,9.75,71.5,61.75,55.25,9.75,71.5,61.75,3.055847049770252,2.314783701395064,3.9310434264800023,1.6162597250849382,0.30558470497702545,0.23147837013950673,0.3931043426480004,0.1616259725084937,0.07532242063492062,0.05357142857142855,0.11302083333333332,0.05944940476190477,32.0,32.0,32.0,0.0,32.0,32.0,32.0,0.0,33.71978253937311,33.71978253937311,33.71978253937311,0.0,14.141565503651004,14.141565503651004,14.141565503651004,0.0,0.5297061990576545,0.5297061990576545,0.5297061990576545,0.0,5.614305519348187,5.614305519348187,5.614305519348187,0.0,0.5614305519348192,0.5614305519348192,0.5614305519348192,0.0,2.0,2.0,2.0,0.0
469,102.0,97.0,126.5,29.5,102.0,97.0,126.5,29.5,1.6837850366746632,1.3742190322345469,2.042117992421153,0.6678989601866061,0.16837850366746643,0.1374219032234545,0.20421179924211547,0.06678989601866098,0.10749915035826554,0.10436432637571155,0.1224422243620606,0.018077897986349054,32.0,32.0,32.0,0.0,32.0,32.0,32.0,0.0,33.62140227110303,33.62140227110303,33.62140227110303,0.0,14.101368754120823,14.101368754120823,14.101368754120823,0.0,0.667431707658747,0.667431707658747,0.667431707658747,0.0,3.3730044251214366,3.3730044251214366,3.3730044251214366,0.0,0.3373004425121435,0.3373004425121435,0.3373004425121435,0.0,5.0,5.0,5.0,0.0
470,15.25,9.75,16.0,6.25,15.25,9.75,16.0,6.25,4.223655440373243,3.756625311057706,4.62957004302369,0.8729447319659838,0.4223655440373239,0.3756625311057704,0.4629570043023682,0.08729447319659778,0.12974910394265232,0.07258064516129031,0.20555555555555555,0.13297491039426523,32.0,32.0,32.0,0.0,32.0,32.0,32.0,0.0,33.62140227110303,33.62140227110303,33.62140227110303,0.0,14.035986916132131,14.035986916132131,14.035986916132131,0.0,0.5859526183035508,0.5859526183035508,0.5859526183035508,0.0,4.932053982441967,4.932053982441967,4.932053982441967,0.0,0.4932053982441963,0.4932053982441963,0.4932053982441963,0.0,4.0,4.0,4.0,0.0
471,57.25,19.0,68.25,49.25,57.25,19.0,68.25,49.25,2.4954721986779687,1.9116387447655754,2.824414659003065,0.9127759142374896,0.24954721986779702,0.19116387447655764,0.2824414659003067,0.09127759142374908,0.11425476211970748,0.0773336643495531,0.15227272727272723,0.07493906292317412,32.0,32.0,32.0,0.0,32.0,32.0,32.0,0.0,33.67927251735262,33.67927251735262,33.67927251735262,0.0,14.012482976204032,14.012482976204032,14.012482976204032,0.0,0.6581099875431143,0.6581099875431143,0.6581099875431143,0.0,3.326559411124195,3.326559411124195,3.326559411124195,0.0,0.3326559411124192,0.3326559411124192,0.3326559411124192,0.0,7.0,7.0,7.0,0.0
472,31.5,31.0,39.0,8.0,31.5,31.0,39.0,8.0,3.116716649458518,2.6137377714188745,3.600655503270759,0.9869177318518845,0.31167166494585175,0.26137377714188725,0.3600655503270759,0.09869177318518862,0.07118758434547905,0.038461538461538394,0.11099865047233465,0.07253711201079625,32.0,32.0,32.0,0.0,32.0,32.0,32.0,0.0,33.67927251735262,33.67927251735262,33.67927251735262,0.0,13.945990355546034,13.945990355546034,13.945990355546034,0.0,0.5004024235381879,0.5004024235381879,0.5004024235381879,0.0,4.870570033961303,4.870570033961303,4.870570033961303,0.0,0.4870570033961306,0.4870570033961306,0.4870570033961306,0.0,4.0,4.0,4.0,0.0
473,72.75,34.25,106.5,72.25,72.75,34.25,106.5,72.25,2.4439937412722097,1.8064899943994677,3.2548019408804896,1.448311946481022,0.2443993741272209,0.18064899943994664,0.325480194088049,0.14483119464810237,0.08997699257007764,0.06382978723404255,0.13467261904761899,0.07084283181357644,32.0,32.0,32.0,0.0,32.0,32.0,32.0,0.0,33.62140227110303,33.62140227110303,33.62140227110303,0.0,13.944333597359806,13.944333597359806,13.944333597359806,0.0,0.6748952737438281,0.6748952737438281,0.6748952737438281,0.0,3.1018590281399376,3.1018590281399376,3.1018590281399376,0.0,0.3101859028139939,0.3101859028139939,0.3101859028139939,0.0,7.0,7.0,7.0,0.0
474,97.0,55.0,131.0,76.0,97.0,55.0,131.0,76.0,2.1491469659687095,1.7049189458861134,2.729908507549125,1.0249895616630116,0.21491469659687082,0.17049189458861128,0.27299085075491236,0.10249895616630109,0.11935812682855632,0.08220066403818214,0.1456043956043956,0.06340373156621344,32.0,32.0,32.0,0.0,32.0,32.0,32.0,0.0,33.81730963743442,33.81730963743442,33.81730963743442,0.0,13.953843578926802,13.953843578926802,13.953843578926802,0.0,0.666278442414676,0.666278442414676,0.666278442414676,0.0,4.492329582474983,4.492329582474983,4.492329582474983,0.0,0.4492329582474981,0.4492329582474981,0.4492329582474981,0.0,8.0,8.0,8.0,0.0
475,83.25,47.75,120.5,72.75,83.25,47.75,120.5,72.75,2.2508051670966087,1.9376052457418034,2.465773263650119,0.5281680179083157,0.2250805167096609,0.19376052457418033,0.24657732636501198,0.05281680179083165,0.060475976276156175,0.04298280687724905,0.07208333333333332,0.02910052645608427,32.0,32.0,32.0,0.0,32.0,32.0,32.0,0.0,33.62653780037053,33.62653780037053,33.62653780037053,0.0,13.982783502608951,13.982783502608951,13.982783502608951,0.0,0.6931471805599453,0.6931471805599453,0.6931471805599453,0.0,3.070059837628154,3.070059837628154,3.070059837628154,0.0,0.3070059837628156,0.3070059837628156,0.3070059837628156,0.0,7.0,7.0,7.0,0.0
476,50.75,16.0,70.25,54.25,50.75,16.0,70.25,54.25,2.707983781056666,2.2322613885898845,3.2012317357197633,0.9689703471298787,0.2707983781056665,0.22322613885898818,0.32012317357197617,0.096897034712988,0.0799412310547479,0.07500000000000001,0.10821991957933805,0.033219919579338036,32.0,32.0,32.0,0.0,32.0,32.0,32.0,0.0,33.62653780037053,33.62653780037053,33.62653780037053,0.0,13.929926486050974,13.929926486050974,13.929926486050974,0.0,0.5908422462755826,0.5908422462755826,0.5908422462755826,0.0,3.5629177651491157,3.5629177651491157,3.5629177651491157,0.0,0.3562917765149114,0.3562917765149114,0.3562917765149114,0.0,4.0,4.0,4.0,0.0
477,104.5,74.5,131.5,57.0,104.5,74.5,131.5,57.0,1.8045064509452202,1.482119997996858,2.127037807647831,0.6449178096509729,0.18045064509452202,0.14821199979968575,0.21270378076478302,0.06449178096509728,0.09661751467962612,0.07904672015101458,0.1062285829469865,0.02718186279597193,32.0,32.0,32.0,0.0,32.0,32.0,32.0,0.0,33.576194150549085,33.576194150549085,33.576194150549085,0.0,14.005930419285184,14.005930419285184,14.005930419285184,0.0,0.6904678087032025,0.6904678087032025,0.6904678087032025,0.0,3.6390171823698583,3.6390171823698583,3.6390171823698583,0.0,0.3639017182369859,0.3639017182369859,0.3639017182369859,0.0,8.0,8.0,8.0,0.0
478,111.75,43.25,171.5,128.25,111.75,43.25,171.5,128.25,1.9658915492022395,1.4179022957345095,2.5265677753400224,1.1086654796055129,0.19658915492022416,0.14179022957345105,0.2526567775340024,0.11086654796055134,0.092351730688054,0.06917475728155334,0.13179347826086954,0.0626187209793162,32.0,32.0,32.0,0.0,32.0,32.0,32.0,0.0,33.76922347462671,33.76922347462671,33.76922347462671,0.0,14.027618023704568,14.027618023704568,14.027618023704568,0.0,0.6893616831435102,0.6893616831435102,0.6893616831435102,0.0,4.157987444250566,4.157987444250566,4.157987444250566,0.0,0.4157987444250566,0.4157987444250566,0.4157987444250566,0.0,6.0,6.0,6.0,0.0
479,115.75,97.0,144.75,47.75,115.75,97.0,144.75,47.75,1.9251525306541863,1.574607451522986,2.192141707709116,0.6175342561861301,0.1925152530654186,0.1574607451522986,0.21921417077091157,0.06175342561861297,0.11121712228269602,0.06647334147334145,0.12444113263785392,0.057967791164512464,32.0,32.0,32.0,0.0,32.0,32.0,32.0,0.0,34.367781769718064,34.367781769718064,34.367781769718064,0.0,14.335108351512792,14.335108351512792,14.335108351512792,0.0,0.6899944580334814,0.6899944580334814,0.6899944580334814,0.0,2.473766856019985,2.473766856019985,2.473766856019985,0.0,0.2473766856019985,0.2473766856019985,0.2473766856019985,0.0,8.0,8.0,8.0,0.0
480,93.75,61.75,125.5,63.75,93.75,61.75,125.5,63.75,2.2004236214821598,1.6726406034234627,2.6206663520531053,0.9480257486296426,0.22004236214821588,0.167264060342346,0.2620666352053106,0.09480257486296459,0.09622709739633553,0.07301387137452703,0.1156674208144796,0.04265354943995257,32.0,32.0,32.0,0.0,32.0,32.0,32.0,0.0,34.046846147996064,34.046846147996064,34.046846147996064,0.0,14.342960821288171,14.342960821288171,14.342960821288171,0.0,0.6901856760188042,0.6901856760188042,0.6901856760188042,0.0,4.8233090521781445,4.8233090521781445,4.8233090521781445,0.0,0.4823309052178145,0.4823309052178145,0.4823309052178145,0.0,7.0,7.0,7.0,0.0
481,96.25,10.0,177.25,167.25,96.25,10.0,177.25,167.25,3.063018700651361,1.2940498263320654,4.849510017494708,3.555460191162643,0.30630187006513604,0.12940498263320654,0.4849510017494712,0.35554601911626466,0.10851608627545485,0.09572538860103626,0.1127906976744186,0.017065309073382343,33.0,33.0,33.0,0.0,33.0,33.0,33.0,0.0,35.844462377743945,35.844462377743945,35.844462377743945,0.0,14.226473486021836,14.226473486021836,14.226473486021836,0.0,0.6882935552322021,0.6882935552322021,0.6882935552322021,0.0,2.632515720060776,2.632515720060776,2.632515720060776,0.0,0.2632515720060775,0.2632515720060775,0.2632515720060775,0.0,10.0,10.0,10.0,0.0
482,32.5,12.0,44.0,32.0,32.5,12.0,44.0,32.0,3.1676427954419104,2.5778260262758694,3.4137187214974376,0.8358926952215682,0.31676427954419123,0.2577826026275871,0.34137187214974374,0.08358926952215662,0.11020409549821311,0.10256410256410256,0.12201907790143082,0.019454975337328262,33.0,33.0,33.0,0.0,33.0,33.0,33.0,0.0,35.844462377743945,35.844462377743945,35.844462377743945,0.0,14.151775766873923,14.151775766873923,14.151775766873923,0.0,0.6901856760188042,0.6901856760188042,0.6901856760188042,0.0,6.539003936028248,6.539003936028248,6.539003936028248,0.0,0.6539003936028246,0.6539003936028246,0.6539003936028246,0.0,3.0,3.0,3.0,0.0
483,70.5,10.75,125.25,114.5,70.5,10.75,125.25,114.5,2.82588549931685,1.810762864847229,3.950116803595116,2.1393539387478873,0.2825885499316847,0.18107628648472268,0.39501168035951134,0.21393539387478866,0.12329142488716954,0.09450354609929078,0.14545454545454542,0.05095099935525464,33.0,33.0,33.0,0.0,33.0,33.0,33.0,0.0,35.57118299666232,35.57118299666232,35.57118299666232,0.0,14.077932185077293,14.077932185077293,14.077932185077293,0.0,0.6554817739013927,0.6554817739013927,0.6554817739013927,0.0,6.394413126537064,6.394413126537064,6.394413126537064,0.0,0.6394413126537065,0.6394413126537065,0.6394413126537065,0.0,3.0,3.0,3.0,0.0
484,83.0,28.75,138.75,110.0,83.0,28.75,138.75,110.0,2.725069692517098,1.5477743589495518,3.5424931894139453,1.9947188304643935,0.27250696925171025,0.15477743589495535,0.3542493189413952,0.19947188304643987,0.10350558133701238,0.09552238805970148,0.11512605042016799,0.01960366236046651,33.0,33.0,33.0,0.0,33.0,33.0,33.0,0.0,35.61822088488721,35.61822088488721,35.61822088488721,0.0,14.253982695083463,14.253982695083463,14.253982695083463,0.0,0.6840977964176764,0.6840977964176764,0.6840977964176764,0.0,3.184478512433194,3.184478512433194,3.184478512433194,0.0,0.3184478512433194,0.3184478512433194,0.3184478512433194,0.0,10.0,10.0,10.0,0.0
485,50.75,21.75,63.0,41.25,50.75,21.75,63.0,41.25,2.9170842007863866,2.439540722684076,3.2265124177854174,0.7869716951013412,0.29170842007863845,0.2439540722684073,0.3226512417785415,0.0786971695101342,0.06951597655511435,0.048780487804878,0.09976744186046504,0.05098695405558704,33.0,33.0,33.0,0.0,33.0,33.0,33.0,0.0,34.51657547833957,34.51657547833957,34.51657547833957,0.0,14.237808524488967,14.237808524488967,14.237808524488967,0.0,0.686371452146747,0.686371452146747,0.686371452146747,0.0,4.7226100120265455,4.7226100120265455,4.7226100120265455,0.0,0.4722610012026547,0.4722610012026547,0.4722610012026547,0.0,7.0,7.0,7.0,0.0
486,31.25,23.25,43.0,19.75,31.25,23.25,43.0,19.75,3.0189505168021507,2.7281338639043033,3.255541647881021,0.5274077839767175,0.3018950516802149,0.27281338639043023,0.3255541647881018,0.05274077839767155,0.09270025839793278,0.0581395348837209,0.12499999999999997,0.06686046511627908,33.0,33.0,33.0,0.0,33.0,33.0,33.0,0.0,34.902029385464054,34.902029385464054,34.902029385464054,0.0,14.219015130569865,14.219015130569865,14.219015130569865,0.0,0.686371452146747,0.686371452146747,0.686371452146747,0.0,4.90750212129647,4.90750212129647,4.90750212129647,0.0,0.4907502121296469,0.4907502121296469,0.4907502121296469,0.0,8.0,8.0,8.0,0.0
487,29.25,10.5,39.75,29.25,29.25,10.5,39.75,29.25,3.972956384751555,3.531992332099118,4.403758284297224,0.871765952198106,0.39729563847515587,0.35319923320991187,0.4403758284297229,0.08717659521981103,0.059547083740632126,0.022727272727272724,0.1003584229390681,0.07763115021179538,33.0,33.0,33.0,0.0,33.0,33.0,33.0,0.0,34.9477060466909,34.9477060466909,34.9477060466909,0.0,14.161948941512128,14.161948941512128,14.161948941512128,0.0,0.5859526183035508,0.5859526183035508,0.5859526183035508,0.0,6.087278209928777,6.087278209928777,6.087278209928777,0.0,0.6087278209928777,0.6087278209928777,0.6087278209928777,0.0,4.0,4.0,4.0,0.0
488,56.0,22.75,64.75,42.0,56.0,22.75,64.75,42.0,2.90293133897466,2.602721707410941,3.303054420400353,0.7003327129894119,0.29029313389746625,0.2602721707410943,0.33030544204003554,0.07003327129894121,0.12412006377238163,0.08101851851851848,0.1543046357615894,0.07328611724307092,33.0,33.0,33.0,0.0,33.0,33.0,33.0,0.0,34.940316030047214,34.940316030047214,34.940316030047214,0.0,14.134822468183817,14.134822468183817,14.134822468183817,0.0,0.6591525038229908,0.6591525038229908,0.6591525038229908,0.0,4.925583974156449,4.925583974156449,4.925583974156449,0.0,0.4925583974156446,0.4925583974156446,0.4925583974156446,0.0,7.0,7.0,7.0,0.0
489,16.75,10.0,16.75,6.75,16.75,10.0,16.75,6.75,3.8820351750205253,3.446838358887369,4.390834918253853,0.9439965593664845,0.3882035175020526,0.344683835888737,0.4390834918253854,0.0943996559366484,0.17027027027027025,0.09527027027027025,0.225,0.12972972972972974,33.0,33.0,33.0,0.0,33.0,33.0,33.0,0.0,34.77011616712525,34.77011616712525,34.77011616712525,0.0,14.049999471248473,14.049999471248473,14.049999471248473,0.0,0.6108643020548935,0.6108643020548935,0.6108643020548935,0.0,6.03558892061661,6.03558892061661,6.03558892061661,0.0,0.6035588920616612,0.6035588920616612,0.6035588920616612,0.0,3.0,3.0,3.0,0.0
490,53.25,20.75,75.0,54.25,53.25,20.75,75.0,54.25,2.7859618497543877,2.219797746629452,3.0885076171147032,0.8687098704852514,0.27859618497543853,0.22197977466294516,0.3088507617114701,0.08687098704852492,0.09779820589246818,0.0874125874125874,0.10502049180327867,0.01760790439069128,33.0,33.0,33.0,0.0,33.0,33.0,33.0,0.0,34.13168231098654,34.13168231098654,34.13168231098654,0.0,14.087845455334316,14.087845455334316,14.087845455334316,0.0,0.6865484015656658,0.6865484015656658,0.6865484015656658,0.0,3.861954106942732,3.861954106942732,3.861954106942732,0.0,0.3861954106942733,0.3861954106942733,0.3861954106942733,0.0,7.0,7.0,7.0,0.0
491,103.25,64.5,128.25,63.75,103.25,64.5,128.25,63.75,1.8870390235782537,1.7945419941568028,2.1738276778598666,0.3792856837030638,0.1887039023578255,0.1794541994156802,0.2173827677859868,0.037928568370306615,0.1306026614850144,0.10198065712771592,0.13842592592592587,0.036445268798209945,33.0,33.0,33.0,0.0,33.0,33.0,33.0,0.0,34.37101412330388,34.37101412330388,34.37101412330388,0.0,14.122192952062882,14.122192952062882,14.122192952062882,0.0,0.6892493800749915,0.6892493800749915,0.6892493800749915,0.0,3.883391917269194,3.883391917269194,3.883391917269194,0.0,0.3883391917269194,0.3883391917269194,0.3883391917269194,0.0,8.0,8.0,8.0,0.0
492,41.25,19.5,44.75,25.25,41.25,19.5,44.75,25.25,3.038596512128138,2.217383548684687,3.9030837761250887,1.6857002274404018,0.3038596512128135,0.2217383548684685,0.3903083776125084,0.16857002274403993,0.1265920070267896,0.10606060606060605,0.1413043478260869,0.03524374176548084,33.0,33.0,33.0,0.0,33.0,33.0,33.0,0.0,34.37101412330388,34.37101412330388,34.37101412330388,0.0,14.050182383344351,14.050182383344351,14.050182383344351,0.0,0.6365141682948128,0.6365141682948128,0.6365141682948128,0.0,5.747760986829886,5.747760986829886,5.747760986829886,0.0,0.5747760986829888,0.5747760986829888,0.5747760986829888,0.0,2.0,2.0,2.0,0.0
493,38.75,33.5,43.25,9.75,38.75,33.5,43.25,9.75,2.4810655954197864,1.987806444360011,2.931310373695685,0.943503929335674,0.2481065595419786,0.1987806444360007,0.2931310373695686,0.0943503929335679,0.1197111158293104,0.09237132352941174,0.12740628166160076,0.035034958132189015,33.0,33.0,33.0,0.0,33.0,33.0,33.0,0.0,34.39889524142698,34.39889524142698,34.39889524142698,0.0,14.014150835973656,14.014150835973656,14.014150835973656,0.0,0.6652042646399301,0.6652042646399301,0.6652042646399301,0.0,3.3492678443490784,3.3492678443490784,3.3492678443490784,0.0,0.3349267844349081,0.3349267844349081,0.3349267844349081,0.0,6.0,6.0,6.0,0.0
494,64.75,34.25,81.0,46.75,64.75,34.25,81.0,46.75,2.8478291751428735,2.304953516644618,3.214291599476616,0.9093380828319981,0.2847829175142872,0.2304953516644617,0.3214291599476615,0.09093380828319983,0.14080925128140623,0.08688930117501545,0.16717110573042773,0.08028180455541228,33.0,33.0,33.0,0.0,33.0,33.0,33.0,0.0,34.68017667578168,34.68017667578168,34.68017667578168,0.0,14.029584525188511,14.029584525188511,14.029584525188511,0.0,0.6895519477750731,0.6895519477750731,0.6895519477750731,0.0,3.203479279031997,3.203479279031997,3.203479279031997,0.0,0.3203479279031999,0.3203479279031999,0.3203479279031999,0.0,7.0,7.0,7.0,0.0
495,40.0,23.0,56.5,33.5,40.0,23.0,56.5,33.5,2.55869741868261,2.1982504104192477,2.752730851100645,0.5544804406813975,0.2558697418682613,0.21982504104192513,0.27527308511006454,0.05544804406813941,0.041503801670593254,0.032608695652173905,0.057419950738916196,0.02481125508674229,33.0,33.0,33.0,0.0,33.0,33.0,33.0,0.0,34.68017667578168,34.68017667578168,34.68017667578168,0.0,13.977189225898822,13.977189225898822,13.977189225898822,0.0,0.6460905050608089,0.6460905050608089,0.6460905050608089,0.0,3.7571583651698943,3.7571583651698943,3.7571583651698943,0.0,0.3757158365169899,0.3757158365169899,0.3757158365169899,0.0,5.0,5.0,5.0,0.0
496,38.0,16.5,41.5,25.0,38.0,16.5,41.5,25.0,2.8357897398185394,2.3216171022015795,2.953205572553042,0.6315884703514625,0.2835789739818542,0.2321617102201583,0.29532055725530426,0.06315884703514596,0.10726046507855397,0.09085213032581449,0.12459546925566342,0.03374333892984893,33.0,33.0,33.0,0.0,33.0,33.0,33.0,0.0,34.68017667578168,34.68017667578168,34.68017667578168,0.0,13.916661600650912,13.916661600650912,13.916661600650912,0.0,0.6581099875431143,0.6581099875431143,0.6581099875431143,0.0,4.0580117887875735,4.0580117887875735,4.0580117887875735,0.0,0.4058011788787573,0.4058011788787573,0.4058011788787573,0.0,5.0,5.0,5.0,0.0
497,20.25,11.5,26.25,14.75,20.25,11.5,26.25,14.75,3.4721068824468007,2.850985908991401,4.085879644819978,1.2348937358285772,0.34721068824467993,0.2850985908991402,0.4085879644819974,0.12348937358285722,0.08514492753623186,0.06249999999999997,0.10597826086956517,0.0434782608695652,33.0,33.0,33.0,0.0,33.0,33.0,33.0,0.0,34.77721465457231,34.77721465457231,34.77721465457231,0.0,13.891057369272932,13.891057369272932,13.891057369272932,0.0,0.6682484776645385,0.6682484776645385,0.6682484776645385,0.0,3.5661444398688054,3.5661444398688054,3.5661444398688054,0.0,0.3566144439868809,0.3566144439868809,0.3566144439868809,0.0,7.0,7.0,7.0,0.0
498,53.5,12.25,67.25,55.0,53.5,12.25,67.25,55.0,2.7225959059986176,1.9406220964057819,3.751798170949839,1.8111760745440573,0.27225959059986166,0.19406220964057821,0.37517981709498366,0.18111760745440544,0.053432860998650425,0.038461538461538394,0.07907388663967607,0.04061234817813768,33.0,33.0,33.0,0.0,33.0,33.0,33.0,0.0,34.77721465457231,34.77721465457231,34.77721465457231,0.0,13.818252308804434,13.818252308804434,13.818252308804434,0.0,0.5004024235381879,0.5004024235381879,0.5004024235381879,0.0,4.919526892463851,4.919526892463851,4.919526892463851,0.0,0.4919526892463855,0.4919526892463855,0.4919526892463855,0.0,4.0,4.0,4.0,0.0
499,31.25,26.0,33.25,7.25,31.25,26.0,33.25,7.25,2.673651880598186,2.592670676087308,2.9351832584246154,0.3425125823373074,0.2673651880598187,0.25926706760873075,0.2935183258424618,0.03425125823373104,0.13117173524150266,0.06730769230769228,0.20232558139534884,0.13501788908765655,33.0,33.0,33.0,0.0,33.0,33.0,33.0,0.0,34.77721465457231,34.77721465457231,34.77721465457231,0.0,13.784472847261693,13.784472847261693,13.784472847261693,0.0,0.6909233093138181,0.6909233093138181,0.6909233093138181,0.0,5.126195772388146,5.126195772388146,5.126195772388146,0.0,0.5126195772388146,0.5126195772388146,0.5126195772388146,0.0,5.0,5.0,5.0,0.0
500,51.0,51.0,51.0,0.0,51.0,51.0,51.0,0.0,1.9006879063742328,1.9006879063742328,1.9006879063742328,0.0,0.1900687906374232,0.1900687906374232,0.1900687906374232,0.0,0.1176470588235294,0.1176470588235294,0.1176470588235294,0.0,33.0,33.0,33.0,0.0,33.0,33.0,33.0,0.0,34.83239403548758,34.83239403548758,34.83239403548758,0.0,13.803829937770804,13.803829937770804,13.803829937770804,0.0,0.6774944044487072,0.6774944044487072,0.6774944044487072,0.0,3.292262003009522,3.292262003009522,3.292262003009522,0.0,0.3292262003009524,0.3292262003009524,0.3292262003009524,0.0,7.0,7.0,7.0,0.0
501,42.0,42.0,42.0,0.0,42.0,42.0,42.0,0.0,2.755696269017082,2.755696269017082,2.755696269017082,0.0,0.275569626901708,0.275569626901708,0.275569626901708,0.0,0.0952380952380952,0.0952380952380952,0.0952380952380952,0.0,33.0,33.0,33.0,0.0,33.0,33.0,33.0,0.0,34.83239403548758,34.83239403548758,34.83239403548758,0.0,13.80194611705932,13.80194611705932,13.80194611705932,0.0,0.6886051523183013,0.6886051523183013,0.6886051523183013,0.0,5.235809521801002,5.235809521801002,5.235809521801002,0.0,0.5235809521801003,0.5235809521801003,0.5235809521801003,0.0,7.0,7.0,7.0,0.0
502,59.0,59.0,59.0,0.0,59.0,59.0,59.0,0.0,2.0829117052735326,2.0829117052735326,2.0829117052735326,0.0,0.2082911705273532,0.2082911705273532,0.2082911705273532,0.0,0.1016949152542373,0.1016949152542373,0.1016949152542373,0.0,33.0,33.0,33.0,0.0,33.0,33.0,33.0,0.0,34.83239403548758,34.83239403548758,34.83239403548758,0.0,13.820232321713014,13.820232321713014,13.820232321713014,0.0,0.6895519477750731,0.6895519477750731,0.6895519477750731,0.0,4.000462519193852,4.000462519193852,4.000462519193852,0.0,0.4000462519193855,0.4000462519193855,0.4000462519193855,0.0,7.0,7.0,7.0,0.0
503,45.0,45.0,45.0,0.0,45.0,45.0,45.0,0.0,2.236907147311468,2.236907147311468,2.236907147311468,0.0,0.2236907147311465,0.2236907147311465,0.2236907147311465,0.0,0.0444444444444444,0.0444444444444444,0.0444444444444444,0.0,33.0,33.0,33.0,0.0,33.0,33.0,33.0,0.0,34.83239403548758,34.83239403548758,34.83239403548758,0.0,13.8132260937272,13.8132260937272,13.8132260937272,0.0,0.6869615765973234,0.6869615765973234,0.6869615765973234,0.0,4.13201748196994,4.13201748196994,4.13201748196994,0.0,0.4132017481969942,0.4132017481969942,0.4132017481969942,0.0,7.0,7.0,7.0,0.0
504,9.0,9.0,9.0,0.0,9.0,9.0,9.0,0.0,3.50122970230975,3.50122970230975,3.50122970230975,0.0,0.3501229702309744,0.3501229702309744,0.3501229702309744,0.0,0.1111111111111111,0.1111111111111111,0.1111111111111111,0.0,33.0,33.0,33.0,0.0,33.0,33.0,33.0,0.0,34.83239403548758,34.83239403548758,34.83239403548758,0.0,13.750097632267549,13.750097632267549,13.750097632267549,0.0,0.6869615765973234,0.6869615765973234,0.6869615765973234,0.0,5.578893003451191,5.578893003451191,5.578893003451191,0.0,0.5578893003451189,0.5578893003451189,0.5578893003451189,0.0,2.0,2.0,2.0,0.0
505,42.0,42.0,42.0,0.0,42.0,42.0,42.0,0.0,2.092362688058361,2.092362688058361,2.092362688058361,0.0,0.2092362688058358,0.2092362688058358,0.2092362688058358,0.0,0.119047619047619,0.119047619047619,0.119047619047619,0.0,33.0,33.0,33.0,0.0,33.0,33.0,33.0,0.0,34.83239403548758,34.83239403548758,34.83239403548758,0.0,13.737761175314388,13.737761175314388,13.737761175314388,0.0,0.6920129648318738,0.6920129648318738,0.6920129648318738,0.0,3.271195230513701,3.271195230513701,3.271195230513701,0.0,0.3271195230513701,0.3271195230513701,0.3271195230513701,0.0,5.0,5.0,5.0,0.0
506,46.0,46.0,46.0,0.0,46.0,46.0,46.0,0.0,2.4361461989693787,2.4361461989693787,2.4361461989693787,0.0,0.2436146198969379,0.2436146198969379,0.2436146198969379,0.0,0.1956521739130435,0.1956521739130435,0.1956521739130435,0.0,33.0,33.0,33.0,0.0,33.0,33.0,33.0,0.0,34.83239403548758,34.83239403548758,34.83239403548758,0.0,13.733408319173334,13.733408319173334,13.733408319173334,0.0,0.6931471805599453,0.6931471805599453,0.6931471805599453,0.0,3.973523659536524,3.973523659536524,3.973523659536524,0.0,0.3973523659536521,0.3973523659536521,0.3973523659536521,0.0,7.0,7.0,7.0,0.0
507,49.0,49.0,49.0,0.0,49.0,49.0,49.0,0.0,2.3289157710831354,2.3289157710831354,2.3289157710831354,0.0,0.2328915771083134,0.2328915771083134,0.2328915771083134,0.0,0.0,0.0,0.0,0.0,33.0,33.0,33.0,0.0,33.0,33.0,33.0,0.0,34.90380888284245,34.90380888284245,34.90380888284245,0.0,13.734654778371176,13.734654778371176,13.734654778371176,0.0,0.6912717888263618,0.6912717888263618,0.6912717888263618,0.0,4.301119072576792,4.301119072576792,4.301119072576792,0.0,0.4301119072576791,0.4301119072576791,0.4301119072576791,0.0,7.0,7.0,7.0,0.0
508,42.0,42.0,42.0,0.0,42.0,42.0,42.0,0.0,2.672832745385312,2.672832745385312,2.672832745385312,0.0,0.2672832745385313,0.2672832745385313,0.2672832745385313,0.0,0.0714285714285714,0.0714285714285714,0.0714285714285714,0.0,33.0,33.0,33.0,0.0,33.0,33.0,33.0,0.0,34.90380888284245,34.90380888284245,34.90380888284245,0.0,13.734651097253916,13.734651097253916,13.734651097253916,0.0,0.6829081047004717,0.6829081047004717,0.6829081047004717,0.0,3.951245912036657,3.951245912036657,3.951245912036657,0.0,0.3951245912036655,0.3951245912036655,0.3951245912036655,0.0,7.0,7.0,7.0,0.0
509,100.0,100.0,100.0,0.0,100.0,100.0,100.0,0.0,1.9266624107529688,1.9266624107529688,1.9266624107529688,0.0,0.1926662410752969,0.1926662410752969,0.1926662410752969,0.0,0.09,0.09,0.09,0.0,33.0,33.0,33.0,0.0,33.0,33.0,33.0,0.0,34.945951215994455,34.945951215994455,34.945951215994455,0.0,13.849459857899747,13.849459857899747,13.849459857899747,0.0,0.6923469670899615,0.6923469670899615,0.6923469670899615,0.0,3.443560954409599,3.443560954409599,3.443560954409599,0.0,0.3443560954409599,0.3443560954409599,0.3443560954409599,0.0,8.0,8.0,8.0,0.0
510,46.0,46.0,46.0,0.0,46.0,46.0,46.0,0.0,2.718673095619897,2.718673095619897,2.718673095619897,0.0,0.27186730956199,0.27186730956199,0.27186730956199,0.0,0.0652173913043478,0.0652173913043478,0.0652173913043478,0.0,33.0,33.0,33.0,0.0,33.0,33.0,33.0,0.0,34.30677711494938,34.30677711494938,34.30677711494938,0.0,13.846349224796672,13.846349224796672,13.846349224796672,0.0,0.6846162778013047,0.6846162778013047,0.6846162778013047,0.0,4.015860317632401,4.015860317632401,4.015860317632401,0.0,0.40158603176324,0.40158603176324,0.40158603176324,0.0,7.0,7.0,7.0,0.0
511,36.0,36.0,36.0,0.0,36.0,36.0,36.0,0.0,2.298793186808708,2.298793186808708,2.298793186808708,0.0,0.2298793186808706,0.2298793186808706,0.2298793186808706,0.0,0.1666666666666666,0.1666666666666666,0.1666666666666666,0.0,33.0,33.0,33.0,0.0,33.0,33.0,33.0,0.0,34.27709369326072,34.27709369326072,34.27709369326072,0.0,13.823112432604583,13.823112432604583,13.823112432604583,0.0,0.6682484776645385,0.6682484776645385,0.6682484776645385,0.0,3.81060005687114,3.81060005687114,3.81060005687114,0.0,0.3810600056871142,0.3810600056871142,0.3810600056871142,0.0,7.0,7.0,7.0,0.0
512,36.0,36.0,36.0,0.0,36.0,36.0,36.0,0.0,2.648770029501334,2.648770029501334,2.648770029501334,0.0,0.2648770029501334,0.2648770029501334,0.2648770029501334,0.0,0.0555555555555555,0.0555555555555555,0.0555555555555555,0.0,33.0,33.0,33.0,0.0,33.0,33.0,33.0,0.0,34.27709369326072,34.27709369326072,34.27709369326072,0.0,13.807895747175843,13.807895747175843,13.807895747175843,0.0,0.6916031758694977,0.6916031758694977,0.6916031758694977,0.0,4.74398312672396,4.74398312672396,4.74398312672396,0.0,0.4743983126723958,0.4743983126723958,0.4743983126723958,0.0,7.0,7.0,7.0,0.0
513,25.0,25.0,25.0,0.0,25.0,25.0,25.0,0.0,2.607555181206033,2.607555181206033,2.607555181206033,0.0,0.2607555181206031,0.2607555181206031,0.2607555181206031,0.0,0.16,0.16,0.16,0.0,33.0,33.0,33.0,0.0,33.0,33.0,33.0,0.0,34.27709369326072,34.27709369326072,34.27709369326072,0.0,13.773591631141894,13.773591631141894,13.773591631141894,0.0,0.6730116670092565,0.6730116670092565,0.6730116670092565,0.0,4.032082056932092,4.032082056932092,4.032082056932092,0.0,0.4032082056932092,0.4032082056932092,0.4032082056932092,0.0,5.0,5.0,5.0,0.0
514,70.0,70.0,70.0,0.0,70.0,70.0,70.0,0.0,2.3656094232821707,2.3656094232821707,2.3656094232821707,0.0,0.2365609423282172,0.2365609423282172,0.2365609423282172,0.0,0.1571428571428571,0.1571428571428571,0.1571428571428571,0.0,33.0,33.0,33.0,0.0,33.0,33.0,33.0,0.0,34.290935034755115,34.290935034755115,34.290935034755115,0.0,13.81984405127756,13.81984405127756,13.81984405127756,0.0,0.6927389617440811,0.6927389617440811,0.6927389617440811,0.0,4.170056664465635,4.170056664465635,4.170056664465635,0.0,0.4170056664465635,0.4170056664465635,0.4170056664465635,0.0,8.0,8.0,8.0,0.0
515,33.0,33.0,33.0,0.0,33.0,33.0,33.0,0.0,2.629280163604563,2.629280163604563,2.629280163604563,0.0,0.2629280163604563,0.2629280163604563,0.2629280163604563,0.0,0.1212121212121212,0.1212121212121212,0.1212121212121212,0.0,33.0,33.0,33.0,0.0,33.0,33.0,33.0,0.0,34.311930398295736,34.311930398295736,34.311930398295736,0.0,13.804304442290196,13.804304442290196,13.804304442290196,0.0,0.6890092384766586,0.6890092384766586,0.6890092384766586,0.0,4.256936015077715,4.256936015077715,4.256936015077715,0.0,0.4256936015077711,0.4256936015077711,0.4256936015077711,0.0,6.0,6.0,6.0,0.0
516,64.0,64.0,64.0,0.0,64.0,64.0,64.0,0.0,2.3499143263228484,2.3499143263228484,2.3499143263228484,0.0,0.2349914326322847,0.2349914326322847,0.2349914326322847,0.0,0.125,0.125,0.125,0.0,33.0,33.0,33.0,0.0,33.0,33.0,33.0,0.0,34.206758537396226,34.206758537396226,34.206758537396226,0.0,13.839465397940325,13.839465397940325,13.839465397940325,0.0,0.6808899872666533,0.6808899872666533,0.6808899872666533,0.0,3.9901874772966193,3.9901874772966193,3.9901874772966193,0.0,0.3990187477296618,0.3990187477296618,0.3990187477296618,0.0,8.0,8.0,8.0,0.0
517,48.0,48.0,48.0,0.0,48.0,48.0,48.0,0.0,2.3173171108208592,2.3173171108208592,2.3173171108208592,0.0,0.231731711082086,0.231731711082086,0.231731711082086,0.0,0.0,0.0,0.0,0.0,33.0,33.0,33.0,0.0,33.0,33.0,33.0,0.0,34.249576979677286,34.249576979677286,34.249576979677286,0.0,13.84201526673845,13.84201526673845,13.84201526673845,0.0,0.6922788736563188,0.6922788736563188,0.6922788736563188,0.0,3.7568023529790593,3.7568023529790593,3.7568023529790593,0.0,0.375680235297906,0.375680235297906,0.375680235297906,0.0,7.0,7.0,7.0,0.0
518,77.0,77.0,77.0,0.0,77.0,77.0,77.0,0.0,2.289125542115674,2.289125542115674,2.289125542115674,0.0,0.2289125542115675,0.2289125542115675,0.2289125542115675,0.0,0.1298701298701298,0.1298701298701298,0.1298701298701298,0.0,33.0,33.0,33.0,0.0,33.0,33.0,33.0,0.0,34.24048380229505,34.24048380229505,34.24048380229505,0.0,13.909584667189677,13.909584667189677,13.909584667189677,0.0,0.6910374151095725,0.6910374151095725,0.6910374151095725,0.0,3.557729987495321,3.557729987495321,3.557729987495321,0.0,0.3557729987495321,0.3557729987495321,0.3557729987495321,0.0,8.0,8.0,8.0,0.0
519,60.0,60.0,60.0,0.0,60.0,60.0,60.0,0.0,1.725137225254625,1.725137225254625,1.725137225254625,0.0,0.1725137225254625,0.1725137225254625,0.1725137225254625,0.0,0.0833333333333333,0.0833333333333333,0.0833333333333333,0.0,33.0,33.0,33.0,0.0,33.0,33.0,33.0,0.0,34.30404550002353,34.30404550002353,34.30404550002353,0.0,13.937380141605164,13.937380141605164,13.937380141605164,0.0,0.6931471805599453,0.6931471805599453,0.6931471805599453,0.0,2.993564388151776,2.993564388151776,2.993564388151776,0.0,0.2993564388151777,0.2993564388151777,0.2993564388151777,0.0,7.0,7.0,7.0,0.0
520,38.0,38.0,38.0,0.0,38.0,38.0,38.0,0.0,3.1795591367288583,3.1795591367288583,3.1795591367288583,0.0,0.3179559136728858,0.3179559136728858,0.3179559136728858,0.0,0.0789473684210526,0.0789473684210526,0.0789473684210526,0.0,33.0,33.0,33.0,0.0,33.0,33.0,33.0,0.0,34.30404550002353,34.30404550002353,34.30404550002353,0.0,13.927166156391706,13.927166156391706,13.927166156391706,0.0,0.6917614988524178,0.6917614988524178,0.6917614988524178,0.0,4.971009932730118,4.971009932730118,4.971009932730118,0.0,0.4971009932730116,0.4971009932730116,0.4971009932730116,0.0,7.0,7.0,7.0,0.0
521,47.0,47.0,47.0,0.0,47.0,47.0,47.0,0.0,1.9158222725850191,1.9158222725850191,1.9158222725850191,0.0,0.1915822272585018,0.1915822272585018,0.1915822272585018,0.0,0.1063829787234042,0.1063829787234042,0.1063829787234042,0.0,33.0,33.0,33.0,0.0,33.0,33.0,33.0,0.0,34.42167941654138,34.42167941654138,34.42167941654138,0.0,13.926723971794928,13.926723971794928,13.926723971794928,0.0,0.6874777893536668,0.6874777893536668,0.6874777893536668,0.0,2.84964940151613,2.84964940151613,2.84964940151613,0.0,0.284964940151613,0.284964940151613,0.284964940151613,0.0,7.0,7.0,7.0,0.0
522,26.0,26.0,26.0,0.0,26.0,26.0,26.0,0.0,2.7718198166232244,2.7718198166232244,2.7718198166232244,0.0,0.2771819816623224,0.2771819816623224,0.2771819816623224,0.0,0.0,0.0,0.0,0.0,33.0,33.0,33.0,0.0,33.0,33.0,33.0,0.0,34.42167941654138,34.42167941654138,34.42167941654138,0.0,13.8837387993341,13.8837387993341,13.8837387993341,0.0,0.6931471805599453,0.6931471805599453,0.6931471805599453,0.0,5.088869749275011,5.088869749275011,5.088869749275011,0.0,0.5088869749275013,0.5088869749275013,0.5088869749275013,0.0,7.0,7.0,7.0,0.0
523,74.0,74.0,74.0,0.0,74.0,74.0,74.0,0.0,2.274127844271288,2.274127844271288,2.274127844271288,0.0,0.2274127844271289,0.2274127844271289,0.2274127844271289,0.0,0.054054054054054,0.054054054054054,0.054054054054054,0.0,33.0,33.0,33.0,0.0,33.0,33.0,33.0,0.0,34.44631330574544,34.44631330574544,34.44631330574544,0.0,13.949683963775495,13.949683963775495,13.949683963775495,0.0,0.6916855479178767,0.6916855479178767,0.6916855479178767,0.0,3.597061877829811,3.597061877829811,3.597061877829811,0.0,0.3597061877829809,0.3597061877829809,0.3597061877829809,0.0,8.0,8.0,8.0,0.0
524,50.0,50.0,50.0,0.0,50.0,50.0,50.0,0.0,2.493557388466178,2.493557388466178,2.493557388466178,0.0,0.2493557388466175,0.2493557388466175,0.2493557388466175,0.0,0.12,0.12,0.12,0.0,33.0,33.0,33.0,0.0,33.0,33.0,33.0,0.0,34.32340918781506,34.32340918781506,34.32340918781506,0.0,13.965793917918134,13.965793917918134,13.965793917918134,0.0,0.6859298002523728,0.6859298002523728,0.6859298002523728,0.0,3.815588686791052,3.815588686791052,3.815588686791052,0.0,0.3815588686791053,0.3815588686791053,0.3815588686791053,0.0,8.0,8.0,8.0,0.0
525,61.0,61.0,61.0,0.0,61.0,61.0,61.0,0.0,1.8559494589261292,1.8559494589261292,1.8559494589261292,0.0,0.185594945892613,0.185594945892613,0.185594945892613,0.0,0.0163934426229508,0.0163934426229508,0.0163934426229508,0.0,33.0,33.0,33.0,0.0,33.0,33.0,33.0,0.0,34.31401567099134,34.31401567099134,34.31401567099134,0.0,14.004696140461997,14.004696140461997,14.004696140461997,0.0,0.6930128020601277,0.6930128020601277,0.6930128020601277,0.0,3.545584590556507,3.545584590556507,3.545584590556507,0.0,0.3545584590556507,0.3545584590556507,0.3545584590556507,0.0,7.0,7.0,7.0,0.0
526,43.0,43.0,43.0,0.0,43.0,43.0,43.0,0.0,2.1576945318609373,2.1576945318609373,2.1576945318609373,0.0,0.2157694531860935,0.2157694531860935,0.2157694531860935,0.0,0.0697674418604651,0.0697674418604651,0.0697674418604651,0.0,33.0,33.0,33.0,0.0,33.0,33.0,33.0,0.0,34.31401567099134,34.31401567099134,34.31401567099134,0.0,14.007652165219753,14.007652165219753,14.007652165219753,0.0,0.6928767397383337,0.6928767397383337,0.6928767397383337,0.0,3.5733299568910635,3.5733299568910635,3.5733299568910635,0.0,0.3573329956891067,0.3573329956891067,0.3573329956891067,0.0,7.0,7.0,7.0,0.0
527,25.0,25.0,25.0,0.0,25.0,25.0,25.0,0.0,1.9626255746014964,1.9626255746014964,1.9626255746014964,0.0,0.1962625574601493,0.1962625574601493,0.1962625574601493,0.0,0.08,0.08,0.08,0.0,33.0,33.0,33.0,0.0,33.0,33.0,33.0,0.0,34.31401567099134,34.31401567099134,34.31401567099134,0.0,13.96308838860126,13.96308838860126,13.96308838860126,0.0,0.6923469670899615,0.6923469670899615,0.6923469670899615,0.0,4.434798419858746,4.434798419858746,4.434798419858746,0.0,0.4434798419858746,0.4434798419858746,0.4434798419858746,0.0,5.0,5.0,5.0,0.0
528,46.0,46.0,46.0,0.0,46.0,46.0,46.0,0.0,2.517085603467589,2.517085603467589,2.517085603467589,0.0,0.2517085603467591,0.2517085603467591,0.2517085603467591,0.0,0.0869565217391304,0.0869565217391304,0.0869565217391304,0.0,33.0,33.0,33.0,0.0,33.0,33.0,33.0,0.0,34.20130081216518,34.20130081216518,34.20130081216518,0.0,13.97089266337818,13.97089266337818,13.97089266337818,0.0,0.6922017029622767,0.6922017029622767,0.6922017029622767,0.0,4.020148821075592,4.020148821075592,4.020148821075592,0.0,0.4020148821075589,0.4020148821075589,0.4020148821075589,0.0,8.0,8.0,8.0,0.0
529,35.0,35.0,35.0,0.0,35.0,35.0,35.0,0.0,2.161401066302949,2.161401066302949,2.161401066302949,0.0,0.2161401066302946,0.2161401066302946,0.2161401066302946,0.0,0.0857142857142857,0.0857142857142857,0.0857142857142857,0.0,33.0,33.0,33.0,0.0,33.0,33.0,33.0,0.0,34.20130081216518,34.20130081216518,34.20130081216518,0.0,13.956362238662274,13.956362238662274,13.956362238662274,0.0,0.6894691997751603,0.6894691997751603,0.6894691997751603,0.0,3.586391770293673,3.586391770293673,3.586391770293673,0.0,0.3586391770293675,0.3586391770293675,0.3586391770293675,0.0,7.0,7.0,7.0,0.0
530,74.0,74.0,74.0,0.0,74.0,74.0,74.0,0.0,2.2154715940451344,2.2154715940451344,2.2154715940451344,0.0,0.2215471594045134,0.2215471594045134,0.2215471594045134,0.0,0.1081081081081081,0.1081081081081081,0.1081081081081081,0.0,33.0,33.0,33.0,0.0,33.0,33.0,33.0,0.0,34.201715561571824,34.201715561571824,34.201715561571824,0.0,14.020379910133508,14.020379910133508,14.020379910133508,0.0,0.6916855479178767,0.6916855479178767,0.6916855479178767,0.0,3.827860588240853,3.827860588240853,3.827860588240853,0.0,0.3827860588240853,0.3827860588240853,0.3827860588240853,0.0,8.0,8.0,8.0,0.0
531,10.0,10.0,10.0,0.0,10.0,10.0,10.0,0.0,3.4013326911307877,3.4013326911307877,3.4013326911307877,0.0,0.3401332691130783,0.3401332691130783,0.3401332691130783,0.0,0.3,0.3,0.3,0.0,33.0,33.0,33.0,0.0,33.0,33.0,33.0,0.0,34.201715561571824,34.201715561571824,34.201715561571824,0.0,13.947708542472592,13.947708542472592,13.947708542472592,0.0,0.5004024235381879,0.5004024235381879,0.5004024235381879,0.0,6.129225361327772,6.129225361327772,6.129225361327772,0.0,0.6129225361327778,0.6129225361327778,0.6129225361327778,0.0,3.0,3.0,3.0,0.0
532,11.0,11.0,11.0,0.0,11.0,11.0,11.0,0.0,2.981292738675779,2.981292738675779,2.981292738675779,0.0,0.2981292738675778,0.2981292738675778,0.2981292738675778,0.0,0.0909090909090909,0.0909090909090909,0.0909090909090909,0.0,33.0,33.0,33.0,0.0,33.0,33.0,33.0,0.0,34.201715561571824,34.201715561571824,34.201715561571824,0.0,13.889036756019587,13.889036756019587,13.889036756019587,0.0,0.6554817739013927,0.6554817739013927,0.6554817739013927,0.0,5.464647723231657,5.464647723231657,5.464647723231657,0.0,0.5464647723231661,0.5464647723231661,0.5464647723231661,0.0,2.0,2.0,2.0,0.0
533,45.0,45.0,45.0,0.0,45.0,45.0,45.0,0.0,2.9618504260985445,2.9618504260985445,2.9618504260985445,0.0,0.2961850426098542,0.2961850426098542,0.2961850426098542,0.0,0.1111111111111111,0.1111111111111111,0.1111111111111111,0.0,33.0,33.0,33.0,0.0,33.0,33.0,33.0,0.0,34.188431827034684,34.188431827034684,34.188431827034684,0.0,13.89954515339402,13.89954515339402,13.89954515339402,0.0,0.6929002466535776,0.6929002466535776,0.6929002466535776,0.0,4.378042480387829,4.378042480387829,4.378042480387829,0.0,0.4378042480387827,0.4378042480387827,0.4378042480387827,0.0,8.0,8.0,8.0,0.0
534,53.0,53.0,53.0,0.0,53.0,53.0,53.0,0.0,2.201540445379632,2.201540445379632,2.201540445379632,0.0,0.2201540445379629,0.2201540445379629,0.2201540445379629,0.0,0.0754716981132075,0.0754716981132075,0.0754716981132075,0.0,33.0,33.0,33.0,0.0,33.0,33.0,33.0,0.0,34.09947770107132,34.09947770107132,34.09947770107132,0.0,13.925001337111054,13.925001337111054,13.925001337111054,0.0,0.6886905739680003,0.6886905739680003,0.6886905739680003,0.0,3.723619144254534,3.723619144254534,3.723619144254534,0.0,0.3723619144254534,0.3723619144254534,0.3723619144254534,0.0,8.0,8.0,8.0,0.0
535,14.0,14.0,14.0,0.0,14.0,14.0,14.0,0.0,2.7073939752708447,2.7073939752708447,2.7073939752708447,0.0,0.2707393975270843,0.2707393975270843,0.2707393975270843,0.0,0.1428571428571428,0.1428571428571428,0.1428571428571428,0.0,33.0,33.0,33.0,0.0,33.0,33.0,33.0,0.0,34.09947770107132,34.09947770107132,34.09947770107132,0.0,13.862643502377608,13.862643502377608,13.862643502377608,0.0,0.6517565611726531,0.6517565611726531,0.6517565611726531,0.0,3.656332458423759,3.656332458423759,3.656332458423759,0.0,0.365633245842376,0.365633245842376,0.365633245842376,0.0,4.0,4.0,4.0,0.0
536,30.0,30.0,30.0,0.0,30.0,30.0,30.0,0.0,2.623583557649398,2.623583557649398,2.623583557649398,0.0,0.2623583557649395,0.2623583557649395,0.2623583557649395,0.0,0.0333333333333333,0.0333333333333333,0.0333333333333333,0.0,33.0,33.0,33.0,0.0,33.0,33.0,33.0,0.0,34.09947770107132,34.09947770107132,34.09947770107132,0.0,13.828432451817326,13.828432451817326,13.828432451817326,0.0,0.6909233093138181,0.6909233093138181,0.6909233093138181,0.0,4.89641900872528,4.89641900872528,4.89641900872528,0.0,0.4896419008725277,0.4896419008725277,0.4896419008725277,0.0,5.0,5.0,5.0,0.0
537,46.0,46.0,46.0,0.0,46.0,46.0,46.0,0.0,2.084183232826803,2.084183232826803,2.084183232826803,0.0,0.2084183232826801,0.2084183232826801,0.2084183232826801,0.0,0.1304347826086956,0.1304347826086956,0.1304347826086956,0.0,33.0,33.0,33.0,0.0,33.0,33.0,33.0,0.0,34.09947770107132,34.09947770107132,34.09947770107132,0.0,13.83726861163347,13.83726861163347,13.83726861163347,0.0,0.6893616831435102,0.6893616831435102,0.6893616831435102,0.0,3.4352453206616484,3.4352453206616484,3.4352453206616484,0.0,0.3435245320661648,0.3435245320661648,0.3435245320661648,0.0,7.0,7.0,7.0,0.0
538,64.0,64.0,64.0,0.0,64.0,64.0,64.0,0.0,2.173899433895882,2.173899433895882,2.173899433895882,0.0,0.2173899433895883,0.2173899433895883,0.2173899433895883,0.0,0.125,0.125,0.125,0.0,33.0,33.0,33.0,0.0,33.0,33.0,33.0,0.0,34.14496787819926,34.14496787819926,34.14496787819926,0.0,13.881499260330292,13.881499260330292,13.881499260330292,0.0,0.6887461892700277,0.6887461892700277,0.6887461892700277,0.0,3.5960800160646107,3.5960800160646107,3.5960800160646107,0.0,0.359608001606461,0.359608001606461,0.359608001606461,0.0,8.0,8.0,8.0,0.0
539,65.0,65.0,65.0,0.0,65.0,65.0,65.0,0.0,2.487474049719734,2.487474049719734,2.487474049719734,0.0,0.2487474049719731,0.2487474049719731,0.2487474049719731,0.0,0.1384615384615384,0.1384615384615384,0.1384615384615384,0.0,33.0,33.0,33.0,0.0,33.0,33.0,33.0,0.0,34.06834592155059,34.06834592155059,34.06834592155059,0.0,13.930302603925158,13.930302603925158,13.930302603925158,0.0,0.6901856760188042,0.6901856760188042,0.6901856760188042,0.0,3.7231714962723865,3.7231714962723865,3.7231714962723865,0.0,0.3723171496272388,0.3723171496272388,0.3723171496272388,0.0,8.0,8.0,8.0,0.0
540,119.0,119.0,119.0,0.0,119.0,119.0,119.0,0.0,1.4216167098140318,1.4216167098140318,1.4216167098140318,0.0,0.142161670981403,0.142161670981403,0.142161670981403,0.0,0.0924369747899159,0.0924369747899159,0.0924369747899159,0.0,33.0,33.0,33.0,0.0,33.0,33.0,33.0,0.0,34.06834592155059,34.06834592155059,34.06834592155059,0.0,14.088820969914416,14.088820969914416,14.088820969914416,0.0,0.6829081047004717,0.6829081047004717,0.6829081047004717,0.0,2.799353388681628,2.799353388681628,2.799353388681628,0.0,0.2799353388681628,0.2799353388681628,0.2799353388681628,0.0,9.0,9.0,9.0,0.0
541,13.0,13.0,13.0,0.0,13.0,13.0,13.0,0.0,3.042815971158001,3.042815971158001,3.042815971158001,0.0,0.3042815971158008,0.3042815971158008,0.3042815971158008,0.0,0.0,0.0,0.0,0.0,33.0,33.0,33.0,0.0,33.0,33.0,33.0,0.0,34.06834592155059,34.06834592155059,34.06834592155059,0.0,14.020522773510043,14.020522773510043,14.020522773510043,0.0,0.666278442414676,0.666278442414676,0.666278442414676,0.0,4.755251984828055,4.755251984828055,4.755251984828055,0.0,0.4755251984828058,0.4755251984828058,0.4755251984828058,0.0,4.0,4.0,4.0,0.0
542,53.0,53.0,53.0,0.0,53.0,53.0,53.0,0.0,1.7559049664359023,1.7559049664359023,1.7559049664359023,0.0,0.17559049664359,0.17559049664359,0.17559049664359,0.0,0.1132075471698113,0.1132075471698113,0.1132075471698113,0.0,33.0,33.0,33.0,0.0,33.0,33.0,33.0,0.0,34.06834592155059,34.06834592155059,34.06834592155059,0.0,14.035292714897226,14.035292714897226,14.035292714897226,0.0,0.6886905739680003,0.6886905739680003,0.6886905739680003,0.0,2.71580949724583,2.71580949724583,2.71580949724583,0.0,0.2715809497245831,0.2715809497245831,0.2715809497245831,0.0,7.0,7.0,7.0,0.0
543,36.0,36.0,36.0,0.0,36.0,36.0,36.0,0.0,1.8585202463351704,1.8585202463351704,1.8585202463351704,0.0,0.1858520246335169,0.1858520246335169,0.1858520246335169,0.0,0.0833333333333333,0.0833333333333333,0.0833333333333333,0.0,33.0,33.0,33.0,0.0,33.0,33.0,33.0,0.0,34.06834592155059,34.06834592155059,34.06834592155059,0.0,14.016812196867262,14.016812196867262,14.016812196867262,0.0,0.6540548103069317,0.6540548103069317,0.6540548103069317,0.0,3.03236450830174,3.03236450830174,3.03236450830174,0.0,0.3032364508301739,0.3032364508301739,0.3032364508301739,0.0,7.0,7.0,7.0,0.0
544,26.0,26.0,26.0,0.0,26.0,26.0,26.0,0.0,2.017451464218565,2.017451464218565,2.017451464218565,0.0,0.2017451464218569,0.2017451464218569,0.2017451464218569,0.0,0.1923076923076923,0.1923076923076923,0.1923076923076923,0.0,33.0,33.0,33.0,0.0,33.0,33.0,33.0,0.0,34.06834592155059,34.06834592155059,34.06834592155059,0.0,13.973585645913744,13.973585645913744,13.973585645913744,0.0,0.6450331516760341,0.6450331516760341,0.6450331516760341,0.0,3.112622976042141,3.112622976042141,3.112622976042141,0.0,0.3112622976042141,0.3112622976042141,0.3112622976042141,0.0,5.0,5.0,5.0,0.0
545,45.0,45.0,45.0,0.0,45.0,45.0,45.0,0.0,2.342677964224593,2.342677964224593,2.342677964224593,0.0,0.2342677964224588,0.2342677964224588,0.2342677964224588,0.0,0.0888888888888888,0.0888888888888888,0.0888888888888888,0.0,33.0,33.0,33.0,0.0,33.0,33.0,33.0,0.0,34.343262547597604,34.343262547597604,34.343262547597604,0.0,13.980595508096146,13.980595508096146,13.980595508096146,0.0,0.6909233093138181,0.6909233093138181,0.6909233093138181,0.0,4.955260580701631,4.955260580701631,4.955260580701631,0.0,0.495526058070163,0.495526058070163,0.495526058070163,0.0,7.0,7.0,7.0,0.0
546,52.0,52.0,52.0,0.0,52.0,52.0,52.0,0.0,2.5680010487867344,2.5680010487867344,2.5680010487867344,0.0,0.2568001048786738,0.2568001048786738,0.2568001048786738,0.0,0.1153846153846153,0.1153846153846153,0.1153846153846153,0.0,33.0,33.0,33.0,0.0,33.0,33.0,33.0,0.0,34.308761822035684,34.308761822035684,34.308761822035684,0.0,13.99316443127498,13.99316443127498,13.99316443127498,0.0,0.6901856760188042,0.6901856760188042,0.6901856760188042,0.0,4.868771842855535,4.868771842855535,4.868771842855535,0.0,0.4868771842855534,0.4868771842855534,0.4868771842855534,0.0,8.0,8.0,8.0,0.0
547,40.0,40.0,40.0,0.0,40.0,40.0,40.0,0.0,2.109089932118405,2.109089932118405,2.109089932118405,0.0,0.2109089932118402,0.2109089932118402,0.2109089932118402,0.0,0.05,0.05,0.05,0.0,33.0,33.0,33.0,0.0,33.0,33.0,33.0,0.0,34.308761822035684,34.308761822035684,34.308761822035684,0.0,13.994370210678918,13.994370210678918,13.994370210678918,0.0,0.6918966592050799,0.6918966592050799,0.6918966592050799,0.0,3.385735437627561,3.385735437627561,3.385735437627561,0.0,0.338573543762756,0.338573543762756,0.338573543762756,0.0,5.0,5.0,5.0,0.0
548,30.0,30.0,30.0,0.0,30.0,30.0,30.0,0.0,2.7809228460034663,2.7809228460034663,2.7809228460034663,0.0,0.2780922846003469,0.2780922846003469,0.2780922846003469,0.0,0.1333333333333333,0.1333333333333333,0.1333333333333333,0.0,33.0,33.0,33.0,0.0,33.0,33.0,33.0,0.0,34.308761822035684,34.308761822035684,34.308761822035684,0.0,13.966959044360207,13.966959044360207,13.966959044360207,0.0,0.6909233093138181,0.6909233093138181,0.6909233093138181,0.0,4.388953358796456,4.388953358796456,4.388953358796456,0.0,0.4388953358796453,0.4388953358796453,0.4388953358796453,0.0,5.0,5.0,5.0,0.0
549,43.0,43.0,43.0,0.0,43.0,43.0,43.0,0.0,2.7914965089605794,2.7914965089605794,2.7914965089605794,0.0,0.2791496508960577,0.2791496508960577,0.2791496508960577,0.0,0.0930232558139534,0.0930232558139534,0.0930232558139534,0.0,33.0,33.0,33.0,0.0,33.0,33.0,33.0,0.0,33.825461086912696,33.825461086912696,33.825461086912696,0.0,13.95512359230079,13.95512359230079,13.95512359230079,0.0,0.6798376211857489,0.6798376211857489,0.6798376211857489,0.0,4.613083663992231,4.613083663992231,4.613083663992231,0.0,0.4613083663992233,0.4613083663992233,0.4613083663992233,0.0,8.0,8.0,8.0,0.0
550,78.0,78.0,78.0,0.0,78.0,78.0,78.0,0.0,2.273391814594756,2.273391814594756,2.273391814594756,0.0,0.2273391814594757,0.2273391814594757,0.2273391814594757,0.0,0.1025641025641025,0.1025641025641025,0.1025641025641025,0.0,33.0,33.0,33.0,0.0,33.0,33.0,33.0,0.0,33.903411179775105,33.903411179775105,33.903411179775105,0.0,14.01331214973936,14.01331214973936,14.01331214973936,0.0,0.6901856760188042,0.6901856760188042,0.6901856760188042,0.0,3.685902262096539,3.685902262096539,3.685902262096539,0.0,0.3685902262096537,0.3685902262096537,0.3685902262096537,0.0,8.0,8.0,8.0,0.0
551,26.0,26.0,26.0,0.0,26.0,26.0,26.0,0.0,2.290131259440355,2.290131259440355,2.290131259440355,0.0,0.2290131259440356,0.2290131259440356,0.2290131259440356,0.0,0.0769230769230769,0.0769230769230769,0.0769230769230769,0.0,33.0,33.0,33.0,0.0,33.0,33.0,33.0,0.0,33.903411179775105,33.903411179775105,33.903411179775105,0.0,13.968096389091706,13.968096389091706,13.968096389091706,0.0,0.6931471805599453,0.6931471805599453,0.6931471805599453,0.0,3.829967087923769,3.829967087923769,3.829967087923769,0.0,0.3829967087923766,0.3829967087923766,0.3829967087923766,0.0,5.0,5.0,5.0,0.0
552,27.0,27.0,27.0,0.0,27.0,27.0,27.0,0.0,2.5161968124694254,2.5161968124694254,2.5161968124694254,0.0,0.2516196812469425,0.2516196812469425,0.2516196812469425,0.0,0.074074074074074,0.074074074074074,0.074074074074074,0.0,33.0,33.0,33.0,0.0,33.0,33.0,33.0,0.0,33.903411179775105,33.903411179775105,33.903411179775105,0.0,13.924888466534286,13.924888466534286,13.924888466534286,0.0,0.6759010305740114,0.6759010305740114,0.6759010305740114,0.0,3.9703131887450818,3.9703131887450818,3.9703131887450818,0.0,0.3970313188745083,0.3970313188745083,0.3970313188745083,0.0,7.0,7.0,7.0,0.0
553,39.0,39.0,39.0,0.0,39.0,39.0,39.0,0.0,3.0252765101249737,3.0252765101249737,3.0252765101249737,0.0,0.3025276510124967,0.3025276510124967,0.3025276510124967,0.0,0.0769230769230769,0.0769230769230769,0.0769230769230769,0.0,33.0,33.0,33.0,0.0,33.0,33.0,33.0,0.0,33.38842054664618,33.38842054664618,33.38842054664618,0.0,13.905437118847171,13.905437118847171,13.905437118847171,0.0,0.6849062404158356,0.6849062404158356,0.6849062404158356,0.0,4.742524066822624,4.742524066822624,4.742524066822624,0.0,0.4742524066822628,0.4742524066822628,0.4742524066822628,0.0,7.0,7.0,7.0,0.0
554,54.0,54.0,54.0,0.0,54.0,54.0,54.0,0.0,2.693288825645962,2.693288825645962,2.693288825645962,0.0,0.269328882564596,0.269328882564596,0.269328882564596,0.0,0.1481481481481481,0.1481481481481481,0.1481481481481481,0.0,33.0,33.0,33.0,0.0,33.0,33.0,33.0,0.0,33.1449694369434,33.1449694369434,33.1449694369434,0.0,13.925705291886215,13.925705291886215,13.925705291886215,0.0,0.6924611526112329,0.6924611526112329,0.6924611526112329,0.0,4.1683251537106445,4.1683251537106445,4.1683251537106445,0.0,0.4168325153710646,0.4168325153710646,0.4168325153710646,0.0,8.0,8.0,8.0,0.0
555,26.0,26.0,26.0,0.0,26.0,26.0,26.0,0.0,2.89195741826008,2.89195741826008,2.89195741826008,0.0,0.2891957418260078,0.2891957418260078,0.2891957418260078,0.0,0.1153846153846153,0.1153846153846153,0.1153846153846153,0.0,33.0,33.0,33.0,0.0,33.0,33.0,33.0,0.0,33.1449694369434,33.1449694369434,33.1449694369434,0.0,13.88258126584742,13.88258126584742,13.88258126584742,0.0,0.666278442414676,0.666278442414676,0.666278442414676,0.0,4.178782094899856,4.178782094899856,4.178782094899856,0.0,0.4178782094899856,0.4178782094899856,0.4178782094899856,0.0,7.0,7.0,7.0,0.0
556,11.0,11.0,11.0,0.0,11.0,11.0,11.0,0.0,3.11087162346426,3.11087162346426,3.11087162346426,0.0,0.3110871623464261,0.3110871623464261,0.3110871623464261,0.0,0.0909090909090909,0.0909090909090909,0.0909090909090909,0.0,33.0,33.0,33.0,0.0,33.0,33.0,33.0,0.0,33.1449694369434,33.1449694369434,33.1449694369434,0.0,13.815087581908346,13.815087581908346,13.815087581908346,0.0,0.6890092384766586,0.6890092384766586,0.6890092384766586,0.0,5.978065054680834,5.978065054680834,5.978065054680834,0.0,0.5978065054680838,0.5978065054680838,0.5978065054680838,0.0,3.0,3.0,3.0,0.0
557,39.0,39.0,39.0,0.0,39.0,39.0,39.0,0.0,2.3749857909513548,2.3749857909513548,2.3749857909513548,0.0,0.2374985790951353,0.2374985790951353,0.2374985790951353,0.0,0.0769230769230769,0.0769230769230769,0.0769230769230769,0.0,33.0,33.0,33.0,0.0,33.0,33.0,33.0,0.0,33.27233695720723,33.27233695720723,33.27233695720723,0.0,13.818438720236369,13.818438720236369,13.818438720236369,0.0,0.6901856760188042,0.6901856760188042,0.6901856760188042,0.0,4.02633874974968,4.02633874974968,4.02633874974968,0.0,0.402633874974968,0.402633874974968,0.402633874974968,0.0,7.0,7.0,7.0,0.0
558,60.0,60.0,60.0,0.0,60.0,60.0,60.0,0.0,2.347039463527733,2.347039463527733,2.347039463527733,0.0,0.2347039463527732,0.2347039463527732,0.2347039463527732,0.0,0.05,0.05,0.05,0.0,33.0,33.0,33.0,0.0,33.0,33.0,33.0,0.0,33.31985400851528,33.31985400851528,33.31985400851528,0.0,13.850444740983246,13.850444740983246,13.850444740983246,0.0,0.6881388137135884,0.6881388137135884,0.6881388137135884,0.0,3.692956983077414,3.692956983077414,3.692956983077414,0.0,0.3692956983077412,0.3692956983077412,0.3692956983077412,0.0,8.0,8.0,8.0,0.0
559,9.0,9.0,9.0,0.0,9.0,9.0,9.0,0.0,3.54689041392782,3.54689041392782,3.54689041392782,0.0,0.3546890413927816,0.3546890413927816,0.3546890413927816,0.0,0.1111111111111111,0.1111111111111111,0.1111111111111111,0.0,33.0,33.0,33.0,0.0,33.0,33.0,33.0,0.0,33.31985400851528,33.31985400851528,33.31985400851528,0.0,13.785380755987468,13.785380755987468,13.785380755987468,0.0,0.0,-0.0,-0.0,0.0,5.595131021294776,5.595131021294776,5.595131021294776,0.0,0.5595131021294771,0.5595131021294771,0.5595131021294771,0.0,2.0,2.0,2.0,0.0
560,54.0,54.0,54.0,0.0,54.0,54.0,54.0,0.0,1.9881797308035805,1.9881797308035805,1.9881797308035805,0.0,0.1988179730803579,0.1988179730803579,0.1988179730803579,0.0,0.1111111111111111,0.1111111111111111,0.1111111111111111,0.0,33.0,33.0,33.0,0.0,33.0,33.0,33.0,0.0,33.62966445252452,33.62966445252452,33.62966445252452,0.0,13.8057585842049,13.8057585842049,13.8057585842049,0.0,0.6759010305740114,0.6759010305740114,0.6759010305740114,0.0,2.975919205728101,2.975919205728101,2.975919205728101,0.0,0.2975919205728103,0.2975919205728103,0.2975919205728103,0.0,7.0,7.0,7.0,0.0
561,10.0,10.0,10.0,0.0,10.0,10.0,10.0,0.0,3.914858418667684,3.914858418667684,3.914858418667684,0.0,0.391485841866768,0.391485841866768,0.391485841866768,0.0,0.0,0.0,0.0,0.0,33.0,33.0,33.0,0.0,33.0,33.0,33.0,0.0,33.62966445252452,33.62966445252452,33.62966445252452,0.0,13.746926134525518,13.746926134525518,13.746926134525518,0.0,0.6108643020548935,0.6108643020548935,0.6108643020548935,0.0,5.174809682305312,5.174809682305312,5.174809682305312,0.0,0.517480968230531,0.517480968230531,0.517480968230531,0.0,4.0,4.0,4.0,0.0
562,100.0,100.0,100.0,0.0,100.0,100.0,100.0,0.0,1.9725881641487064,1.9725881641487064,1.9725881641487064,0.0,0.1972588164148706,0.1972588164148706,0.1972588164148706,0.0,0.16,0.16,0.16,0.0,33.0,33.0,33.0,0.0,33.0,33.0,33.0,0.0,33.13815568293239,33.13815568293239,33.13815568293239,0.0,13.866618034112692,13.866618034112692,13.866618034112692,0.0,0.6929471672244782,0.6929471672244782,0.6929471672244782,0.0,3.0563408156755223,3.0563408156755223,3.0563408156755223,0.0,0.3056340815675523,0.3056340815675523,0.3056340815675523,0.0,8.0,8.0,8.0,0.0
563,15.0,15.0,15.0,0.0,15.0,15.0,15.0,0.0,2.3889136222762355,2.3889136222762355,2.3889136222762355,0.0,0.2388913622276232,0.2388913622276232,0.2388913622276232,0.0,0.0,0.0,0.0,0.0,33.0,33.0,33.0,0.0,33.0,33.0,33.0,0.0,33.13815568293239,33.13815568293239,33.13815568293239,0.0,13.81816698024413,13.81816698024413,13.81816698024413,0.0,0.6909233093138181,0.6909233093138181,0.6909233093138181,0.0,4.315412804388765,4.315412804388765,4.315412804388765,0.0,0.4315412804388764,0.4315412804388764,0.4315412804388764,0.0,2.0,2.0,2.0,0.0
564,89.0,89.0,89.0,0.0,89.0,89.0,89.0,0.0,2.119000549134357,2.119000549134357,2.119000549134357,0.0,0.2119000549134355,0.2119000549134355,0.2119000549134355,0.0,0.0786516853932584,0.0786516853932584,0.0786516853932584,0.0,33.0,33.0,33.0,0.0,33.0,33.0,33.0,0.0,32.74280042425009,32.74280042425009,32.74280042425009,0.0,13.9166037044948,13.9166037044948,13.9166037044948,0.0,0.6915682658189464,0.6915682658189464,0.6915682658189464,0.0,3.894338171407148,3.894338171407148,3.894338171407148,0.0,0.3894338171407149,0.3894338171407149,0.3894338171407149,0.0,8.0,8.0,8.0,0.0
565,10.0,10.0,10.0,0.0,10.0,10.0,10.0,0.0,3.5424100861003764,3.5424100861003764,3.5424100861003764,0.0,0.3542410086100375,0.3542410086100375,0.3542410086100375,0.0,0.2,0.2,0.2,0.0,33.0,33.0,33.0,0.0,33.0,33.0,33.0,0.0,32.74280042425009,32.74280042425009,32.74280042425009,0.0,13.849277604893771,13.849277604893771,13.849277604893771,0.0,0.5004024235381879,0.5004024235381879,0.5004024235381879,0.0,5.270496942083223,5.270496942083223,5.270496942083223,0.0,0.5270496942083223,0.5270496942083223,0.5270496942083223,0.0,4.0,4.0,4.0,0.0
566,42.0,42.0,42.0,0.0,42.0,42.0,42.0,0.0,1.984043872516537,1.984043872516537,1.984043872516537,0.0,0.1984043872516537,0.1984043872516537,0.1984043872516537,0.0,0.0714285714285714,0.0714285714285714,0.0714285714285714,0.0,33.0,33.0,33.0,0.0,33.0,33.0,33.0,0.0,32.83242320079236,32.83242320079236,32.83242320079236,0.0,13.862622945515684,13.862622945515684,13.862622945515684,0.0,0.6829081047004717,0.6829081047004717,0.6829081047004717,0.0,3.0700844713306723,3.0700844713306723,3.0700844713306723,0.0,0.3070084471330671,0.3070084471330671,0.3070084471330671,0.0,7.0,7.0,7.0,0.0
567,156.0,156.0,156.0,0.0,156.0,156.0,156.0,0.0,1.3685597132810916,1.3685597132810916,1.3685597132810916,0.0,0.1368559713281089,0.1368559713281089,0.1368559713281089,0.0,0.0897435897435897,0.0897435897435897,0.0897435897435897,0.0,33.0,33.0,33.0,0.0,33.0,33.0,33.0,0.0,32.93506695235288,32.93506695235288,32.93506695235288,0.0,14.09705009230413,14.09705009230413,14.09705009230413,0.0,0.6931471805599453,0.6931471805599453,0.6931471805599453,0.0,2.7245528671502632,2.7245528671502632,2.7245528671502632,0.0,0.2724552867150265,0.2724552867150265,0.2724552867150265,0.0,7.0,7.0,7.0,0.0
568,144.0,144.0,144.0,0.0,144.0,144.0,144.0,0.0,1.4672402112487335,1.4672402112487335,1.4672402112487335,0.0,0.1467240211248732,0.1467240211248732,0.1467240211248732,0.0,0.0763888888888889,0.0763888888888889,0.0763888888888889,0.0,33.0,33.0,33.0,0.0,33.0,33.0,33.0,0.0,33.687054456875906,33.687054456875906,33.687054456875906,0.0,14.303504435857588,14.303504435857588,14.303504435857588,0.0,0.6930507268415149,0.6930507268415149,0.6930507268415149,0.0,2.7735892428815463,2.7735892428815463,2.7735892428815463,0.0,0.2773589242881547,0.2773589242881547,0.2773589242881547,0.0,7.0,7.0,7.0,0.0
569,22.0,22.0,22.0,0.0,22.0,22.0,22.0,0.0,2.2324127092179213,2.2324127092179213,2.2324127092179213,0.0,0.2232412709217926,0.2232412709217926,0.2232412709217926,0.0,0.0454545454545454,0.0454545454545454,0.0454545454545454,0.0,33.0,33.0,33.0,0.0,33.0,33.0,33.0,0.0,33.819986303370214,33.819986303370214,33.819986303370214,0.0,14.254234929349174,14.254234929349174,14.254234929349174,0.0,0.6554817739013927,0.6554817739013927,0.6554817739013927,0.0,3.531929670875494,3.531929670875494,3.531929670875494,0.0,0.3531929670875493,0.3531929670875493,0.3531929670875493,0.0,5.0,5.0,5.0,0.0
570,37.0,37.0,37.0,0.0,37.0,37.0,37.0,0.0,2.03005414502266,2.03005414502266,2.03005414502266,0.0,0.2030054145022663,0.2030054145022663,0.2030054145022663,0.0,0.1081081081081081,0.1081081081081081,0.1081081081081081,0.0,33.0,33.0,33.0,0.0,33.0,33.0,33.0,0.0,33.321848706037585,33.321848706037585,33.321848706037585,0.0,14.226649037723584,14.226649037723584,14.226649037723584,0.0,0.6632646807257363,0.6632646807257363,0.6632646807257363,0.0,2.993025800747529,2.993025800747529,2.993025800747529,0.0,0.2993025800747529,0.2993025800747529,0.2993025800747529,0.0,7.0,7.0,7.0,0.0
571,142.0,142.0,142.0,0.0,142.0,142.0,142.0,0.0,1.588464607570736,1.588464607570736,1.588464607570736,0.0,0.1588464607570734,0.1588464607570734,0.1588464607570734,0.0,0.0704225352112676,0.0704225352112676,0.0704225352112676,0.0,33.0,33.0,33.0,0.0,33.0,33.0,33.0,0.0,34.35224194925917,34.35224194925917,34.35224194925917,0.0,14.416059786712374,14.416059786712374,14.416059786712374,0.0,0.6930479906110416,0.6930479906110416,0.6930479906110416,0.0,3.3404189146380503,3.3404189146380503,3.3404189146380503,0.0,0.3340418914638051,0.3340418914638051,0.3340418914638051,0.0,10.0,10.0,10.0,0.0
572,9.0,9.0,9.0,0.0,9.0,9.0,9.0,0.0,3.0859570640988068,3.0859570640988068,3.0859570640988068,0.0,0.3085957064098803,0.3085957064098803,0.3085957064098803,0.0,0.2222222222222222,0.2222222222222222,0.2222222222222222,0.0,33.0,33.0,33.0,0.0,33.0,33.0,33.0,0.0,34.35224194925917,34.35224194925917,34.35224194925917,0.0,14.35949723790914,14.35949723790914,14.35949723790914,0.0,0.5297061990576545,0.5297061990576545,0.5297061990576545,0.0,4.20773393262991,4.20773393262991,4.20773393262991,0.0,0.420773393262991,0.420773393262991,0.420773393262991,0.0,2.0,2.0,2.0,0.0
573,133.0,133.0,133.0,0.0,133.0,133.0,133.0,0.0,1.2536706369531494,1.2536706369531494,1.2536706369531494,0.0,0.1253670636953151,0.1253670636953151,0.1253670636953151,0.0,0.112781954887218,0.112781954887218,0.112781954887218,0.0,33.0,33.0,33.0,0.0,33.0,33.0,33.0,0.0,35.41553325449881,35.41553325449881,35.41553325449881,0.0,14.530635624172389,14.530635624172389,14.530635624172389,0.0,0.6928927635962525,0.6928927635962525,0.6928927635962525,0.0,2.6149747691502827,2.6149747691502827,2.6149747691502827,0.0,0.2614974769150285,0.2614974769150285,0.2614974769150285,0.0,7.0,7.0,7.0,0.0
574,110.0,110.0,110.0,0.0,110.0,110.0,110.0,0.0,1.565365403096078,1.565365403096078,1.565365403096078,0.0,0.1565365403096078,0.1565365403096078,0.1565365403096078,0.0,0.0727272727272727,0.0727272727272727,0.0727272727272727,0.0,33.0,33.0,33.0,0.0,33.0,33.0,33.0,0.0,35.64275485820116,35.64275485820116,35.64275485820116,0.0,14.67796104505113,14.67796104505113,14.67796104505113,0.0,0.6929818821956966,0.6929818821956966,0.6929818821956966,0.0,3.1431908998942246,3.1431908998942246,3.1431908998942246,0.0,0.3143190899894229,0.3143190899894229,0.3143190899894229,0.0,9.0,9.0,9.0,0.0
575,10.0,10.0,10.0,0.0,10.0,10.0,10.0,0.0,3.8487088934301794,3.8487088934301794,3.8487088934301794,0.0,0.3848708893430174,0.3848708893430174,0.3848708893430174,0.0,0.2,0.2,0.2,0.0,33.0,33.0,33.0,0.0,33.0,33.0,33.0,0.0,35.42783287109904,35.42783287109904,35.42783287109904,0.0,14.59002402328438,14.59002402328438,14.59002402328438,0.0,0.6108643020548935,0.6108643020548935,0.6108643020548935,0.0,8.736289517365783,8.736289517365783,8.736289517365783,0.0,0.873628951736579,0.873628951736579,0.873628951736579,0.0,3.0,3.0,3.0,0.0
576,11.0,11.0,11.0,0.0,11.0,11.0,11.0,0.0,3.563460750225397,3.563460750225397,3.563460750225397,0.0,0.3563460750225405,0.3563460750225405,0.3563460750225405,0.0,0.0909090909090909,0.0909090909090909,0.0909090909090909,0.0,33.0,33.0,33.0,0.0,33.0,33.0,33.0,0.0,35.25187807082823,35.25187807082823,35.25187807082823,0.0,14.505181947399691,14.505181947399691,14.505181947399691,0.0,0.6890092384766586,0.6890092384766586,0.6890092384766586,0.0,7.607562962723688,7.607562962723688,7.607562962723688,0.0,0.7607562962723686,0.7607562962723686,0.7607562962723686,0.0,3.0,3.0,3.0,0.0
577,10.0,10.0,10.0,0.0,10.0,10.0,10.0,0.0,4.341045622543128,4.341045622543128,4.341045622543128,0.0,0.4341045622543117,0.4341045622543117,0.4341045622543117,0.0,0.1,0.1,0.1,0.0,33.0,33.0,33.0,0.0,33.0,33.0,33.0,0.0,35.25187807082823,35.25187807082823,35.25187807082823,0.0,14.44671673856151,14.44671673856151,14.44671673856151,0.0,0.5004024235381879,0.5004024235381879,0.5004024235381879,0.0,7.201431323047733,7.201431323047733,7.201431323047733,0.0,0.7201431323047736,0.7201431323047736,0.7201431323047736,0.0,4.0,4.0,4.0,0.0
578,165.0,165.0,165.0,0.0,165.0,165.0,165.0,0.0,1.4367416190512317,1.4367416190512317,1.4367416190512317,0.0,0.1436741619051232,0.1436741619051232,0.1436741619051232,0.0,0.109090909090909,0.109090909090909,0.109090909090909,0.0,33.0,33.0,33.0,0.0,33.0,33.0,33.0,0.0,36.74130679007318,36.74130679007318,36.74130679007318,0.0,14.67677468093112,14.67677468093112,14.67677468093112,0.0,0.6929818821956966,0.6929818821956966,0.6929818821956966,0.0,2.7955112913707323,2.7955112913707323,2.7955112913707323,0.0,0.2795511291370731,0.2795511291370731,0.2795511291370731,0.0,8.0,8.0,8.0,0.0
579,121.0,121.0,121.0,0.0,121.0,121.0,121.0,0.0,1.3838848387162666,1.3838848387162666,1.3838848387162666,0.0,0.1383884838716265,0.1383884838716265,0.1383884838716265,0.0,0.1074380165289256,0.1074380165289256,0.1074380165289256,0.0,33.0,33.0,33.0,0.0,33.0,33.0,33.0,0.0,38.94461562231558,38.94461562231558,38.94461562231558,0.0,14.82577743236046,14.82577743236046,14.82577743236046,0.0,0.6928397930080376,0.6928397930080376,0.6928397930080376,0.0,3.470841677240672,3.470841677240672,3.470841677240672,0.0,0.3470841677240672,0.3470841677240672,0.3470841677240672,0.0,9.0,9.0,9.0,0.0
580,119.0,119.0,119.0,0.0,119.0,119.0,119.0,0.0,2.064184406341656,2.064184406341656,2.064184406341656,0.0,0.2064184406341654,0.2064184406341654,0.2064184406341654,0.0,0.1092436974789916,0.1092436974789916,0.1092436974789916,0.0,33.0,33.0,33.0,0.0,33.0,33.0,33.0,0.0,36.64405698288906,36.64405698288906,36.64405698288906,0.0,14.971576046168789,14.971576046168789,14.971576046168789,0.0,0.6931118719034328,0.6931118719034328,0.6931118719034328,0.0,3.713439993691945,3.713439993691945,3.713439993691945,0.0,0.3713439993691941,0.3713439993691941,0.3713439993691941,0.0,9.0,9.0,9.0,0.0
581,146.0,146.0,146.0,0.0,146.0,146.0,146.0,0.0,1.4184256968183169,1.4184256968183169,1.4184256968183169,0.0,0.1418425696818314,0.1418425696818314,0.1418425696818314,0.0,0.1027397260273972,0.1027397260273972,0.1027397260273972,0.0,33.0,33.0,33.0,0.0,33.0,33.0,33.0,0.0,37.59612994107407,37.59612994107407,37.59612994107407,0.0,15.148490877425273,15.148490877425273,15.148490877425273,0.0,0.693053351391456,0.693053351391456,0.693053351391456,0.0,2.948066102884605,2.948066102884605,2.948066102884605,0.0,0.2948066102884604,0.2948066102884604,0.2948066102884604,0.0,8.0,8.0,8.0,0.0
582,128.0,128.0,128.0,0.0,128.0,128.0,128.0,0.0,1.4065789818887762,1.4065789818887762,1.4065789818887762,0.0,0.1406578981888776,0.1406578981888776,0.1406578981888776,0.0,0.09375,0.09375,0.09375,0.0,33.0,33.0,33.0,0.0,33.0,33.0,33.0,0.0,37.93412184224616,37.93412184224616,37.93412184224616,0.0,15.290317550102548,15.290317550102548,15.290317550102548,0.0,0.6930251052799065,0.6930251052799065,0.6930251052799065,0.0,3.0203922585176803,3.0203922585176803,3.0203922585176803,0.0,0.3020392258517678,0.3020392258517678,0.3020392258517678,0.0,7.0,7.0,7.0,0.0
583,173.0,173.0,173.0,0.0,173.0,173.0,173.0,0.0,1.2619492120611575,1.2619492120611575,1.2619492120611575,0.0,0.1261949212061157,0.1261949212061157,0.1261949212061157,0.0,0.1329479768786127,0.1329479768786127,0.1329479768786127,0.0,33.0,33.0,33.0,0.0,33.0,33.0,33.0,0.0,40.148490755600434,40.148490755600434,40.148490755600434,0.0,15.513670565749855,15.513670565749855,15.513670565749855,0.0,0.6931304742622273,0.6931304742622273,0.6931304742622273,0.0,2.9815307962753343,2.9815307962753343,2.9815307962753343,0.0,0.2981530796275334,0.2981530796275334,0.2981530796275334,0.0,8.0,8.0,8.0,0.0
584,10.0,10.0,10.0,0.0,10.0,10.0,10.0,0.0,4.288819023312077,4.288819023312077,4.288819023312077,0.0,0.4288819023312079,0.4288819023312079,0.4288819023312079,0.0,0.0,0.0,0.0,0.0,33.0,33.0,33.0,0.0,33.0,33.0,33.0,0.0,39.89839604715775,39.89839604715775,39.89839604715775,0.0,15.41162504732016,15.41162504732016,15.41162504732016,0.0,0.6730116670092565,0.6730116670092565,0.6730116670092565,0.0,8.556488265378695,8.556488265378695,8.556488265378695,0.0,0.8556488265378696,0.8556488265378696,0.8556488265378696,0.0,3.0,3.0,3.0,0.0
585,9.0,9.0,9.0,0.0,9.0,9.0,9.0,0.0,4.442478758763199,4.442478758763199,4.442478758763199,0.0,0.4442478758763191,0.4442478758763191,0.4442478758763191,0.0,0.0,0.0,0.0,0.0,33.0,33.0,33.0,0.0,33.0,33.0,33.0,0.0,39.89839604715775,39.89839604715775,39.89839604715775,0.0,15.318414006811231,15.318414006811231,15.318414006811231,0.0,0.6365141682948128,0.6365141682948128,0.6365141682948128,0.0,8.241405733335208,8.241405733335208,8.241405733335208,0.0,0.8241405733335203,0.8241405733335203,0.8241405733335203,0.0,2.0,2.0,2.0,0.0
586,118.0,118.0,118.0,0.0,118.0,118.0,118.0,0.0,1.7314531483639457,1.7314531483639457,1.7314531483639457,0.0,0.1731453148363944,0.1731453148363944,0.1731453148363944,0.0,0.0423728813559322,0.0423728813559322,0.0423728813559322,0.0,33.0,33.0,33.0,0.0,33.0,33.0,33.0,0.0,39.18216619672982,39.18216619672982,39.18216619672982,0.0,15.434170453532989,15.434170453532989,15.434170453532989,0.0,0.6930035367960177,0.6930035367960177,0.6930035367960177,0.0,3.593315483821325,3.593315483821325,3.593315483821325,0.0,0.3593315483821324,0.3593315483821324,0.3593315483821324,0.0,7.0,7.0,7.0,0.0
587,37.0,37.0,37.0,0.0,37.0,37.0,37.0,0.0,2.8538437332160727,2.8538437332160727,2.8538437332160727,0.0,0.2853843733216068,0.2853843733216068,0.2853843733216068,0.0,0.1081081081081081,0.1081081081081081,0.1081081081081081,0.0,33.0,33.0,33.0,0.0,33.0,33.0,33.0,0.0,38.18018697411301,38.18018697411301,38.18018697411301,0.0,15.39667141477641,15.39667141477641,15.39667141477641,0.0,0.6839884329677817,0.6839884329677817,0.6839884329677817,0.0,4.743779503460912,4.743779503460912,4.743779503460912,0.0,0.4743779503460912,0.4743779503460912,0.4743779503460912,0.0,5.0,5.0,5.0,0.0
588,146.0,146.0,146.0,0.0,146.0,146.0,146.0,0.0,1.608355151804622,1.608355151804622,1.608355151804622,0.0,0.1608355151804621,0.1608355151804621,0.1608355151804621,0.0,0.0821917808219178,0.0821917808219178,0.0821917808219178,0.0,33.0,33.0,33.0,0.0,33.0,33.0,33.0,0.0,39.06842047045533,39.06842047045533,39.06842047045533,0.0,15.56921802856394,15.56921802856394,15.56921802856394,0.0,0.693053351391456,0.693053351391456,0.693053351391456,0.0,3.73147894038,3.73147894038,3.73147894038,0.0,0.3731478940380001,0.3731478940380001,0.3731478940380001,0.0,11.0,11.0,11.0,0.0
589,10.0,10.0,10.0,0.0,10.0,10.0,10.0,0.0,5.084805683154352,5.084805683154352,5.084805683154352,0.0,0.5084805683154346,0.5084805683154346,0.5084805683154346,0.0,0.0,0.0,0.0,0.0,33.0,33.0,33.0,0.0,33.0,33.0,33.0,0.0,39.06842047045533,39.06842047045533,39.06842047045533,0.0,15.477456237859744,15.477456237859744,15.477456237859744,0.0,0.5004024235381879,0.5004024235381879,0.5004024235381879,0.0,7.165743574011998,7.165743574011998,7.165743574011998,0.0,0.7165743574012002,0.7165743574012002,0.7165743574012002,0.0,3.0,3.0,3.0,0.0
590,120.0,120.0,120.0,0.0,120.0,120.0,120.0,0.0,1.8444753702976668,1.8444753702976668,1.8444753702976668,0.0,0.1844475370297664,0.1844475370297664,0.1844475370297664,0.0,0.1,0.1,0.1,0.0,33.0,33.0,33.0,0.0,33.0,33.0,33.0,0.0,39.06714648851967,39.06714648851967,39.06714648851967,0.0,15.61441632488524,15.61441632488524,15.61441632488524,0.0,0.6930082852403007,0.6930082852403007,0.6930082852403007,0.0,3.965510362017344,3.965510362017344,3.965510362017344,0.0,0.3965510362017344,0.3965510362017344,0.3965510362017344,0.0,9.0,9.0,9.0,0.0
591,10.0,10.0,10.0,0.0,10.0,10.0,10.0,0.0,4.448205938595319,4.448205938595319,4.448205938595319,0.0,0.4448205938595322,0.4448205938595322,0.4448205938595322,0.0,0.0,0.0,0.0,0.0,33.0,33.0,33.0,0.0,33.0,33.0,33.0,0.0,39.06714648851967,39.06714648851967,39.06714648851967,0.0,15.539248162514289,15.539248162514289,15.539248162514289,0.0,0.6108643020548935,0.6108643020548935,0.6108643020548935,0.0,7.401884337259559,7.401884337259559,7.401884337259559,0.0,0.7401884337259558,0.7401884337259558,0.7401884337259558,0.0,4.0,4.0,4.0,0.0
592,127.0,127.0,127.0,0.0,127.0,127.0,127.0,0.0,1.7787490712603853,1.7787490712603853,1.7787490712603853,0.0,0.1778749071260384,0.1778749071260384,0.1778749071260384,0.0,0.0944881889763779,0.0944881889763779,0.0944881889763779,0.0,33.0,33.0,33.0,0.0,33.0,33.0,33.0,0.0,38.849269606282114,38.849269606282114,38.849269606282114,0.0,15.68646072351263,15.68646072351263,15.68646072351263,0.0,0.6931161801776027,0.6931161801776027,0.6931161801776027,0.0,3.601076827849372,3.601076827849372,3.601076827849372,0.0,0.3601076827849372,0.3601076827849372,0.3601076827849372,0.0,9.0,9.0,9.0,0.0
593,11.0,11.0,11.0,0.0,11.0,11.0,11.0,0.0,3.744025301988036,3.744025301988036,3.744025301988036,0.0,0.3744025301988032,0.3744025301988032,0.3744025301988032,0.0,0.2727272727272727,0.2727272727272727,0.2727272727272727,0.0,33.0,33.0,33.0,0.0,33.0,33.0,33.0,0.0,38.849269606282114,38.849269606282114,38.849269606282114,0.0,15.597306631383937,15.597306631383937,15.597306631383937,0.0,0.5859526183035508,0.5859526183035508,0.5859526183035508,0.0,7.322426560578338,7.322426560578338,7.322426560578338,0.0,0.7322426560578336,0.7322426560578336,0.7322426560578336,0.0,3.0,3.0,3.0,0.0
594,42.0,42.0,42.0,0.0,42.0,42.0,42.0,0.0,3.109380697127029,3.109380697127029,3.109380697127029,0.0,0.3109380697127022,0.3109380697127022,0.3109380697127022,0.0,0.0952380952380952,0.0952380952380952,0.0952380952380952,0.0,33.0,33.0,33.0,0.0,33.0,33.0,33.0,0.0,39.0281897076776,39.0281897076776,39.0281897076776,0.0,15.579156957260638,15.579156957260638,15.579156957260638,0.0,0.6931471805599453,0.6931471805599453,0.6931471805599453,0.0,5.100913307395745,5.100913307395745,5.100913307395745,0.0,0.5100913307395745,0.5100913307395745,0.5100913307395745,0.0,6.0,6.0,6.0,0.0
595,11.0,11.0,11.0,0.0,11.0,11.0,11.0,0.0,3.802721936434829,3.802721936434829,3.802721936434829,0.0,0.3802721936434833,0.3802721936434833,0.3802721936434833,0.0,0.0909090909090909,0.0909090909090909,0.0909090909090909,0.0,33.0,33.0,33.0,0.0,33.0,33.0,33.0,0.0,39.0281897076776,39.0281897076776,39.0281897076776,0.0,15.48713614605496,15.48713614605496,15.48713614605496,0.0,0.6890092384766586,0.6890092384766586,0.6890092384766586,0.0,6.815466670804397,6.815466670804397,6.815466670804397,0.0,0.6815466670804396,0.6815466670804396,0.6815466670804396,0.0,3.0,3.0,3.0,0.0
596,9.0,9.0,9.0,0.0,9.0,9.0,9.0,0.0,4.144162482351263,4.144162482351263,4.144162482351263,0.0,0.4144162482351273,0.4144162482351273,0.4144162482351273,0.0,0.0,0.0,0.0,0.0,33.0,33.0,33.0,0.0,33.0,33.0,33.0,0.0,39.0281897076776,39.0281897076776,39.0281897076776,0.0,15.40280552511656,15.40280552511656,15.40280552511656,0.0,0.5297061990576545,0.5297061990576545,0.5297061990576545,0.0,6.934161812855036,6.934161812855036,6.934161812855036,0.0,0.6934161812855026,0.6934161812855026,0.6934161812855026,0.0,2.0,2.0,2.0,0.0
597,152.0,152.0,152.0,0.0,152.0,152.0,152.0,0.0,1.2523935793064338,1.2523935793064338,1.2523935793064338,0.0,0.1252393579306432,0.1252393579306432,0.1252393579306432,0.0,0.0789473684210526,0.0789473684210526,0.0789473684210526,0.0,33.0,33.0,33.0,0.0,33.0,33.0,33.0,0.0,39.04094090497589,39.04094090497589,39.04094090497589,0.0,15.592003333558395,15.592003333558395,15.592003333558395,0.0,0.6931471805599453,0.6931471805599453,0.6931471805599453,0.0,2.7115320516594505,2.7115320516594505,2.7115320516594505,0.0,0.2711532051659452,0.2711532051659452,0.2711532051659452,0.0,6.0,6.0,6.0,0.0
598,27.0,27.0,27.0,0.0,27.0,27.0,27.0,0.0,3.2985032683879982,3.2985032683879982,3.2985032683879982,0.0,0.3298503268388,0.3298503268388,0.3298503268388,0.0,0.074074074074074,0.074074074074074,0.074074074074074,0.0,33.0,33.0,33.0,0.0,33.0,33.0,33.0,0.0,39.07622460678696,39.07622460678696,39.07622460678696,0.0,15.534324456740164,15.534324456740164,15.534324456740164,0.0,0.6869615765973234,0.6869615765973234,0.6869615765973234,0.0,5.501411983866227,5.501411983866227,5.501411983866227,0.0,0.550141198386623,0.550141198386623,0.550141198386623,0.0,7.0,7.0,7.0,0.0
599,35.0,35.0,35.0,0.0,35.0,35.0,35.0,0.0,3.2488591611051367,3.2488591611051367,3.2488591611051367,0.0,0.3248859161105138,0.3248859161105138,0.3248859161105138,0.0,0.2,0.2,0.2,0.0,33.0,33.0,33.0,0.0,33.0,33.0,33.0,0.0,39.07414740479349,39.07414740479349,39.07414740479349,0.0,15.485035858134204,15.485035858134204,15.485035858134204,0.0,0.6829081047004717,0.6829081047004717,0.6829081047004717,0.0,4.8069487477042925,4.8069487477042925,4.8069487477042925,0.0,0.480694874770429,0.480694874770429,0.480694874770429,0.0,7.0,7.0,7.0,0.0
600,45.0,45.0,45.0,0.0,45.0,45.0,45.0,0.0,2.7234597863286933,2.7234597863286933,2.7234597863286933,0.0,0.2723459786328693,0.2723459786328693,0.2723459786328693,0.0,0.0888888888888888,0.0888888888888888,0.0888888888888888,0.0,33.0,33.0,33.0,0.0,33.0,33.0,33.0,0.0,39.07414740479349,39.07414740479349,39.07414740479349,0.0,15.462609523163968,15.462609523163968,15.462609523163968,0.0,0.6869615765973234,0.6869615765973234,0.6869615765973234,0.0,4.986579455351907,4.986579455351907,4.986579455351907,0.0,0.4986579455351911,0.4986579455351911,0.4986579455351911,0.0,7.0,7.0,7.0,0.0
601,32.0,32.0,32.0,0.0,32.0,32.0,32.0,0.0,3.160609588531176,3.160609588531176,3.160609588531176,0.0,0.3160609588531178,0.3160609588531178,0.3160609588531178,0.0,0.1875,0.1875,0.1875,0.0,33.0,33.0,33.0,0.0,33.0,33.0,33.0,0.0,39.07414740479349,39.07414740479349,39.07414740479349,0.0,15.423280253831518,15.423280253831518,15.423280253831518,0.0,0.6754645824509031,0.6754645824509031,0.6754645824509031,0.0,5.148219748588911,5.148219748588911,5.148219748588911,0.0,0.5148219748588911,0.5148219748588911,0.5148219748588911,0.0,7.0,7.0,7.0,0.0
602,196.0,196.0,196.0,0.0,196.0,196.0,196.0,0.0,1.0408394640541618,1.0408394640541618,1.0408394640541618,0.0,0.1040839464054162,0.1040839464054162,0.1040839464054162,0.0,0.096938775510204,0.096938775510204,0.096938775510204,0.0,33.0,33.0,33.0,0.0,33.0,33.0,33.0,0.0,40.13247538493421,40.13247538493421,40.13247538493421,0.0,15.706847531943088,15.706847531943088,15.706847531943088,0.0,0.6930951180154532,0.6930951180154532,0.6930951180154532,0.0,2.5200410310945403,2.5200410310945403,2.5200410310945403,0.0,0.2520041031094543,0.2520041031094543,0.2520041031094543,0.0,7.0,7.0,7.0,0.0
603,15.0,15.0,15.0,0.0,15.0,15.0,15.0,0.0,2.823143298877384,2.823143298877384,2.823143298877384,0.0,0.2823143298877392,0.2823143298877392,0.2823143298877392,0.0,0.0666666666666666,0.0666666666666666,0.0666666666666666,0.0,33.0,33.0,33.0,0.0,33.0,33.0,33.0,0.0,40.13247538493421,40.13247538493421,40.13247538493421,0.0,15.624607415549832,15.624607415549832,15.624607415549832,0.0,0.5799151714181009,0.5799151714181009,0.5799151714181009,0.0,5.690322711837234,5.690322711837234,5.690322711837234,0.0,0.5690322711837237,0.5690322711837237,0.5690322711837237,0.0,3.0,3.0,3.0,0.0
604,171.0,171.0,171.0,0.0,171.0,171.0,171.0,0.0,1.308447338047768,1.308447338047768,1.308447338047768,0.0,0.1308447338047765,0.1308447338047765,0.1308447338047765,0.0,0.1286549707602339,0.1286549707602339,0.1286549707602339,0.0,33.0,33.0,33.0,0.0,33.0,33.0,33.0,0.0,41.0992381790616,41.0992381790616,41.0992381790616,0.0,15.822438498154762,15.822438498154762,15.822438498154762,0.0,0.6931300811840717,0.6931300811840717,0.6931300811840717,0.0,2.8414548841323,2.8414548841323,2.8414548841323,0.0,0.2841454884132301,0.2841454884132301,0.2841454884132301,0.0,6.0,6.0,6.0,0.0
605,108.0,108.0,108.0,0.0,108.0,108.0,108.0,0.0,2.3592851408093947,2.3592851408093947,2.3592851408093947,0.0,0.2359285140809394,0.2359285140809394,0.2359285140809394,0.0,0.1203703703703703,0.1203703703703703,0.1203703703703703,0.0,33.0,33.0,33.0,0.0,33.0,33.0,33.0,0.0,39.45902826547937,39.45902826547937,39.45902826547937,0.0,15.913805890485431,15.913805890485431,15.913805890485431,0.0,0.6924611526112329,0.6924611526112329,0.6924611526112329,0.0,4.680226703963771,4.680226703963771,4.680226703963771,0.0,0.4680226703963771,0.4680226703963771,0.4680226703963771,0.0,8.0,8.0,8.0,0.0
606,9.0,9.0,9.0,0.0,9.0,9.0,9.0,0.0,4.378657826340147,4.378657826340147,4.378657826340147,0.0,0.4378657826340146,0.4378657826340146,0.4378657826340146,0.0,0.2222222222222222,0.2222222222222222,0.2222222222222222,0.0,33.0,33.0,33.0,0.0,33.0,33.0,33.0,0.0,39.45902826547937,39.45902826547937,39.45902826547937,0.0,15.822883305022025,15.822883305022025,15.822883305022025,0.0,0.6365141682948128,0.6365141682948128,0.6365141682948128,0.0,7.55896284043847,7.55896284043847,7.55896284043847,0.0,0.7558962840438466,0.7558962840438466,0.7558962840438466,0.0,2.0,2.0,2.0,0.0
607,89.0,89.0,89.0,0.0,89.0,89.0,89.0,0.0,3.262774203700985,3.262774203700985,3.262774203700985,0.0,0.3262774203700981,0.3262774203700981,0.3262774203700981,0.0,0.1011235955056179,0.1011235955056179,0.1011235955056179,0.0,33.0,33.0,33.0,0.0,33.0,33.0,33.0,0.0,38.581924754882905,38.581924754882905,38.581924754882905,0.0,15.883816579313796,15.883816579313796,15.883816579313796,0.0,0.6930840558886805,0.6930840558886805,0.6930840558886805,0.0,4.629271550140594,4.629271550140594,4.629271550140594,0.0,0.4629271550140593,0.4629271550140593,0.4629271550140593,0.0,8.0,8.0,8.0,0.0
608,62.0,62.0,62.0,0.0,62.0,62.0,62.0,0.0,2.277898882123345,2.277898882123345,2.277898882123345,0.0,0.2277898882123347,0.2277898882123347,0.2277898882123347,0.0,0.0967741935483871,0.0967741935483871,0.0967741935483871,0.0,33.0,33.0,33.0,0.0,33.0,33.0,33.0,0.0,38.53749033482428,38.53749033482428,38.53749033482428,0.0,15.882277318955486,15.882277318955486,15.882277318955486,0.0,0.6931471805599453,0.6931471805599453,0.6931471805599453,0.0,4.4763325401341785,4.4763325401341785,4.4763325401341785,0.0,0.4476332540134176,0.4476332540134176,0.4476332540134176,0.0,6.0,6.0,6.0,0.0
609,10.0,10.0,10.0,0.0,10.0,10.0,10.0,0.0,4.112860962052293,4.112860962052293,4.112860962052293,0.0,0.4112860962052299,0.4112860962052299,0.4112860962052299,0.0,0.0,0.0,0.0,0.0,33.0,33.0,33.0,0.0,33.0,33.0,33.0,0.0,38.47289569386149,38.47289569386149,38.47289569386149,0.0,15.78516993152227,15.78516993152227,15.78516993152227,0.0,0.5004024235381879,0.5004024235381879,0.5004024235381879,0.0,7.0487305034840855,7.0487305034840855,7.0487305034840855,0.0,0.7048730503484079,0.7048730503484079,0.7048730503484079,0.0,3.0,3.0,3.0,0.0
610,43.0,43.0,43.0,0.0,43.0,43.0,43.0,0.0,3.4595648488392023,3.4595648488392023,3.4595648488392023,0.0,0.34595648488392,0.34595648488392,0.34595648488392,0.0,0.0232558139534883,0.0232558139534883,0.0232558139534883,0.0,33.0,33.0,33.0,0.0,33.0,33.0,33.0,0.0,38.581286876325024,38.581286876325024,38.581286876325024,0.0,15.7732176576812,15.7732176576812,15.7732176576812,0.0,0.6710806543560228,0.6710806543560228,0.6710806543560228,0.0,5.296449319489452,5.296449319489452,5.296449319489452,0.0,0.5296449319489454,0.5296449319489454,0.5296449319489454,0.0,8.0,8.0,8.0,0.0
611,56.0,56.0,56.0,0.0,56.0,56.0,56.0,0.0,2.9258413521738267,2.9258413521738267,2.9258413521738267,0.0,0.2925841352173827,0.2925841352173827,0.2925841352173827,0.0,0.0714285714285714,0.0714285714285714,0.0714285714285714,0.0,33.0,33.0,33.0,0.0,33.0,33.0,33.0,0.0,38.79889840589453,38.79889840589453,38.79889840589453,0.0,15.778683872478348,15.778683872478348,15.778683872478348,0.0,0.687396352150425,0.687396352150425,0.687396352150425,0.0,4.409762621957839,4.409762621957839,4.409762621957839,0.0,0.4409762621957837,0.4409762621957837,0.4409762621957837,0.0,8.0,8.0,8.0,0.0
612,9.0,9.0,9.0,0.0,9.0,9.0,9.0,0.0,4.080723478464858,4.080723478464858,4.080723478464858,0.0,0.4080723478464851,0.4080723478464851,0.4080723478464851,0.0,0.1111111111111111,0.1111111111111111,0.1111111111111111,0.0,33.0,33.0,33.0,0.0,33.0,33.0,33.0,0.0,38.79889840589453,38.79889840589453,38.79889840589453,0.0,15.69638481407264,15.69638481407264,15.69638481407264,0.0,0.5297061990576545,0.5297061990576545,0.5297061990576545,0.0,6.656673617054722,6.656673617054722,6.656673617054722,0.0,0.6656673617054729,0.6656673617054729,0.6656673617054729,0.0,2.0,2.0,2.0,0.0
613,46.0,46.0,46.0,0.0,46.0,46.0,46.0,0.0,2.6588346898360693,2.6588346898360693,2.6588346898360693,0.0,0.265883468983607,0.265883468983607,0.265883468983607,0.0,0.1304347826086956,0.1304347826086956,0.1304347826086956,0.0,33.0,33.0,33.0,0.0,33.0,33.0,33.0,0.0,38.79889840589453,38.79889840589453,38.79889840589453,0.0,15.670828302820905,15.670828302820905,15.670828302820905,0.0,0.6779471359178069,0.6779471359178069,0.6779471359178069,0.0,3.8388802022780726,3.8388802022780726,3.8388802022780726,0.0,0.3838880202278069,0.3838880202278069,0.3838880202278069,0.0,7.0,7.0,7.0,0.0
614,26.0,26.0,26.0,0.0,26.0,26.0,26.0,0.0,2.4344213369507983,2.4344213369507983,2.4344213369507983,0.0,0.2434421336950799,0.2434421336950799,0.2434421336950799,0.0,0.0384615384615384,0.0384615384615384,0.0384615384615384,0.0,33.0,33.0,33.0,0.0,33.0,33.0,33.0,0.0,38.79889840589453,38.79889840589453,38.79889840589453,0.0,15.607336085986349,15.607336085986349,15.607336085986349,0.0,0.6812657296632041,0.6812657296632041,0.6812657296632041,0.0,4.68226409967047,4.68226409967047,4.68226409967047,0.0,0.4682264099670472,0.4682264099670472,0.4682264099670472,0.0,5.0,5.0,5.0,0.0
615,35.0,35.0,35.0,0.0,35.0,35.0,35.0,0.0,2.898169255890572,2.898169255890572,2.898169255890572,0.0,0.2898169255890567,0.2898169255890567,0.2898169255890567,0.0,0.0571428571428571,0.0571428571428571,0.0571428571428571,0.0,33.0,33.0,33.0,0.0,33.0,33.0,33.0,0.0,38.79889840589453,38.79889840589453,38.79889840589453,0.0,15.578456203352864,15.578456203352864,15.578456203352864,0.0,0.6894691997751603,0.6894691997751603,0.6894691997751603,0.0,4.3293672148217945,4.3293672148217945,4.3293672148217945,0.0,0.4329367214821798,0.4329367214821798,0.4329367214821798,0.0,7.0,7.0,7.0,0.0
616,53.0,53.0,53.0,0.0,53.0,53.0,53.0,0.0,1.871345513395352,1.871345513395352,1.871345513395352,0.0,0.187134551339535,0.187134551339535,0.187134551339535,0.0,0.0943396226415094,0.0943396226415094,0.0943396226415094,0.0,33.0,33.0,33.0,0.0,33.0,33.0,33.0,0.0,38.79889840589453,38.79889840589453,38.79889840589453,0.0,15.568688069065516,15.568688069065516,15.568688069065516,0.0,0.684399679283535,0.684399679283535,0.684399679283535,0.0,3.277193278260179,3.277193278260179,3.277193278260179,0.0,0.3277193278260178,0.3277193278260178,0.3277193278260178,0.0,5.0,5.0,5.0,0.0
617,148.0,148.0,148.0,0.0,148.0,148.0,148.0,0.0,1.411548151044115,1.411548151044115,1.411548151044115,0.0,0.1411548151044117,0.1411548151044117,0.1411548151044117,0.0,0.1418918918918918,0.1418918918918918,0.1418918918918918,0.0,33.0,33.0,33.0,0.0,33.0,33.0,33.0,0.0,38.64671884447366,38.64671884447366,38.64671884447366,0.0,15.76431761384958,15.76431761384958,15.76431761384958,0.0,0.693055870256981,0.693055870256981,0.693055870256981,0.0,3.3633763757820847,3.3633763757820847,3.3633763757820847,0.0,0.3363376375782086,0.3363376375782086,0.3363376375782086,0.0,8.0,8.0,8.0,0.0
618,40.0,40.0,40.0,0.0,40.0,40.0,40.0,0.0,2.92393131775004,2.92393131775004,2.92393131775004,0.0,0.2923931317750038,0.2923931317750038,0.2923931317750038,0.0,0.1,0.1,0.1,0.0,33.0,33.0,33.0,0.0,33.0,33.0,33.0,0.0,38.56205635287773,38.56205635287773,38.56205635287773,0.0,15.743943287982006,15.743943287982006,15.743943287982006,0.0,0.6881388137135884,0.6881388137135884,0.6881388137135884,0.0,4.453426749155592,4.453426749155592,4.453426749155592,0.0,0.4453426749155589,0.4453426749155589,0.4453426749155589,0.0,7.0,7.0,7.0,0.0
619,38.0,38.0,38.0,0.0,38.0,38.0,38.0,0.0,2.205582505773792,2.205582505773792,2.205582505773792,0.0,0.220558250577379,0.220558250577379,0.220558250577379,0.0,0.0789473684210526,0.0789473684210526,0.0789473684210526,0.0,33.0,33.0,33.0,0.0,33.0,33.0,33.0,0.0,38.56205635287773,38.56205635287773,38.56205635287773,0.0,15.71822753638863,15.71822753638863,15.71822753638863,0.0,0.6875967375909238,0.6875967375909238,0.6875967375909238,0.0,4.279986296545043,4.279986296545043,4.279986296545043,0.0,0.4279986296545039,0.4279986296545039,0.4279986296545039,0.0,7.0,7.0,7.0,0.0
620,9.0,9.0,9.0,0.0,9.0,9.0,9.0,0.0,4.312852413108368,4.312852413108368,4.312852413108368,0.0,0.4312852413108372,0.4312852413108372,0.4312852413108372,0.0,0.0,0.0,0.0,0.0,33.0,33.0,33.0,0.0,33.0,33.0,33.0,0.0,38.56205635287773,38.56205635287773,38.56205635287773,0.0,15.62987498397346,15.62987498397346,15.62987498397346,0.0,0.6365141682948128,0.6365141682948128,0.6365141682948128,0.0,6.847345478806023,6.847345478806023,6.847345478806023,0.0,0.6847345478806028,0.6847345478806028,0.6847345478806028,0.0,2.0,2.0,2.0,0.0
621,31.0,31.0,31.0,0.0,31.0,31.0,31.0,0.0,1.8990272011942504,1.8990272011942504,1.8990272011942504,0.0,0.1899027201194251,0.1899027201194251,0.1899027201194251,0.0,0.064516129032258,0.064516129032258,0.064516129032258,0.0,33.0,33.0,33.0,0.0,33.0,33.0,33.0,0.0,38.56205635287773,38.56205635287773,38.56205635287773,0.0,15.580826403502025,15.580826403502025,15.580826403502025,0.0,0.6800829048357611,0.6800829048357611,0.6800829048357611,0.0,4.383776760820624,4.383776760820624,4.383776760820624,0.0,0.4383776760820623,0.4383776760820623,0.4383776760820623,0.0,5.0,5.0,5.0,0.0
622,91.0,91.0,91.0,0.0,91.0,91.0,91.0,0.0,2.1965855843015465,2.1965855843015465,2.1965855843015465,0.0,0.2196585584301546,0.2196585584301546,0.2196585584301546,0.0,0.1318681318681318,0.1318681318681318,0.1318681318681318,0.0,33.0,33.0,33.0,0.0,33.0,33.0,33.0,0.0,38.028561515693134,38.028561515693134,38.028561515693134,0.0,15.646694968210516,15.646694968210516,15.646694968210516,0.0,0.6901856760188042,0.6901856760188042,0.6901856760188042,0.0,4.014812306787266,4.014812306787266,4.014812306787266,0.0,0.4014812306787266,0.4014812306787266,0.4014812306787266,0.0,8.0,8.0,8.0,0.0
623,36.0,36.0,36.0,0.0,36.0,36.0,36.0,0.0,2.604038405974014,2.604038405974014,2.604038405974014,0.0,0.2604038405974014,0.2604038405974014,0.2604038405974014,0.0,0.0833333333333333,0.0833333333333333,0.0833333333333333,0.0,33.0,33.0,33.0,0.0,33.0,33.0,33.0,0.0,38.021697688836674,38.021697688836674,38.021697688836674,0.0,15.607905584570954,15.607905584570954,15.607905584570954,0.0,0.6916031758694977,0.6916031758694977,0.6916031758694977,0.0,4.914810189007858,4.914810189007858,4.914810189007858,0.0,0.4914810189007857,0.4914810189007857,0.4914810189007857,0.0,7.0,7.0,7.0,0.0
624,10.0,10.0,10.0,0.0,10.0,10.0,10.0,0.0,3.865274259738352,3.865274259738352,3.865274259738352,0.0,0.3865274259738352,0.3865274259738352,0.3865274259738352,0.0,0.2,0.2,0.2,0.0,33.0,33.0,33.0,0.0,33.0,33.0,33.0,0.0,38.021697688836674,38.021697688836674,38.021697688836674,0.0,15.525446609921572,15.525446609921572,15.525446609921572,0.0,0.6931471805599453,0.6931471805599453,0.6931471805599453,0.0,6.760208819731894,6.760208819731894,6.760208819731894,0.0,0.6760208819731899,0.6760208819731899,0.6760208819731899,0.0,2.0,2.0,2.0,0.0
625,10.0,10.0,10.0,0.0,10.0,10.0,10.0,0.0,3.621348802758847,3.621348802758847,3.621348802758847,0.0,0.362134880275884,0.362134880275884,0.362134880275884,0.0,0.0,0.0,0.0,0.0,33.0,33.0,33.0,0.0,33.0,33.0,33.0,0.0,38.021697688836674,38.021697688836674,38.021697688836674,0.0,15.446249371402404,15.446249371402404,15.446249371402404,0.0,0.6730116670092565,0.6730116670092565,0.6730116670092565,0.0,5.199114498693385,5.199114498693385,5.199114498693385,0.0,0.5199114498693386,0.5199114498693386,0.5199114498693386,0.0,2.0,2.0,2.0,0.0
626,92.0,92.0,92.0,0.0,92.0,92.0,92.0,0.0,2.459223743855212,2.459223743855212,2.459223743855212,0.0,0.2459223743855207,0.2459223743855207,0.2459223743855207,0.0,0.1521739130434782,0.1521739130434782,0.1521739130434782,0.0,33.0,33.0,33.0,0.0,33.0,33.0,33.0,0.0,37.90274844479278,37.90274844479278,37.90274844479278,0.0,15.524598581254688,15.524598581254688,15.524598581254688,0.0,0.6910190163724763,0.6910190163724763,0.6910190163724763,0.0,4.037807395664009,4.037807395664009,4.037807395664009,0.0,0.4037807395664013,0.4037807395664013,0.4037807395664013,0.0,8.0,8.0,8.0,0.0
627,10.0,10.0,10.0,0.0,10.0,10.0,10.0,0.0,3.857668219331516,3.857668219331516,3.857668219331516,0.0,0.3857668219331522,0.3857668219331522,0.3857668219331522,0.0,0.2,0.2,0.2,0.0,33.0,33.0,33.0,0.0,33.0,33.0,33.0,0.0,37.90274844479278,37.90274844479278,37.90274844479278,0.0,15.436437579541048,15.436437579541048,15.436437579541048,0.0,0.5004024235381879,0.5004024235381879,0.5004024235381879,0.0,6.121944730149912,6.121944730149912,6.121944730149912,0.0,0.6121944730149905,0.6121944730149905,0.6121944730149905,0.0,3.0,3.0,3.0,0.0
628,41.0,41.0,41.0,0.0,41.0,41.0,41.0,0.0,2.474053861403708,2.474053861403708,2.474053861403708,0.0,0.2474053861403704,0.2474053861403704,0.2474053861403704,0.0,0.0975609756097561,0.0975609756097561,0.0975609756097561,0.0,33.0,33.0,33.0,0.0,33.0,33.0,33.0,0.0,37.90274844479278,37.90274844479278,37.90274844479278,0.0,15.408787394726136,15.408787394726136,15.408787394726136,0.0,0.6904678087032025,0.6904678087032025,0.6904678087032025,0.0,3.79744450053237,3.79744450053237,3.79744450053237,0.0,0.3797444500532372,0.3797444500532372,0.3797444500532372,0.0,7.0,7.0,7.0,0.0
629,10.0,10.0,10.0,0.0,10.0,10.0,10.0,0.0,4.255025175429415,4.255025175429415,4.255025175429415,0.0,0.4255025175429416,0.4255025175429416,0.4255025175429416,0.0,0.0,0.0,0.0,0.0,33.0,33.0,33.0,0.0,33.0,33.0,33.0,0.0,37.90274844479278,37.90274844479278,37.90274844479278,0.0,15.322736706357084,15.322736706357084,15.322736706357084,0.0,0.5004024235381879,0.5004024235381879,0.5004024235381879,0.0,5.968218277236253,5.968218277236253,5.968218277236253,0.0,0.5968218277236256,0.5968218277236256,0.5968218277236256,0.0,3.0,3.0,3.0,0.0
630,42.0,42.0,42.0,0.0,42.0,42.0,42.0,0.0,3.2432866260551303,3.2432866260551303,3.2432866260551303,0.0,0.3243286626055133,0.3243286626055133,0.3243286626055133,0.0,0.0476190476190476,0.0476190476190476,0.0476190476190476,0.0,33.0,33.0,33.0,0.0,33.0,33.0,33.0,0.0,37.882172047967,37.882172047967,37.882172047967,0.0,15.310305485831128,15.310305485831128,15.310305485831128,0.0,0.6886051523183013,0.6886051523183013,0.6886051523183013,0.0,5.702066102835466,5.702066102835466,5.702066102835466,0.0,0.5702066102835464,0.5702066102835464,0.5702066102835464,0.0,7.0,7.0,7.0,0.0
631,35.0,35.0,35.0,0.0,35.0,35.0,35.0,0.0,3.195002080867684,3.195002080867684,3.195002080867684,0.0,0.3195002080867685,0.3195002080867685,0.3195002080867685,0.0,0.1142857142857142,0.1142857142857142,0.1142857142857142,0.0,33.0,33.0,33.0,0.0,33.0,33.0,33.0,0.0,37.33417722830256,37.33417722830256,37.33417722830256,0.0,15.287385644781615,15.287385644781615,15.287385644781615,0.0,0.6829081047004717,0.6829081047004717,0.6829081047004717,0.0,5.136539860765162,5.136539860765162,5.136539860765162,0.0,0.5136539860765165,0.5136539860765165,0.5136539860765165,0.0,7.0,7.0,7.0,0.0
632,28.0,28.0,28.0,0.0,28.0,28.0,28.0,0.0,3.586928606705702,3.586928606705702,3.586928606705702,0.0,0.3586928606705704,0.3586928606705704,0.3586928606705704,0.0,0.1071428571428571,0.1071428571428571,0.1071428571428571,0.0,33.0,33.0,33.0,0.0,33.0,33.0,33.0,0.0,36.9621531463748,36.9621531463748,36.9621531463748,0.0,15.253226377699056,15.253226377699056,15.253226377699056,0.0,0.6829081047004717,0.6829081047004717,0.6829081047004717,0.0,4.911583967975077,4.911583967975077,4.911583967975077,0.0,0.4911583967975078,0.4911583967975078,0.4911583967975078,0.0,6.0,6.0,6.0,0.0
633,13.0,13.0,13.0,0.0,13.0,13.0,13.0,0.0,3.5490546869170654,3.5490546869170654,3.5490546869170654,0.0,0.3549054686917067,0.3549054686917067,0.3549054686917067,0.0,0.1538461538461538,0.1538461538461538,0.1538461538461538,0.0,33.0,33.0,33.0,0.0,33.0,33.0,33.0,0.0,36.9621531463748,36.9621531463748,36.9621531463748,0.0,15.173237471661334,15.173237471661334,15.173237471661334,0.0,0.4293230219306162,0.4293230219306162,0.4293230219306162,0.0,3.9194307934024426,3.9194307934024426,3.9194307934024426,0.0,0.3919430793402438,0.3919430793402438,0.3919430793402438,0.0,4.0,4.0,4.0,0.0
634,10.0,10.0,10.0,0.0,10.0,10.0,10.0,0.0,4.169248767410652,4.169248767410652,4.169248767410652,0.0,0.4169248767410657,0.4169248767410657,0.4169248767410657,0.0,0.1,0.1,0.1,0.0,33.0,33.0,33.0,0.0,33.0,33.0,33.0,0.0,36.9621531463748,36.9621531463748,36.9621531463748,0.0,15.099485201075922,15.099485201075922,15.099485201075922,0.0,0.5004024235381879,0.5004024235381879,0.5004024235381879,0.0,6.332641987226339,6.332641987226339,6.332641987226339,0.0,0.6332641987226336,0.6332641987226336,0.6332641987226336,0.0,4.0,4.0,4.0,0.0
635,24.0,24.0,24.0,0.0,24.0,24.0,24.0,0.0,2.3012498377573007,2.3012498377573007,2.3012498377573007,0.0,0.23012498377573,0.23012498377573,0.23012498377573,0.0,0.125,0.125,0.125,0.0,33.0,33.0,33.0,0.0,33.0,33.0,33.0,0.0,36.9621531463748,36.9621531463748,36.9621531463748,0.0,15.041113039288083,15.041113039288083,15.041113039288083,0.0,0.6365141682948128,0.6365141682948128,0.6365141682948128,0.0,4.080823742990588,4.080823742990588,4.080823742990588,0.0,0.4080823742990589,0.4080823742990589,0.4080823742990589,0.0,5.0,5.0,5.0,0.0
636,102.0,102.0,102.0,0.0,102.0,102.0,102.0,0.0,2.0700418284756434,2.0700418284756434,2.0700418284756434,0.0,0.2070041828475643,0.2070041828475643,0.2070041828475643,0.0,0.1078431372549019,0.1078431372549019,0.1078431372549019,0.0,33.0,33.0,33.0,0.0,33.0,33.0,33.0,0.0,36.9621531463748,36.9621531463748,36.9621531463748,0.0,15.1349508906027,15.1349508906027,15.1349508906027,0.0,0.6914160776171183,0.6914160776171183,0.6914160776171183,0.0,3.160052417442908,3.160052417442908,3.160052417442908,0.0,0.3160052417442908,0.3160052417442908,0.3160052417442908,0.0,7.0,7.0,7.0,0.0
637,39.0,39.0,39.0,0.0,39.0,39.0,39.0,0.0,2.20655796016542,2.20655796016542,2.20655796016542,0.0,0.220655796016542,0.220655796016542,0.220655796016542,0.0,0.0769230769230769,0.0769230769230769,0.0769230769230769,0.0,33.0,33.0,33.0,0.0,33.0,33.0,33.0,0.0,36.9621531463748,36.9621531463748,36.9621531463748,0.0,15.107689119859728,15.107689119859728,15.107689119859728,0.0,0.6928184134311288,0.6928184134311288,0.6928184134311288,0.0,3.830095530509605,3.830095530509605,3.830095530509605,0.0,0.3830095530509604,0.3830095530509604,0.3830095530509604,0.0,7.0,7.0,7.0,0.0
638,126.0,126.0,126.0,0.0,126.0,126.0,126.0,0.0,1.643682001615576,1.643682001615576,1.643682001615576,0.0,0.1643682001615574,0.1643682001615574,0.1643682001615574,0.0,0.1031746031746031,0.1031746031746031,0.1031746031746031,0.0,33.0,33.0,33.0,0.0,33.0,33.0,33.0,0.0,36.9621531463748,36.9621531463748,36.9621531463748,0.0,15.267218299489087,15.267218299489087,15.267218299489087,0.0,0.6804961083634223,0.6804961083634223,0.6804961083634223,0.0,3.2139619881393147,3.2139619881393147,3.2139619881393147,0.0,0.3213961988139313,0.3213961988139313,0.3213961988139313,0.0,10.0,10.0,10.0,0.0
639,44.0,44.0,44.0,0.0,44.0,44.0,44.0,0.0,2.289806693863081,2.289806693863081,2.289806693863081,0.0,0.2289806693863081,0.2289806693863081,0.2289806693863081,0.0,0.1363636363636363,0.1363636363636363,0.1363636363636363,0.0,33.0,33.0,33.0,0.0,33.0,33.0,33.0,0.0,36.9621531463748,36.9621531463748,36.9621531463748,0.0,15.260207095501912,15.260207095501912,15.260207095501912,0.0,0.6890092384766586,0.6890092384766586,0.6890092384766586,0.0,3.4556943841846284,3.4556943841846284,3.4556943841846284,0.0,0.345569438418463,0.345569438418463,0.345569438418463,0.0,7.0,7.0,7.0,0.0
640,75.0,75.0,75.0,0.0,75.0,75.0,75.0,0.0,2.007815520884117,2.007815520884117,2.007815520884117,0.0,0.2007815520884121,0.2007815520884121,0.2007815520884121,0.0,0.0666666666666666,0.0666666666666666,0.0666666666666666,0.0,33.0,33.0,33.0,0.0,33.0,33.0,33.0,0.0,36.9856447170412,36.9856447170412,36.9856447170412,0.0,15.300265786213217,15.300265786213217,15.300265786213217,0.0,0.6887852792452958,0.6887852792452958,0.6887852792452958,0.0,3.736030587614407,3.736030587614407,3.736030587614407,0.0,0.3736030587614407,0.3736030587614407,0.3736030587614407,0.0,8.0,8.0,8.0,0.0
641,61.0,61.0,61.0,0.0,61.0,61.0,61.0,0.0,2.38747752585924,2.38747752585924,2.38747752585924,0.0,0.238747752585924,0.238747752585924,0.238747752585924,0.0,0.1475409836065573,0.1475409836065573,0.1475409836065573,0.0,33.0,33.0,33.0,0.0,33.0,33.0,33.0,0.0,37.20765008885662,37.20765008885662,37.20765008885662,0.0,15.316702715406144,15.316702715406144,15.316702715406144,0.0,0.6897840967421709,0.6897840967421709,0.6897840967421709,0.0,4.211003103638089,4.211003103638089,4.211003103638089,0.0,0.421100310363809,0.421100310363809,0.421100310363809,0.0,8.0,8.0,8.0,0.0
642,11.0,11.0,11.0,0.0,11.0,11.0,11.0,0.0,3.132275364424606,3.132275364424606,3.132275364424606,0.0,0.3132275364424602,0.3132275364424602,0.3132275364424602,0.0,0.0909090909090909,0.0909090909090909,0.0909090909090909,0.0,33.0,33.0,33.0,0.0,33.0,33.0,33.0,0.0,37.20765008885662,37.20765008885662,37.20765008885662,0.0,15.25160811863693,15.25160811863693,15.25160811863693,0.0,0.5859526183035508,0.5859526183035508,0.5859526183035508,0.0,5.408023311364767,5.408023311364767,5.408023311364767,0.0,0.5408023311364768,0.5408023311364768,0.5408023311364768,0.0,2.0,2.0,2.0,0.0
643,30.0,30.0,30.0,0.0,30.0,30.0,30.0,0.0,3.030364113061954,3.030364113061954,3.030364113061954,0.0,0.3030364113061951,0.3030364113061951,0.3030364113061951,0.0,0.1333333333333333,0.1333333333333333,0.1333333333333333,0.0,33.0,33.0,33.0,0.0,33.0,33.0,33.0,0.0,37.46294965701057,37.46294965701057,37.46294965701057,0.0,15.21122752151957,15.21122752151957,15.21122752151957,0.0,0.6365141682948128,0.6365141682948128,0.6365141682948128,0.0,5.03589005728167,5.03589005728167,5.03589005728167,0.0,0.5035890057281673,0.5035890057281673,0.5035890057281673,0.0,7.0,7.0,7.0,0.0
644,24.0,24.0,24.0,0.0,24.0,24.0,24.0,0.0,2.332518108269116,2.332518108269116,2.332518108269116,0.0,0.2332518108269109,0.2332518108269109,0.2332518108269109,0.0,0.125,0.125,0.125,0.0,33.0,33.0,33.0,0.0,33.0,33.0,33.0,0.0,37.46294965701057,37.46294965701057,37.46294965701057,0.0,15.156091817942045,15.156091817942045,15.156091817942045,0.0,0.6896709283570267,0.6896709283570267,0.6896709283570267,0.0,5.46719313571469,5.46719313571469,5.46719313571469,0.0,0.5467193135714696,0.5467193135714696,0.5467193135714696,0.0,5.0,5.0,5.0,0.0
645,40.0,40.0,40.0,0.0,40.0,40.0,40.0,0.0,2.1484243737677247,2.1484243737677247,2.1484243737677247,0.0,0.2148424373767722,0.2148424373767722,0.2148424373767722,0.0,0.175,0.175,0.175,0.0,33.0,33.0,33.0,0.0,33.0,33.0,33.0,0.0,37.46294965701057,37.46294965701057,37.46294965701057,0.0,15.13370017423811,15.13370017423811,15.13370017423811,0.0,0.6881388137135884,0.6881388137135884,0.6881388137135884,0.0,3.498558814658056,3.498558814658056,3.498558814658056,0.0,0.3498558814658057,0.3498558814658057,0.3498558814658057,0.0,7.0,7.0,7.0,0.0
646,35.0,35.0,35.0,0.0,35.0,35.0,35.0,0.0,2.731609239343206,2.731609239343206,2.731609239343206,0.0,0.2731609239343208,0.2731609239343208,0.2731609239343208,0.0,0.2285714285714285,0.2285714285714285,0.2285714285714285,0.0,33.0,33.0,33.0,0.0,33.0,33.0,33.0,0.0,37.59262006644987,37.59262006644987,37.59262006644987,0.0,15.110868225762422,15.110868225762422,15.110868225762422,0.0,0.6829081047004717,0.6829081047004717,0.6829081047004717,0.0,5.575100422924074,5.575100422924074,5.575100422924074,0.0,0.5575100422924072,0.5575100422924072,0.5575100422924072,0.0,7.0,7.0,7.0,0.0
647,40.0,40.0,40.0,0.0,40.0,40.0,40.0,0.0,2.8650237478962586,2.8650237478962586,2.8650237478962586,0.0,0.2865023747896258,0.2865023747896258,0.2865023747896258,0.0,0.025,0.025,0.025,0.0,33.0,33.0,33.0,0.0,33.0,33.0,33.0,0.0,37.59262006644987,37.59262006644987,37.59262006644987,0.0,15.089619360880372,15.089619360880372,15.089619360880372,0.0,0.6881388137135884,0.6881388137135884,0.6881388137135884,0.0,4.465368402494604,4.465368402494604,4.465368402494604,0.0,0.4465368402494606,0.4465368402494606,0.4465368402494606,0.0,7.0,7.0,7.0,0.0
648,40.0,40.0,40.0,0.0,40.0,40.0,40.0,0.0,2.512649614778767,2.512649614778767,2.512649614778767,0.0,0.2512649614778768,0.2512649614778768,0.2512649614778768,0.0,0.05,0.05,0.05,0.0,33.0,33.0,33.0,0.0,33.0,33.0,33.0,0.0,37.81800662219491,37.81800662219491,37.81800662219491,0.0,15.077897818117656,15.077897818117656,15.077897818117656,0.0,0.6818546087307834,0.6818546087307834,0.6818546087307834,0.0,4.941508071858155,4.941508071858155,4.941508071858155,0.0,0.4941508071858154,0.4941508071858154,0.4941508071858154,0.0,7.0,7.0,7.0,0.0
649,52.0,52.0,52.0,0.0,52.0,52.0,52.0,0.0,2.55043635074768,2.55043635074768,2.55043635074768,0.0,0.2550436350747684,0.2550436350747684,0.2550436350747684,0.0,0.1538461538461538,0.1538461538461538,0.1538461538461538,0.0,33.0,33.0,33.0,0.0,33.0,33.0,33.0,0.0,37.69923438924698,37.69923438924698,37.69923438924698,0.0,15.079654602140998,15.079654602140998,15.079654602140998,0.0,0.6864755255818468,0.6864755255818468,0.6864755255818468,0.0,4.255917779741142,4.255917779741142,4.255917779741142,0.0,0.425591777974114,0.425591777974114,0.425591777974114,0.0,8.0,8.0,8.0,0.0
650,56.0,56.0,56.0,0.0,56.0,56.0,56.0,0.0,2.0074498414926945,2.0074498414926945,2.0074498414926945,0.0,0.2007449841492692,0.2007449841492692,0.2007449841492692,0.0,0.1071428571428571,0.1071428571428571,0.1071428571428571,0.0,33.0,33.0,33.0,0.0,33.0,33.0,33.0,0.0,37.84690374660413,37.84690374660413,37.84690374660413,0.0,15.080724416707914,15.080724416707914,15.080724416707914,0.0,0.687396352150425,0.687396352150425,0.687396352150425,0.0,3.945917121509728,3.945917121509728,3.945917121509728,0.0,0.3945917121509731,0.3945917121509731,0.3945917121509731,0.0,7.0,7.0,7.0,0.0
651,24.0,24.0,24.0,0.0,24.0,24.0,24.0,0.0,2.3693723661744976,2.3693723661744976,2.3693723661744976,0.0,0.2369372366174496,0.2369372366174496,0.2369372366174496,0.0,0.1666666666666666,0.1666666666666666,0.1666666666666666,0.0,33.0,33.0,33.0,0.0,33.0,33.0,33.0,0.0,37.84690374660413,37.84690374660413,37.84690374660413,0.0,15.039785589251435,15.039785589251435,15.039785589251435,0.0,0.6896709283570267,0.6896709283570267,0.6896709283570267,0.0,4.3419989077414245,4.3419989077414245,4.3419989077414245,0.0,0.4341998907741425,0.4341998907741425,0.4341998907741425,0.0,5.0,5.0,5.0,0.0
652,33.0,33.0,33.0,0.0,33.0,33.0,33.0,0.0,2.709380070103871,2.709380070103871,2.709380070103871,0.0,0.2709380070103873,0.2709380070103873,0.2709380070103873,0.0,0.0909090909090909,0.0909090909090909,0.0909090909090909,0.0,33.0,33.0,33.0,0.0,33.0,33.0,33.0,0.0,37.84690374660413,37.84690374660413,37.84690374660413,0.0,15.008401260786831,15.008401260786831,15.008401260786831,0.0,0.6816244336247836,0.6816244336247836,0.6816244336247836,0.0,4.292961519116012,4.292961519116012,4.292961519116012,0.0,0.4292961519116012,0.4292961519116012,0.4292961519116012,0.0,7.0,7.0,7.0,0.0
653,105.0,105.0,105.0,0.0,105.0,105.0,105.0,0.0,2.30761039032474,2.30761039032474,2.30761039032474,0.0,0.2307610390324739,0.2307610390324739,0.2307610390324739,0.0,0.1333333333333333,0.1333333333333333,0.1333333333333333,0.0,33.0,33.0,33.0,0.0,33.0,33.0,33.0,0.0,37.499876883885214,37.499876883885214,37.499876883885214,0.0,15.126398981537566,15.126398981537566,15.126398981537566,0.0,0.6931018284004121,0.6931018284004121,0.6931018284004121,0.0,3.7474162246127154,3.7474162246127154,3.7474162246127154,0.0,0.3747416224612716,0.3747416224612716,0.3747416224612716,0.0,8.0,8.0,8.0,0.0
654,11.0,11.0,11.0,0.0,11.0,11.0,11.0,0.0,3.1468834012713445,3.1468834012713445,3.1468834012713445,0.0,0.3146883401271348,0.3146883401271348,0.3146883401271348,0.0,0.1818181818181818,0.1818181818181818,0.1818181818181818,0.0,33.0,33.0,33.0,0.0,33.0,33.0,33.0,0.0,37.499876883885214,37.499876883885214,37.499876883885214,0.0,15.051788515667722,15.051788515667722,15.051788515667722,0.0,0.5859526183035508,0.5859526183035508,0.5859526183035508,0.0,5.652603527582565,5.652603527582565,5.652603527582565,0.0,0.5652603527582563,0.5652603527582563,0.5652603527582563,0.0,3.0,3.0,3.0,0.0
655,56.0,56.0,56.0,0.0,56.0,56.0,56.0,0.0,2.3800293678881324,2.3800293678881324,2.3800293678881324,0.0,0.2380029367888129,0.2380029367888129,0.2380029367888129,0.0,0.0714285714285714,0.0714285714285714,0.0714285714285714,0.0,33.0,33.0,33.0,0.0,33.0,33.0,33.0,0.0,37.499876883885214,37.499876883885214,37.499876883885214,0.0,15.057260299831633,15.057260299831633,15.057260299831633,0.0,0.6905939864775922,0.6905939864775922,0.6905939864775922,0.0,3.7526462991451135,3.7526462991451135,3.7526462991451135,0.0,0.3752646299145117,0.3752646299145117,0.3752646299145117,0.0,7.0,7.0,7.0,0.0
656,22.0,22.0,22.0,0.0,22.0,22.0,22.0,0.0,2.582583465284094,2.582583465284094,2.582583465284094,0.0,0.2582583465284101,0.2582583465284101,0.2582583465284101,0.0,0.1363636363636363,0.1363636363636363,0.1363636363636363,0.0,33.0,33.0,33.0,0.0,33.0,33.0,33.0,0.0,37.499876883885214,37.499876883885214,37.499876883885214,0.0,15.006382830137884,15.006382830137884,15.006382830137884,0.0,0.6554817739013927,0.6554817739013927,0.6554817739013927,0.0,5.110067406854537,5.110067406854537,5.110067406854537,0.0,0.5110067406854539,0.5110067406854539,0.5110067406854539,0.0,5.0,5.0,5.0,0.0
657,55.0,55.0,55.0,0.0,55.0,55.0,55.0,0.0,2.05827593014144,2.05827593014144,2.05827593014144,0.0,0.205827593014144,0.205827593014144,0.205827593014144,0.0,0.0363636363636363,0.0363636363636363,0.0363636363636363,0.0,33.0,33.0,33.0,0.0,33.0,33.0,33.0,0.0,37.59110586421495,37.59110586421495,37.59110586421495,0.0,15.009415503861016,15.009415503861016,15.009415503861016,0.0,0.6890092384766586,0.6890092384766586,0.6890092384766586,0.0,4.239922488375921,4.239922488375921,4.239922488375921,0.0,0.423992248837592,0.423992248837592,0.423992248837592,0.0,7.0,7.0,7.0,0.0
658,79.0,79.0,79.0,0.0,79.0,79.0,79.0,0.0,2.1876628611709528,2.1876628611709528,2.1876628611709528,0.0,0.2187662861170952,0.2187662861170952,0.2187662861170952,0.0,0.050632911392405,0.050632911392405,0.050632911392405,0.0,33.0,33.0,33.0,0.0,33.0,33.0,33.0,0.0,36.982008463566125,36.982008463566125,36.982008463566125,0.0,15.060798365851245,15.060798365851245,15.060798365851245,0.0,0.6930670630541902,0.6930670630541902,0.6930670630541902,0.0,3.75634924266382,3.75634924266382,3.75634924266382,0.0,0.3756349242663818,0.3756349242663818,0.3756349242663818,0.0,8.0,8.0,8.0,0.0
659,32.0,32.0,32.0,0.0,32.0,32.0,32.0,0.0,3.056671184296872,3.056671184296872,3.056671184296872,0.0,0.3056671184296872,0.3056671184296872,0.3056671184296872,0.0,0.0625,0.0625,0.0625,0.0,33.0,33.0,33.0,0.0,33.0,33.0,33.0,0.0,36.75849621754573,36.75849621754573,36.75849621754573,0.0,15.032779729179884,15.032779729179884,15.032779729179884,0.0,0.6911927820032008,0.6911927820032008,0.6911927820032008,0.0,4.562451695346912,4.562451695346912,4.562451695346912,0.0,0.456245169534691,0.456245169534691,0.456245169534691,0.0,7.0,7.0,7.0,0.0
660,36.0,36.0,36.0,0.0,36.0,36.0,36.0,0.0,2.6992882732921037,2.6992882732921037,2.6992882732921037,0.0,0.2699288273292104,0.2699288273292104,0.2699288273292104,0.0,0.1666666666666666,0.1666666666666666,0.1666666666666666,0.0,33.0,33.0,33.0,0.0,33.0,33.0,33.0,0.0,36.82593985619727,36.82593985619727,36.82593985619727,0.0,15.012933151220086,15.012933151220086,15.012933151220086,0.0,0.6791932659915256,0.6791932659915256,0.6791932659915256,0.0,4.228872353597805,4.228872353597805,4.228872353597805,0.0,0.4228872353597804,0.4228872353597804,0.4228872353597804,0.0,7.0,7.0,7.0,0.0
661,48.0,48.0,48.0,0.0,48.0,48.0,48.0,0.0,2.5763244541880344,2.5763244541880344,2.5763244541880344,0.0,0.2576324454188035,0.2576324454188035,0.2576324454188035,0.0,0.0625,0.0625,0.0625,0.0,33.0,33.0,33.0,0.0,33.0,33.0,33.0,0.0,36.85962605674165,36.85962605674165,36.85962605674165,0.0,15.007777582602396,15.007777582602396,15.007777582602396,0.0,0.6853142072764582,0.6853142072764582,0.6853142072764582,0.0,4.168331564168667,4.168331564168667,4.168331564168667,0.0,0.4168331564168663,0.4168331564168663,0.4168331564168663,0.0,8.0,8.0,8.0,0.0
662,18.0,18.0,18.0,0.0,18.0,18.0,18.0,0.0,3.029894242618043,3.029894242618043,3.029894242618043,0.0,0.3029894242618044,0.3029894242618044,0.3029894242618044,0.0,0.1111111111111111,0.1111111111111111,0.1111111111111111,0.0,33.0,33.0,33.0,0.0,33.0,33.0,33.0,0.0,36.85962605674165,36.85962605674165,36.85962605674165,0.0,14.94589570346255,14.94589570346255,14.94589570346255,0.0,0.6365141682948128,0.6365141682948128,0.6365141682948128,0.0,4.071795985879367,4.071795985879367,4.071795985879367,0.0,0.4071795985879367,0.4071795985879367,0.4071795985879367,0.0,5.0,5.0,5.0,0.0
663,9.0,9.0,9.0,0.0,9.0,9.0,9.0,0.0,3.581736212726332,3.581736212726332,3.581736212726332,0.0,0.3581736212726334,0.3581736212726334,0.3581736212726334,0.0,0.0,0.0,0.0,0.0,33.0,33.0,33.0,0.0,33.0,33.0,33.0,0.0,36.85962605674165,36.85962605674165,36.85962605674165,0.0,14.880125692598517,14.880125692598517,14.880125692598517,0.0,0.6365141682948128,0.6365141682948128,0.6365141682948128,0.0,5.3278409527243,5.3278409527243,5.3278409527243,0.0,0.5327840952724299,0.5327840952724299,0.5327840952724299,0.0,2.0,2.0,2.0,0.0
664,9.0,9.0,9.0,0.0,9.0,9.0,9.0,0.0,3.4763954366691854,3.4763954366691854,3.4763954366691854,0.0,0.3476395436669182,0.3476395436669182,0.3476395436669182,0.0,0.0,0.0,0.0,0.0,33.0,33.0,33.0,0.0,33.0,33.0,33.0,0.0,36.85962605674165,36.85962605674165,36.85962605674165,0.0,14.81679918095201,14.81679918095201,14.81679918095201,0.0,0.0,-0.0,-0.0,0.0,5.133634657376406,5.133634657376406,5.133634657376406,0.0,0.5133634657376411,0.5133634657376411,0.5133634657376411,0.0,2.0,2.0,2.0,0.0
665,68.0,68.0,68.0,0.0,68.0,68.0,68.0,0.0,2.268470235998235,2.268470235998235,2.268470235998235,0.0,0.2268470235998234,0.2268470235998234,0.2268470235998234,0.0,0.1323529411764706,0.1323529411764706,0.1323529411764706,0.0,33.0,33.0,33.0,0.0,33.0,33.0,33.0,0.0,36.59608189088416,36.59608189088416,36.59608189088416,0.0,14.85256658490017,14.85256658490017,14.85256658490017,0.0,0.6914160776171183,0.6914160776171183,0.6914160776171183,0.0,3.7187436560697575,3.7187436560697575,3.7187436560697575,0.0,0.371874365606976,0.371874365606976,0.371874365606976,0.0,8.0,8.0,8.0,0.0
666,154.0,154.0,154.0,0.0,154.0,154.0,154.0,0.0,1.3488098148367398,1.3488098148367398,1.3488098148367398,0.0,0.1348809814836739,0.1348809814836739,0.1348809814836739,0.0,0.1233766233766233,0.1233766233766233,0.1233766233766233,0.0,33.0,33.0,33.0,0.0,33.0,33.0,33.0,0.0,36.36034482425098,36.36034482425098,36.36034482425098,0.0,15.065082287812498,15.065082287812498,15.065082287812498,0.0,0.6930628469360363,0.6930628469360363,0.6930628469360363,0.0,2.6994654734154966,2.6994654734154966,2.6994654734154966,0.0,0.2699465473415495,0.2699465473415495,0.2699465473415495,0.0,8.0,8.0,8.0,0.0
667,44.0,44.0,44.0,0.0,44.0,44.0,44.0,0.0,2.6184392493365327,2.6184392493365327,2.6184392493365327,0.0,0.2618439249336531,0.2618439249336531,0.2618439249336531,0.0,0.0681818181818181,0.0681818181818181,0.0681818181818181,0.0,33.0,33.0,33.0,0.0,33.0,33.0,33.0,0.0,36.36034482425098,36.36034482425098,36.36034482425098,0.0,15.04657585196622,15.04657585196622,15.04657585196622,0.0,0.6921137666782082,0.6921137666782082,0.6921137666782082,0.0,5.027068099172339,5.027068099172339,5.027068099172339,0.0,0.5027068099172339,0.5027068099172339,0.5027068099172339,0.0,7.0,7.0,7.0,0.0
668,177.0,177.0,177.0,0.0,177.0,177.0,177.0,0.0,1.518012437953063,1.518012437953063,1.518012437953063,0.0,0.1518012437953063,0.1518012437953063,0.1518012437953063,0.0,0.0903954802259887,0.0903954802259887,0.0903954802259887,0.0,33.0,33.0,33.0,0.0,33.0,33.0,33.0,0.0,35.64208631593832,35.64208631593832,35.64208631593832,0.0,15.30259750949219,15.30259750949219,15.30259750949219,0.0,0.6931312208210461,0.6931312208210461,0.6931312208210461,0.0,2.7992318399240936,2.7992318399240936,2.7992318399240936,0.0,0.2799231839924093,0.2799231839924093,0.2799231839924093,0.0,11.0,11.0,11.0,0.0
669,109.0,109.0,109.0,0.0,109.0,109.0,109.0,0.0,1.4850930775197084,1.4850930775197084,1.4850930775197084,0.0,0.1485093077519708,0.1485093077519708,0.1485093077519708,0.0,0.055045871559633,0.055045871559633,0.055045871559633,0.0,33.0,33.0,33.0,0.0,33.0,33.0,33.0,0.0,36.29545602446032,36.29545602446032,36.29545602446032,0.0,15.41539971186956,15.41539971186956,15.41539971186956,0.0,0.6927683767297783,0.6927683767297783,0.6927683767297783,0.0,3.0129729324382,3.0129729324382,3.0129729324382,0.0,0.3012972932438204,0.3012972932438204,0.3012972932438204,0.0,8.0,8.0,8.0,0.0
670,113.0,113.0,113.0,0.0,113.0,113.0,113.0,0.0,1.4202049246898647,1.4202049246898647,1.4202049246898647,0.0,0.1420204924689865,0.1420204924689865,0.1420204924689865,0.0,0.0530973451327433,0.0530973451327433,0.0530973451327433,0.0,33.0,33.0,33.0,0.0,33.0,33.0,33.0,0.0,36.59816199619398,36.59816199619398,36.59816199619398,0.0,15.53408845002514,15.53408845002514,15.53408845002514,0.0,0.6927947231417368,0.6927947231417368,0.6927947231417368,0.0,2.9274888355228117,2.9274888355228117,2.9274888355228117,0.0,0.2927488835522811,0.2927488835522811,0.2927488835522811,0.0,7.0,7.0,7.0,0.0
671,125.0,125.0,125.0,0.0,125.0,125.0,125.0,0.0,1.17656262073984,1.17656262073984,1.17656262073984,0.0,0.1176562620739841,0.1176562620739841,0.1176562620739841,0.0,0.112,0.112,0.112,0.0,33.0,33.0,33.0,0.0,33.0,33.0,33.0,0.0,38.59857385295938,38.59857385295938,38.59857385295938,0.0,15.67589796645521,15.67589796645521,15.67589796645521,0.0,0.6928591529055732,0.6928591529055732,0.6928591529055732,0.0,2.9046015095937667,2.9046015095937667,2.9046015095937667,0.0,0.2904601509593769,0.2904601509593769,0.2904601509593769,0.0,4.0,4.0,4.0,0.0
672,153.0,153.0,153.0,0.0,153.0,153.0,153.0,0.0,1.3885883520818834,1.3885883520818834,1.3885883520818834,0.0,0.1388588352081882,0.1388588352081882,0.1388588352081882,0.0,0.0849673202614379,0.0849673202614379,0.0849673202614379,0.0,33.0,33.0,33.0,0.0,33.0,33.0,33.0,0.0,39.30008841685651,39.30008841685651,39.30008841685651,0.0,15.851704818425317,15.851704818425317,15.851704818425317,0.0,0.6929549344838639,0.6929549344838639,0.6929549344838639,0.0,2.8880371283804105,2.8880371283804105,2.8880371283804105,0.0,0.2888037128380414,0.2888037128380414,0.2888037128380414,0.0,4.0,4.0,4.0,0.0
673,164.0,164.0,164.0,0.0,164.0,164.0,164.0,0.0,1.403773617435628,1.403773617435628,1.403773617435628,0.0,0.1403773617435627,0.1403773617435627,0.1403773617435627,0.0,0.0853658536585365,0.0853658536585365,0.0853658536585365,0.0,33.0,33.0,33.0,0.0,33.0,33.0,33.0,0.0,40.24490083782287,40.24490083782287,40.24490083782287,0.0,16.062320077464197,16.062320077464197,16.062320077464197,0.0,0.6931471805599453,0.6931471805599453,0.6931471805599453,0.0,2.7939686406279733,2.7939686406279733,2.7939686406279733,0.0,0.2793968640627974,0.2793968640627974,0.2793968640627974,0.0,6.0,6.0,6.0,0.0
674,143.0,143.0,143.0,0.0,143.0,143.0,143.0,0.0,1.5166946028845227,1.5166946028845227,1.5166946028845227,0.0,0.1516694602884521,0.1516694602884521,0.1516694602884521,0.0,0.1048951048951049,0.1048951048951049,0.1048951048951049,0.0,33.0,33.0,33.0,0.0,33.0,33.0,33.0,0.0,39.9092263586614,39.9092263586614,39.9092263586614,0.0,16.22363155456506,16.22363155456506,16.22363155456506,0.0,0.692927104754399,0.692927104754399,0.692927104754399,0.0,2.832611236187455,2.832611236187455,2.832611236187455,0.0,0.2832611236187456,0.2832611236187456,0.2832611236187456,0.0,8.0,8.0,8.0,0.0
675,122.0,122.0,122.0,0.0,122.0,122.0,122.0,0.0,1.359462768385038,1.359462768385038,1.359462768385038,0.0,0.1359462768385034,0.1359462768385034,0.1359462768385034,0.0,0.0983606557377049,0.0983606557377049,0.0983606557377049,0.0,33.0,33.0,33.0,0.0,33.0,33.0,33.0,0.0,40.762129387475404,40.762129387475404,40.762129387475404,0.0,16.328479854706657,16.328479854706657,16.328479854706657,0.0,0.6931471805599453,0.6931471805599453,0.6931471805599453,0.0,3.255094600609118,3.255094600609118,3.255094600609118,0.0,0.3255094600609118,0.3255094600609118,0.3255094600609118,0.0,6.0,6.0,6.0,0.0
676,25.0,25.0,25.0,0.0,25.0,25.0,25.0,0.0,4.322981768362882,4.322981768362882,4.322981768362882,0.0,0.432298176836288,0.432298176836288,0.432298176836288,0.0,0.2,0.2,0.2,0.0,33.0,33.0,33.0,0.0,33.0,33.0,33.0,0.0,40.75095961066434,40.75095961066434,40.75095961066434,0.0,16.258717527921036,16.258717527921036,16.258717527921036,0.0,0.6859298002523728,0.6859298002523728,0.6859298002523728,0.0,8.082464773312854,8.082464773312854,8.082464773312854,0.0,0.8082464773312853,0.8082464773312853,0.8082464773312853,0.0,5.0,5.0,5.0,0.0
677,76.0,76.0,76.0,0.0,76.0,76.0,76.0,0.0,2.5400762033588067,2.5400762033588067,2.5400762033588067,0.0,0.2540076203358811,0.2540076203358811,0.2540076203358811,0.0,0.0131578947368421,0.0131578947368421,0.0131578947368421,0.0,33.0,33.0,33.0,0.0,33.0,33.0,33.0,0.0,38.853135502493735,38.853135502493735,38.853135502493735,0.0,16.283806512014554,16.283806512014554,16.283806512014554,0.0,0.6931471805599453,0.6931471805599453,0.6931471805599453,0.0,4.504179087358341,4.504179087358341,4.504179087358341,0.0,0.4504179087358338,0.4504179087358338,0.4504179087358338,0.0,8.0,8.0,8.0,0.0
678,49.0,49.0,49.0,0.0,49.0,49.0,49.0,0.0,3.074123104167008,3.074123104167008,3.074123104167008,0.0,0.3074123104167006,0.3074123104167006,0.3074123104167006,0.0,0.0612244897959183,0.0612244897959183,0.0612244897959183,0.0,33.0,33.0,33.0,0.0,33.0,33.0,33.0,0.0,38.78776505322214,38.78776505322214,38.78776505322214,0.0,16.26092535232572,16.26092535232572,16.26092535232572,0.0,0.6929389195380611,0.6929389195380611,0.6929389195380611,0.0,4.761876476861513,4.761876476861513,4.761876476861513,0.0,0.4761876476861514,0.4761876476861514,0.4761876476861514,0.0,7.0,7.0,7.0,0.0
679,209.0,209.0,209.0,0.0,209.0,209.0,209.0,0.0,1.1882716576620471,1.1882716576620471,1.1882716576620471,0.0,0.1188271657662048,0.1188271657662048,0.1188271657662048,0.0,0.0861244019138756,0.0861244019138756,0.0861244019138756,0.0,33.0,33.0,33.0,0.0,33.0,33.0,33.0,0.0,41.33634052113338,41.33634052113338,41.33634052113338,0.0,16.564630160191,16.564630160191,16.564630160191,0.0,0.6931357338918793,0.6931357338918793,0.6931357338918793,0.0,2.8559513740691047,2.8559513740691047,2.8559513740691047,0.0,0.2855951374069104,0.2855951374069104,0.2855951374069104,0.0,7.0,7.0,7.0,0.0
680,53.0,53.0,53.0,0.0,53.0,53.0,53.0,0.0,2.996631383714292,2.996631383714292,2.996631383714292,0.0,0.2996631383714291,0.2996631383714291,0.2996631383714291,0.0,0.0754716981132075,0.0754716981132075,0.0754716981132075,0.0,33.0,33.0,33.0,0.0,33.0,33.0,33.0,0.0,39.891792534594,39.891792534594,39.891792534594,0.0,16.546256853488334,16.546256853488334,16.546256853488334,0.0,0.6915443304085231,0.6915443304085231,0.6915443304085231,0.0,4.943833147983023,4.943833147983023,4.943833147983023,0.0,0.4943833147983026,0.4943833147983026,0.4943833147983026,0.0,8.0,8.0,8.0,0.0
681,23.0,23.0,23.0,0.0,23.0,23.0,23.0,0.0,2.4085360598081405,2.4085360598081405,2.4085360598081405,0.0,0.2408536059808146,0.2408536059808146,0.2408536059808146,0.0,0.217391304347826,0.217391304347826,0.217391304347826,0.0,33.0,33.0,33.0,0.0,33.0,33.0,33.0,0.0,39.99139932660826,39.99139932660826,39.99139932660826,0.0,16.492764230573886,16.492764230573886,16.492764230573886,0.0,0.6846162778013047,0.6846162778013047,0.6846162778013047,0.0,5.060528079734928,5.060528079734928,5.060528079734928,0.0,0.5060528079734925,0.5060528079734925,0.5060528079734925,0.0,5.0,5.0,5.0,0.0
682,96.0,96.0,96.0,0.0,96.0,96.0,96.0,0.0,2.5233615791620942,2.5233615791620942,2.5233615791620942,0.0,0.2523361579162095,0.2523361579162095,0.2523361579162095,0.0,0.09375,0.09375,0.09375,0.0,33.0,33.0,33.0,0.0,33.0,33.0,33.0,0.0,40.109382391887046,40.109382391887046,40.109382391887046,0.0,16.572886477549343,16.572886477549343,16.572886477549343,0.0,0.6896709283570267,0.6896709283570267,0.6896709283570267,0.0,4.5194561951555725,4.5194561951555725,4.5194561951555725,0.0,0.4519456195155575,0.4519456195155575,0.4519456195155575,0.0,8.0,8.0,8.0,0.0
683,45.0,45.0,45.0,0.0,45.0,45.0,45.0,0.0,2.852849059472497,2.852849059472497,2.852849059472497,0.0,0.2852849059472495,0.2852849059472495,0.2852849059472495,0.0,0.1333333333333333,0.1333333333333333,0.1333333333333333,0.0,33.0,33.0,33.0,0.0,33.0,33.0,33.0,0.0,39.84655871944109,39.84655871944109,39.84655871944109,0.0,16.548357335639626,16.548357335639626,16.548357335639626,0.0,0.6909233093138181,0.6909233093138181,0.6909233093138181,0.0,4.813163451943592,4.813163451943592,4.813163451943592,0.0,0.4813163451943593,0.4813163451943593,0.4813163451943593,0.0,8.0,8.0,8.0,0.0
684,144.0,144.0,144.0,0.0,144.0,144.0,144.0,0.0,1.369422264200156,1.369422264200156,1.369422264200156,0.0,0.1369422264200157,0.1369422264200157,0.1369422264200157,0.0,0.0972222222222222,0.0972222222222222,0.0972222222222222,0.0,33.0,33.0,33.0,0.0,33.0,33.0,33.0,0.0,39.2750694602967,39.2750694602967,39.2750694602967,0.0,16.702677001926723,16.702677001926723,16.702677001926723,0.0,0.6930507268415149,0.6930507268415149,0.6930507268415149,0.0,3.4205471157897063,3.4205471157897063,3.4205471157897063,0.0,0.3420547115789705,0.3420547115789705,0.3420547115789705,0.0,8.0,8.0,8.0,0.0
685,126.0,126.0,126.0,0.0,126.0,126.0,126.0,0.0,1.3590959706387031,1.3590959706387031,1.3590959706387031,0.0,0.1359095970638703,0.1359095970638703,0.1359095970638703,0.0,0.0952380952380952,0.0952380952380952,0.0952380952380952,0.0,33.0,33.0,33.0,0.0,33.0,33.0,33.0,0.0,41.11069441072203,41.11069441072203,41.11069441072203,0.0,16.838659216778005,16.838659216778005,16.838659216778005,0.0,0.6930211989529488,0.6930211989529488,0.6930211989529488,0.0,3.494344633986141,3.494344633986141,3.494344633986141,0.0,0.349434463398614,0.349434463398614,0.349434463398614,0.0,8.0,8.0,8.0,0.0
686,140.0,140.0,140.0,0.0,140.0,140.0,140.0,0.0,1.4601702163756352,1.4601702163756352,1.4601702163756352,0.0,0.1460170216375631,0.1460170216375631,0.1460170216375631,0.0,0.0857142857142857,0.0857142857142857,0.0857142857142857,0.0,33.0,33.0,33.0,0.0,33.0,33.0,33.0,0.0,41.03243503634305,41.03243503634305,41.03243503634305,0.0,16.982780197173216,16.982780197173216,16.982780197173216,0.0,0.6931471805599453,0.6931471805599453,0.6931471805599453,0.0,3.595058815115789,3.595058815115789,3.595058815115789,0.0,0.3595058815115788,0.3595058815115788,0.3595058815115788,0.0,8.0,8.0,8.0,0.0
687,9.0,9.0,9.0,0.0,9.0,9.0,9.0,0.0,4.71287613890521,4.71287613890521,4.71287613890521,0.0,0.4712876138905212,0.4712876138905212,0.4712876138905212,0.0,0.1111111111111111,0.1111111111111111,0.1111111111111111,0.0,33.0,33.0,33.0,0.0,33.0,33.0,33.0,0.0,41.03243503634305,41.03243503634305,41.03243503634305,0.0,16.88143167925144,16.88143167925144,16.88143167925144,0.0,0.6365141682948128,0.6365141682948128,0.6365141682948128,0.0,8.408227912447392,8.408227912447392,8.408227912447392,0.0,0.8408227912447402,0.8408227912447402,0.8408227912447402,0.0,2.0,2.0,2.0,0.0
688,10.0,10.0,10.0,0.0,10.0,10.0,10.0,0.0,4.247840841117872,4.247840841117872,4.247840841117872,0.0,0.4247840841117874,0.4247840841117874,0.4247840841117874,0.0,0.3,0.3,0.3,0.0,33.0,33.0,33.0,0.0,33.0,33.0,33.0,0.0,41.03243503634305,41.03243503634305,41.03243503634305,0.0,16.784995615288363,16.784995615288363,16.784995615288363,0.0,0.6730116670092565,0.6730116670092565,0.6730116670092565,0.0,7.576209802403303,7.576209802403303,7.576209802403303,0.0,0.7576209802403301,0.7576209802403301,0.7576209802403301,0.0,2.0,2.0,2.0,0.0
689,11.0,11.0,11.0,0.0,11.0,11.0,11.0,0.0,4.546936829341052,4.546936829341052,4.546936829341052,0.0,0.4546936829341051,0.4546936829341051,0.4546936829341051,0.0,0.0,0.0,0.0,0.0,33.0,33.0,33.0,0.0,33.0,33.0,33.0,0.0,41.03243503634305,41.03243503634305,41.03243503634305,0.0,16.707901503043054,16.707901503043054,16.707901503043054,0.0,0.5859526183035508,0.5859526183035508,0.5859526183035508,0.0,6.822455828044446,6.822455828044446,6.822455828044446,0.0,0.6822455828044456,0.6822455828044456,0.6822455828044456,0.0,4.0,4.0,4.0,0.0
690,156.0,156.0,156.0,0.0,156.0,156.0,156.0,0.0,1.5489582638045554,1.5489582638045554,1.5489582638045554,0.0,0.1548958263804556,0.1548958263804556,0.1548958263804556,0.0,0.1282051282051282,0.1282051282051282,0.1282051282051282,0.0,33.0,33.0,33.0,0.0,33.0,33.0,33.0,0.0,41.434111650766,41.434111650766,41.434111650766,0.0,16.8736459708855,16.8736459708855,16.8736459708855,0.0,0.6930649955339707,0.6930649955339707,0.6930649955339707,0.0,3.477103754086668,3.477103754086668,3.477103754086668,0.0,0.3477103754086666,0.3477103754086666,0.3477103754086666,0.0,8.0,8.0,8.0,0.0
691,10.0,10.0,10.0,0.0,10.0,10.0,10.0,0.0,4.20788262563085,4.20788262563085,4.20788262563085,0.0,0.4207882625630851,0.4207882625630851,0.4207882625630851,0.0,0.2,0.2,0.2,0.0,33.0,33.0,33.0,0.0,33.0,33.0,33.0,0.0,41.434111650766,41.434111650766,41.434111650766,0.0,16.773006463067937,16.773006463067937,16.773006463067937,0.0,0.5004024235381879,0.5004024235381879,0.5004024235381879,0.0,7.235858712443975,7.235858712443975,7.235858712443975,0.0,0.7235858712443975,0.7235858712443975,0.7235858712443975,0.0,3.0,3.0,3.0,0.0
692,186.0,186.0,186.0,0.0,186.0,186.0,186.0,0.0,1.0797205817502111,1.0797205817502111,1.0797205817502111,0.0,0.1079720581750212,0.1079720581750212,0.1079720581750212,0.0,0.1129032258064516,0.1129032258064516,0.1129032258064516,0.0,33.0,33.0,33.0,0.0,33.0,33.0,33.0,0.0,43.55557881226483,43.55557881226483,43.55557881226483,0.0,16.985377436377522,16.985377436377522,16.985377436377522,0.0,0.6931471805599453,0.6931471805599453,0.6931471805599453,0.0,2.496418859295191,2.496418859295191,2.496418859295191,0.0,0.2496418859295192,0.2496418859295192,0.2496418859295192,0.0,5.0,5.0,5.0,0.0
693,116.0,116.0,116.0,0.0,116.0,116.0,116.0,0.0,2.6407382812157034,2.6407382812157034,2.6407382812157034,0.0,0.2640738281215705,0.2640738281215705,0.2640738281215705,0.0,0.0948275862068965,0.0948275862068965,0.0948275862068965,0.0,33.0,33.0,33.0,0.0,33.0,33.0,33.0,0.0,40.75297814622177,40.75297814622177,40.75297814622177,0.0,17.09945669013006,17.09945669013006,17.09945669013006,0.0,0.6925525323607232,0.6925525323607232,0.6925525323607232,0.0,5.110146282489302,5.110146282489302,5.110146282489302,0.0,0.51101462824893,0.51101462824893,0.51101462824893,0.0,9.0,9.0,9.0,0.0
694,154.0,154.0,154.0,0.0,154.0,154.0,154.0,0.0,1.955869670184452,1.955869670184452,1.955869670184452,0.0,0.195586967018445,0.195586967018445,0.195586967018445,0.0,0.1103896103896103,0.1103896103896103,0.1103896103896103,0.0,33.0,33.0,33.0,0.0,33.0,33.0,33.0,0.0,41.85779725949522,41.85779725949522,41.85779725949522,0.0,17.257641229866564,17.257641229866564,17.257641229866564,0.0,0.6931471805599453,0.6931471805599453,0.6931471805599453,0.0,4.990702937253214,4.990702937253214,4.990702937253214,0.0,0.4990702937253216,0.4990702937253216,0.4990702937253216,0.0,8.0,8.0,8.0,0.0
695,142.0,142.0,142.0,0.0,142.0,142.0,142.0,0.0,1.6562851707449,1.6562851707449,1.6562851707449,0.0,0.1656285170744898,0.1656285170744898,0.1656285170744898,0.0,0.0845070422535211,0.0845070422535211,0.0845070422535211,0.0,33.0,33.0,33.0,0.0,33.0,33.0,33.0,0.0,41.480907634876175,41.480907634876175,41.480907634876175,0.0,17.392005915970064,17.392005915970064,17.392005915970064,0.0,0.6930479906110416,0.6930479906110416,0.6930479906110416,0.0,3.536868196404436,3.536868196404436,3.536868196404436,0.0,0.3536868196404439,0.3536868196404439,0.3536868196404439,0.0,7.0,7.0,7.0,0.0
696,36.0,36.0,36.0,0.0,36.0,36.0,36.0,0.0,2.6133777109763687,2.6133777109763687,2.6133777109763687,0.0,0.2613377710976373,0.2613377710976373,0.2613377710976373,0.0,0.1111111111111111,0.1111111111111111,0.1111111111111111,0.0,33.0,33.0,33.0,0.0,33.0,33.0,33.0,0.0,41.392577006604725,41.392577006604725,41.392577006604725,0.0,17.338744730880897,17.338744730880897,17.338744730880897,0.0,0.6931471805599453,0.6931471805599453,0.6931471805599453,0.0,5.156012111813801,5.156012111813801,5.156012111813801,0.0,0.5156012111813805,0.5156012111813805,0.5156012111813805,0.0,7.0,7.0,7.0,0.0
697,143.0,143.0,143.0,0.0,143.0,143.0,143.0,0.0,1.1791502130017846,1.1791502130017846,1.1791502130017846,0.0,0.1179150213001785,0.1179150213001785,0.1179150213001785,0.0,0.0699300699300699,0.0699300699300699,0.0699300699300699,0.0,33.0,33.0,33.0,0.0,33.0,33.0,33.0,0.0,41.935762185286286,41.935762185286286,41.935762185286286,0.0,17.478510254499554,17.478510254499554,17.478510254499554,0.0,0.6931227292872543,0.6931227292872543,0.6931227292872543,0.0,3.1750142144537694,3.1750142144537694,3.1750142144537694,0.0,0.3175014214453771,0.3175014214453771,0.3175014214453771,0.0,6.0,6.0,6.0,0.0
698,122.0,122.0,122.0,0.0,122.0,122.0,122.0,0.0,1.5537355874270484,1.5537355874270484,1.5537355874270484,0.0,0.1553735587427046,0.1553735587427046,0.1553735587427046,0.0,0.1147540983606557,0.1147540983606557,0.1147540983606557,0.0,33.0,33.0,33.0,0.0,33.0,33.0,33.0,0.0,41.505480300614174,41.505480300614174,41.505480300614174,0.0,17.573762483145117,17.573762483145117,17.573762483145117,0.0,0.6930128020601277,0.6930128020601277,0.6930128020601277,0.0,3.533669060393628,3.533669060393628,3.533669060393628,0.0,0.3533669060393627,0.3533669060393627,0.3533669060393627,0.0,8.0,8.0,8.0,0.0
699,23.0,23.0,23.0,0.0,23.0,23.0,23.0,0.0,2.834783912287408,2.834783912287408,2.834783912287408,0.0,0.2834783912287403,0.2834783912287403,0.2834783912287403,0.0,0.1304347826086956,0.1304347826086956,0.1304347826086956,0.0,33.0,33.0,33.0,0.0,33.0,33.0,33.0,0.0,41.505480300614174,41.505480300614174,41.505480300614174,0.0,17.492888685881365,17.492888685881365,17.492888685881365,0.0,0.6460905050608089,0.6460905050608089,0.6460905050608089,0.0,5.120639407862489,5.120639407862489,5.120639407862489,0.0,0.5120639407862491,0.5120639407862491,0.5120639407862491,0.0,5.0,5.0,5.0,0.0
700,29.0,29.0,29.0,0.0,29.0,29.0,29.0,0.0,5.128687006277071,5.128687006277071,5.128687006277071,0.0,0.5128687006277066,0.5128687006277066,0.5128687006277066,0.0,0.1724137931034483,0.1724137931034483,0.1724137931034483,0.0,33.0,33.0,33.0,0.0,33.0,33.0,33.0,0.0,41.505480300614174,41.505480300614174,41.505480300614174,0.0,17.423740231017238,17.423740231017238,17.423740231017238,0.0,0.6925525323607232,0.6925525323607232,0.6925525323607232,0.0,6.841935827117643,6.841935827117643,6.841935827117643,0.0,0.6841935827117642,0.6841935827117642,0.6841935827117642,0.0,5.0,5.0,5.0,0.0
701,25.0,25.0,25.0,0.0,25.0,25.0,25.0,0.0,2.802447203427663,2.802447203427663,2.802447203427663,0.0,0.2802447203427661,0.2802447203427661,0.2802447203427661,0.0,0.12,0.12,0.12,0.0,33.0,33.0,33.0,0.0,33.0,33.0,33.0,0.0,41.505480300614174,41.505480300614174,41.505480300614174,0.0,17.34678976004056,17.34678976004056,17.34678976004056,0.0,0.6730116670092565,0.6730116670092565,0.6730116670092565,0.0,4.643508472809855,4.643508472809855,4.643508472809855,0.0,0.4643508472809856,0.4643508472809856,0.4643508472809856,0.0,5.0,5.0,5.0,0.0
702,40.0,40.0,40.0,0.0,40.0,40.0,40.0,0.0,2.5105281623377294,2.5105281623377294,2.5105281623377294,0.0,0.2510528162337733,0.2510528162337733,0.2510528162337733,0.0,0.05,0.05,0.05,0.0,33.0,33.0,33.0,0.0,33.0,33.0,33.0,0.0,41.505480300614174,41.505480300614174,41.505480300614174,0.0,17.29524286839508,17.29524286839508,17.29524286839508,0.0,0.6918966592050799,0.6918966592050799,0.6918966592050799,0.0,5.386783009466626,5.386783009466626,5.386783009466626,0.0,0.5386783009466627,0.5386783009466627,0.5386783009466627,0.0,7.0,7.0,7.0,0.0
703,12.0,12.0,12.0,0.0,12.0,12.0,12.0,0.0,3.843055296527975,3.843055296527975,3.843055296527975,0.0,0.3843055296527978,0.3843055296527978,0.3843055296527978,0.0,0.1666666666666666,0.1666666666666666,0.1666666666666666,0.0,33.0,33.0,33.0,0.0,33.0,33.0,33.0,0.0,41.505480300614174,41.505480300614174,41.505480300614174,0.0,17.193367805844645,17.193367805844645,17.193367805844645,0.0,0.6931471805599453,0.6931471805599453,0.6931471805599453,0.0,7.29615761184326,7.29615761184326,7.29615761184326,0.0,0.729615761184326,0.729615761184326,0.729615761184326,0.0,3.0,3.0,3.0,0.0
704,62.0,62.0,62.0,0.0,62.0,62.0,62.0,0.0,3.3188542516186867,3.3188542516186867,3.3188542516186867,0.0,0.3318854251618688,0.3318854251618688,0.3318854251618688,0.0,0.1129032258064516,0.1129032258064516,0.1129032258064516,0.0,33.0,33.0,33.0,0.0,33.0,33.0,33.0,0.0,41.54708776263713,41.54708776263713,41.54708776263713,0.0,17.18140568146967,17.18140568146967,17.18140568146967,0.0,0.6884572217893625,0.6884572217893625,0.6884572217893625,0.0,5.460418229450484,5.460418229450484,5.460418229450484,0.0,0.5460418229450483,0.5460418229450483,0.5460418229450483,0.0,7.0,7.0,7.0,0.0
705,135.0,135.0,135.0,0.0,135.0,135.0,135.0,0.0,1.4470516761299763,1.4470516761299763,1.4470516761299763,0.0,0.1447051676129973,0.1447051676129973,0.1447051676129973,0.0,0.0888888888888888,0.0888888888888888,0.0888888888888888,0.0,33.0,33.0,33.0,0.0,33.0,33.0,33.0,0.0,41.20360017787702,41.20360017787702,41.20360017787702,0.0,17.33474388944792,17.33474388944792,17.33474388944792,0.0,0.6931197454668,0.6931197454668,0.6931197454668,0.0,3.3132704772732438,3.3132704772732438,3.3132704772732438,0.0,0.3313270477273244,0.3313270477273244,0.3313270477273244,0.0,8.0,8.0,8.0,0.0
706,22.0,22.0,22.0,0.0,22.0,22.0,22.0,0.0,3.1007152603460173,3.1007152603460173,3.1007152603460173,0.0,0.3100715260346023,0.3100715260346023,0.3100715260346023,0.0,0.0454545454545454,0.0454545454545454,0.0454545454545454,0.0,33.0,33.0,33.0,0.0,33.0,33.0,33.0,0.0,41.20360017787702,41.20360017787702,41.20360017787702,0.0,17.27251936081108,17.27251936081108,17.27251936081108,0.0,0.6931471805599453,0.6931471805599453,0.6931471805599453,0.0,5.060804817808571,5.060804817808571,5.060804817808571,0.0,0.5060804817808565,0.5060804817808565,0.5060804817808565,0.0,5.0,5.0,5.0,0.0
707,68.0,68.0,68.0,0.0,68.0,68.0,68.0,0.0,2.525104737472723,2.525104737472723,2.525104737472723,0.0,0.2525104737472721,0.2525104737472721,0.2525104737472721,0.0,0.1029411764705882,0.1029411764705882,0.1029411764705882,0.0,33.0,33.0,33.0,0.0,33.0,33.0,33.0,0.0,41.16692312041289,41.16692312041289,41.16692312041289,0.0,17.280712014176256,17.280712014176256,17.280712014176256,0.0,0.6914160776171183,0.6914160776171183,0.6914160776171183,0.0,4.253012203600362,4.253012203600362,4.253012203600362,0.0,0.4253012203600361,0.4253012203600361,0.4253012203600361,0.0,8.0,8.0,8.0,0.0
708,63.0,63.0,63.0,0.0,63.0,63.0,63.0,0.0,2.1374210522678414,2.1374210522678414,2.1374210522678414,0.0,0.2137421052267842,0.2137421052267842,0.2137421052267842,0.0,0.0952380952380952,0.0952380952380952,0.0952380952380952,0.0,33.0,33.0,33.0,0.0,33.0,33.0,33.0,0.0,40.64335583825903,40.64335583825903,40.64335583825903,0.0,17.30478496734819,17.30478496734819,17.30478496734819,0.0,0.6930211989529488,0.6930211989529488,0.6930211989529488,0.0,4.418471877708872,4.418471877708872,4.418471877708872,0.0,0.4418471877708871,0.4418471877708871,0.4418471877708871,0.0,6.0,6.0,6.0,0.0
709,199.0,199.0,199.0,0.0,199.0,199.0,199.0,0.0,1.0495338286344982,1.0495338286344982,1.0495338286344982,0.0,0.1049533828634498,0.1049533828634498,0.1049533828634498,0.0,0.0954773869346733,0.0954773869346733,0.0954773869346733,0.0,33.0,33.0,33.0,0.0,33.0,33.0,33.0,0.0,42.31622308195234,42.31622308195234,42.31622308195234,0.0,17.563790178866284,17.563790178866284,17.563790178866284,0.0,0.6931345545630174,0.6931345545630174,0.6931345545630174,0.0,2.571625230214433,2.571625230214433,2.571625230214433,0.0,0.2571625230214432,0.2571625230214432,0.2571625230214432,0.0,7.0,7.0,7.0,0.0
710,10.0,10.0,10.0,0.0,10.0,10.0,10.0,0.0,4.819514902900489,4.819514902900489,4.819514902900489,0.0,0.4819514902900487,0.4819514902900487,0.4819514902900487,0.0,0.1,0.1,0.1,0.0,33.0,33.0,33.0,0.0,33.0,33.0,33.0,0.0,42.31622308195234,42.31622308195234,42.31622308195234,0.0,17.475056018893028,17.475056018893028,17.475056018893028,0.0,0.5004024235381879,0.5004024235381879,0.5004024235381879,0.0,8.385935043060304,8.385935043060304,8.385935043060304,0.0,0.8385935043060306,0.8385935043060306,0.8385935043060306,0.0,4.0,4.0,4.0,0.0
711,181.0,181.0,181.0,0.0,181.0,181.0,181.0,0.0,1.1025434525943256,1.1025434525943256,1.1025434525943256,0.0,0.1102543452594323,0.1102543452594323,0.1102543452594323,0.0,0.0883977900552486,0.0883977900552486,0.0883977900552486,0.0,33.0,33.0,33.0,0.0,33.0,33.0,33.0,0.0,44.74239752027287,44.74239752027287,44.74239752027287,0.0,17.687097979095796,17.687097979095796,17.687097979095796,0.0,0.693131918432913,0.693131918432913,0.693131918432913,0.0,2.840341006963109,2.840341006963109,2.840341006963109,0.0,0.284034100696311,0.284034100696311,0.284034100696311,0.0,7.0,7.0,7.0,0.0
712,179.0,179.0,179.0,0.0,179.0,179.0,179.0,0.0,1.438872825533799,1.438872825533799,1.438872825533799,0.0,0.1438872825533801,0.1438872825533801,0.1438872825533801,0.0,0.1173184357541899,0.1173184357541899,0.1173184357541899,0.0,33.0,33.0,33.0,0.0,33.0,33.0,33.0,0.0,45.17726149244315,45.17726149244315,45.17726149244315,0.0,17.874377227839368,17.874377227839368,17.874377227839368,0.0,0.6931315754726863,0.6931315754726863,0.6931315754726863,0.0,3.3307319111817466,3.3307319111817466,3.3307319111817466,0.0,0.3330731911181745,0.3330731911181745,0.3330731911181745,0.0,8.0,8.0,8.0,0.0
713,11.0,11.0,11.0,0.0,11.0,11.0,11.0,0.0,4.398196054365416,4.398196054365416,4.398196054365416,0.0,0.4398196054365412,0.4398196054365412,0.4398196054365412,0.0,0.0909090909090909,0.0909090909090909,0.0909090909090909,0.0,33.0,33.0,33.0,0.0,33.0,33.0,33.0,0.0,44.86238083332488,44.86238083332488,44.86238083332488,0.0,17.75867930489003,17.75867930489003,17.75867930489003,0.0,0.6890092384766586,0.6890092384766586,0.6890092384766586,0.0,8.036791707653622,8.036791707653622,8.036791707653622,0.0,0.8036791707653624,0.8036791707653624,0.8036791707653624,0.0,3.0,3.0,3.0,0.0
714,31.0,31.0,31.0,0.0,31.0,31.0,31.0,0.0,3.1819811145369954,3.1819811145369954,3.1819811145369954,0.0,0.3181981114536995,0.3181981114536995,0.3181981114536995,0.0,0.2580645161290322,0.2580645161290322,0.2580645161290322,0.0,33.0,33.0,33.0,0.0,33.0,33.0,33.0,0.0,44.696234059987255,44.696234059987255,44.696234059987255,0.0,17.703344735684563,17.703344735684563,17.703344735684563,0.0,0.6926267989248349,0.6926267989248349,0.6926267989248349,0.0,5.9375668517907085,5.9375668517907085,5.9375668517907085,0.0,0.5937566851790708,0.5937566851790708,0.5937566851790708,0.0,6.0,6.0,6.0,0.0
715,180.0,180.0,180.0,0.0,180.0,180.0,180.0,0.0,1.2299190834687437,1.2299190834687437,1.2299190834687437,0.0,0.1229919083468742,0.1229919083468742,0.1229919083468742,0.0,0.1222222222222222,0.1222222222222222,0.1222222222222222,0.0,33.0,33.0,33.0,0.0,33.0,33.0,33.0,0.0,45.41773902313971,45.41773902313971,45.41773902313971,0.0,17.887983982217577,17.887983982217577,17.887983982217577,0.0,0.6929002466535776,0.6929002466535776,0.6929002466535776,0.0,3.1322512499879096,3.1322512499879096,3.1322512499879096,0.0,0.3132251249987907,0.3132251249987907,0.3132251249987907,0.0,5.0,5.0,5.0,0.0
716,168.0,168.0,168.0,0.0,168.0,168.0,168.0,0.0,1.167446942078446,1.167446942078446,1.167446942078446,0.0,0.1167446942078441,0.1167446942078441,0.1167446942078441,0.0,0.0833333333333333,0.0833333333333333,0.0833333333333333,0.0,33.0,33.0,33.0,0.0,33.0,33.0,33.0,0.0,46.57037652053964,46.57037652053964,46.57037652053964,0.0,18.036219760633056,18.036219760633056,18.036219760633056,0.0,0.6930763172080534,0.6930763172080534,0.6930763172080534,0.0,3.045964328280728,3.045964328280728,3.045964328280728,0.0,0.3045964328280729,0.3045964328280729,0.3045964328280729,0.0,5.0,5.0,5.0,0.0
717,71.0,71.0,71.0,0.0,71.0,71.0,71.0,0.0,3.343985785778414,3.343985785778414,3.343985785778414,0.0,0.3343985785778413,0.3343985785778413,0.3343985785778413,0.0,0.0704225352112676,0.0704225352112676,0.0704225352112676,0.0,33.0,33.0,33.0,0.0,33.0,33.0,33.0,0.0,42.963925327377815,42.963925327377815,42.963925327377815,0.0,18.047613793482384,18.047613793482384,18.047613793482384,0.0,0.6930479906110416,0.6930479906110416,0.6930479906110416,0.0,5.9861712005917855,5.9861712005917855,5.9861712005917855,0.0,0.5986171200591784,0.5986171200591784,0.5986171200591784,0.0,8.0,8.0,8.0,0.0
718,134.0,134.0,134.0,0.0,134.0,134.0,134.0,0.0,1.3025084163992242,1.3025084163992242,1.3025084163992242,0.0,0.1302508416399223,0.1302508416399223,0.1302508416399223,0.0,0.0746268656716417,0.0746268656716417,0.0746268656716417,0.0,33.0,33.0,33.0,0.0,33.0,33.0,33.0,0.0,45.59959396473894,45.59959396473894,45.59959396473894,0.0,18.157812532350025,18.157812532350025,18.157812532350025,0.0,0.6927015808432448,0.6927015808432448,0.6927015808432448,0.0,3.6133257393352,3.6133257393352,3.6133257393352,0.0,0.36133257393352,0.36133257393352,0.36133257393352,0.0,7.0,7.0,7.0,0.0
719,184.0,184.0,184.0,0.0,184.0,184.0,184.0,0.0,1.133809638652472,1.133809638652472,1.133809638652472,0.0,0.1133809638652472,0.1133809638652472,0.1133809638652472,0.0,0.1358695652173913,0.1358695652173913,0.1358695652173913,0.0,33.0,33.0,33.0,0.0,33.0,33.0,33.0,0.0,48.012585651571065,48.012585651571065,48.012585651571065,0.0,18.324100035325085,18.324100035325085,18.324100035325085,0.0,0.6931471805599453,0.6931471805599453,0.6931471805599453,0.0,3.16290402937086,3.16290402937086,3.16290402937086,0.0,0.3162904029370859,0.3162904029370859,0.3162904029370859,0.0,6.0,6.0,6.0,0.0
720,44.0,44.0,44.0,0.0,44.0,44.0,44.0,0.0,2.881014242973431,2.881014242973431,2.881014242973431,0.0,0.2881014242973428,0.2881014242973428,0.2881014242973428,0.0,0.1363636363636363,0.1363636363636363,0.1363636363636363,0.0,33.0,33.0,33.0,0.0,33.0,33.0,33.0,0.0,45.699748445339225,45.699748445339225,45.699748445339225,0.0,18.26767474632119,18.26767474632119,18.26767474632119,0.0,0.6890092384766586,0.6890092384766586,0.6890092384766586,0.0,5.491872168506364,5.491872168506364,5.491872168506364,0.0,0.5491872168506362,0.5491872168506362,0.5491872168506362,0.0,7.0,7.0,7.0,0.0
721,129.0,129.0,129.0,0.0,129.0,129.0,129.0,0.0,1.4089108527942822,1.4089108527942822,1.4089108527942822,0.0,0.1408910852794282,0.1408910852794282,0.1408910852794282,0.0,0.0852713178294573,0.0852713178294573,0.0852713178294573,0.0,33.0,33.0,33.0,0.0,33.0,33.0,33.0,0.0,46.57592991571145,46.57592991571145,46.57592991571145,0.0,18.34935218606969,18.34935218606969,18.34935218606969,0.0,0.6931171339877542,0.6931171339877542,0.6931171339877542,0.0,4.155680545149569,4.155680545149569,4.155680545149569,0.0,0.415568054514957,0.415568054514957,0.415568054514957,0.0,7.0,7.0,7.0,0.0
722,58.0,58.0,58.0,0.0,58.0,58.0,58.0,0.0,3.4700276090087545,3.4700276090087545,3.4700276090087545,0.0,0.3470027609008757,0.3470027609008757,0.3470027609008757,0.0,0.1034482758620689,0.1034482758620689,0.1034482758620689,0.0,33.0,33.0,33.0,0.0,33.0,33.0,33.0,0.0,45.630856183647744,45.630856183647744,45.630856183647744,0.0,18.315104614429117,18.315104614429117,18.315104614429117,0.0,0.6877868229921127,0.6877868229921127,0.6877868229921127,0.0,5.522674571013215,5.522674571013215,5.522674571013215,0.0,0.5522674571013213,0.5522674571013213,0.5522674571013213,0.0,8.0,8.0,8.0,0.0
723,90.0,90.0,90.0,0.0,90.0,90.0,90.0,0.0,2.285526042940411,2.285526042940411,2.285526042940411,0.0,0.2285526042940412,0.2285526042940412,0.2285526042940412,0.0,0.1222222222222222,0.1222222222222222,0.1222222222222222,0.0,33.0,33.0,33.0,0.0,33.0,33.0,33.0,0.0,45.621997589271146,45.621997589271146,45.621997589271146,0.0,18.338106703231816,18.338106703231816,18.338106703231816,0.0,0.6909233093138181,0.6909233093138181,0.6909233093138181,0.0,4.622043785472978,4.622043785472978,4.622043785472978,0.0,0.4622043785472979,0.4622043785472979,0.4622043785472979,0.0,6.0,6.0,6.0,0.0
724,86.0,86.0,86.0,0.0,86.0,86.0,86.0,0.0,2.206605483918724,2.206605483918724,2.206605483918724,0.0,0.2206605483918723,0.2206605483918723,0.2206605483918723,0.0,0.0581395348837209,0.0581395348837209,0.0581395348837209,0.0,33.0,33.0,33.0,0.0,33.0,33.0,33.0,0.0,45.41055395952784,45.41055395952784,45.41055395952784,0.0,18.34840074360669,18.34840074360669,18.34840074360669,0.0,0.6907114543575098,0.6907114543575098,0.6907114543575098,0.0,4.575600752697542,4.575600752697542,4.575600752697542,0.0,0.4575600752697544,0.4575600752697544,0.4575600752697544,0.0,5.0,5.0,5.0,0.0
725,34.0,34.0,34.0,0.0,34.0,34.0,34.0,0.0,3.49007498660351,3.49007498660351,3.49007498660351,0.0,0.3490074986603511,0.3490074986603511,0.3490074986603511,0.0,0.088235294117647,0.088235294117647,0.088235294117647,0.0,33.0,33.0,33.0,0.0,33.0,33.0,33.0,0.0,45.14689154838848,45.14689154838848,45.14689154838848,0.0,18.277707820611266,18.277707820611266,18.277707820611266,0.0,0.6862107122427636,0.6862107122427636,0.6862107122427636,0.0,5.485804212956246,5.485804212956246,5.485804212956246,0.0,0.5485804212956247,0.5485804212956247,0.5485804212956247,0.0,7.0,7.0,7.0,0.0
726,11.0,11.0,11.0,0.0,11.0,11.0,11.0,0.0,4.216222655977424,4.216222655977424,4.216222655977424,0.0,0.4216222655977423,0.4216222655977423,0.4216222655977423,0.0,0.0,0.0,0.0,0.0,33.0,33.0,33.0,0.0,33.0,33.0,33.0,0.0,45.14689154838848,45.14689154838848,45.14689154838848,0.0,18.16853033605289,18.16853033605289,18.16853033605289,0.0,0.6554817739013927,0.6554817739013927,0.6554817739013927,0.0,7.297082892323197,7.297082892323197,7.297082892323197,0.0,0.7297082892323206,0.7297082892323206,0.7297082892323206,0.0,3.0,3.0,3.0,0.0
727,30.0,30.0,30.0,0.0,30.0,30.0,30.0,0.0,3.007589500535796,3.007589500535796,3.007589500535796,0.0,0.3007589500535796,0.3007589500535796,0.3007589500535796,0.0,0.1,0.1,0.1,0.0,33.0,33.0,33.0,0.0,33.0,33.0,33.0,0.0,44.68533267525851,44.68533267525851,44.68533267525851,0.0,18.114562967288272,18.114562967288272,18.114562967288272,0.0,0.6931471805599453,0.6931471805599453,0.6931471805599453,0.0,5.04334341624613,5.04334341624613,5.04334341624613,0.0,0.504334341624613,0.504334341624613,0.504334341624613,0.0,5.0,5.0,5.0,0.0
728,44.0,44.0,44.0,0.0,44.0,44.0,44.0,0.0,2.4101637647320477,2.4101637647320477,2.4101637647320477,0.0,0.2410163764732049,0.2410163764732049,0.2410163764732049,0.0,0.0909090909090909,0.0909090909090909,0.0909090909090909,0.0,33.0,33.0,33.0,0.0,33.0,33.0,33.0,0.0,43.68018085882937,43.68018085882937,43.68018085882937,0.0,18.056755528219878,18.056755528219878,18.056755528219878,0.0,0.6838206287849113,0.6838206287849113,0.6838206287849113,0.0,4.13887248936425,4.13887248936425,4.13887248936425,0.0,0.4138872489364248,0.4138872489364248,0.4138872489364248,0.0,5.0,5.0,5.0,0.0
729,10.0,10.0,10.0,0.0,10.0,10.0,10.0,0.0,4.601466457143058,4.601466457143058,4.601466457143058,0.0,0.4601466457143065,0.4601466457143065,0.4601466457143065,0.0,0.2,0.2,0.2,0.0,33.0,33.0,33.0,0.0,33.0,33.0,33.0,0.0,43.44443748645326,43.44443748645326,43.44443748645326,0.0,17.943517966160535,17.943517966160535,17.943517966160535,0.0,0.5004024235381879,0.5004024235381879,0.5004024235381879,0.0,7.197935078824423,7.197935078824423,7.197935078824423,0.0,0.7197935078824429,0.7197935078824429,0.7197935078824429,0.0,3.0,3.0,3.0,0.0
730,54.0,54.0,54.0,0.0,54.0,54.0,54.0,0.0,3.176708051972144,3.176708051972144,3.176708051972144,0.0,0.3176708051972145,0.3176708051972145,0.3176708051972145,0.0,0.074074074074074,0.074074074074074,0.074074074074074,0.0,33.0,33.0,33.0,0.0,33.0,33.0,33.0,0.0,42.94118814908693,42.94118814908693,42.94118814908693,0.0,17.92180443151302,17.92180443151302,17.92180443151302,0.0,0.6869615765973234,0.6869615765973234,0.6869615765973234,0.0,5.5328960967244685,5.5328960967244685,5.5328960967244685,0.0,0.5532896096724471,0.5532896096724471,0.5532896096724471,0.0,8.0,8.0,8.0,0.0
731,17.0,17.0,17.0,0.0,17.0,17.0,17.0,0.0,3.3054331133343307,3.3054331133343307,3.3054331133343307,0.0,0.3305433113334332,0.3305433113334332,0.3305433113334332,0.0,0.1764705882352941,0.1764705882352941,0.1764705882352941,0.0,33.0,33.0,33.0,0.0,33.0,33.0,33.0,0.0,42.60279472680334,42.60279472680334,42.60279472680334,0.0,17.82535314055385,17.82535314055385,17.82535314055385,0.0,0.4659992569610426,0.4659992569610426,0.4659992569610426,0.0,5.529838011825906,5.529838011825906,5.529838011825906,0.0,0.5529838011825914,0.5529838011825914,0.5529838011825914,0.0,5.0,5.0,5.0,0.0
732,35.0,35.0,35.0,0.0,35.0,35.0,35.0,0.0,3.4750590060127298,3.4750590060127298,3.4750590060127298,0.0,0.347505900601273,0.347505900601273,0.347505900601273,0.0,0.0857142857142857,0.0857142857142857,0.0857142857142857,0.0,33.0,33.0,33.0,0.0,33.0,33.0,33.0,0.0,42.25443107702837,42.25443107702837,42.25443107702837,0.0,17.7624409744642,17.7624409744642,17.7624409744642,0.0,0.6829081047004717,0.6829081047004717,0.6829081047004717,0.0,6.6321297046266725,6.6321297046266725,6.6321297046266725,0.0,0.6632129704626669,0.6632129704626669,0.6632129704626669,0.0,7.0,7.0,7.0,0.0
733,10.0,10.0,10.0,0.0,10.0,10.0,10.0,0.0,4.800962717632121,4.800962717632121,4.800962717632121,0.0,0.4800962717632124,0.4800962717632124,0.4800962717632124,0.0,0.2,0.2,0.2,0.0,33.0,33.0,33.0,0.0,33.0,33.0,33.0,0.0,41.82598418964805,41.82598418964805,41.82598418964805,0.0,17.664262722078895,17.664262722078895,17.664262722078895,0.0,0.5004024235381879,0.5004024235381879,0.5004024235381879,0.0,6.502216688971681,6.502216688971681,6.502216688971681,0.0,0.6502216688971673,0.6502216688971673,0.6502216688971673,0.0,4.0,4.0,4.0,0.0
734,59.0,59.0,59.0,0.0,59.0,59.0,59.0,0.0,3.197257750071226,3.197257750071226,3.197257750071226,0.0,0.3197257750071227,0.3197257750071227,0.3197257750071227,0.0,0.0677966101694915,0.0677966101694915,0.0677966101694915,0.0,33.0,33.0,33.0,0.0,33.0,33.0,33.0,0.0,41.73050245591448,41.73050245591448,41.73050245591448,0.0,17.644852166589946,17.644852166589946,17.644852166589946,0.0,0.6756650018636826,0.6756650018636826,0.6756650018636826,0.0,5.110432747848064,5.110432747848064,5.110432747848064,0.0,0.5110432747848066,0.5110432747848066,0.5110432747848066,0.0,8.0,8.0,8.0,0.0
735,69.0,69.0,69.0,0.0,69.0,69.0,69.0,0.0,2.518099040911603,2.518099040911603,2.518099040911603,0.0,0.2518099040911606,0.2518099040911606,0.2518099040911606,0.0,0.0579710144927536,0.0579710144927536,0.0579710144927536,0.0,33.0,33.0,33.0,0.0,33.0,33.0,33.0,0.0,41.71274890693656,41.71274890693656,41.71274890693656,0.0,17.653844880819285,17.653844880819285,17.653844880819285,0.0,0.6879923392546189,0.6879923392546189,0.6879923392546189,0.0,4.623837585560901,4.623837585560901,4.623837585560901,0.0,0.46238375855609,0.46238375855609,0.46238375855609,0.0,8.0,8.0,8.0,0.0
736,11.0,11.0,11.0,0.0,11.0,11.0,11.0,0.0,4.169250742034583,4.169250742034583,4.169250742034583,0.0,0.4169250742034581,0.4169250742034581,0.4169250742034581,0.0,0.0,0.0,0.0,0.0,33.0,33.0,33.0,0.0,33.0,33.0,33.0,0.0,41.71274890693656,41.71274890693656,41.71274890693656,0.0,17.55581657002127,17.55581657002127,17.55581657002127,0.0,0.5859526183035508,0.5859526183035508,0.5859526183035508,0.0,5.971685847185569,5.971685847185569,5.971685847185569,0.0,0.5971685847185565,0.5971685847185565,0.5971685847185565,0.0,3.0,3.0,3.0,0.0
737,14.0,14.0,14.0,0.0,14.0,14.0,14.0,0.0,3.35868963507048,3.35868963507048,3.35868963507048,0.0,0.3358689635070477,0.3358689635070477,0.3358689635070477,0.0,0.3571428571428571,0.3571428571428571,0.3571428571428571,0.0,33.0,33.0,33.0,0.0,33.0,33.0,33.0,0.0,41.71274890693656,41.71274890693656,41.71274890693656,0.0,17.457211541419532,17.457211541419532,17.457211541419532,0.0,0.5982695885852573,0.5982695885852573,0.5982695885852573,0.0,5.156803955102709,5.156803955102709,5.156803955102709,0.0,0.515680395510271,0.515680395510271,0.515680395510271,0.0,5.0,5.0,5.0,0.0
738,63.0,63.0,63.0,0.0,63.0,63.0,63.0,0.0,2.3729899765826707,2.3729899765826707,2.3729899765826707,0.0,0.2372989976582671,0.2372989976582671,0.2372989976582671,0.0,0.0634920634920634,0.0634920634920634,0.0634920634920634,0.0,33.0,33.0,33.0,0.0,33.0,33.0,33.0,0.0,41.624779564930336,41.624779564930336,41.624779564930336,0.0,17.455349583499135,17.455349583499135,17.455349583499135,0.0,0.6829081047004717,0.6829081047004717,0.6829081047004717,0.0,3.746682042789287,3.746682042789287,3.746682042789287,0.0,0.3746682042789284,0.3746682042789284,0.3746682042789284,0.0,7.0,7.0,7.0,0.0
739,41.0,41.0,41.0,0.0,41.0,41.0,41.0,0.0,2.8847643829096623,2.8847643829096623,2.8847643829096623,0.0,0.2884764382909657,0.2884764382909657,0.2884764382909657,0.0,0.0975609756097561,0.0975609756097561,0.0975609756097561,0.0,33.0,33.0,33.0,0.0,33.0,33.0,33.0,0.0,41.91039645944544,41.91039645944544,41.91039645944544,0.0,17.41774812736446,17.41774812736446,17.41774812736446,0.0,0.6856925884481759,0.6856925884481759,0.6856925884481759,0.0,6.380307684346162,6.380307684346162,6.380307684346162,0.0,0.6380307684346165,0.6380307684346165,0.6380307684346165,0.0,7.0,7.0,7.0,0.0
740,183.0,183.0,183.0,0.0,183.0,183.0,183.0,0.0,1.17953146444948,1.17953146444948,1.17953146444948,0.0,0.1179531464449476,0.1179531464449476,0.1179531464449476,0.0,0.1092896174863388,0.1092896174863388,0.1092896174863388,0.0,33.0,33.0,33.0,0.0,33.0,33.0,33.0,0.0,41.91039645944544,41.91039645944544,41.91039645944544,0.0,17.642916868413867,17.642916868413867,17.642916868413867,0.0,0.6888261034101271,0.6888261034101271,0.6888261034101271,0.0,2.8498985211123298,2.8498985211123298,2.8498985211123298,0.0,0.284989852111233,0.284989852111233,0.284989852111233,0.0,6.0,6.0,6.0,0.0
741,184.0,184.0,184.0,0.0,184.0,184.0,184.0,0.0,1.235037103504198,1.235037103504198,1.235037103504198,0.0,0.1235037103504198,0.1235037103504198,0.1235037103504198,0.0,0.0652173913043478,0.0652173913043478,0.0652173913043478,0.0,33.0,33.0,33.0,0.0,33.0,33.0,33.0,0.0,42.6273866115276,42.6273866115276,42.6273866115276,0.0,17.85438827966524,17.85438827966524,17.85438827966524,0.0,0.6893616831435102,0.6893616831435102,0.6893616831435102,0.0,2.8557263545769898,2.8557263545769898,2.8557263545769898,0.0,0.2855726354576988,0.2855726354576988,0.2855726354576988,0.0,7.0,7.0,7.0,0.0
742,157.0,157.0,157.0,0.0,157.0,157.0,157.0,0.0,1.4167166651754357,1.4167166651754357,1.4167166651754357,0.0,0.1416716665175437,0.1416716665175437,0.1416716665175437,0.0,0.0509554140127388,0.0509554140127388,0.0509554140127388,0.0,33.0,33.0,33.0,0.0,33.0,33.0,33.0,0.0,43.32142465417376,43.32142465417376,43.32142465417376,0.0,18.03575911247676,18.03575911247676,18.03575911247676,0.0,0.6841747170799278,0.6841747170799278,0.6841747170799278,0.0,3.3277408820979164,3.3277408820979164,3.3277408820979164,0.0,0.3327740882097918,0.3327740882097918,0.3327740882097918,0.0,9.0,9.0,9.0,0.0
743,133.0,133.0,133.0,0.0,133.0,133.0,133.0,0.0,1.3212588433526955,1.3212588433526955,1.3212588433526955,0.0,0.1321258843352695,0.1321258843352695,0.1321258843352695,0.0,0.1052631578947368,0.1052631578947368,0.1052631578947368,0.0,33.0,33.0,33.0,0.0,33.0,33.0,33.0,0.0,44.13356854832669,44.13356854832669,44.13356854832669,0.0,18.16830196973749,18.16830196973749,18.16830196973749,0.0,0.6829081047004717,0.6829081047004717,0.6829081047004717,0.0,3.25468046948012,3.25468046948012,3.25468046948012,0.0,0.3254680469480119,0.3254680469480119,0.3254680469480119,0.0,7.0,7.0,7.0,0.0
744,133.0,133.0,133.0,0.0,133.0,133.0,133.0,0.0,1.4230676538132354,1.4230676538132354,1.4230676538132354,0.0,0.1423067653813234,0.1423067653813234,0.1423067653813234,0.0,0.150375939849624,0.150375939849624,0.150375939849624,0.0,33.0,33.0,33.0,0.0,33.0,33.0,33.0,0.0,43.997900510220646,43.997900510220646,43.997900510220646,0.0,18.276118720092278,18.276118720092278,18.276118720092278,0.0,0.6806294878916634,0.6806294878916634,0.6806294878916634,0.0,3.7129774170722256,3.7129774170722256,3.7129774170722256,0.0,0.3712977417072223,0.3712977417072223,0.3712977417072223,0.0,8.0,8.0,8.0,0.0
745,38.0,38.0,38.0,0.0,38.0,38.0,38.0,0.0,2.509993742120757,2.509993742120757,2.509993742120757,0.0,0.2509993742120759,0.2509993742120759,0.2509993742120759,0.0,0.1052631578947368,0.1052631578947368,0.1052631578947368,0.0,33.0,33.0,33.0,0.0,33.0,33.0,33.0,0.0,42.999890245616825,42.999890245616825,42.999890245616825,0.0,18.214694192241467,18.214694192241467,18.214694192241467,0.0,0.6875967375909238,0.6875967375909238,0.6875967375909238,0.0,4.421198079751495,4.421198079751495,4.421198079751495,0.0,0.4421198079751495,0.4421198079751495,0.4421198079751495,0.0,7.0,7.0,7.0,0.0
746,45.0,45.0,45.0,0.0,45.0,45.0,45.0,0.0,2.384905294979214,2.384905294979214,2.384905294979214,0.0,0.2384905294979217,0.2384905294979217,0.2384905294979217,0.0,0.0888888888888888,0.0888888888888888,0.0888888888888888,0.0,33.0,33.0,33.0,0.0,33.0,33.0,33.0,0.0,42.50444165109376,42.50444165109376,42.50444165109376,0.0,18.188134502568744,18.188134502568744,18.188134502568744,0.0,0.6809991432654108,0.6809991432654108,0.6809991432654108,0.0,4.137227148952422,4.137227148952422,4.137227148952422,0.0,0.413722714895242,0.413722714895242,0.413722714895242,0.0,7.0,7.0,7.0,0.0
747,46.0,46.0,46.0,0.0,46.0,46.0,46.0,0.0,2.0189734813925955,2.0189734813925955,2.0189734813925955,0.0,0.2018973481392596,0.2018973481392596,0.2018973481392596,0.0,0.108695652173913,0.108695652173913,0.108695652173913,0.0,33.0,33.0,33.0,0.0,33.0,33.0,33.0,0.0,42.89031514326536,42.89031514326536,42.89031514326536,0.0,18.14085787200076,18.14085787200076,18.14085787200076,0.0,0.6779471359178069,0.6779471359178069,0.6779471359178069,0.0,3.809839201007099,3.809839201007099,3.809839201007099,0.0,0.3809839201007102,0.3809839201007102,0.3809839201007102,0.0,7.0,7.0,7.0,0.0
748,122.0,122.0,122.0,0.0,122.0,122.0,122.0,0.0,1.3149958939432265,1.3149958939432265,1.3149958939432265,0.0,0.131499589394323,0.131499589394323,0.131499589394323,0.0,0.0983606557377049,0.0983606557377049,0.0983606557377049,0.0,33.0,33.0,33.0,0.0,33.0,33.0,33.0,0.0,43.03359208642648,43.03359208642648,43.03359208642648,0.0,18.23742959461796,18.23742959461796,18.23742959461796,0.0,0.6796490894965843,0.6796490894965843,0.6796490894965843,0.0,3.559809041591022,3.559809041591022,3.559809041591022,0.0,0.3559809041591023,0.3559809041591023,0.3559809041591023,0.0,9.0,9.0,9.0,0.0
749,34.0,34.0,34.0,0.0,34.0,34.0,34.0,0.0,2.51163394054124,2.51163394054124,2.51163394054124,0.0,0.2511633940541238,0.2511633940541238,0.2511633940541238,0.0,0.1176470588235294,0.1176470588235294,0.1176470588235294,0.0,33.0,33.0,33.0,0.0,33.0,33.0,33.0,0.0,43.28766446740487,43.28766446740487,43.28766446740487,0.0,18.17474148120109,18.17474148120109,18.17474148120109,0.0,0.6914160776171183,0.6914160776171183,0.6914160776171183,0.0,4.249909980542348,4.249909980542348,4.249909980542348,0.0,0.4249909980542349,0.4249909980542349,0.4249909980542349,0.0,7.0,7.0,7.0,0.0
750,19.0,19.0,19.0,0.0,19.0,19.0,19.0,0.0,3.0028800263039432,3.0028800263039432,3.0028800263039432,0.0,0.3002880026303942,0.3002880026303942,0.3002880026303942,0.0,0.0526315789473684,0.0526315789473684,0.0526315789473684,0.0,33.0,33.0,33.0,0.0,33.0,33.0,33.0,0.0,43.37229439126256,43.37229439126256,43.37229439126256,0.0,18.08016223662596,18.08016223662596,18.08016223662596,0.0,0.6236548495681085,0.6236548495681085,0.6236548495681085,0.0,5.00108572888679,5.00108572888679,5.00108572888679,0.0,0.5001085728886788,0.5001085728886788,0.5001085728886788,0.0,5.0,5.0,5.0,0.0
751,186.0,186.0,186.0,0.0,186.0,186.0,186.0,0.0,1.327856346948756,1.327856346948756,1.327856346948756,0.0,0.1327856346948755,0.1327856346948755,0.1327856346948755,0.0,0.1075268817204301,0.1075268817204301,0.1075268817204301,0.0,33.0,33.0,33.0,0.0,33.0,33.0,33.0,0.0,44.71299598269157,44.71299598269157,44.71299598269157,0.0,18.29395106753062,18.29395106753062,18.29395106753062,0.0,0.6903118023335733,0.6903118023335733,0.6903118023335733,0.0,3.509365852384807,3.509365852384807,3.509365852384807,0.0,0.350936585238481,0.350936585238481,0.350936585238481,0.0,10.0,10.0,10.0,0.0
752,185.0,185.0,185.0,0.0,185.0,185.0,185.0,0.0,1.2260727964537808,1.2260727964537808,1.2260727964537808,0.0,0.1226072796453781,0.1226072796453781,0.1226072796453781,0.0,0.081081081081081,0.081081081081081,0.081081081081081,0.0,33.0,33.0,33.0,0.0,33.0,33.0,33.0,0.0,46.32262992209456,46.32262992209456,46.32262992209456,0.0,18.491796113722334,18.491796113722334,18.491796113722334,0.0,0.6889191585712678,0.6889191585712678,0.6889191585712678,0.0,3.114079011709473,3.114079011709473,3.114079011709473,0.0,0.3114079011709472,0.3114079011709472,0.3114079011709472,0.0,6.0,6.0,6.0,0.0
753,182.0,182.0,182.0,0.0,182.0,182.0,182.0,0.0,1.4988351138364249,1.4988351138364249,1.4988351138364249,0.0,0.1498835113836423,0.1498835113836423,0.1498835113836423,0.0,0.0879120879120879,0.0879120879120879,0.0879120879120879,0.0,33.0,33.0,33.0,0.0,33.0,33.0,33.0,0.0,45.84602345285495,45.84602345285495,45.84602345285495,0.0,18.66765530596009,18.66765530596009,18.66765530596009,0.0,0.6901856760188042,0.6901856760188042,0.6901856760188042,0.0,3.3396202166784983,3.3396202166784983,3.3396202166784983,0.0,0.3339620216678496,0.3339620216678496,0.3339620216678496,0.0,10.0,10.0,10.0,0.0
754,137.0,137.0,137.0,0.0,137.0,137.0,137.0,0.0,1.7717277087988683,1.7717277087988683,1.7717277087988683,0.0,0.1771727708798871,0.1771727708798871,0.1771727708798871,0.0,0.1167883211678832,0.1167883211678832,0.1167883211678832,0.0,34.0,34.0,34.0,0.0,34.0,34.0,34.0,0.0,45.28730207240847,45.28730207240847,45.28730207240847,0.0,18.244222315901748,18.244222315901748,18.244222315901748,0.0,0.6899203078735621,0.6899203078735621,0.6899203078735621,0.0,3.4003723789096494,3.4003723789096494,3.4003723789096494,0.0,0.3400372378909649,0.3400372378909649,0.3400372378909649,0.0,8.0,8.0,8.0,0.0
755,47.0,47.0,47.0,0.0,47.0,47.0,47.0,0.0,3.0314893232264457,3.0314893232264457,3.0314893232264457,0.0,0.3031489323226445,0.3031489323226445,0.3031489323226445,0.0,0.1276595744680851,0.1276595744680851,0.1276595744680851,0.0,34.0,34.0,34.0,0.0,34.0,34.0,34.0,0.0,44.97870546399477,44.97870546399477,44.97870546399477,0.0,18.19182007332341,18.19182007332341,18.19182007332341,0.0,0.6929208167159919,0.6929208167159919,0.6929208167159919,0.0,6.972470344543647,6.972470344543647,6.972470344543647,0.0,0.6972470344543649,0.6972470344543649,0.6972470344543649,0.0,8.0,8.0,8.0,0.0
756,10.0,10.0,10.0,0.0,10.0,10.0,10.0,0.0,7.388806007786632,7.388806007786632,7.388806007786632,0.0,0.7388806007786635,0.7388806007786635,0.7388806007786635,0.0,0.1,0.1,0.1,0.0,34.0,34.0,34.0,0.0,34.0,34.0,34.0,0.0,44.97870546399477,44.97870546399477,44.97870546399477,0.0,18.079220973195877,18.079220973195877,18.079220973195877,0.0,0.3250829733914482,0.3250829733914482,0.3250829733914482,0.0,11.152822734857352,11.152822734857352,11.152822734857352,0.0,1.1152822734857362,1.1152822734857362,1.1152822734857362,0.0,3.0,3.0,3.0,0.0
757,128.0,128.0,128.0,0.0,128.0,128.0,128.0,0.0,1.7029542414239889,1.7029542414239889,1.7029542414239889,0.0,0.1702954241423988,0.1702954241423988,0.1702954241423988,0.0,0.125,0.125,0.125,0.0,34.0,34.0,34.0,0.0,34.0,34.0,34.0,0.0,44.465420338750064,44.465420338750064,44.465420338750064,0.0,18.19934095855227,18.19934095855227,18.19934095855227,0.0,0.6808899872666533,0.6808899872666533,0.6808899872666533,0.0,4.036345767116144,4.036345767116144,4.036345767116144,0.0,0.4036345767116142,0.4036345767116142,0.4036345767116142,0.0,10.0,10.0,10.0,0.0
758,34.0,34.0,34.0,0.0,34.0,34.0,34.0,0.0,3.029791009917726,3.029791009917726,3.029791009917726,0.0,0.3029791009917725,0.3029791009917725,0.3029791009917725,0.0,0.1176470588235294,0.1176470588235294,0.1176470588235294,0.0,34.0,34.0,34.0,0.0,34.0,34.0,34.0,0.0,44.67386868399617,44.67386868399617,44.67386868399617,0.0,18.13346619343633,18.13346619343633,18.13346619343633,0.0,0.6774944044487072,0.6774944044487072,0.6774944044487072,0.0,5.108016765389186,5.108016765389186,5.108016765389186,0.0,0.5108016765389185,0.5108016765389185,0.5108016765389185,0.0,7.0,7.0,7.0,0.0
759,25.0,25.0,25.0,0.0,25.0,25.0,25.0,0.0,3.060658393440568,3.060658393440568,3.060658393440568,0.0,0.3060658393440574,0.3060658393440574,0.3060658393440574,0.0,0.04,0.04,0.04,0.0,34.0,34.0,34.0,0.0,34.0,34.0,34.0,0.0,44.67654372981855,44.67654372981855,44.67654372981855,0.0,18.06049784304599,18.06049784304599,18.06049784304599,0.0,0.6923469670899615,0.6923469670899615,0.6923469670899615,0.0,5.027076961938506,5.027076961938506,5.027076961938506,0.0,0.5027076961938504,0.5027076961938504,0.5027076961938504,0.0,5.0,5.0,5.0,0.0
760,97.0,97.0,97.0,0.0,97.0,97.0,97.0,0.0,1.932613887656162,1.932613887656162,1.932613887656162,0.0,0.193261388765616,0.193261388765616,0.193261388765616,0.0,0.1030927835051546,0.1030927835051546,0.1030927835051546,0.0,34.0,34.0,34.0,0.0,34.0,34.0,34.0,0.0,44.683444130286055,44.683444130286055,44.683444130286055,0.0,18.101629485682203,18.101629485682203,18.101629485682203,0.0,0.6926688387943101,0.6926688387943101,0.6926688387943101,0.0,4.485541058321874,4.485541058321874,4.485541058321874,0.0,0.4485541058321873,0.4485541058321873,0.4485541058321873,0.0,6.0,6.0,6.0,0.0
761,116.0,116.0,116.0,0.0,116.0,116.0,116.0,0.0,1.6518815193309286,1.6518815193309286,1.6518815193309286,0.0,0.1651881519330927,0.1651881519330927,0.1651881519330927,0.0,0.1293103448275862,0.1293103448275862,0.1293103448275862,0.0,34.0,34.0,34.0,0.0,34.0,34.0,34.0,0.0,44.73853563402714,44.73853563402714,44.73853563402714,0.0,18.17553559687432,18.17553559687432,18.17553559687432,0.0,0.6782093939033127,0.6782093939033127,0.6782093939033127,0.0,3.971889040250478,3.971889040250478,3.971889040250478,0.0,0.3971889040250477,0.3971889040250477,0.3971889040250477,0.0,9.0,9.0,9.0,0.0
762,54.0,54.0,54.0,0.0,54.0,54.0,54.0,0.0,3.095570529107703,3.095570529107703,3.095570529107703,0.0,0.3095570529107703,0.3095570529107703,0.3095570529107703,0.0,0.1111111111111111,0.1111111111111111,0.1111111111111111,0.0,34.0,34.0,34.0,0.0,34.0,34.0,34.0,0.0,44.61149599784511,44.61149599784511,44.61149599784511,0.0,18.135534639724007,18.135534639724007,18.135534639724007,0.0,0.6869615765973234,0.6869615765973234,0.6869615765973234,0.0,5.691615489326603,5.691615489326603,5.691615489326603,0.0,0.5691615489326602,0.5691615489326602,0.5691615489326602,0.0,8.0,8.0,8.0,0.0
763,49.0,49.0,49.0,0.0,49.0,49.0,49.0,0.0,3.1051493085304327,3.1051493085304327,3.1051493085304327,0.0,0.3105149308530433,0.3105149308530433,0.3105149308530433,0.0,0.1632653061224489,0.1632653061224489,0.1632653061224489,0.0,34.0,34.0,34.0,0.0,34.0,34.0,34.0,0.0,44.19712993540723,44.19712993540723,44.19712993540723,0.0,18.098619449633425,18.098619449633425,18.098619449633425,0.0,0.6929389195380611,0.6929389195380611,0.6929389195380611,0.0,5.204544574370017,5.204544574370017,5.204544574370017,0.0,0.5204544574370016,0.5204544574370016,0.5204544574370016,0.0,8.0,8.0,8.0,0.0
764,40.0,40.0,40.0,0.0,40.0,40.0,40.0,0.0,3.433407110285933,3.433407110285933,3.433407110285933,0.0,0.3433407110285931,0.3433407110285931,0.3433407110285931,0.0,0.075,0.075,0.075,0.0,34.0,34.0,34.0,0.0,34.0,34.0,34.0,0.0,44.18122348632259,44.18122348632259,44.18122348632259,0.0,18.04826895729687,18.04826895729687,18.04826895729687,0.0,0.6918966592050799,0.6918966592050799,0.6918966592050799,0.0,6.907488020996883,6.907488020996883,6.907488020996883,0.0,0.6907488020996879,0.6907488020996879,0.6907488020996879,0.0,6.0,6.0,6.0,0.0
765,145.0,145.0,145.0,0.0,145.0,145.0,145.0,0.0,1.1289541597421135,1.1289541597421135,1.1289541597421135,0.0,0.1128954159742115,0.1128954159742115,0.1128954159742115,0.0,0.0896551724137931,0.0896551724137931,0.0896551724137931,0.0,34.0,34.0,34.0,0.0,34.0,34.0,34.0,0.0,44.210302071598655,44.210302071598655,44.210302071598655,0.0,18.180624083939087,18.180624083939087,18.180624083939087,0.0,0.6845374249148136,0.6845374249148136,0.6845374249148136,0.0,3.095246104080965,3.095246104080965,3.095246104080965,0.0,0.3095246104080967,0.3095246104080967,0.3095246104080967,0.0,6.0,6.0,6.0,0.0
766,24.0,24.0,24.0,0.0,24.0,24.0,24.0,0.0,3.827297669677279,3.827297669677279,3.827297669677279,0.0,0.382729766967728,0.382729766967728,0.382729766967728,0.0,0.125,0.125,0.125,0.0,34.0,34.0,34.0,0.0,34.0,34.0,34.0,0.0,44.40412993324287,44.40412993324287,44.40412993324287,0.0,18.101875953543377,18.101875953543377,18.101875953543377,0.0,0.6791932659915256,0.6791932659915256,0.6791932659915256,0.0,6.93891191803655,6.93891191803655,6.93891191803655,0.0,0.6938911918036549,0.6938911918036549,0.6938911918036549,0.0,5.0,5.0,5.0,0.0
767,126.0,126.0,126.0,0.0,126.0,126.0,126.0,0.0,1.4263241251496002,1.4263241251496002,1.4263241251496002,0.0,0.1426324125149592,0.1426324125149592,0.1426324125149592,0.0,0.0476190476190476,0.0476190476190476,0.0476190476190476,0.0,34.0,34.0,34.0,0.0,34.0,34.0,34.0,0.0,44.49704180083489,44.49704180083489,44.49704180083489,0.0,18.22201025300709,18.22201025300709,18.22201025300709,0.0,0.6804961083634223,0.6804961083634223,0.6804961083634223,0.0,3.719983003543285,3.719983003543285,3.719983003543285,0.0,0.3719983003543284,0.3719983003543284,0.3719983003543284,0.0,10.0,10.0,10.0,0.0
768,34.0,34.0,34.0,0.0,34.0,34.0,34.0,0.0,3.30233585184685,3.30233585184685,3.30233585184685,0.0,0.3302335851846848,0.3302335851846848,0.3302335851846848,0.0,0.0588235294117647,0.0588235294117647,0.0588235294117647,0.0,34.0,34.0,34.0,0.0,34.0,34.0,34.0,0.0,44.74547869342027,44.74547869342027,44.74547869342027,0.0,18.148434607545727,18.148434607545727,18.148434607545727,0.0,0.6914160776171183,0.6914160776171183,0.6914160776171183,0.0,6.885441844736547,6.885441844736547,6.885441844736547,0.0,0.6885441844736548,0.6885441844736548,0.6885441844736548,0.0,7.0,7.0,7.0,0.0
769,22.0,22.0,22.0,0.0,22.0,22.0,22.0,0.0,3.83706027135418,3.83706027135418,3.83706027135418,0.0,0.383706027135418,0.383706027135418,0.383706027135418,0.0,0.0454545454545454,0.0454545454545454,0.0454545454545454,0.0,34.0,34.0,34.0,0.0,34.0,34.0,34.0,0.0,44.67284453408442,44.67284453408442,44.67284453408442,0.0,18.098937751729924,18.098937751729924,18.098937751729924,0.0,0.6890092384766586,0.6890092384766586,0.6890092384766586,0.0,6.490122332952948,6.490122332952948,6.490122332952948,0.0,0.6490122332952944,0.6490122332952944,0.6490122332952944,0.0,4.0,4.0,4.0,0.0
770,172.0,172.0,172.0,0.0,172.0,172.0,172.0,0.0,1.516677791625416,1.516677791625416,1.516677791625416,0.0,0.1516677791625414,0.1516677791625414,0.1516677791625414,0.0,0.0872093023255814,0.0872093023255814,0.0872093023255814,0.0,34.0,34.0,34.0,0.0,34.0,34.0,34.0,0.0,44.35074131957438,44.35074131957438,44.35074131957438,0.0,18.27547484990649,18.27547484990649,18.27547484990649,0.0,0.687661208297261,0.687661208297261,0.687661208297261,0.0,3.6638154162016425,3.6638154162016425,3.6638154162016425,0.0,0.3663815416201645,0.3663815416201645,0.3663815416201645,0.0,9.0,9.0,9.0,0.0
771,12.0,12.0,12.0,0.0,12.0,12.0,12.0,0.0,4.95226106261756,4.95226106261756,4.95226106261756,0.0,0.4952261062617567,0.4952261062617567,0.4952261062617567,0.0,0.25,0.25,0.25,0.0,34.0,34.0,34.0,0.0,34.0,34.0,34.0,0.0,43.88749007190587,43.88749007190587,43.88749007190587,0.0,18.186080668231696,18.186080668231696,18.186080668231696,0.0,0.5623351446188083,0.5623351446188083,0.5623351446188083,0.0,7.671991103756848,7.671991103756848,7.671991103756848,0.0,0.7671991103756846,0.7671991103756846,0.7671991103756846,0.0,4.0,4.0,4.0,0.0
772,9.0,9.0,9.0,0.0,9.0,9.0,9.0,0.0,4.749605670964641,4.749605670964641,4.749605670964641,0.0,0.4749605670964634,0.4749605670964634,0.4749605670964634,0.0,0.1111111111111111,0.1111111111111111,0.1111111111111111,0.0,34.0,34.0,34.0,0.0,34.0,34.0,34.0,0.0,43.88749007190587,43.88749007190587,43.88749007190587,0.0,18.0859137504449,18.0859137504449,18.0859137504449,0.0,0.5297061990576545,0.5297061990576545,0.5297061990576545,0.0,8.270008067837338,8.270008067837338,8.270008067837338,0.0,0.8270008067837344,0.8270008067837344,0.8270008067837344,0.0,2.0,2.0,2.0,0.0
773,115.0,115.0,115.0,0.0,115.0,115.0,115.0,0.0,1.3615448640970147,1.3615448640970147,1.3615448640970147,0.0,0.1361544864097011,0.1361544864097011,0.1361544864097011,0.0,0.0869565217391304,0.0869565217391304,0.0869565217391304,0.0,34.0,34.0,34.0,0.0,34.0,34.0,34.0,0.0,43.63084302221935,43.63084302221935,43.63084302221935,0.0,18.16762106088821,18.16762106088821,18.16762106088821,0.0,0.6928068773058083,0.6928068773058083,0.6928068773058083,0.0,2.83544743861848,2.83544743861848,2.83544743861848,0.0,0.283544743861848,0.283544743861848,0.283544743861848,0.0,4.0,4.0,4.0,0.0
774,121.0,121.0,121.0,0.0,121.0,121.0,121.0,0.0,1.787179596941057,1.787179596941057,1.787179596941057,0.0,0.1787179596941058,0.1787179596941058,0.1787179596941058,0.0,0.1239669421487603,0.1239669421487603,0.1239669421487603,0.0,34.0,34.0,34.0,0.0,34.0,34.0,34.0,0.0,43.73835248355248,43.73835248355248,43.73835248355248,0.0,18.2692216814432,18.2692216814432,18.2692216814432,0.0,0.6780102022798757,0.6780102022798757,0.6780102022798757,0.0,4.512261673096605,4.512261673096605,4.512261673096605,0.0,0.4512261673096602,0.4512261673096602,0.4512261673096602,0.0,10.0,10.0,10.0,0.0
775,50.0,50.0,50.0,0.0,50.0,50.0,50.0,0.0,3.624900604592343,3.624900604592343,3.624900604592343,0.0,0.3624900604592343,0.3624900604592343,0.3624900604592343,0.0,0.04,0.04,0.04,0.0,34.0,34.0,34.0,0.0,34.0,34.0,34.0,0.0,43.98366634173328,43.98366634173328,43.98366634173328,0.0,18.234201317654968,18.234201317654968,18.234201317654968,0.0,0.6899437584583995,0.6899437584583995,0.6899437584583995,0.0,6.140291541930576,6.140291541930576,6.140291541930576,0.0,0.6140291541930576,0.6140291541930576,0.6140291541930576,0.0,7.0,7.0,7.0,0.0
776,37.0,37.0,37.0,0.0,37.0,37.0,37.0,0.0,2.876684902105953,2.876684902105953,2.876684902105953,0.0,0.2876684902105954,0.2876684902105954,0.2876684902105954,0.0,0.081081081081081,0.081081081081081,0.081081081081081,0.0,34.0,34.0,34.0,0.0,34.0,34.0,34.0,0.0,44.01211342402608,44.01211342402608,44.01211342402608,0.0,18.17536814070518,18.17536814070518,18.17536814070518,0.0,0.6751425885789244,0.6751425885789244,0.6751425885789244,0.0,5.599599472783565,5.599599472783565,5.599599472783565,0.0,0.5599599472783567,0.5599599472783567,0.5599599472783567,0.0,7.0,7.0,7.0,0.0
777,14.0,14.0,14.0,0.0,14.0,14.0,14.0,0.0,4.116162490361162,4.116162490361162,4.116162490361162,0.0,0.4116162490361166,0.4116162490361166,0.4116162490361166,0.0,0.0714285714285714,0.0714285714285714,0.0714285714285714,0.0,34.0,34.0,34.0,0.0,34.0,34.0,34.0,0.0,43.836649488761054,43.836649488761054,43.836649488761054,0.0,18.080338924992805,18.080338924992805,18.080338924992805,0.0,0.5982695885852573,0.5982695885852573,0.5982695885852573,0.0,6.997349960896043,6.997349960896043,6.997349960896043,0.0,0.6997349960896042,0.6997349960896042,0.6997349960896042,0.0,5.0,5.0,5.0,0.0
778,34.0,34.0,34.0,0.0,34.0,34.0,34.0,0.0,2.992664428065608,2.992664428065608,2.992664428065608,0.0,0.2992664428065608,0.2992664428065608,0.2992664428065608,0.0,0.1764705882352941,0.1764705882352941,0.1764705882352941,0.0,34.0,34.0,34.0,0.0,34.0,34.0,34.0,0.0,43.73016287053191,43.73016287053191,43.73016287053191,0.0,18.021878787325456,18.021878787325456,18.021878787325456,0.0,0.6774944044487072,0.6774944044487072,0.6774944044487072,0.0,5.033716182015583,5.033716182015583,5.033716182015583,0.0,0.5033716182015578,0.5033716182015578,0.5033716182015578,0.0,7.0,7.0,7.0,0.0
779,12.0,12.0,12.0,0.0,12.0,12.0,12.0,0.0,4.0691124717903335,4.0691124717903335,4.0691124717903335,0.0,0.4069112471790331,0.4069112471790331,0.4069112471790331,0.0,0.0,0.0,0.0,0.0,34.0,34.0,34.0,0.0,34.0,34.0,34.0,0.0,43.73016287053191,43.73016287053191,43.73016287053191,0.0,17.92920020553735,17.92920020553735,17.92920020553735,0.0,0.6931471805599453,0.6931471805599453,0.6931471805599453,0.0,7.142511194562695,7.142511194562695,7.142511194562695,0.0,0.7142511194562692,0.7142511194562692,0.7142511194562692,0.0,2.0,2.0,2.0,0.0
780,10.0,10.0,10.0,0.0,10.0,10.0,10.0,0.0,4.630593894772076,4.630593894772076,4.630593894772076,0.0,0.4630593894772072,0.4630593894772072,0.4630593894772072,0.0,0.1,0.1,0.1,0.0,34.0,34.0,34.0,0.0,34.0,34.0,34.0,0.0,43.68320417840833,43.68320417840833,43.68320417840833,0.0,17.81941722880686,17.81941722880686,17.81941722880686,0.0,0.6108643020548935,0.6108643020548935,0.6108643020548935,0.0,7.531312624227493,7.531312624227493,7.531312624227493,0.0,0.7531312624227491,0.7531312624227491,0.7531312624227491,0.0,3.0,3.0,3.0,0.0
781,14.0,14.0,14.0,0.0,14.0,14.0,14.0,0.0,3.989553530371009,3.989553530371009,3.989553530371009,0.0,0.3989553530371013,0.3989553530371013,0.3989553530371013,0.0,0.1428571428571428,0.1428571428571428,0.1428571428571428,0.0,34.0,34.0,34.0,0.0,34.0,34.0,34.0,0.0,43.68320417840833,43.68320417840833,43.68320417840833,0.0,17.72553826078226,17.72553826078226,17.72553826078226,0.0,0.410116318288409,0.410116318288409,0.410116318288409,0.0,6.342308587466799,6.342308587466799,6.342308587466799,0.0,0.6342308587466798,0.6342308587466798,0.6342308587466798,0.0,5.0,5.0,5.0,0.0
782,60.0,60.0,60.0,0.0,60.0,60.0,60.0,0.0,2.684484234768537,2.684484234768537,2.684484234768537,0.0,0.2684484234768537,0.2684484234768537,0.2684484234768537,0.0,0.0833333333333333,0.0833333333333333,0.0833333333333333,0.0,34.0,34.0,34.0,0.0,34.0,34.0,34.0,0.0,43.72847051774561,43.72847051774561,43.72847051774561,0.0,17.71837991685948,17.71837991685948,17.71837991685948,0.0,0.6909233093138181,0.6909233093138181,0.6909233093138181,0.0,5.30348237441041,5.30348237441041,5.30348237441041,0.0,0.5303482374410406,0.5303482374410406,0.5303482374410406,0.0,8.0,8.0,8.0,0.0
783,10.0,10.0,10.0,0.0,10.0,10.0,10.0,0.0,4.510284847997992,4.510284847997992,4.510284847997992,0.0,0.4510284847997997,0.4510284847997997,0.4510284847997997,0.0,0.2,0.2,0.2,0.0,34.0,34.0,34.0,0.0,34.0,34.0,34.0,0.0,43.72847051774561,43.72847051774561,43.72847051774561,0.0,17.611329905016813,17.611329905016813,17.611329905016813,0.0,0.5004024235381879,0.5004024235381879,0.5004024235381879,0.0,7.248720243865491,7.248720243865491,7.248720243865491,0.0,0.7248720243865491,0.7248720243865491,0.7248720243865491,0.0,3.0,3.0,3.0,0.0
784,40.0,40.0,40.0,0.0,40.0,40.0,40.0,0.0,2.694246701121496,2.694246701121496,2.694246701121496,0.0,0.2694246701121499,0.2694246701121499,0.2694246701121499,0.0,0.025,0.025,0.025,0.0,34.0,34.0,34.0,0.0,34.0,34.0,34.0,0.0,43.72847051774561,43.72847051774561,43.72847051774561,0.0,17.556928413570226,17.556928413570226,17.556928413570226,0.0,0.6931471805599453,0.6931471805599453,0.6931471805599453,0.0,5.249579228121257,5.249579228121257,5.249579228121257,0.0,0.5249579228121262,0.5249579228121262,0.5249579228121262,0.0,7.0,7.0,7.0,0.0
785,10.0,10.0,10.0,0.0,10.0,10.0,10.0,0.0,5.022292929601977,5.022292929601977,5.022292929601977,0.0,0.5022292929601967,0.5022292929601967,0.5022292929601967,0.0,0.3,0.3,0.3,0.0,34.0,34.0,34.0,0.0,34.0,34.0,34.0,0.0,43.72847051774561,43.72847051774561,43.72847051774561,0.0,17.470485773746596,17.470485773746596,17.470485773746596,0.0,0.0,-0.0,-0.0,0.0,6.635650453660032,6.635650453660032,6.635650453660032,0.0,0.6635650453660037,0.6635650453660037,0.6635650453660037,0.0,4.0,4.0,4.0,0.0
786,132.0,132.0,132.0,0.0,132.0,132.0,132.0,0.0,2.6644731910339066,2.6644731910339066,2.6644731910339066,0.0,0.2664473191033906,0.2664473191033906,0.2664473191033906,0.0,0.1212121212121212,0.1212121212121212,0.1212121212121212,0.0,34.0,34.0,34.0,0.0,34.0,34.0,34.0,0.0,43.45413828066174,43.45413828066174,43.45413828066174,0.0,17.580318055361754,17.580318055361754,17.580318055361754,0.0,0.6921137666782082,0.6921137666782082,0.6921137666782082,0.0,4.484777360083296,4.484777360083296,4.484777360083296,0.0,0.4484777360083296,0.4484777360083296,0.4484777360083296,0.0,8.0,8.0,8.0,0.0
787,49.0,49.0,49.0,0.0,49.0,49.0,49.0,0.0,2.187181843234685,2.187181843234685,2.187181843234685,0.0,0.2187181843234684,0.2187181843234684,0.2187181843234684,0.0,0.0408163265306122,0.0408163265306122,0.0408163265306122,0.0,34.0,34.0,34.0,0.0,34.0,34.0,34.0,0.0,43.45413828066174,43.45413828066174,43.45413828066174,0.0,17.561923875401167,17.561923875401167,17.561923875401167,0.0,0.6929389195380611,0.6929389195380611,0.6929389195380611,0.0,3.917019036003289,3.917019036003289,3.917019036003289,0.0,0.3917019036003292,0.3917019036003292,0.3917019036003292,0.0,7.0,7.0,7.0,0.0
788,13.0,13.0,13.0,0.0,13.0,13.0,13.0,0.0,3.915771989374401,3.915771989374401,3.915771989374401,0.0,0.3915771989374395,0.3915771989374395,0.3915771989374395,0.0,0.0769230769230769,0.0769230769230769,0.0769230769230769,0.0,34.0,34.0,34.0,0.0,34.0,34.0,34.0,0.0,43.45413828066174,43.45413828066174,43.45413828066174,0.0,17.468077546378087,17.468077546378087,17.468077546378087,0.0,0.2711893730418441,0.2711893730418441,0.2711893730418441,0.0,5.791844513399569,5.791844513399569,5.791844513399569,0.0,0.5791844513399571,0.5791844513399571,0.5791844513399571,0.0,4.0,4.0,4.0,0.0
789,38.0,38.0,38.0,0.0,38.0,38.0,38.0,0.0,2.5116881243750195,2.5116881243750195,2.5116881243750195,0.0,0.2511688124375019,0.2511688124375019,0.2511688124375019,0.0,0.0789473684210526,0.0789473684210526,0.0789473684210526,0.0,34.0,34.0,34.0,0.0,34.0,34.0,34.0,0.0,43.45413828066174,43.45413828066174,43.45413828066174,0.0,17.41771127456231,17.41771127456231,17.41771127456231,0.0,0.6875967375909238,0.6875967375909238,0.6875967375909238,0.0,5.008997298321161,5.008997298321161,5.008997298321161,0.0,0.5008997298321161,0.5008997298321161,0.5008997298321161,0.0,5.0,5.0,5.0,0.0
790,70.0,70.0,70.0,0.0,70.0,70.0,70.0,0.0,2.646133723273671,2.646133723273671,2.646133723273671,0.0,0.2646133723273667,0.2646133723273667,0.2646133723273667,0.0,0.1,0.1,0.1,0.0,34.0,34.0,34.0,0.0,34.0,34.0,34.0,0.0,42.83652603000813,42.83652603000813,42.83652603000813,0.0,17.435344600680722,17.435344600680722,17.435344600680722,0.0,0.6931471805599453,0.6931471805599453,0.6931471805599453,0.0,4.745905356955761,4.745905356955761,4.745905356955761,0.0,0.4745905356955763,0.4745905356955763,0.4745905356955763,0.0,8.0,8.0,8.0,0.0
791,13.0,13.0,13.0,0.0,13.0,13.0,13.0,0.0,3.742597067860465,3.742597067860465,3.742597067860465,0.0,0.374259706786046,0.374259706786046,0.374259706786046,0.0,0.3076923076923077,0.3076923076923077,0.3076923076923077,0.0,34.0,34.0,34.0,0.0,34.0,34.0,34.0,0.0,42.83652603000813,42.83652603000813,42.83652603000813,0.0,17.34956964179445,17.34956964179445,17.34956964179445,0.0,0.6172417697303416,0.6172417697303416,0.6172417697303416,0.0,5.73249230608424,5.73249230608424,5.73249230608424,0.0,0.5732492306084245,0.5732492306084245,0.5732492306084245,0.0,4.0,4.0,4.0,0.0
792,82.0,82.0,82.0,0.0,82.0,82.0,82.0,0.0,2.188534748039006,2.188534748039006,2.188534748039006,0.0,0.2188534748039008,0.2188534748039008,0.2188534748039008,0.0,0.0975609756097561,0.0975609756097561,0.0975609756097561,0.0,34.0,34.0,34.0,0.0,34.0,34.0,34.0,0.0,42.746660993989295,42.746660993989295,42.746660993989295,0.0,17.376280918398443,17.376280918398443,17.376280918398443,0.0,0.6928497090635346,0.6928497090635346,0.6928497090635346,0.0,4.823155010937909,4.823155010937909,4.823155010937909,0.0,0.4823155010937909,0.4823155010937909,0.4823155010937909,0.0,8.0,8.0,8.0,0.0
793,39.0,39.0,39.0,0.0,39.0,39.0,39.0,0.0,2.6191699173711167,2.6191699173711167,2.6191699173711167,0.0,0.2619169917371114,0.2619169917371114,0.2619169917371114,0.0,0.1025641025641025,0.1025641025641025,0.1025641025641025,0.0,34.0,34.0,34.0,0.0,34.0,34.0,34.0,0.0,42.78627624959121,42.78627624959121,42.78627624959121,0.0,17.32769711852339,17.32769711852339,17.32769711852339,0.0,0.6849062404158356,0.6849062404158356,0.6849062404158356,0.0,5.708612703495128,5.708612703495128,5.708612703495128,0.0,0.5708612703495127,0.5708612703495127,0.5708612703495127,0.0,7.0,7.0,7.0,0.0
794,9.0,9.0,9.0,0.0,9.0,9.0,9.0,0.0,4.15303378062216,4.15303378062216,4.15303378062216,0.0,0.4153033780622144,0.4153033780622144,0.4153033780622144,0.0,0.1111111111111111,0.1111111111111111,0.1111111111111111,0.0,34.0,34.0,34.0,0.0,34.0,34.0,34.0,0.0,42.78627624959121,42.78627624959121,42.78627624959121,0.0,17.245516705670944,17.245516705670944,17.245516705670944,0.0,0.5297061990576545,0.5297061990576545,0.5297061990576545,0.0,7.143371862641801,7.143371862641801,7.143371862641801,0.0,0.7143371862641804,0.7143371862641804,0.7143371862641804,0.0,2.0,2.0,2.0,0.0
795,10.0,10.0,10.0,0.0,10.0,10.0,10.0,0.0,4.329946328997783,4.329946328997783,4.329946328997783,0.0,0.4329946328997788,0.4329946328997788,0.4329946328997788,0.0,0.3,0.3,0.3,0.0,34.0,34.0,34.0,0.0,34.0,34.0,34.0,0.0,42.78627624959121,42.78627624959121,42.78627624959121,0.0,17.154725610570665,17.154725610570665,17.154725610570665,0.0,0.5004024235381879,0.5004024235381879,0.5004024235381879,0.0,6.280437167416039,6.280437167416039,6.280437167416039,0.0,0.6280437167416041,0.6280437167416041,0.6280437167416041,0.0,4.0,4.0,4.0,0.0
796,146.0,146.0,146.0,0.0,146.0,146.0,146.0,0.0,1.9666416322093143,1.9666416322093143,1.9666416322093143,0.0,0.1966641632209316,0.1966641632209316,0.1966641632209316,0.0,0.1095890410958904,0.1095890410958904,0.1095890410958904,0.0,39.0,39.0,39.0,0.0,39.0,39.0,39.0,0.0,42.78627624959121,42.78627624959121,42.78627624959121,0.0,15.122392186510096,15.122392186510096,15.122392186510096,0.0,0.6923025066041153,0.6923025066041153,0.6923025066041153,0.0,3.905644655456475,3.905644655456475,3.905644655456475,0.0,0.3905644655456476,0.3905644655456476,0.3905644655456476,0.0,9.0,9.0,9.0,0.0
797,16.0,16.0,16.0,0.0,16.0,16.0,16.0,0.0,3.395965886103776,3.395965886103776,3.395965886103776,0.0,0.3395965886103775,0.3395965886103775,0.3395965886103775,0.0,0.125,0.125,0.125,0.0,39.0,39.0,39.0,0.0,39.0,39.0,39.0,0.0,42.78627624959121,42.78627624959121,42.78627624959121,0.0,15.049519172360757,15.049519172360757,15.049519172360757,0.0,0.6210863745552451,0.6210863745552451,0.6210863745552451,0.0,4.932607194901064,4.932607194901064,4.932607194901064,0.0,0.4932607194901062,0.4932607194901062,0.4932607194901062,0.0,4.0,4.0,4.0,0.0
798,146.0,146.0,146.0,0.0,146.0,146.0,146.0,0.0,1.1166842676376798,1.1166842676376798,1.1166842676376798,0.0,0.1116684267637679,0.1116684267637679,0.1116684267637679,0.0,0.0890410958904109,0.0890410958904109,0.0890410958904109,0.0,39.0,39.0,39.0,0.0,39.0,39.0,39.0,0.0,42.78627624959121,42.78627624959121,42.78627624959121,0.0,15.175793951257589,15.175793951257589,15.175793951257589,0.0,0.6931471805599453,0.6931471805599453,0.6931471805599453,0.0,2.943365180972632,2.943365180972632,2.943365180972632,0.0,0.2943365180972635,0.2943365180972635,0.2943365180972635,0.0,6.0,6.0,6.0,0.0
799,130.0,130.0,130.0,0.0,130.0,130.0,130.0,0.0,1.368328556331574,1.368328556331574,1.368328556331574,0.0,0.1368328556331577,0.1368328556331577,0.1368328556331577,0.0,0.0923076923076923,0.0923076923076923,0.0923076923076923,0.0,39.0,39.0,39.0,0.0,39.0,39.0,39.0,0.0,42.78627624959121,42.78627624959121,42.78627624959121,0.0,15.281605331623382,15.281605331623382,15.281605331623382,0.0,0.6930288326958663,0.6930288326958663,0.6930288326958663,0.0,3.2546227243435863,3.2546227243435863,3.2546227243435863,0.0,0.3254622724343588,0.3254622724343588,0.3254622724343588,0.0,6.0,6.0,6.0,0.0
800,8.0,8.0,8.0,0.0,8.0,8.0,8.0,0.0,4.287454556244203,4.287454556244203,4.287454556244203,0.0,0.428745455624421,0.428745455624421,0.428745455624421,0.0,0.25,0.25,0.25,0.0,39.0,39.0,39.0,0.0,39.0,39.0,39.0,0.0,42.78627624959121,42.78627624959121,42.78627624959121,0.0,15.21617251064588,15.21617251064588,15.21617251064588,0.0,0.0,-0.0,-0.0,0.0,6.22834750605144,6.22834750605144,6.22834750605144,0.0,0.6228347506051434,0.6228347506051434,0.6228347506051434,0.0,2.0,2.0,2.0,0.0
801,50.0,50.0,50.0,0.0,50.0,50.0,50.0,0.0,2.8618691109021706,2.8618691109021706,2.8618691109021706,0.0,0.2861869110902172,0.2861869110902172,0.2861869110902172,0.0,0.08,0.08,0.08,0.0,39.0,39.0,39.0,0.0,39.0,39.0,39.0,0.0,42.81319831928906,42.81319831928906,42.81319831928906,0.0,15.19101325079534,15.19101325079534,15.19101325079534,0.0,0.6640641265641081,0.6640641265641081,0.6640641265641081,0.0,5.094814529422422,5.094814529422422,5.094814529422422,0.0,0.5094814529422426,0.5094814529422426,0.5094814529422426,0.0,8.0,8.0,8.0,0.0
802,164.0,164.0,164.0,0.0,164.0,164.0,164.0,0.0,1.1172137964324644,1.1172137964324644,1.1172137964324644,0.0,0.1117213796432464,0.1117213796432464,0.1117213796432464,0.0,0.0792682926829268,0.0792682926829268,0.0792682926829268,0.0,39.0,39.0,39.0,0.0,39.0,39.0,39.0,0.0,43.12259363759719,43.12259363759719,43.12259363759719,0.0,15.34124917503359,15.34124917503359,15.34124917503359,0.0,0.6931471805599453,0.6931471805599453,0.6931471805599453,0.0,2.786044377684405,2.786044377684405,2.786044377684405,0.0,0.2786044377684405,0.2786044377684405,0.2786044377684405,0.0,5.0,5.0,5.0,0.0
803,44.0,44.0,44.0,0.0,44.0,44.0,44.0,0.0,2.787983943266853,2.787983943266853,2.787983943266853,0.0,0.2787983943266852,0.2787983943266852,0.2787983943266852,0.0,0.1590909090909091,0.1590909090909091,0.1590909090909091,0.0,39.0,39.0,39.0,0.0,39.0,39.0,39.0,0.0,43.02546522476632,43.02546522476632,43.02546522476632,0.0,15.33264686045573,15.33264686045573,15.33264686045573,0.0,0.6921137666782082,0.6921137666782082,0.6921137666782082,0.0,4.1936106823787656,4.1936106823787656,4.1936106823787656,0.0,0.4193610682378767,0.4193610682378767,0.4193610682378767,0.0,5.0,5.0,5.0,0.0
804,24.0,24.0,24.0,0.0,24.0,24.0,24.0,0.0,4.597096772592564,4.597096772592564,4.597096772592564,0.0,0.4597096772592561,0.4597096772592561,0.4597096772592561,0.0,0.1666666666666666,0.1666666666666666,0.1666666666666666,0.0,39.0,39.0,39.0,0.0,39.0,39.0,39.0,0.0,42.81319831928906,42.81319831928906,42.81319831928906,0.0,15.260649494299647,15.260649494299647,15.260649494299647,0.0,0.6791932659915256,0.6791932659915256,0.6791932659915256,0.0,7.581545703439386,7.581545703439386,7.581545703439386,0.0,0.7581545703439387,0.7581545703439387,0.7581545703439387,0.0,5.0,5.0,5.0,0.0
805,124.0,124.0,124.0,0.0,124.0,124.0,124.0,0.0,1.3530489779268395,1.3530489779268395,1.3530489779268395,0.0,0.1353048977926838,0.1353048977926838,0.1353048977926838,0.0,0.0564516129032258,0.0564516129032258,0.0564516129032258,0.0,39.0,39.0,39.0,0.0,39.0,39.0,39.0,0.0,42.81319831928906,42.81319831928906,42.81319831928906,0.0,15.352553568951285,15.352553568951285,15.352553568951285,0.0,0.6930171020789195,0.6930171020789195,0.6930171020789195,0.0,3.227264124726616,3.227264124726616,3.227264124726616,0.0,0.3227264124726614,0.3227264124726614,0.3227264124726614,0.0,6.0,6.0,6.0,0.0
806,156.0,156.0,156.0,0.0,156.0,156.0,156.0,0.0,1.196324754226485,1.196324754226485,1.196324754226485,0.0,0.1196324754226486,0.1196324754226486,0.1196324754226486,0.0,0.1025641025641025,0.1025641025641025,0.1025641025641025,0.0,39.0,39.0,39.0,0.0,39.0,39.0,39.0,0.0,44.56301587282194,44.56301587282194,44.56301587282194,0.0,15.500976772235989,15.500976772235989,15.500976772235989,0.0,0.6930649955339707,0.6930649955339707,0.6930649955339707,0.0,3.3093574357502624,3.3093574357502624,3.3093574357502624,0.0,0.330935743575026,0.330935743575026,0.330935743575026,0.0,5.0,5.0,5.0,0.0
807,115.0,115.0,115.0,0.0,115.0,115.0,115.0,0.0,1.8795606901144055,1.8795606901144055,1.8795606901144055,0.0,0.1879560690114405,0.1879560690114405,0.1879560690114405,0.0,0.0956521739130434,0.0956521739130434,0.0956521739130434,0.0,39.0,39.0,39.0,0.0,39.0,39.0,39.0,0.0,43.62785159926519,43.62785159926519,43.62785159926519,0.0,15.588757836565454,15.588757836565454,15.588757836565454,0.0,0.6928068773058083,0.6928068773058083,0.6928068773058083,0.0,3.993871803156594,3.993871803156594,3.993871803156594,0.0,0.3993871803156593,0.3993871803156593,0.3993871803156593,0.0,9.0,9.0,9.0,0.0
808,10.0,10.0,10.0,0.0,10.0,10.0,10.0,0.0,5.041714606093011,5.041714606093011,5.041714606093011,0.0,0.5041714606093013,0.5041714606093013,0.5041714606093013,0.0,0.0,0.0,0.0,0.0,39.0,39.0,39.0,0.0,39.0,39.0,39.0,0.0,43.62785159926519,43.62785159926519,43.62785159926519,0.0,15.516605311491396,15.516605311491396,15.516605311491396,0.0,0.5004024235381879,0.5004024235381879,0.5004024235381879,0.0,5.683604428822585,5.683604428822585,5.683604428822585,0.0,0.5683604428822582,0.5683604428822582,0.5683604428822582,0.0,4.0,4.0,4.0,0.0
809,144.0,144.0,144.0,0.0,144.0,144.0,144.0,0.0,1.248343341636285,1.248343341636285,1.248343341636285,0.0,0.1248343341636283,0.1248343341636283,0.1248343341636283,0.0,0.1180555555555555,0.1180555555555555,0.1180555555555555,0.0,39.0,39.0,39.0,0.0,39.0,39.0,39.0,0.0,44.50573762445337,44.50573762445337,44.50573762445337,0.0,15.622769033489684,15.622769033489684,15.622769033489684,0.0,0.6930507268415149,0.6930507268415149,0.6930507268415149,0.0,3.2694921387801408,3.2694921387801408,3.2694921387801408,0.0,0.326949213878014,0.326949213878014,0.326949213878014,0.0,5.0,5.0,5.0,0.0
810,64.0,64.0,64.0,0.0,64.0,64.0,64.0,0.0,2.807737954745521,2.807737954745521,2.807737954745521,0.0,0.2807737954745524,0.2807737954745524,0.2807737954745524,0.0,0.15625,0.15625,0.15625,0.0,39.0,39.0,39.0,0.0,39.0,39.0,39.0,0.0,43.13797947490415,43.13797947490415,43.13797947490415,0.0,15.611071787971522,15.611071787971522,15.611071787971522,0.0,0.6911927820032008,0.6911927820032008,0.6911927820032008,0.0,5.802365450708244,5.802365450708244,5.802365450708244,0.0,0.5802365450708243,0.5802365450708243,0.5802365450708243,0.0,8.0,8.0,8.0,0.0
811,39.0,39.0,39.0,0.0,39.0,39.0,39.0,0.0,2.5661596196421064,2.5661596196421064,2.5661596196421064,0.0,0.2566159619642104,0.2566159619642104,0.2566159619642104,0.0,0.1282051282051282,0.1282051282051282,0.1282051282051282,0.0,39.0,39.0,39.0,0.0,39.0,39.0,39.0,0.0,43.325977706539256,43.325977706539256,43.325977706539256,0.0,15.562080835105249,15.562080835105249,15.562080835105249,0.0,0.6849062404158356,0.6849062404158356,0.6849062404158356,0.0,4.614643296995522,4.614643296995522,4.614643296995522,0.0,0.4614643296995523,0.4614643296995523,0.4614643296995523,0.0,7.0,7.0,7.0,0.0
812,52.0,52.0,52.0,0.0,52.0,52.0,52.0,0.0,2.152877724858976,2.152877724858976,2.152877724858976,0.0,0.2152877724858971,0.2152877724858971,0.2152877724858971,0.0,0.0576923076923076,0.0576923076923076,0.0576923076923076,0.0,39.0,39.0,39.0,0.0,39.0,39.0,39.0,0.0,43.35455431229992,43.35455431229992,43.35455431229992,0.0,15.528978710266742,15.528978710266742,15.528978710266742,0.0,0.6901856760188042,0.6901856760188042,0.6901856760188042,0.0,5.0372342387147215,5.0372342387147215,5.0372342387147215,0.0,0.5037234238714721,0.5037234238714721,0.5037234238714721,0.0,5.0,5.0,5.0,0.0
813,38.0,38.0,38.0,0.0,38.0,38.0,38.0,0.0,4.492895002467167,4.492895002467167,4.492895002467167,0.0,0.4492895002467167,0.4492895002467167,0.4492895002467167,0.0,0.0789473684210526,0.0789473684210526,0.0789473684210526,0.0,39.0,39.0,39.0,0.0,39.0,39.0,39.0,0.0,43.45106398140367,43.45106398140367,43.45106398140367,0.0,15.485229633705163,15.485229633705163,15.485229633705163,0.0,0.6708198443868175,0.6708198443868175,0.6708198443868175,0.0,6.881535163164132,6.881535163164132,6.881535163164132,0.0,0.6881535163164132,0.6881535163164132,0.6881535163164132,0.0,7.0,7.0,7.0,0.0
814,11.0,11.0,11.0,0.0,11.0,11.0,11.0,0.0,5.023023274282056,5.023023274282056,5.023023274282056,0.0,0.5023023274282058,0.5023023274282058,0.5023023274282058,0.0,0.0909090909090909,0.0909090909090909,0.0909090909090909,0.0,39.0,39.0,39.0,0.0,39.0,39.0,39.0,0.0,43.45106398140367,43.45106398140367,43.45106398140367,0.0,15.415997826675968,15.415997826675968,15.415997826675968,0.0,0.5859526183035508,0.5859526183035508,0.5859526183035508,0.0,7.539254198296512,7.539254198296512,7.539254198296512,0.0,0.7539254198296503,0.7539254198296503,0.7539254198296503,0.0,4.0,4.0,4.0,0.0
815,59.0,59.0,59.0,0.0,59.0,59.0,59.0,0.0,3.003661858975283,3.003661858975283,3.003661858975283,0.0,0.3003661858975281,0.3003661858975281,0.3003661858975281,0.0,0.1016949152542373,0.1016949152542373,0.1016949152542373,0.0,39.0,39.0,39.0,0.0,39.0,39.0,39.0,0.0,43.45106398140367,43.45106398140367,43.45106398140367,0.0,15.407852818178698,15.407852818178698,15.407852818178698,0.0,0.6918538909574949,0.6918538909574949,0.6918538909574949,0.0,5.019097546402191,5.019097546402191,5.019097546402191,0.0,0.5019097546402193,0.5019097546402193,0.5019097546402193,0.0,7.0,7.0,7.0,0.0
816,132.0,132.0,132.0,0.0,132.0,132.0,132.0,0.0,1.259673398673392,1.259673398673392,1.259673398673392,0.0,0.1259673398673391,0.1259673398673391,0.1259673398673391,0.0,0.1363636363636363,0.1363636363636363,0.1363636363636363,0.0,39.0,39.0,39.0,0.0,39.0,39.0,39.0,0.0,43.45106398140367,43.45106398140367,43.45106398140367,0.0,15.517440961072976,15.517440961072976,15.517440961072976,0.0,0.6926879734424749,0.6926879734424749,0.6926879734424749,0.0,3.349683598339596,3.349683598339596,3.349683598339596,0.0,0.3349683598339597,0.3349683598339597,0.3349683598339597,0.0,7.0,7.0,7.0,0.0
817,9.0,9.0,9.0,0.0,9.0,9.0,9.0,0.0,4.59409324628113,4.59409324628113,4.59409324628113,0.0,0.4594093246281127,0.4594093246281127,0.4594093246281127,0.0,0.1111111111111111,0.1111111111111111,0.1111111111111111,0.0,39.0,39.0,39.0,0.0,39.0,39.0,39.0,0.0,43.45106398140367,43.45106398140367,43.45106398140367,0.0,15.43454938236046,15.43454938236046,15.43454938236046,0.0,0.6365141682948128,0.6365141682948128,0.6365141682948128,0.0,8.679597773166428,8.679597773166428,8.679597773166428,0.0,0.8679597773166436,0.8679597773166436,0.8679597773166436,0.0,2.0,2.0,2.0,0.0
818,114.0,114.0,114.0,0.0,114.0,114.0,114.0,0.0,2.159005272548713,2.159005272548713,2.159005272548713,0.0,0.2159005272548714,0.2159005272548714,0.2159005272548714,0.0,0.1403508771929824,0.1403508771929824,0.1403508771929824,0.0,39.0,39.0,39.0,0.0,39.0,39.0,39.0,0.0,43.45106398140367,43.45106398140367,43.45106398140367,0.0,15.524655719697249,15.524655719697249,15.524655719697249,0.0,0.6925314801644661,0.6925314801644661,0.6925314801644661,0.0,4.117691343007086,4.117691343007086,4.117691343007086,0.0,0.4117691343007086,0.4117691343007086,0.4117691343007086,0.0,9.0,9.0,9.0,0.0
819,10.0,10.0,10.0,0.0,10.0,10.0,10.0,0.0,5.08722827516727,5.08722827516727,5.08722827516727,0.0,0.5087228275167263,0.5087228275167263,0.5087228275167263,0.0,0.2,0.2,0.2,0.0,39.0,39.0,39.0,0.0,39.0,39.0,39.0,0.0,43.45106398140367,43.45106398140367,43.45106398140367,0.0,15.448470505404783,15.448470505404783,15.448470505404783,0.0,0.5004024235381879,0.5004024235381879,0.5004024235381879,0.0,8.61410765942364,8.61410765942364,8.61410765942364,0.0,0.8614107659423647,0.8614107659423647,0.8614107659423647,0.0,4.0,4.0,4.0,0.0
820,9.0,9.0,9.0,0.0,9.0,9.0,9.0,0.0,4.713911408803036,4.713911408803036,4.713911408803036,0.0,0.4713911408803035,0.4713911408803035,0.4713911408803035,0.0,0.3333333333333333,0.3333333333333333,0.3333333333333333,0.0,39.0,39.0,39.0,0.0,39.0,39.0,39.0,0.0,43.45106398140367,43.45106398140367,43.45106398140367,0.0,15.359276643534807,15.359276643534807,15.359276643534807,0.0,0.5297061990576545,0.5297061990576545,0.5297061990576545,0.0,8.324795756790422,8.324795756790422,8.324795756790422,0.0,0.8324795756790426,0.8324795756790426,0.8324795756790426,0.0,3.0,3.0,3.0,0.0
821,10.0,10.0,10.0,0.0,10.0,10.0,10.0,0.0,4.463128227478191,4.463128227478191,4.463128227478191,0.0,0.4463128227478201,0.4463128227478201,0.4463128227478201,0.0,0.1,0.1,0.1,0.0,39.0,39.0,39.0,0.0,39.0,39.0,39.0,0.0,43.45106398140367,43.45106398140367,43.45106398140367,0.0,15.268091547176953,15.268091547176953,15.268091547176953,0.0,0.6108643020548935,0.6108643020548935,0.6108643020548935,0.0,7.396803416794853,7.396803416794853,7.396803416794853,0.0,0.7396803416794849,0.7396803416794849,0.7396803416794849,0.0,3.0,3.0,3.0,0.0
822,63.0,63.0,63.0,0.0,63.0,63.0,63.0,0.0,2.3545074148341465,2.3545074148341465,2.3545074148341465,0.0,0.2354507414834148,0.2354507414834148,0.2354507414834148,0.0,0.0634920634920634,0.0634920634920634,0.0634920634920634,0.0,39.0,39.0,39.0,0.0,39.0,39.0,39.0,0.0,43.60110228617296,43.60110228617296,43.60110228617296,0.0,15.2574547370626,15.2574547370626,15.2574547370626,0.0,0.6899944580334814,0.6899944580334814,0.6899944580334814,0.0,4.734844083236469,4.734844083236469,4.734844083236469,0.0,0.4734844083236468,0.4734844083236468,0.4734844083236468,0.0,7.0,7.0,7.0,0.0
823,125.0,125.0,125.0,0.0,125.0,125.0,125.0,0.0,2.228310808805654,2.228310808805654,2.228310808805654,0.0,0.2228310808805654,0.2228310808805654,0.2228310808805654,0.0,0.112,0.112,0.112,0.0,39.0,39.0,39.0,0.0,39.0,39.0,39.0,0.0,42.91040705472548,42.91040705472548,42.91040705472548,0.0,15.358739943534475,15.358739943534475,15.358739943534475,0.0,0.6931151802186033,0.6931151802186033,0.6931151802186033,0.0,4.338312717551258,4.338312717551258,4.338312717551258,0.0,0.4338312717551258,0.4338312717551258,0.4338312717551258,0.0,8.0,8.0,8.0,0.0
824,37.0,37.0,37.0,0.0,37.0,37.0,37.0,0.0,3.4798082618246777,3.4798082618246777,3.4798082618246777,0.0,0.3479808261824679,0.3479808261824679,0.3479808261824679,0.0,0.1081081081081081,0.1081081081081081,0.1081081081081081,0.0,39.0,39.0,39.0,0.0,39.0,39.0,39.0,0.0,42.79545296455203,42.79545296455203,42.79545296455203,0.0,15.311492314691918,15.311492314691918,15.311492314691918,0.0,0.6751425885789244,0.6751425885789244,0.6751425885789244,0.0,6.112619818296284,6.112619818296284,6.112619818296284,0.0,0.6112619818296283,0.6112619818296283,0.6112619818296283,0.0,8.0,8.0,8.0,0.0
825,39.0,39.0,39.0,0.0,39.0,39.0,39.0,0.0,4.347020221615383,4.347020221615383,4.347020221615383,0.0,0.4347020221615382,0.4347020221615382,0.4347020221615382,0.0,0.1025641025641025,0.1025641025641025,0.1025641025641025,0.0,39.0,39.0,39.0,0.0,39.0,39.0,39.0,0.0,42.79545296455203,42.79545296455203,42.79545296455203,0.0,15.281760629492636,15.281760629492636,15.281760629492636,0.0,0.6849062404158356,0.6849062404158356,0.6849062404158356,0.0,6.792528264518849,6.792528264518849,6.792528264518849,0.0,0.6792528264518851,0.6792528264518851,0.6792528264518851,0.0,7.0,7.0,7.0,0.0
826,9.0,9.0,9.0,0.0,9.0,9.0,9.0,0.0,5.9965568104154885,5.9965568104154885,5.9965568104154885,0.0,0.599655681041549,0.599655681041549,0.599655681041549,0.0,0.1111111111111111,0.1111111111111111,0.1111111111111111,0.0,39.0,39.0,39.0,0.0,39.0,39.0,39.0,0.0,42.79545296455203,42.79545296455203,42.79545296455203,0.0,15.207727099465629,15.207727099465629,15.207727099465629,0.0,0.6365141682948128,0.6365141682948128,0.6365141682948128,0.0,7.308447234836448,7.308447234836448,7.308447234836448,0.0,0.730844723483644,0.730844723483644,0.730844723483644,0.0,2.0,2.0,2.0,0.0
827,35.0,35.0,35.0,0.0,35.0,35.0,35.0,0.0,2.9327935031133245,2.9327935031133245,2.9327935031133245,0.0,0.2932793503113323,0.2932793503113323,0.2932793503113323,0.0,0.1142857142857142,0.1142857142857142,0.1142857142857142,0.0,39.0,39.0,39.0,0.0,39.0,39.0,39.0,0.0,42.73618925673069,42.73618925673069,42.73618925673069,0.0,15.173266267046149,15.173266267046149,15.173266267046149,0.0,0.6894691997751603,0.6894691997751603,0.6894691997751603,0.0,4.925573685332212,4.925573685332212,4.925573685332212,0.0,0.4925573685332212,0.4925573685332212,0.4925573685332212,0.0,7.0,7.0,7.0,0.0
828,80.0,80.0,80.0,0.0,80.0,80.0,80.0,0.0,2.7495307107802303,2.7495307107802303,2.7495307107802303,0.0,0.2749530710780233,0.2749530710780233,0.2749530710780233,0.0,0.125,0.125,0.125,0.0,39.0,39.0,39.0,0.0,39.0,39.0,39.0,0.0,42.68644942781297,42.68644942781297,42.68644942781297,0.0,15.2175799286527,15.2175799286527,15.2175799286527,0.0,0.6918966592050799,0.6918966592050799,0.6918966592050799,0.0,4.5835058596579525,4.5835058596579525,4.5835058596579525,0.0,0.4583505859657954,0.4583505859657954,0.4583505859657954,0.0,8.0,8.0,8.0,0.0
829,12.0,12.0,12.0,0.0,12.0,12.0,12.0,0.0,3.4243370411137275,3.4243370411137275,3.4243370411137275,0.0,0.3424337041113734,0.3424337041113734,0.3424337041113734,0.0,0.1666666666666666,0.1666666666666666,0.1666666666666666,0.0,39.0,39.0,39.0,0.0,39.0,39.0,39.0,0.0,42.68644942781297,42.68644942781297,42.68644942781297,0.0,15.15034461491347,15.15034461491347,15.15034461491347,0.0,0.6931471805599453,0.6931471805599453,0.6931471805599453,0.0,6.076016730921402,6.076016730921402,6.076016730921402,0.0,0.6076016730921409,0.6076016730921409,0.6076016730921409,0.0,2.0,2.0,2.0,0.0
830,41.0,41.0,41.0,0.0,41.0,41.0,41.0,0.0,2.4587313055343034,2.4587313055343034,2.4587313055343034,0.0,0.2458731305534302,0.2458731305534302,0.2458731305534302,0.0,0.0975609756097561,0.0975609756097561,0.0975609756097561,0.0,39.0,39.0,39.0,0.0,39.0,39.0,39.0,0.0,42.654282834895206,42.654282834895206,42.654282834895206,0.0,15.113929048748734,15.113929048748734,15.113929048748734,0.0,0.6785008770139085,0.6785008770139085,0.6785008770139085,0.0,3.996299843751009,3.996299843751009,3.996299843751009,0.0,0.3996299843751009,0.3996299843751009,0.3996299843751009,0.0,7.0,7.0,7.0,0.0
831,25.0,25.0,25.0,0.0,25.0,25.0,25.0,0.0,2.368291478060858,2.368291478060858,2.368291478060858,0.0,0.2368291478060854,0.2368291478060854,0.2368291478060854,0.0,0.04,0.04,0.04,0.0,39.0,39.0,39.0,0.0,39.0,39.0,39.0,0.0,42.654282834895206,42.654282834895206,42.654282834895206,0.0,15.054760133745436,15.054760133745436,15.054760133745436,0.0,0.6923469670899615,0.6923469670899615,0.6923469670899615,0.0,4.23954137312723,4.23954137312723,4.23954137312723,0.0,0.4239541373127233,0.4239541373127233,0.4239541373127233,0.0,5.0,5.0,5.0,0.0
832,12.0,12.0,12.0,0.0,12.0,12.0,12.0,0.0,4.12907005018975,4.12907005018975,4.12907005018975,0.0,0.4129070050189745,0.4129070050189745,0.4129070050189745,0.0,0.1666666666666666,0.1666666666666666,0.1666666666666666,0.0,39.0,39.0,39.0,0.0,39.0,39.0,39.0,0.0,42.654282834895206,42.654282834895206,42.654282834895206,0.0,14.98659090975375,14.98659090975375,14.98659090975375,0.0,0.4505612088663046,0.4505612088663046,0.4505612088663046,0.0,5.1659012078601085,5.1659012078601085,5.1659012078601085,0.0,0.5165901207860112,0.5165901207860112,0.5165901207860112,0.0,4.0,4.0,4.0,0.0
833,16.0,16.0,16.0,0.0,16.0,16.0,16.0,0.0,3.4277783032196085,3.4277783032196085,3.4277783032196085,0.0,0.3427778303219602,0.3427778303219602,0.3427778303219602,0.0,0.1875,0.1875,0.1875,0.0,39.0,39.0,39.0,0.0,39.0,39.0,39.0,0.0,42.654282834895206,42.654282834895206,42.654282834895206,0.0,14.916175291312094,14.916175291312094,14.916175291312094,0.0,0.6615632381579821,0.6615632381579821,0.6615632381579821,0.0,4.953782526234545,4.953782526234545,4.953782526234545,0.0,0.4953782526234543,0.4953782526234543,0.4953782526234543,0.0,4.0,4.0,4.0,0.0
834,10.0,10.0,10.0,0.0,10.0,10.0,10.0,0.0,4.323497262823899,4.323497262823899,4.323497262823899,0.0,0.4323497262823895,0.4323497262823895,0.4323497262823895,0.0,0.2,0.2,0.2,0.0,39.0,39.0,39.0,0.0,39.0,39.0,39.0,0.0,42.654282834895206,42.654282834895206,42.654282834895206,0.0,14.842006105167052,14.842006105167052,14.842006105167052,0.0,0.0,-0.0,-0.0,0.0,5.668943213648852,5.668943213648852,5.668943213648852,0.0,0.566894321364885,0.566894321364885,0.566894321364885,0.0,4.0,4.0,4.0,0.0
835,37.0,37.0,37.0,0.0,37.0,37.0,37.0,0.0,3.5708022396395105,3.5708022396395105,3.5708022396395105,0.0,0.3570802239639512,0.3570802239639512,0.3570802239639512,0.0,0.0,0.0,0.0,0.0,39.0,39.0,39.0,0.0,39.0,39.0,39.0,0.0,42.654282834895206,42.654282834895206,42.654282834895206,0.0,14.821900618649511,14.821900618649511,14.821900618649511,0.0,0.689856498589211,0.689856498589211,0.689856498589211,0.0,6.888721440370221,6.888721440370221,6.888721440370221,0.0,0.6888721440370222,0.6888721440370222,0.6888721440370222,0.0,7.0,7.0,7.0,0.0
836,76.0,76.0,76.0,0.0,76.0,76.0,76.0,0.0,2.7942742197038197,2.7942742197038197,2.7942742197038197,0.0,0.2794274219703815,0.2794274219703815,0.2794274219703815,0.0,0.1447368421052631,0.1447368421052631,0.1447368421052631,0.0,39.0,39.0,39.0,0.0,39.0,39.0,39.0,0.0,42.36786049147839,42.36786049147839,42.36786049147839,0.0,14.848729302568769,14.848729302568769,14.848729302568769,0.0,0.6931471805599453,0.6931471805599453,0.6931471805599453,0.0,5.18963444830014,5.18963444830014,5.18963444830014,0.0,0.5189634448300141,0.5189634448300141,0.5189634448300141,0.0,8.0,8.0,8.0,0.0
837,203.0,203.0,203.0,0.0,203.0,203.0,203.0,0.0,1.1640213977692149,1.1640213977692149,1.1640213977692149,0.0,0.1164021397769214,0.1164021397769214,0.1164021397769214,0.0,0.1182266009852216,0.1182266009852216,0.1182266009852216,0.0,39.0,39.0,39.0,0.0,39.0,39.0,39.0,0.0,42.36786049147839,42.36786049147839,42.36786049147839,0.0,15.085092611962027,15.085092611962027,15.085092611962027,0.0,0.6904147046754965,0.6904147046754965,0.6904147046754965,0.0,2.5538261228835872,2.5538261228835872,2.5538261228835872,0.0,0.2553826122883586,0.2553826122883586,0.2553826122883586,0.0,8.0,8.0,8.0,0.0
838,35.0,35.0,35.0,0.0,35.0,35.0,35.0,0.0,3.1789513298247147,3.1789513298247147,3.1789513298247147,0.0,0.3178951329824715,0.3178951329824715,0.3178951329824715,0.0,0.1142857142857142,0.1142857142857142,0.1142857142857142,0.0,39.0,39.0,39.0,0.0,39.0,39.0,39.0,0.0,42.36786049147839,42.36786049147839,42.36786049147839,0.0,15.05857172710034,15.05857172710034,15.05857172710034,0.0,0.6927389617440811,0.6927389617440811,0.6927389617440811,0.0,5.989694261838338,5.989694261838338,5.989694261838338,0.0,0.598969426183834,0.598969426183834,0.598969426183834,0.0,7.0,7.0,7.0,0.0
839,103.0,103.0,103.0,0.0,103.0,103.0,103.0,0.0,2.799073574531617,2.799073574531617,2.799073574531617,0.0,0.2799073574531615,0.2799073574531615,0.2799073574531615,0.0,0.058252427184466,0.058252427184466,0.058252427184466,0.0,39.0,39.0,39.0,0.0,39.0,39.0,39.0,0.0,41.714177013683006,41.714177013683006,41.714177013683006,0.0,15.137190918581105,15.137190918581105,15.137190918581105,0.0,0.6908360395756099,0.6908360395756099,0.6908360395756099,0.0,4.833599990135861,4.833599990135861,4.833599990135861,0.0,0.4833599990135862,0.4833599990135862,0.4833599990135862,0.0,8.0,8.0,8.0,0.0
840,117.0,117.0,117.0,0.0,117.0,117.0,117.0,0.0,1.4208108666273571,1.4208108666273571,1.4208108666273571,0.0,0.1420810866627358,0.1420810866627358,0.1420810866627358,0.0,0.0683760683760683,0.0683760683760683,0.0683760683760683,0.0,39.0,39.0,39.0,0.0,39.0,39.0,39.0,0.0,41.234411016686,41.234411016686,41.234411016686,0.0,15.249546912758497,15.249546912758497,15.249546912758497,0.0,0.6769517353038275,0.6769517353038275,0.6769517353038275,0.0,3.3527247385520527,3.3527247385520527,3.3527247385520527,0.0,0.3352724738552052,0.3352724738552052,0.3352724738552052,0.0,10.0,10.0,10.0,0.0
841,130.0,130.0,130.0,0.0,130.0,130.0,130.0,0.0,1.2236403565249332,1.2236403565249332,1.2236403565249332,0.0,0.1223640356524934,0.1223640356524934,0.1223640356524934,0.0,0.1615384615384615,0.1615384615384615,0.1615384615384615,0.0,39.0,39.0,39.0,0.0,39.0,39.0,39.0,0.0,41.234411016686,41.234411016686,41.234411016686,0.0,15.357483180882836,15.357483180882836,15.357483180882836,0.0,0.6812657296632041,0.6812657296632041,0.6812657296632041,0.0,3.0594532052535968,3.0594532052535968,3.0594532052535968,0.0,0.3059453205253595,0.3059453205253595,0.3059453205253595,0.0,9.0,9.0,9.0,0.0
842,32.0,32.0,32.0,0.0,32.0,32.0,32.0,0.0,3.527307424573831,3.527307424573831,3.527307424573831,0.0,0.3527307424573832,0.3527307424573832,0.3527307424573832,0.0,0.09375,0.09375,0.09375,0.0,39.0,39.0,39.0,0.0,39.0,39.0,39.0,0.0,41.2045485458456,41.2045485458456,41.2045485458456,0.0,15.30673542007699,15.30673542007699,15.30673542007699,0.0,0.6931471805599453,0.6931471805599453,0.6931471805599453,0.0,6.275111163425099,6.275111163425099,6.275111163425099,0.0,0.6275111163425099,0.6275111163425099,0.6275111163425099,0.0,7.0,7.0,7.0,0.0
843,125.0,125.0,125.0,0.0,125.0,125.0,125.0,0.0,1.4064588372053226,1.4064588372053226,1.4064588372053226,0.0,0.1406458837205323,0.1406458837205323,0.1406458837205323,0.0,0.08,0.08,0.08,0.0,39.0,39.0,39.0,0.0,39.0,39.0,39.0,0.0,41.2045485458456,41.2045485458456,41.2045485458456,0.0,15.411939190283388,15.411939190283388,15.411939190283388,0.0,0.678968036741767,0.678968036741767,0.678968036741767,0.0,3.318285688259807,3.318285688259807,3.318285688259807,0.0,0.3318285688259805,0.3318285688259805,0.3318285688259805,0.0,8.0,8.0,8.0,0.0
844,123.0,123.0,123.0,0.0,123.0,123.0,123.0,0.0,1.6645666160769443,1.6645666160769443,1.6645666160769443,0.0,0.1664566616076946,0.1664566616076946,0.1664566616076946,0.0,0.056910569105691,0.056910569105691,0.056910569105691,0.0,39.0,39.0,39.0,0.0,39.0,39.0,39.0,0.0,41.2045485458456,41.2045485458456,41.2045485458456,0.0,15.530393244112592,15.530393244112592,15.530393244112592,0.0,0.6811685453222742,0.6811685453222742,0.6811685453222742,0.0,3.526022024182621,3.526022024182621,3.526022024182621,0.0,0.3526022024182619,0.3526022024182619,0.3526022024182619,0.0,10.0,10.0,10.0,0.0
845,32.0,32.0,32.0,0.0,32.0,32.0,32.0,0.0,2.3804600120839967,2.3804600120839967,2.3804600120839967,0.0,0.2380460012083997,0.2380460012083997,0.2380460012083997,0.0,0.1875,0.1875,0.1875,0.0,39.0,39.0,39.0,0.0,39.0,39.0,39.0,0.0,41.19219557871636,41.19219557871636,41.19219557871636,0.0,15.496256895690012,15.496256895690012,15.496256895690012,0.0,0.6931471805599453,0.6931471805599453,0.6931471805599453,0.0,5.597271569625449,5.597271569625449,5.597271569625449,0.0,0.5597271569625447,0.5597271569625447,0.5597271569625447,0.0,6.0,6.0,6.0,0.0
846,24.0,24.0,24.0,0.0,24.0,24.0,24.0,0.0,3.348001917554089,3.348001917554089,3.348001917554089,0.0,0.3348001917554093,0.3348001917554093,0.3348001917554093,0.0,0.125,0.125,0.125,0.0,39.0,39.0,39.0,0.0,39.0,39.0,39.0,0.0,41.25973216857947,41.25973216857947,41.25973216857947,0.0,15.436155730955088,15.436155730955088,15.436155730955088,0.0,0.6791932659915256,0.6791932659915256,0.6791932659915256,0.0,6.376735575791977,6.376735575791977,6.376735575791977,0.0,0.6376735575791976,0.6376735575791976,0.6376735575791976,0.0,7.0,7.0,7.0,0.0
847,24.0,24.0,24.0,0.0,24.0,24.0,24.0,0.0,4.542206542279623,4.542206542279623,4.542206542279623,0.0,0.4542206542279618,0.4542206542279618,0.4542206542279618,0.0,0.125,0.125,0.125,0.0,39.0,39.0,39.0,0.0,39.0,39.0,39.0,0.0,41.25973216857947,41.25973216857947,41.25973216857947,0.0,15.387988811267029,15.387988811267029,15.387988811267029,0.0,0.6791932659915256,0.6791932659915256,0.6791932659915256,0.0,6.812951426156832,6.812951426156832,6.812951426156832,0.0,0.6812951426156835,0.6812951426156835,0.6812951426156835,0.0,7.0,7.0,7.0,0.0
848,10.0,10.0,10.0,0.0,10.0,10.0,10.0,0.0,5.092463515275151,5.092463515275151,5.092463515275151,0.0,0.5092463515275156,0.5092463515275156,0.5092463515275156,0.0,0.2,0.2,0.2,0.0,39.0,39.0,39.0,0.0,39.0,39.0,39.0,0.0,41.25973216857947,41.25973216857947,41.25973216857947,0.0,15.319998995555371,15.319998995555371,15.319998995555371,0.0,0.5004024235381879,0.5004024235381879,0.5004024235381879,0.0,7.9107274499139075,7.9107274499139075,7.9107274499139075,0.0,0.7910727449913905,0.7910727449913905,0.7910727449913905,0.0,4.0,4.0,4.0,0.0
849,34.0,34.0,34.0,0.0,34.0,34.0,34.0,0.0,3.1497985299283755,3.1497985299283755,3.1497985299283755,0.0,0.3149798529928375,0.3149798529928375,0.3149798529928375,0.0,0.1470588235294117,0.1470588235294117,0.1470588235294117,0.0,39.0,39.0,39.0,0.0,39.0,39.0,39.0,0.0,41.27306022175001,41.27306022175001,41.27306022175001,0.0,15.288617660681757,15.288617660681757,15.288617660681757,0.0,0.6931471805599453,0.6931471805599453,0.6931471805599453,0.0,5.177003840771175,5.177003840771175,5.177003840771175,0.0,0.5177003840771175,0.5177003840771175,0.5177003840771175,0.0,7.0,7.0,7.0,0.0
850,12.0,12.0,12.0,0.0,12.0,12.0,12.0,0.0,3.793462622559261,3.793462622559261,3.793462622559261,0.0,0.3793462622559254,0.3793462622559254,0.3793462622559254,0.0,0.3333333333333333,0.3333333333333333,0.3333333333333333,0.0,39.0,39.0,39.0,0.0,39.0,39.0,39.0,0.0,41.27306022175001,41.27306022175001,41.27306022175001,0.0,15.205741477610603,15.205741477610603,15.205741477610603,0.0,0.6791932659915256,0.6791932659915256,0.6791932659915256,0.0,6.522316806773843,6.522316806773843,6.522316806773843,0.0,0.6522316806773848,0.6522316806773848,0.6522316806773848,0.0,3.0,3.0,3.0,0.0
851,32.0,32.0,32.0,0.0,32.0,32.0,32.0,0.0,2.4270658862401597,2.4270658862401597,2.4270658862401597,0.0,0.2427065886240167,0.2427065886240167,0.2427065886240167,0.0,0.15625,0.15625,0.15625,0.0,39.0,39.0,39.0,0.0,39.0,39.0,39.0,0.0,41.27306022175001,41.27306022175001,41.27306022175001,0.0,15.153567301241557,15.153567301241557,15.153567301241557,0.0,0.6615632381579821,0.6615632381579821,0.6615632381579821,0.0,4.308631088562575,4.308631088562575,4.308631088562575,0.0,0.4308631088562576,0.4308631088562576,0.4308631088562576,0.0,5.0,5.0,5.0,0.0
852,11.0,11.0,11.0,0.0,11.0,11.0,11.0,0.0,3.702402007554701,3.702402007554701,3.702402007554701,0.0,0.370240200755471,0.370240200755471,0.370240200755471,0.0,0.0909090909090909,0.0909090909090909,0.0909090909090909,0.0,39.0,39.0,39.0,0.0,39.0,39.0,39.0,0.0,41.27306022175001,41.27306022175001,41.27306022175001,0.0,15.08118322648953,15.08118322648953,15.08118322648953,0.0,0.6890092384766586,0.6890092384766586,0.6890092384766586,0.0,6.488496611403306,6.488496611403306,6.488496611403306,0.0,0.64884966114033,0.64884966114033,0.64884966114033,0.0,2.0,2.0,2.0,0.0
853,23.0,23.0,23.0,0.0,23.0,23.0,23.0,0.0,2.5461979567402846,2.5461979567402846,2.5461979567402846,0.0,0.254619795674029,0.254619795674029,0.254619795674029,0.0,0.0,0.0,0.0,0.0,39.0,39.0,39.0,0.0,39.0,39.0,39.0,0.0,41.17985884882,41.17985884882,41.17985884882,0.0,15.021005276385734,15.021005276385734,15.021005276385734,0.0,0.6145033203107282,0.6145033203107282,0.6145033203107282,0.0,4.706784034173125,4.706784034173125,4.706784034173125,0.0,0.470678403417313,0.470678403417313,0.470678403417313,0.0,6.0,6.0,6.0,0.0
854,10.0,10.0,10.0,0.0,10.0,10.0,10.0,0.0,4.246303626264726,4.246303626264726,4.246303626264726,0.0,0.4246303626264726,0.4246303626264726,0.4246303626264726,0.0,0.1,0.1,0.1,0.0,39.0,39.0,39.0,0.0,39.0,39.0,39.0,0.0,41.17985884882,41.17985884882,41.17985884882,0.0,14.936673166525598,14.936673166525598,14.936673166525598,0.0,0.6108643020548935,0.6108643020548935,0.6108643020548935,0.0,6.30314053965622,6.30314053965622,6.30314053965622,0.0,0.6303140539656216,0.6303140539656216,0.6303140539656216,0.0,3.0,3.0,3.0,0.0
855,26.0,26.0,26.0,0.0,26.0,26.0,26.0,0.0,3.694383319318257,3.694383319318257,3.694383319318257,0.0,0.3694383319318259,0.3694383319318259,0.3694383319318259,0.0,0.1923076923076923,0.1923076923076923,0.1923076923076923,0.0,39.0,39.0,39.0,0.0,39.0,39.0,39.0,0.0,41.16117350483015,41.16117350483015,41.16117350483015,0.0,14.882580638304688,14.882580638304688,14.882580638304688,0.0,0.6450331516760341,0.6450331516760341,0.6450331516760341,0.0,5.896313973934482,5.896313973934482,5.896313973934482,0.0,0.5896313973934477,0.5896313973934477,0.5896313973934477,0.0,7.0,7.0,7.0,0.0
856,10.0,10.0,10.0,0.0,10.0,10.0,10.0,0.0,4.665508449013247,4.665508449013247,4.665508449013247,0.0,0.4665508449013248,0.4665508449013248,0.4665508449013248,0.0,0.3,0.3,0.3,0.0,39.0,39.0,39.0,0.0,39.0,39.0,39.0,0.0,41.16117350483015,41.16117350483015,41.16117350483015,0.0,14.812301381019392,14.812301381019392,14.812301381019392,0.0,0.6108643020548935,0.6108643020548935,0.6108643020548935,0.0,5.904185030390408,5.904185030390408,5.904185030390408,0.0,0.5904185030390409,0.5904185030390409,0.5904185030390409,0.0,4.0,4.0,4.0,0.0
857,25.0,25.0,25.0,0.0,25.0,25.0,25.0,0.0,2.27004441793639,2.27004441793639,2.27004441793639,0.0,0.2270044417936387,0.2270044417936387,0.2270044417936387,0.0,0.2,0.2,0.2,0.0,39.0,39.0,39.0,0.0,39.0,39.0,39.0,0.0,41.16117350483015,41.16117350483015,41.16117350483015,0.0,14.75582849127557,14.75582849127557,14.75582849127557,0.0,0.6534181947937018,0.6534181947937018,0.6534181947937018,0.0,4.122551983538011,4.122551983538011,4.122551983538011,0.0,0.4122551983538014,0.4122551983538014,0.4122551983538014,0.0,5.0,5.0,5.0,0.0
858,22.0,22.0,22.0,0.0,22.0,22.0,22.0,0.0,2.368752963252092,2.368752963252092,2.368752963252092,0.0,0.2368752963252099,0.2368752963252099,0.2368752963252099,0.0,0.1363636363636363,0.1363636363636363,0.1363636363636363,0.0,39.0,39.0,39.0,0.0,39.0,39.0,39.0,0.0,41.16117350483015,41.16117350483015,41.16117350483015,0.0,14.694337056346216,14.694337056346216,14.694337056346216,0.0,0.6554817739013927,0.6554817739013927,0.6554817739013927,0.0,4.211112074949533,4.211112074949533,4.211112074949533,0.0,0.4211112074949532,0.4211112074949532,0.4211112074949532,0.0,5.0,5.0,5.0,0.0
859,24.0,24.0,24.0,0.0,24.0,24.0,24.0,0.0,2.4410804691527983,2.4410804691527983,2.4410804691527983,0.0,0.2441080469152799,0.2441080469152799,0.2441080469152799,0.0,0.125,0.125,0.125,0.0,39.0,39.0,39.0,0.0,39.0,39.0,39.0,0.0,41.16117350483015,41.16117350483015,41.16117350483015,0.0,14.652628638549698,14.652628638549698,14.652628638549698,0.0,0.6365141682948128,0.6365141682948128,0.6365141682948128,0.0,4.206270670449316,4.206270670449316,4.206270670449316,0.0,0.4206270670449316,0.4206270670449316,0.4206270670449316,0.0,5.0,5.0,5.0,0.0
860,140.0,140.0,140.0,0.0,140.0,140.0,140.0,0.0,1.2920881844320549,1.2920881844320549,1.2920881844320549,0.0,0.1292088184432053,0.1292088184432053,0.1292088184432053,0.0,0.1357142857142857,0.1357142857142857,0.1357142857142857,0.0,39.0,39.0,39.0,0.0,39.0,39.0,39.0,0.0,40.94670042170357,40.94670042170357,40.94670042170357,0.0,14.781720745748602,14.781720745748602,14.781720745748602,0.0,0.6930451362725594,0.6930451362725594,0.6930451362725594,0.0,3.1339283334781016,3.1339283334781016,3.1339283334781016,0.0,0.3133928333478099,0.3133928333478099,0.3133928333478099,0.0,8.0,8.0,8.0,0.0
861,46.0,46.0,46.0,0.0,46.0,46.0,46.0,0.0,3.4814319742472657,3.4814319742472657,3.4814319742472657,0.0,0.3481431974247261,0.3481431974247261,0.3481431974247261,0.0,0.0869565217391304,0.0869565217391304,0.0869565217391304,0.0,39.0,39.0,39.0,0.0,39.0,39.0,39.0,0.0,40.94670042170357,40.94670042170357,40.94670042170357,0.0,14.7525855675475,14.7525855675475,14.7525855675475,0.0,0.6931471805599453,0.6931471805599453,0.6931471805599453,0.0,6.171343659268374,6.171343659268374,6.171343659268374,0.0,0.6171343659268373,0.6171343659268373,0.6171343659268373,0.0,7.0,7.0,7.0,0.0
862,149.0,149.0,149.0,0.0,149.0,149.0,149.0,0.0,1.4347554000481697,1.4347554000481697,1.4347554000481697,0.0,0.1434755400048172,0.1434755400048172,0.1434755400048172,0.0,0.1140939597315436,0.1140939597315436,0.1140939597315436,0.0,39.0,39.0,39.0,0.0,39.0,39.0,39.0,0.0,40.68490063886456,40.68490063886456,40.68490063886456,0.0,14.89102181501455,14.89102181501455,14.89102181501455,0.0,0.6931246588828293,0.6931246588828293,0.6931246588828293,0.0,3.1958977408069105,3.1958977408069105,3.1958977408069105,0.0,0.3195897740806912,0.3195897740806912,0.3195897740806912,0.0,9.0,9.0,9.0,0.0
863,109.0,109.0,109.0,0.0,109.0,109.0,109.0,0.0,1.9884780524782155,1.9884780524782155,1.9884780524782155,0.0,0.1988478052478215,0.1988478052478215,0.1988478052478215,0.0,0.091743119266055,0.091743119266055,0.091743119266055,0.0,39.0,39.0,39.0,0.0,39.0,39.0,39.0,0.0,40.68490063886456,40.68490063886456,40.68490063886456,0.0,14.967066924571276,14.967066924571276,14.967066924571276,0.0,0.6927683767297783,0.6927683767297783,0.6927683767297783,0.0,3.6956339944659296,3.6956339944659296,3.6956339944659296,0.0,0.3695633994465929,0.3695633994465929,0.3695633994465929,0.0,7.0,7.0,7.0,0.0
864,113.0,113.0,113.0,0.0,113.0,113.0,113.0,0.0,1.583157409390869,1.583157409390869,1.583157409390869,0.0,0.1583157409390873,0.1583157409390873,0.1583157409390873,0.0,0.1504424778761062,0.1504424778761062,0.1504424778761062,0.0,39.0,39.0,39.0,0.0,39.0,39.0,39.0,0.0,40.68490063886456,40.68490063886456,40.68490063886456,0.0,15.065989503230504,15.065989503230504,15.065989503230504,0.0,0.6931080227146618,0.6931080227146618,0.6931080227146618,0.0,3.526522214606036,3.526522214606036,3.526522214606036,0.0,0.3526522214606034,0.3526522214606034,0.3526522214606034,0.0,8.0,8.0,8.0,0.0
865,9.0,9.0,9.0,0.0,9.0,9.0,9.0,0.0,6.7872653781991925,6.7872653781991925,6.7872653781991925,0.0,0.6787265378199199,0.6787265378199199,0.6787265378199199,0.0,0.0,0.0,0.0,0.0,39.0,39.0,39.0,0.0,39.0,39.0,39.0,0.0,40.68490063886456,40.68490063886456,40.68490063886456,0.0,14.98107612423752,14.98107612423752,14.98107612423752,0.0,0.3488320958430319,0.3488320958430319,0.3488320958430319,0.0,9.485062020635151,9.485062020635151,9.485062020635151,0.0,0.948506202063516,0.948506202063516,0.948506202063516,0.0,3.0,3.0,3.0,0.0
866,129.0,129.0,129.0,0.0,129.0,129.0,129.0,0.0,1.367029164280803,1.367029164280803,1.367029164280803,0.0,0.1367029164280803,0.1367029164280803,0.1367029164280803,0.0,0.0775193798449612,0.0775193798449612,0.0775193798449612,0.0,39.0,39.0,39.0,0.0,39.0,39.0,39.0,0.0,40.68490063886456,40.68490063886456,40.68490063886456,0.0,15.10457739993607,15.10457739993607,15.10457739993607,0.0,0.6931171339877542,0.6931171339877542,0.6931171339877542,0.0,3.149878235730889,3.149878235730889,3.149878235730889,0.0,0.3149878235730889,0.3149878235730889,0.3149878235730889,0.0,8.0,8.0,8.0,0.0
867,42.0,42.0,42.0,0.0,42.0,42.0,42.0,0.0,2.8074650672522203,2.8074650672522203,2.8074650672522203,0.0,0.2807465067252215,0.2807465067252215,0.2807465067252215,0.0,0.119047619047619,0.119047619047619,0.119047619047619,0.0,39.0,39.0,39.0,0.0,39.0,39.0,39.0,0.0,40.75966346142212,40.75966346142212,40.75966346142212,0.0,15.07140473684848,15.07140473684848,15.07140473684848,0.0,0.6931471805599453,0.6931471805599453,0.6931471805599453,0.0,5.945542738095773,5.945542738095773,5.945542738095773,0.0,0.5945542738095774,0.5945542738095774,0.5945542738095774,0.0,7.0,7.0,7.0,0.0
868,41.0,41.0,41.0,0.0,41.0,41.0,41.0,0.0,2.551096662294924,2.551096662294924,2.551096662294924,0.0,0.2551096662294922,0.2551096662294922,0.2551096662294922,0.0,0.073170731707317,0.073170731707317,0.073170731707317,0.0,39.0,39.0,39.0,0.0,39.0,39.0,39.0,0.0,40.75966346142212,40.75966346142212,40.75966346142212,0.0,15.04488592592233,15.04488592592233,15.04488592592233,0.0,0.6856925884481759,0.6856925884481759,0.6856925884481759,0.0,4.293011629172918,4.293011629172918,4.293011629172918,0.0,0.4293011629172919,0.4293011629172919,0.4293011629172919,0.0,7.0,7.0,7.0,0.0
869,59.0,59.0,59.0,0.0,59.0,59.0,59.0,0.0,3.0032995246044014,3.0032995246044014,3.0032995246044014,0.0,0.3003299524604401,0.3003299524604401,0.3003299524604401,0.0,0.0677966101694915,0.0677966101694915,0.0677966101694915,0.0,39.0,39.0,39.0,0.0,39.0,39.0,39.0,0.0,41.061077799372406,41.061077799372406,41.061077799372406,0.0,15.041260348075047,15.041260348075047,15.041260348075047,0.0,0.6860923673472046,0.6860923673472046,0.6860923673472046,0.0,5.829022291667321,5.829022291667321,5.829022291667321,0.0,0.5829022291667321,0.5829022291667321,0.5829022291667321,0.0,7.0,7.0,7.0,0.0
870,45.0,45.0,45.0,0.0,45.0,45.0,45.0,0.0,2.446440643555577,2.446440643555577,2.446440643555577,0.0,0.2446440643555575,0.2446440643555575,0.2446440643555575,0.0,0.1555555555555555,0.1555555555555555,0.1555555555555555,0.0,39.0,39.0,39.0,0.0,39.0,39.0,39.0,0.0,41.061077799372406,41.061077799372406,41.061077799372406,0.0,15.016616116363622,15.016616116363622,15.016616116363622,0.0,0.6909233093138181,0.6909233093138181,0.6909233093138181,0.0,4.744866898029391,4.744866898029391,4.744866898029391,0.0,0.4744866898029393,0.4744866898029393,0.4744866898029393,0.0,6.0,6.0,6.0,0.0
871,150.0,150.0,150.0,0.0,150.0,150.0,150.0,0.0,1.0318749399546407,1.0318749399546407,1.0318749399546407,0.0,0.1031874939954639,0.1031874939954639,0.1031874939954639,0.0,0.08,0.08,0.08,0.0,39.0,39.0,39.0,0.0,39.0,39.0,39.0,0.0,41.061077799372406,41.061077799372406,41.061077799372406,0.0,15.160062352953457,15.160062352953457,15.160062352953457,0.0,0.6930582890371242,0.6930582890371242,0.6930582890371242,0.0,2.6888858575940016,2.6888858575940016,2.6888858575940016,0.0,0.2688885857594,0.2688885857594,0.2688885857594,0.0,4.0,4.0,4.0,0.0
872,110.0,110.0,110.0,0.0,110.0,110.0,110.0,0.0,2.0083610656234474,2.0083610656234474,2.0083610656234474,0.0,0.2008361065623448,0.2008361065623448,0.2008361065623448,0.0,0.0545454545454545,0.0545454545454545,0.0545454545454545,0.0,39.0,39.0,39.0,0.0,39.0,39.0,39.0,0.0,41.061077799372406,41.061077799372406,41.061077799372406,0.0,15.23435163180437,15.23435163180437,15.23435163180437,0.0,0.6929818821956966,0.6929818821956966,0.6929818821956966,0.0,4.317207482764265,4.317207482764265,4.317207482764265,0.0,0.4317207482764263,0.4317207482764263,0.4317207482764263,0.0,7.0,7.0,7.0,0.0
873,81.0,81.0,81.0,0.0,81.0,81.0,81.0,0.0,2.2785383240694244,2.2785383240694244,2.2785383240694244,0.0,0.2278538324069422,0.2278538324069422,0.2278538324069422,0.0,0.1728395061728395,0.1728395061728395,0.1728395061728395,0.0,39.0,39.0,39.0,0.0,39.0,39.0,39.0,0.0,40.56098654110879,40.56098654110879,40.56098654110879,0.0,15.2580685387012,15.2580685387012,15.2580685387012,0.0,0.6924611526112329,0.6924611526112329,0.6924611526112329,0.0,4.129923945393029,4.129923945393029,4.129923945393029,0.0,0.412992394539303,0.412992394539303,0.412992394539303,0.0,8.0,8.0,8.0,0.0
874,122.0,122.0,122.0,0.0,122.0,122.0,122.0,0.0,1.1205644110788708,1.1205644110788708,1.1205644110788708,0.0,0.112056441107887,0.112056441107887,0.112056441107887,0.0,0.1065573770491803,0.1065573770491803,0.1065573770491803,0.0,39.0,39.0,39.0,0.0,39.0,39.0,39.0,0.0,40.56098654110879,40.56098654110879,40.56098654110879,0.0,15.353155121459253,15.353155121459253,15.353155121459253,0.0,0.6930128020601277,0.6930128020601277,0.6930128020601277,0.0,2.7153255251780397,2.7153255251780397,2.7153255251780397,0.0,0.2715325525178043,0.2715325525178043,0.2715325525178043,0.0,8.0,8.0,8.0,0.0
875,169.0,169.0,169.0,0.0,169.0,169.0,169.0,0.0,1.2352294997177158,1.2352294997177158,1.2352294997177158,0.0,0.1235229499717712,0.1235229499717712,0.1235229499717712,0.0,0.1183431952662721,0.1183431952662721,0.1183431952662721,0.0,39.0,39.0,39.0,0.0,39.0,39.0,39.0,0.0,41.41746574169249,41.41746574169249,41.41746574169249,0.0,15.513776064737318,15.513776064737318,15.513776064737318,0.0,0.6931296740679538,0.6931296740679538,0.6931296740679538,0.0,2.871824120309982,2.871824120309982,2.871824120309982,0.0,0.2871824120309985,0.2871824120309985,0.2871824120309985,0.0,7.0,7.0,7.0,0.0
876,187.0,187.0,187.0,0.0,187.0,187.0,187.0,0.0,1.1834244387562027,1.1834244387562027,1.1834244387562027,0.0,0.1183424438756204,0.1183424438756204,0.1183424438756204,0.0,0.1016042780748663,0.1016042780748663,0.1016042780748663,0.0,39.0,39.0,39.0,0.0,39.0,39.0,39.0,0.0,43.42638880594704,43.42638880594704,43.42638880594704,0.0,15.692251892665212,15.692251892665212,15.692251892665212,0.0,0.6931328821132328,0.6931328821132328,0.6931328821132328,0.0,2.716985185794584,2.716985185794584,2.716985185794584,0.0,0.2716985185794585,0.2716985185794585,0.2716985185794585,0.0,4.0,4.0,4.0,0.0
877,133.0,133.0,133.0,0.0,133.0,133.0,133.0,0.0,1.298192405181998,1.298192405181998,1.298192405181998,0.0,0.1298192405182001,0.1298192405182001,0.1298192405182001,0.0,0.1278195488721804,0.1278195488721804,0.1278195488721804,0.0,39.0,39.0,39.0,0.0,39.0,39.0,39.0,0.0,44.20523119505411,44.20523119505411,44.20523119505411,0.0,15.7810168390534,15.7810168390534,15.7810168390534,0.0,0.6931189141395071,0.6931189141395071,0.6931189141395071,0.0,3.2743725941927133,3.2743725941927133,3.2743725941927133,0.0,0.3274372594192715,0.3274372594192715,0.3274372594192715,0.0,7.0,7.0,7.0,0.0
878,13.0,13.0,13.0,0.0,13.0,13.0,13.0,0.0,3.566323232567016,3.566323232567016,3.566323232567016,0.0,0.3566323232567016,0.3566323232567016,0.3566323232567016,0.0,0.0,0.0,0.0,0.0,39.0,39.0,39.0,0.0,39.0,39.0,39.0,0.0,44.20523119505411,44.20523119505411,44.20523119505411,0.0,15.696269431713432,15.696269431713432,15.696269431713432,0.0,0.666278442414676,0.666278442414676,0.666278442414676,0.0,8.683594897843388,8.683594897843388,8.683594897843388,0.0,0.8683594897843393,0.8683594897843393,0.8683594897843393,0.0,2.0,2.0,2.0,0.0
879,11.0,11.0,11.0,0.0,11.0,11.0,11.0,0.0,4.831170401017326,4.831170401017326,4.831170401017326,0.0,0.483117040101734,0.483117040101734,0.483117040101734,0.0,0.1818181818181818,0.1818181818181818,0.1818181818181818,0.0,39.0,39.0,39.0,0.0,39.0,39.0,39.0,0.0,44.20523119505411,44.20523119505411,44.20523119505411,0.0,15.63185712368811,15.63185712368811,15.63185712368811,0.0,0.5859526183035508,0.5859526183035508,0.5859526183035508,0.0,8.549006091489687,8.549006091489687,8.549006091489687,0.0,0.8549006091489678,0.8549006091489678,0.8549006091489678,0.0,4.0,4.0,4.0,0.0
880,30.0,30.0,30.0,0.0,30.0,30.0,30.0,0.0,3.145910077182779,3.145910077182779,3.145910077182779,0.0,0.3145910077182782,0.3145910077182782,0.3145910077182782,0.0,0.0666666666666666,0.0666666666666666,0.0666666666666666,0.0,39.0,39.0,39.0,0.0,39.0,39.0,39.0,0.0,43.986135827788566,43.986135827788566,43.986135827788566,0.0,15.593176048047862,15.593176048047862,15.593176048047862,0.0,0.6931471805599453,0.6931471805599453,0.6931471805599453,0.0,5.887085130300993,5.887085130300993,5.887085130300993,0.0,0.5887085130300994,0.5887085130300994,0.5887085130300994,0.0,6.0,6.0,6.0,0.0
881,31.0,31.0,31.0,0.0,31.0,31.0,31.0,0.0,3.8561594971540862,3.8561594971540862,3.8561594971540862,0.0,0.3856159497154083,0.3856159497154083,0.3856159497154083,0.0,0.064516129032258,0.064516129032258,0.064516129032258,0.0,39.0,39.0,39.0,0.0,39.0,39.0,39.0,0.0,43.2991933221994,43.2991933221994,43.2991933221994,0.0,15.554982779509617,15.554982779509617,15.554982779509617,0.0,0.6926267989248349,0.6926267989248349,0.6926267989248349,0.0,5.634125654153928,5.634125654153928,5.634125654153928,0.0,0.5634125654153933,0.5634125654153933,0.5634125654153933,0.0,6.0,6.0,6.0,0.0
882,165.0,165.0,165.0,0.0,165.0,165.0,165.0,0.0,1.3440466500736203,1.3440466500736203,1.3440466500736203,0.0,0.1344046650073621,0.1344046650073621,0.1344046650073621,0.0,0.1333333333333333,0.1333333333333333,0.1333333333333333,0.0,39.0,39.0,39.0,0.0,39.0,39.0,39.0,0.0,43.403399123262,43.403399123262,43.403399123262,0.0,15.705205049669932,15.705205049669932,15.705205049669932,0.0,0.6929818821956966,0.6929818821956966,0.6929818821956966,0.0,2.843462833089958,2.843462833089958,2.843462833089958,0.0,0.2843462833089957,0.2843462833089957,0.2843462833089957,0.0,7.0,7.0,7.0,0.0
883,10.0,10.0,10.0,0.0,10.0,10.0,10.0,0.0,5.091113157882771,5.091113157882771,5.091113157882771,0.0,0.5091113157882766,0.5091113157882766,0.5091113157882766,0.0,0.0,0.0,0.0,0.0,39.0,39.0,39.0,0.0,39.0,39.0,39.0,0.0,43.403399123262,43.403399123262,43.403399123262,0.0,15.633125859814962,15.633125859814962,15.633125859814962,0.0,0.5004024235381879,0.5004024235381879,0.5004024235381879,0.0,7.81982178209461,7.81982178209461,7.81982178209461,0.0,0.781982178209461,0.781982178209461,0.781982178209461,0.0,4.0,4.0,4.0,0.0
884,168.0,168.0,168.0,0.0,168.0,168.0,168.0,0.0,1.186145335611266,1.186145335611266,1.186145335611266,0.0,0.1186145335611265,0.1186145335611265,0.1186145335611265,0.0,0.1130952380952381,0.1130952380952381,0.1130952380952381,0.0,39.0,39.0,39.0,0.0,39.0,39.0,39.0,0.0,44.197587604849886,44.197587604849886,44.197587604849886,0.0,15.773980664999623,15.773980664999623,15.773980664999623,0.0,0.6928637070611732,0.6928637070611732,0.6928637070611732,0.0,2.8212947491005385,2.8212947491005385,2.8212947491005385,0.0,0.282129474910054,0.282129474910054,0.282129474910054,0.0,6.0,6.0,6.0,0.0
885,11.0,11.0,11.0,0.0,11.0,11.0,11.0,0.0,4.0156453106198,4.0156453106198,4.0156453106198,0.0,0.4015645310619798,0.4015645310619798,0.4015645310619798,0.0,0.1818181818181818,0.1818181818181818,0.1818181818181818,0.0,39.0,39.0,39.0,0.0,39.0,39.0,39.0,0.0,44.197587604849886,44.197587604849886,44.197587604849886,0.0,15.686246047970553,15.686246047970553,15.686246047970553,0.0,0.6890092384766586,0.6890092384766586,0.6890092384766586,0.0,7.380586038816127,7.380586038816127,7.380586038816127,0.0,0.7380586038816133,0.7380586038816133,0.7380586038816133,0.0,3.0,3.0,3.0,0.0
886,10.0,10.0,10.0,0.0,10.0,10.0,10.0,0.0,4.835486795746685,4.835486795746685,4.835486795746685,0.0,0.4835486795746675,0.4835486795746675,0.4835486795746675,0.0,0.1,0.1,0.1,0.0,39.0,39.0,39.0,0.0,39.0,39.0,39.0,0.0,44.197587604849886,44.197587604849886,44.197587604849886,0.0,15.596991159172816,15.596991159172816,15.596991159172816,0.0,0.3250829733914482,0.3250829733914482,0.3250829733914482,0.0,7.566818459094144,7.566818459094144,7.566818459094144,0.0,0.7566818459094149,0.7566818459094149,0.7566818459094149,0.0,2.0,2.0,2.0,0.0
887,10.0,10.0,10.0,0.0,10.0,10.0,10.0,0.0,4.406698356468121,4.406698356468121,4.406698356468121,0.0,0.4406698356468119,0.4406698356468119,0.4406698356468119,0.0,0.0,0.0,0.0,0.0,39.0,39.0,39.0,0.0,39.0,39.0,39.0,0.0,44.197587604849886,44.197587604849886,44.197587604849886,0.0,15.507322895405846,15.507322895405846,15.507322895405846,0.0,0.6108643020548935,0.6108643020548935,0.6108643020548935,0.0,7.30796425987248,7.30796425987248,7.30796425987248,0.0,0.7307964259872479,0.7307964259872479,0.7307964259872479,0.0,3.0,3.0,3.0,0.0
888,25.0,25.0,25.0,0.0,25.0,25.0,25.0,0.0,3.929434523237568,3.929434523237568,3.929434523237568,0.0,0.3929434523237562,0.3929434523237562,0.3929434523237562,0.0,0.12,0.12,0.12,0.0,39.0,39.0,39.0,0.0,39.0,39.0,39.0,0.0,43.06206108347913,43.06206108347913,43.06206108347913,0.0,15.447314828553765,15.447314828553765,15.447314828553765,0.0,0.6730116670092565,0.6730116670092565,0.6730116670092565,0.0,5.058584414863223,5.058584414863223,5.058584414863223,0.0,0.5058584414863222,0.5058584414863222,0.5058584414863222,0.0,5.0,5.0,5.0,0.0
889,110.0,110.0,110.0,0.0,110.0,110.0,110.0,0.0,2.7221289359907592,2.7221289359907592,2.7221289359907592,0.0,0.272212893599076,0.272212893599076,0.272212893599076,0.0,0.109090909090909,0.109090909090909,0.109090909090909,0.0,39.0,39.0,39.0,0.0,39.0,39.0,39.0,0.0,42.14714589739323,42.14714589739323,42.14714589739323,0.0,15.504108514458832,15.504108514458832,15.504108514458832,0.0,0.6924858777484906,0.6924858777484906,0.6924858777484906,0.0,4.847345725208849,4.847345725208849,4.847345725208849,0.0,0.4847345725208847,0.4847345725208847,0.4847345725208847,0.0,8.0,8.0,8.0,0.0
890,49.0,49.0,49.0,0.0,49.0,49.0,49.0,0.0,2.3663514032832023,2.3663514032832023,2.3663514032832023,0.0,0.2366351403283205,0.2366351403283205,0.2366351403283205,0.0,0.0816326530612244,0.0816326530612244,0.0816326530612244,0.0,39.0,39.0,39.0,0.0,39.0,39.0,39.0,0.0,42.14714589739323,42.14714589739323,42.14714589739323,0.0,15.472985649884246,15.472985649884246,15.472985649884246,0.0,0.6879319439065483,0.6879319439065483,0.6879319439065483,0.0,4.043797305181633,4.043797305181633,4.043797305181633,0.0,0.4043797305181635,0.4043797305181635,0.4043797305181635,0.0,7.0,7.0,7.0,0.0
891,22.0,22.0,22.0,0.0,22.0,22.0,22.0,0.0,3.0805253218638744,3.0805253218638744,3.0805253218638744,0.0,0.3080525321863879,0.3080525321863879,0.3080525321863879,0.0,0.0454545454545454,0.0454545454545454,0.0454545454545454,0.0,39.0,39.0,39.0,0.0,39.0,39.0,39.0,0.0,42.14714589739323,42.14714589739323,42.14714589739323,0.0,15.401617293970926,15.401617293970926,15.401617293970926,0.0,0.625491359725573,0.625491359725573,0.625491359725573,0.0,4.995381246705222,4.995381246705222,4.995381246705222,0.0,0.4995381246705222,0.4995381246705222,0.4995381246705222,0.0,5.0,5.0,5.0,0.0
892,37.0,37.0,37.0,0.0,37.0,37.0,37.0,0.0,2.7760491610051736,2.7760491610051736,2.7760491610051736,0.0,0.2776049161005174,0.2776049161005174,0.2776049161005174,0.0,0.1351351351351351,0.1351351351351351,0.1351351351351351,0.0,39.0,39.0,39.0,0.0,39.0,39.0,39.0,0.0,42.14714589739323,42.14714589739323,42.14714589739323,0.0,15.366540167872836,15.366540167872836,15.366540167872836,0.0,0.6751425885789244,0.6751425885789244,0.6751425885789244,0.0,4.412111197688036,4.412111197688036,4.412111197688036,0.0,0.441211119768804,0.441211119768804,0.441211119768804,0.0,7.0,7.0,7.0,0.0
893,44.0,44.0,44.0,0.0,44.0,44.0,44.0,0.0,2.3288909889597225,2.3288909889597225,2.3288909889597225,0.0,0.2328890988959713,0.2328890988959713,0.2328890988959713,0.0,0.1136363636363636,0.1136363636363636,0.1136363636363636,0.0,39.0,39.0,39.0,0.0,39.0,39.0,39.0,0.0,42.14714589739323,42.14714589739323,42.14714589739323,0.0,15.330672921820115,15.330672921820115,15.330672921820115,0.0,0.6931471805599453,0.6931471805599453,0.6931471805599453,0.0,3.906536661148463,3.906536661148463,3.906536661148463,0.0,0.3906536661148466,0.3906536661148466,0.3906536661148466,0.0,7.0,7.0,7.0,0.0
894,10.0,10.0,10.0,0.0,10.0,10.0,10.0,0.0,4.309158241588885,4.309158241588885,4.309158241588885,0.0,0.4309158241588893,0.4309158241588893,0.4309158241588893,0.0,0.0,0.0,0.0,0.0,39.0,39.0,39.0,0.0,39.0,39.0,39.0,0.0,42.14714589739323,42.14714589739323,42.14714589739323,0.0,15.244669005570044,15.244669005570044,15.244669005570044,0.0,0.0,-0.0,-0.0,0.0,6.524884765756996,6.524884765756996,6.524884765756996,0.0,0.6524884765756994,0.6524884765756994,0.6524884765756994,0.0,3.0,3.0,3.0,0.0
895,87.0,87.0,87.0,0.0,87.0,87.0,87.0,0.0,2.902490448536728,2.902490448536728,2.902490448536728,0.0,0.2902490448536726,0.2902490448536726,0.2902490448536726,0.0,0.0689655172413793,0.0689655172413793,0.0689655172413793,0.0,39.0,39.0,39.0,0.0,39.0,39.0,39.0,0.0,41.88981351040154,41.88981351040154,41.88981351040154,0.0,15.28422306337614,15.28422306337614,15.28422306337614,0.0,0.6914947971215378,0.6914947971215378,0.6914947971215378,0.0,5.783432259417719,5.783432259417719,5.783432259417719,0.0,0.578343225941772,0.578343225941772,0.578343225941772,0.0,8.0,8.0,8.0,0.0
896,9.0,9.0,9.0,0.0,9.0,9.0,9.0,0.0,4.487917683600262,4.487917683600262,4.487917683600262,0.0,0.4487917683600268,0.4487917683600268,0.4487917683600268,0.0,0.0,0.0,0.0,0.0,39.0,39.0,39.0,0.0,39.0,39.0,39.0,0.0,41.88981351040154,41.88981351040154,41.88981351040154,0.0,15.198050972693755,15.198050972693755,15.198050972693755,0.0,0.5297061990576545,0.5297061990576545,0.5297061990576545,0.0,4.876182176860266,4.876182176860266,4.876182176860266,0.0,0.4876182176860267,0.4876182176860267,0.4876182176860267,0.0,3.0,3.0,3.0,0.0
897,40.0,40.0,40.0,0.0,40.0,40.0,40.0,0.0,2.862162256475605,2.862162256475605,2.862162256475605,0.0,0.2862162256475601,0.2862162256475601,0.2862162256475601,0.0,0.025,0.025,0.025,0.0,39.0,39.0,39.0,0.0,39.0,39.0,39.0,0.0,41.786076442555135,41.786076442555135,41.786076442555135,0.0,15.15820985482113,15.15820985482113,15.15820985482113,0.0,0.6474466390346325,0.6474466390346325,0.6474466390346325,0.0,5.161513607103991,5.161513607103991,5.161513607103991,0.0,0.5161513607103989,0.5161513607103989,0.5161513607103989,0.0,8.0,8.0,8.0,0.0
898,62.0,62.0,62.0,0.0,62.0,62.0,62.0,0.0,2.3449272398167023,2.3449272398167023,2.3449272398167023,0.0,0.2344927239816708,0.2344927239816708,0.2344927239816708,0.0,0.064516129032258,0.064516129032258,0.064516129032258,0.0,39.0,39.0,39.0,0.0,39.0,39.0,39.0,0.0,41.81203587176125,41.81203587176125,41.81203587176125,0.0,15.15091304086044,15.15091304086044,15.15091304086044,0.0,0.6926267989248349,0.6926267989248349,0.6926267989248349,0.0,4.279159015380005,4.279159015380005,4.279159015380005,0.0,0.4279159015380001,0.4279159015380001,0.4279159015380001,0.0,8.0,8.0,8.0,0.0
899,36.0,36.0,36.0,0.0,36.0,36.0,36.0,0.0,1.992657943768404,1.992657943768404,1.992657943768404,0.0,0.1992657943768399,0.1992657943768399,0.1992657943768399,0.0,0.1666666666666666,0.1666666666666666,0.1666666666666666,0.0,39.0,39.0,39.0,0.0,39.0,39.0,39.0,0.0,41.81203587176125,41.81203587176125,41.81203587176125,0.0,15.106682520792305,15.106682520792305,15.106682520792305,0.0,0.6869615765973234,0.6869615765973234,0.6869615765973234,0.0,3.968472333144771,3.968472333144771,3.968472333144771,0.0,0.3968472333144769,0.3968472333144769,0.3968472333144769,0.0,5.0,5.0,5.0,0.0
900,155.0,155.0,155.0,0.0,155.0,155.0,155.0,0.0,1.2520748712091077,1.2520748712091077,1.2520748712091077,0.0,0.1252074871209108,0.1252074871209108,0.1252074871209108,0.0,0.1032258064516129,0.1032258064516129,0.1032258064516129,0.0,39.0,39.0,39.0,0.0,39.0,39.0,39.0,0.0,41.81203587176125,41.81203587176125,41.81203587176125,0.0,15.254917215976048,15.254917215976048,15.254917215976048,0.0,0.6884572217893625,0.6884572217893625,0.6884572217893625,0.0,2.846098503035731,2.846098503035731,2.846098503035731,0.0,0.2846098503035732,0.2846098503035732,0.2846098503035732,0.0,10.0,10.0,10.0,0.0
901,56.0,56.0,56.0,0.0,56.0,56.0,56.0,0.0,2.192344839058731,2.192344839058731,2.192344839058731,0.0,0.219234483905873,0.219234483905873,0.219234483905873,0.0,0.1071428571428571,0.1071428571428571,0.1071428571428571,0.0,39.0,39.0,39.0,0.0,39.0,39.0,39.0,0.0,41.981973789647085,41.981973789647085,41.981973789647085,0.0,15.23739918492195,15.23739918492195,15.23739918492195,0.0,0.687396352150425,0.687396352150425,0.687396352150425,0.0,4.345139356378541,4.345139356378541,4.345139356378541,0.0,0.434513935637854,0.434513935637854,0.434513935637854,0.0,7.0,7.0,7.0,0.0
902,31.0,31.0,31.0,0.0,31.0,31.0,31.0,0.0,2.3773700790682444,2.3773700790682444,2.3773700790682444,0.0,0.2377370079068241,0.2377370079068241,0.2377370079068241,0.0,0.032258064516129,0.032258064516129,0.032258064516129,0.0,39.0,39.0,39.0,0.0,39.0,39.0,39.0,0.0,41.90317012116217,41.90317012116217,41.90317012116217,0.0,15.19787926087473,15.19787926087473,15.19787926087473,0.0,0.6926267989248349,0.6926267989248349,0.6926267989248349,0.0,5.646015695540475,5.646015695540475,5.646015695540475,0.0,0.5646015695540474,0.5646015695540474,0.5646015695540474,0.0,6.0,6.0,6.0,0.0
903,32.0,32.0,32.0,0.0,32.0,32.0,32.0,0.0,2.3525401212820425,2.3525401212820425,2.3525401212820425,0.0,0.2352540121282039,0.2352540121282039,0.2352540121282039,0.0,0.09375,0.09375,0.09375,0.0,39.0,39.0,39.0,0.0,39.0,39.0,39.0,0.0,41.90317012116217,41.90317012116217,41.90317012116217,0.0,15.148372871954765,15.148372871954765,15.148372871954765,0.0,0.6853142072764582,0.6853142072764582,0.6853142072764582,0.0,3.379641118122584,3.379641118122584,3.379641118122584,0.0,0.3379641118122582,0.3379641118122582,0.3379641118122582,0.0,5.0,5.0,5.0,0.0
904,61.0,61.0,61.0,0.0,61.0,61.0,61.0,0.0,2.040886305535408,2.040886305535408,2.040886305535408,0.0,0.2040886305535409,0.2040886305535409,0.2040886305535409,0.0,0.0327868852459016,0.0327868852459016,0.0327868852459016,0.0,39.0,39.0,39.0,0.0,39.0,39.0,39.0,0.0,42.09835968090178,42.09835968090178,42.09835968090178,0.0,15.142947875913396,15.142947875913396,15.142947875913396,0.0,0.6897840967421709,0.6897840967421709,0.6897840967421709,0.0,4.673420568278895,4.673420568278895,4.673420568278895,0.0,0.4673420568278896,0.4673420568278896,0.4673420568278896,0.0,7.0,7.0,7.0,0.0
905,72.0,72.0,72.0,0.0,72.0,72.0,72.0,0.0,1.763382911768813,1.763382911768813,1.763382911768813,0.0,0.1763382911768813,0.1763382911768813,0.1763382911768813,0.0,0.0972222222222222,0.0972222222222222,0.0972222222222222,0.0,39.0,39.0,39.0,0.0,39.0,39.0,39.0,0.0,42.09835968090178,42.09835968090178,42.09835968090178,0.0,15.161017229015014,15.161017229015014,15.161017229015014,0.0,0.6916031758694977,0.6916031758694977,0.6916031758694977,0.0,3.730348508580246,3.730348508580246,3.730348508580246,0.0,0.3730348508580248,0.3730348508580248,0.3730348508580248,0.0,7.0,7.0,7.0,0.0
906,27.0,27.0,27.0,0.0,27.0,27.0,27.0,0.0,4.322984406905097,4.322984406905097,4.322984406905097,0.0,0.4322984406905099,0.4322984406905099,0.4322984406905099,0.0,0.1481481481481481,0.1481481481481481,0.1481481481481481,0.0,39.0,39.0,39.0,0.0,39.0,39.0,39.0,0.0,42.28863202140487,42.28863202140487,42.28863202140487,0.0,15.105762486323185,15.105762486323185,15.105762486323185,0.0,0.6591525038229908,0.6591525038229908,0.6591525038229908,0.0,7.745294737180709,7.745294737180709,7.745294737180709,0.0,0.7745294737180709,0.7745294737180709,0.7745294737180709,0.0,7.0,7.0,7.0,0.0
907,73.0,73.0,73.0,0.0,73.0,73.0,73.0,0.0,2.7264011546195395,2.7264011546195395,2.7264011546195395,0.0,0.272640115461954,0.272640115461954,0.272640115461954,0.0,0.0547945205479452,0.0547945205479452,0.0547945205479452,0.0,39.0,39.0,39.0,0.0,39.0,39.0,39.0,0.0,41.88183240488106,41.88183240488106,41.88183240488106,0.0,15.113013643887012,15.113013643887012,15.113013643887012,0.0,0.693053351391456,0.693053351391456,0.693053351391456,0.0,4.571843278771612,4.571843278771612,4.571843278771612,0.0,0.4571843278771611,0.4571843278771611,0.4571843278771611,0.0,8.0,8.0,8.0,0.0
908,66.0,66.0,66.0,0.0,66.0,66.0,66.0,0.0,2.4616546480678227,2.4616546480678227,2.4616546480678227,0.0,0.2461654648067821,0.2461654648067821,0.2461654648067821,0.0,0.106060606060606,0.106060606060606,0.106060606060606,0.0,39.0,39.0,39.0,0.0,39.0,39.0,39.0,0.0,41.6895924523477,41.6895924523477,41.6895924523477,0.0,15.125307580059976,15.125307580059976,15.125307580059976,0.0,0.6913095073117435,0.6913095073117435,0.6913095073117435,0.0,4.618178946416472,4.618178946416472,4.618178946416472,0.0,0.4618178946416475,0.4618178946416475,0.4618178946416475,0.0,8.0,8.0,8.0,0.0
909,57.0,57.0,57.0,0.0,57.0,57.0,57.0,0.0,2.523148896829104,2.523148896829104,2.523148896829104,0.0,0.2523148896829104,0.2523148896829104,0.2523148896829104,0.0,0.0701754385964912,0.0701754385964912,0.0701754385964912,0.0,39.0,39.0,39.0,0.0,39.0,39.0,39.0,0.0,41.58094250606423,41.58094250606423,41.58094250606423,0.0,15.111918977049864,15.111918977049864,15.111918977049864,0.0,0.6929932791588755,0.6929932791588755,0.6929932791588755,0.0,4.577722710411646,4.577722710411646,4.577722710411646,0.0,0.4577722710411646,0.4577722710411646,0.4577722710411646,0.0,8.0,8.0,8.0,0.0
910,66.0,66.0,66.0,0.0,66.0,66.0,66.0,0.0,1.8680214651411309,1.8680214651411309,1.8680214651411309,0.0,0.1868021465141127,0.1868021465141127,0.1868021465141127,0.0,0.1212121212121212,0.1212121212121212,0.1212121212121212,0.0,39.0,39.0,39.0,0.0,39.0,39.0,39.0,0.0,41.58094250606423,41.58094250606423,41.58094250606423,0.0,15.124762107571708,15.124762107571708,15.124762107571708,0.0,0.6931471805599453,0.6931471805599453,0.6931471805599453,0.0,3.5035855186611577,3.5035855186611577,3.5035855186611577,0.0,0.3503585518661159,0.3503585518661159,0.3503585518661159,0.0,5.0,5.0,5.0,0.0
911,75.0,75.0,75.0,0.0,75.0,75.0,75.0,0.0,2.5208841208832853,2.5208841208832853,2.5208841208832853,0.0,0.2520884120883286,0.2520884120883286,0.2520884120883286,0.0,0.2,0.2,0.2,0.0,39.0,39.0,39.0,0.0,39.0,39.0,39.0,0.0,41.4908680289492,41.4908680289492,41.4908680289492,0.0,15.15005592748705,15.15005592748705,15.15005592748705,0.0,0.6930582890371242,0.6930582890371242,0.6930582890371242,0.0,4.861264838132901,4.861264838132901,4.861264838132901,0.0,0.4861264838132902,0.4861264838132902,0.4861264838132902,0.0,8.0,8.0,8.0,0.0
912,33.0,33.0,33.0,0.0,33.0,33.0,33.0,0.0,3.3502584235714643,3.3502584235714643,3.3502584235714643,0.0,0.3350258423571463,0.3350258423571463,0.3350258423571463,0.0,0.1212121212121212,0.1212121212121212,0.1212121212121212,0.0,39.0,39.0,39.0,0.0,39.0,39.0,39.0,0.0,41.4908680289492,41.4908680289492,41.4908680289492,0.0,15.111129791390418,15.111129791390418,15.111129791390418,0.0,0.6554817739013927,0.6554817739013927,0.6554817739013927,0.0,5.443210409067026,5.443210409067026,5.443210409067026,0.0,0.5443210409067024,0.5443210409067024,0.5443210409067024,0.0,7.0,7.0,7.0,0.0
913,25.0,25.0,25.0,0.0,25.0,25.0,25.0,0.0,3.141354432944923,3.141354432944923,3.141354432944923,0.0,0.3141354432944919,0.3141354432944919,0.3141354432944919,0.0,0.12,0.12,0.12,0.0,39.0,39.0,39.0,0.0,39.0,39.0,39.0,0.0,41.4908680289492,41.4908680289492,41.4908680289492,0.0,15.050538659214784,15.050538659214784,15.050538659214784,0.0,0.6268694575724263,0.6268694575724263,0.6268694575724263,0.0,4.823822345578061,4.823822345578061,4.823822345578061,0.0,0.4823822345578059,0.4823822345578059,0.4823822345578059,0.0,7.0,7.0,7.0,0.0
914,50.0,50.0,50.0,0.0,50.0,50.0,50.0,0.0,3.3154587766214174,3.3154587766214174,3.3154587766214174,0.0,0.3315458776621418,0.3315458776621418,0.3315458776621418,0.0,0.06,0.06,0.06,0.0,39.0,39.0,39.0,0.0,39.0,39.0,39.0,0.0,41.445206775236,41.445206775236,41.445206775236,0.0,15.04408739008446,15.04408739008446,15.04408739008446,0.0,0.6931471805599453,0.6931471805599453,0.6931471805599453,0.0,6.087013360506349,6.087013360506349,6.087013360506349,0.0,0.608701336050635,0.608701336050635,0.608701336050635,0.0,7.0,7.0,7.0,0.0
915,74.0,74.0,74.0,0.0,74.0,74.0,74.0,0.0,2.1814575091442165,2.1814575091442165,2.1814575091442165,0.0,0.2181457509144214,0.2181457509144214,0.2181457509144214,0.0,0.2162162162162162,0.2162162162162162,0.2162162162162162,0.0,39.0,39.0,39.0,0.0,39.0,39.0,39.0,0.0,41.445206775236,41.445206775236,41.445206775236,0.0,15.073712040029015,15.073712040029015,15.073712040029015,0.0,0.6927819059876479,0.6927819059876479,0.6927819059876479,0.0,3.476231071169318,3.476231071169318,3.476231071169318,0.0,0.347623107116932,0.347623107116932,0.347623107116932,0.0,7.0,7.0,7.0,0.0
916,46.0,46.0,46.0,0.0,46.0,46.0,46.0,0.0,3.1757024993148013,3.1757024993148013,3.1757024993148013,0.0,0.3175702499314801,0.3175702499314801,0.3175702499314801,0.0,0.0434782608695652,0.0434782608695652,0.0434782608695652,0.0,39.0,39.0,39.0,0.0,39.0,39.0,39.0,0.0,41.11187410810081,41.11187410810081,41.11187410810081,0.0,15.050518904819324,15.050518904819324,15.050518904819324,0.0,0.6846162778013047,0.6846162778013047,0.6846162778013047,0.0,6.042587068221329,6.042587068221329,6.042587068221329,0.0,0.6042587068221332,0.6042587068221332,0.6042587068221332,0.0,7.0,7.0,7.0,0.0
917,14.0,14.0,14.0,0.0,14.0,14.0,14.0,0.0,3.767056358803521,3.767056358803521,3.767056358803521,0.0,0.3767056358803518,0.3767056358803518,0.3767056358803518,0.0,0.1428571428571428,0.1428571428571428,0.1428571428571428,0.0,39.0,39.0,39.0,0.0,39.0,39.0,39.0,0.0,41.11187410810081,41.11187410810081,41.11187410810081,0.0,14.987700666738666,14.987700666738666,14.987700666738666,0.0,0.5195798391305154,0.5195798391305154,0.5195798391305154,0.0,4.323297797893858,4.323297797893858,4.323297797893858,0.0,0.4323297797893857,0.4323297797893857,0.4323297797893857,0.0,4.0,4.0,4.0,0.0
918,41.0,41.0,41.0,0.0,41.0,41.0,41.0,0.0,3.038350604263647,3.038350604263647,3.038350604263647,0.0,0.3038350604263644,0.3038350604263644,0.3038350604263644,0.0,0.0975609756097561,0.0975609756097561,0.0975609756097561,0.0,39.0,39.0,39.0,0.0,39.0,39.0,39.0,0.0,40.90303759052189,40.90303759052189,40.90303759052189,0.0,14.96824722644962,14.96824722644962,14.96824722644962,0.0,0.6785008770139085,0.6785008770139085,0.6785008770139085,0.0,5.114438415141043,5.114438415141043,5.114438415141043,0.0,0.511443841514104,0.511443841514104,0.511443841514104,0.0,8.0,8.0,8.0,0.0
919,34.0,34.0,34.0,0.0,34.0,34.0,34.0,0.0,2.893431661377845,2.893431661377845,2.893431661377845,0.0,0.2893431661377841,0.2893431661377841,0.2893431661377841,0.0,0.088235294117647,0.088235294117647,0.088235294117647,0.0,39.0,39.0,39.0,0.0,39.0,39.0,39.0,0.0,40.90303759052189,40.90303759052189,40.90303759052189,0.0,14.9403267298654,14.9403267298654,14.9403267298654,0.0,0.6931471805599453,0.6931471805599453,0.6931471805599453,0.0,3.91542727812484,3.91542727812484,3.91542727812484,0.0,0.3915427278124844,0.3915427278124844,0.3915427278124844,0.0,5.0,5.0,5.0,0.0
920,12.0,12.0,12.0,0.0,12.0,12.0,12.0,0.0,3.39943874515129,3.39943874515129,3.39943874515129,0.0,0.3399438745151286,0.3399438745151286,0.3399438745151286,0.0,0.0,0.0,0.0,0.0,39.0,39.0,39.0,0.0,39.0,39.0,39.0,0.0,40.90303759052189,40.90303759052189,40.90303759052189,0.0,14.867791586317644,14.867791586317644,14.867791586317644,0.0,0.6931471805599453,0.6931471805599453,0.6931471805599453,0.0,5.774755202781691,5.774755202781691,5.774755202781691,0.0,0.5774755202781697,0.5774755202781697,0.5774755202781697,0.0,3.0,3.0,3.0,0.0
921,13.0,13.0,13.0,0.0,13.0,13.0,13.0,0.0,3.3307613670726943,3.3307613670726943,3.3307613670726943,0.0,0.3330761367072694,0.3330761367072694,0.3330761367072694,0.0,0.0769230769230769,0.0769230769230769,0.0769230769230769,0.0,39.0,39.0,39.0,0.0,39.0,39.0,39.0,0.0,40.90303759052189,40.90303759052189,40.90303759052189,0.0,14.796087706814792,14.796087706814792,14.796087706814792,0.0,0.5402041423888608,0.5402041423888608,0.5402041423888608,0.0,5.438691980992213,5.438691980992213,5.438691980992213,0.0,0.5438691980992215,0.5438691980992215,0.5438691980992215,0.0,4.0,4.0,4.0,0.0
922,21.0,21.0,21.0,0.0,21.0,21.0,21.0,0.0,2.3951767707339977,2.3951767707339977,2.3951767707339977,0.0,0.2395176770733997,0.2395176770733997,0.2395176770733997,0.0,0.0,0.0,0.0,0.0,39.0,39.0,39.0,0.0,39.0,39.0,39.0,0.0,40.90303759052189,40.90303759052189,40.90303759052189,0.0,14.734939364437114,14.734939364437114,14.734939364437114,0.0,0.5982695885852573,0.5982695885852573,0.5982695885852573,0.0,4.2676529198006286,4.2676529198006286,4.2676529198006286,0.0,0.4267652919800628,0.4267652919800628,0.4267652919800628,0.0,5.0,5.0,5.0,0.0
923,44.0,44.0,44.0,0.0,44.0,44.0,44.0,0.0,2.7901730065077484,2.7901730065077484,2.7901730065077484,0.0,0.2790173006507741,0.2790173006507741,0.2790173006507741,0.0,0.1136363636363636,0.1136363636363636,0.1136363636363636,0.0,39.0,39.0,39.0,0.0,39.0,39.0,39.0,0.0,40.85390468082777,40.85390468082777,40.85390468082777,0.0,14.714946089599922,14.714946089599922,14.714946089599922,0.0,0.6838206287849113,0.6838206287849113,0.6838206287849113,0.0,5.586519515362853,5.586519515362853,5.586519515362853,0.0,0.5586519515362856,0.5586519515362856,0.5586519515362856,0.0,7.0,7.0,7.0,0.0
924,155.0,155.0,155.0,0.0,155.0,155.0,155.0,0.0,1.6802287307360633,1.6802287307360633,1.6802287307360633,0.0,0.1680228730736062,0.1680228730736062,0.1680228730736062,0.0,0.1354838709677419,0.1354838709677419,0.1354838709677419,0.0,40.0,40.0,40.0,0.0,40.0,40.0,40.0,0.0,40.85390468082777,40.85390468082777,40.85390468082777,0.0,14.52078890719942,14.52078890719942,14.52078890719942,0.0,0.6856152441778012,0.6856152441778012,0.6856152441778012,0.0,3.49591073164148,3.49591073164148,3.49591073164148,0.0,0.349591073164148,0.349591073164148,0.349591073164148,0.0,10.0,10.0,10.0,0.0
925,36.0,36.0,36.0,0.0,36.0,36.0,36.0,0.0,2.8385201291391366,2.8385201291391366,2.8385201291391366,0.0,0.2838520129139137,0.2838520129139137,0.2838520129139137,0.0,0.1666666666666666,0.1666666666666666,0.1666666666666666,0.0,40.0,40.0,40.0,0.0,40.0,40.0,40.0,0.0,40.85390468082777,40.85390468082777,40.85390468082777,0.0,14.487772925715197,14.487772925715197,14.487772925715197,0.0,0.6869615765973234,0.6869615765973234,0.6869615765973234,0.0,4.286355103767384,4.286355103767384,4.286355103767384,0.0,0.4286355103767383,0.4286355103767383,0.4286355103767383,0.0,7.0,7.0,7.0,0.0
926,60.0,60.0,60.0,0.0,60.0,60.0,60.0,0.0,2.3517241033743805,2.3517241033743805,2.3517241033743805,0.0,0.2351724103374377,0.2351724103374377,0.2351724103374377,0.0,0.05,0.05,0.05,0.0,40.0,40.0,40.0,0.0,40.0,40.0,40.0,0.0,40.81237399419938,40.81237399419938,40.81237399419938,0.0,14.503397044844252,14.503397044844252,14.503397044844252,0.0,0.6909233093138181,0.6909233093138181,0.6909233093138181,0.0,4.403230806458387,4.403230806458387,4.403230806458387,0.0,0.4403230806458386,0.4403230806458386,0.4403230806458386,0.0,8.0,8.0,8.0,0.0
927,9.0,9.0,9.0,0.0,9.0,9.0,9.0,0.0,3.763875734167441,3.763875734167441,3.763875734167441,0.0,0.3763875734167449,0.3763875734167449,0.3763875734167449,0.0,0.0,0.0,0.0,0.0,40.0,40.0,40.0,0.0,40.0,40.0,40.0,0.0,40.81237399419938,40.81237399419938,40.81237399419938,0.0,14.439778858091046,14.439778858091046,14.439778858091046,0.0,0.5297061990576545,0.5297061990576545,0.5297061990576545,0.0,5.458624623454977,5.458624623454977,5.458624623454977,0.0,0.5458624623454972,0.5458624623454972,0.5458624623454972,0.0,2.0,2.0,2.0,0.0
928,48.0,48.0,48.0,0.0,48.0,48.0,48.0,0.0,2.085138705314163,2.085138705314163,2.085138705314163,0.0,0.2085138705314163,0.2085138705314163,0.2085138705314163,0.0,0.1666666666666666,0.1666666666666666,0.1666666666666666,0.0,40.0,40.0,40.0,0.0,40.0,40.0,40.0,0.0,40.634652974465375,40.634652974465375,40.634652974465375,0.0,14.420572043253165,14.420572043253165,14.420572043253165,0.0,0.6896709283570267,0.6896709283570267,0.6896709283570267,0.0,4.585698972260223,4.585698972260223,4.585698972260223,0.0,0.4585698972260226,0.4585698972260226,0.4585698972260226,0.0,6.0,6.0,6.0,0.0
929,12.0,12.0,12.0,0.0,12.0,12.0,12.0,0.0,3.611592366866219,3.611592366866219,3.611592366866219,0.0,0.3611592366866219,0.3611592366866219,0.3611592366866219,0.0,0.0833333333333333,0.0833333333333333,0.0833333333333333,0.0,40.0,40.0,40.0,0.0,40.0,40.0,40.0,0.0,40.634652974465375,40.634652974465375,40.634652974465375,0.0,14.345253067023432,14.345253067023432,14.345253067023432,0.0,0.6365141682948128,0.6365141682948128,0.6365141682948128,0.0,5.260779196778339,5.260779196778339,5.260779196778339,0.0,0.5260779196778338,0.5260779196778338,0.5260779196778338,0.0,3.0,3.0,3.0,0.0
930,22.0,22.0,22.0,0.0,22.0,22.0,22.0,0.0,2.1071064090997127,2.1071064090997127,2.1071064090997127,0.0,0.2107106409099708,0.2107106409099708,0.2107106409099708,0.0,0.0454545454545454,0.0454545454545454,0.0454545454545454,0.0,40.0,40.0,40.0,0.0,40.0,40.0,40.0,0.0,40.634652974465375,40.634652974465375,40.634652974465375,0.0,14.284671929762478,14.284671929762478,14.284671929762478,0.0,0.625491359725573,0.625491359725573,0.625491359725573,0.0,4.111629302667126,4.111629302667126,4.111629302667126,0.0,0.4111629302667123,0.4111629302667123,0.4111629302667123,0.0,5.0,5.0,5.0,0.0
931,44.0,44.0,44.0,0.0,44.0,44.0,44.0,0.0,2.154311113387957,2.154311113387957,2.154311113387957,0.0,0.2154311113387958,0.2154311113387958,0.2154311113387958,0.0,0.0909090909090909,0.0909090909090909,0.0909090909090909,0.0,40.0,40.0,40.0,0.0,40.0,40.0,40.0,0.0,40.634652974465375,40.634652974465375,40.634652974465375,0.0,14.27754712810695,14.27754712810695,14.27754712810695,0.0,0.6890092384766586,0.6890092384766586,0.6890092384766586,0.0,3.56020658853192,3.56020658853192,3.56020658853192,0.0,0.3560206588531923,0.3560206588531923,0.3560206588531923,0.0,7.0,7.0,7.0,0.0
932,46.0,46.0,46.0,0.0,46.0,46.0,46.0,0.0,2.795802309661596,2.795802309661596,2.795802309661596,0.0,0.2795802309661596,0.2795802309661596,0.2795802309661596,0.0,0.0434782608695652,0.0434782608695652,0.0434782608695652,0.0,40.0,40.0,40.0,0.0,40.0,40.0,40.0,0.0,40.53732602662093,40.53732602662093,40.53732602662093,0.0,14.261277393209465,14.261277393209465,14.261277393209465,0.0,0.6893616831435102,0.6893616831435102,0.6893616831435102,0.0,6.035097684427135,6.035097684427135,6.035097684427135,0.0,0.6035097684427135,0.6035097684427135,0.6035097684427135,0.0,7.0,7.0,7.0,0.0
933,45.0,45.0,45.0,0.0,45.0,45.0,45.0,0.0,1.6611233044688611,1.6611233044688611,1.6611233044688611,0.0,0.1661123304468864,0.1661123304468864,0.1661123304468864,0.0,0.0888888888888888,0.0888888888888888,0.0888888888888888,0.0,40.0,40.0,40.0,0.0,40.0,40.0,40.0,0.0,40.53732602662093,40.53732602662093,40.53732602662093,0.0,14.234736770595372,14.234736770595372,14.234736770595372,0.0,0.6929002466535776,0.6929002466535776,0.6929002466535776,0.0,3.196028312009928,3.196028312009928,3.196028312009928,0.0,0.3196028312009928,0.3196028312009928,0.3196028312009928,0.0,5.0,5.0,5.0,0.0
934,26.0,26.0,26.0,0.0,26.0,26.0,26.0,0.0,2.977171219927115,2.977171219927115,2.977171219927115,0.0,0.2977171219927112,0.2977171219927112,0.2977171219927112,0.0,0.0769230769230769,0.0769230769230769,0.0769230769230769,0.0,40.0,40.0,40.0,0.0,40.0,40.0,40.0,0.0,40.53732602662093,40.53732602662093,40.53732602662093,0.0,14.199843435508717,14.199843435508717,14.199843435508717,0.0,0.6931471805599453,0.6931471805599453,0.6931471805599453,0.0,4.430407421890659,4.430407421890659,4.430407421890659,0.0,0.4430407421890658,0.4430407421890658,0.4430407421890658,0.0,7.0,7.0,7.0,0.0
935,39.0,39.0,39.0,0.0,39.0,39.0,39.0,0.0,3.022136449840406,3.022136449840406,3.022136449840406,0.0,0.3022136449840409,0.3022136449840409,0.3022136449840409,0.0,0.0769230769230769,0.0769230769230769,0.0769230769230769,0.0,40.0,40.0,40.0,0.0,40.0,40.0,40.0,0.0,40.51340794193212,40.51340794193212,40.51340794193212,0.0,14.173167772387512,14.173167772387512,14.173167772387512,0.0,0.666278442414676,0.666278442414676,0.666278442414676,0.0,5.29925985358508,5.29925985358508,5.29925985358508,0.0,0.529925985358508,0.529925985358508,0.529925985358508,0.0,8.0,8.0,8.0,0.0
936,57.0,57.0,57.0,0.0,57.0,57.0,57.0,0.0,2.573244063681241,2.573244063681241,2.573244063681241,0.0,0.2573244063681243,0.2573244063681243,0.2573244063681243,0.0,0.0526315789473684,0.0526315789473684,0.0526315789473684,0.0,40.0,40.0,40.0,0.0,40.0,40.0,40.0,0.0,40.71316905652131,40.71316905652131,40.71316905652131,0.0,14.174642388168389,14.174642388168389,14.174642388168389,0.0,0.689294893666163,0.689294893666163,0.689294893666163,0.0,5.382447039807229,5.382447039807229,5.382447039807229,0.0,0.5382447039807232,0.5382447039807232,0.5382447039807232,0.0,8.0,8.0,8.0,0.0
937,34.0,34.0,34.0,0.0,34.0,34.0,34.0,0.0,2.784122799475933,2.784122799475933,2.784122799475933,0.0,0.2784122799475936,0.2784122799475936,0.2784122799475936,0.0,0.088235294117647,0.088235294117647,0.088235294117647,0.0,40.0,40.0,40.0,0.0,40.0,40.0,40.0,0.0,40.71316905652131,40.71316905652131,40.71316905652131,0.0,14.141526255569712,14.141526255569712,14.141526255569712,0.0,0.6931471805599453,0.6931471805599453,0.6931471805599453,0.0,4.350715675865645,4.350715675865645,4.350715675865645,0.0,0.4350715675865647,0.4350715675865647,0.4350715675865647,0.0,5.0,5.0,5.0,0.0
938,27.0,27.0,27.0,0.0,27.0,27.0,27.0,0.0,2.5401923009059675,2.5401923009059675,2.5401923009059675,0.0,0.2540192300905964,0.2540192300905964,0.2540192300905964,0.0,0.074074074074074,0.074074074074074,0.074074074074074,0.0,40.0,40.0,40.0,0.0,40.0,40.0,40.0,0.0,40.71316905652131,40.71316905652131,40.71316905652131,0.0,14.089313590231663,14.089313590231663,14.089313590231663,0.0,0.6924611526112329,0.6924611526112329,0.6924611526112329,0.0,3.994672830388475,3.994672830388475,3.994672830388475,0.0,0.3994672830388476,0.3994672830388476,0.3994672830388476,0.0,7.0,7.0,7.0,0.0
939,11.0,11.0,11.0,0.0,11.0,11.0,11.0,0.0,3.422761665806508,3.422761665806508,3.422761665806508,0.0,0.3422761665806508,0.3422761665806508,0.3422761665806508,0.0,0.0909090909090909,0.0909090909090909,0.0909090909090909,0.0,40.0,40.0,40.0,0.0,40.0,40.0,40.0,0.0,40.71316905652131,40.71316905652131,40.71316905652131,0.0,14.02056928831704,14.02056928831704,14.02056928831704,0.0,0.5859526183035508,0.5859526183035508,0.5859526183035508,0.0,5.000636133266653,5.000636133266653,5.000636133266653,0.0,0.5000636133266657,0.5000636133266657,0.5000636133266657,0.0,4.0,4.0,4.0,0.0
940,160.0,160.0,160.0,0.0,160.0,160.0,160.0,0.0,1.1732932991458114,1.1732932991458114,1.1732932991458114,0.0,0.117329329914581,0.117329329914581,0.117329329914581,0.0,0.0875,0.0875,0.0875,0.0,40.0,40.0,40.0,0.0,40.0,40.0,40.0,0.0,40.71316905652131,40.71316905652131,40.71316905652131,0.0,14.184607394193591,14.184607394193591,14.184607394193591,0.0,0.6868056391332404,0.6868056391332404,0.6868056391332404,0.0,2.507853660961685,2.507853660961685,2.507853660961685,0.0,0.2507853660961683,0.2507853660961683,0.2507853660961683,0.0,10.0,10.0,10.0,0.0
941,121.0,121.0,121.0,0.0,121.0,121.0,121.0,0.0,1.52352720022033,1.52352720022033,1.52352720022033,0.0,0.1523527200220332,0.1523527200220332,0.1523527200220332,0.0,0.140495867768595,0.140495867768595,0.140495867768595,0.0,40.0,40.0,40.0,0.0,40.0,40.0,40.0,0.0,40.71316905652131,40.71316905652131,40.71316905652131,0.0,14.304308393999303,14.304308393999303,14.304308393999303,0.0,0.6780102022798757,0.6780102022798757,0.6780102022798757,0.0,2.868342034856408,2.868342034856408,2.868342034856408,0.0,0.286834203485641,0.286834203485641,0.286834203485641,0.0,9.0,9.0,9.0,0.0
942,11.0,11.0,11.0,0.0,11.0,11.0,11.0,0.0,7.154664850719488,7.154664850719488,7.154664850719488,0.0,0.7154664850719495,0.7154664850719495,0.7154664850719495,0.0,0.0,0.0,0.0,0.0,40.0,40.0,40.0,0.0,40.0,40.0,40.0,0.0,40.71316905652131,40.71316905652131,40.71316905652131,0.0,14.226250017299623,14.226250017299623,14.226250017299623,0.0,0.4741393130578373,0.4741393130578373,0.4741393130578373,0.0,10.938644791500712,10.938644791500712,10.938644791500712,0.0,1.093864479150072,1.093864479150072,1.093864479150072,0.0,3.0,3.0,3.0,0.0
943,10.0,10.0,10.0,0.0,10.0,10.0,10.0,0.0,4.848399056178006,4.848399056178006,4.848399056178006,0.0,0.484839905617801,0.484839905617801,0.484839905617801,0.0,0.0,0.0,0.0,0.0,40.0,40.0,40.0,0.0,40.0,40.0,40.0,0.0,40.71316905652131,40.71316905652131,40.71316905652131,0.0,14.16529367702078,14.16529367702078,14.16529367702078,0.0,0.5004024235381879,0.5004024235381879,0.5004024235381879,0.0,8.403667700322496,8.403667700322496,8.403667700322496,0.0,0.8403667700322495,0.8403667700322495,0.8403667700322495,0.0,4.0,4.0,4.0,0.0
944,34.0,34.0,34.0,0.0,34.0,34.0,34.0,0.0,2.225233202313877,2.225233202313877,2.225233202313877,0.0,0.2225233202313875,0.2225233202313875,0.2225233202313875,0.0,0.088235294117647,0.088235294117647,0.088235294117647,0.0,40.0,40.0,40.0,0.0,40.0,40.0,40.0,0.0,40.71316905652131,40.71316905652131,40.71316905652131,0.0,14.122291137182136,14.122291137182136,14.122291137182136,0.0,0.6914160776171183,0.6914160776171183,0.6914160776171183,0.0,4.934020229639732,4.934020229639732,4.934020229639732,0.0,0.4934020229639736,0.4934020229639736,0.4934020229639736,0.0,5.0,5.0,5.0,0.0
945,11.0,11.0,11.0,0.0,11.0,11.0,11.0,0.0,3.745911776405293,3.745911776405293,3.745911776405293,0.0,0.3745911776405283,0.3745911776405283,0.3745911776405283,0.0,0.0,0.0,0.0,0.0,40.0,40.0,40.0,0.0,40.0,40.0,40.0,0.0,40.71316905652131,40.71316905652131,40.71316905652131,0.0,14.045714967368507,14.045714967368507,14.045714967368507,0.0,0.5859526183035508,0.5859526183035508,0.5859526183035508,0.0,7.0256985595663854,7.0256985595663854,7.0256985595663854,0.0,0.7025698559566383,0.7025698559566383,0.7025698559566383,0.0,3.0,3.0,3.0,0.0
946,151.0,151.0,151.0,0.0,151.0,151.0,151.0,0.0,1.550744334994971,1.550744334994971,1.550744334994971,0.0,0.1550744334994974,0.1550744334994974,0.1550744334994974,0.0,0.1390728476821192,0.1390728476821192,0.1390728476821192,0.0,40.0,40.0,40.0,0.0,40.0,40.0,40.0,0.0,40.71316905652131,40.71316905652131,40.71316905652131,0.0,14.20425329579682,14.20425329579682,14.20425329579682,0.0,0.6834451346889767,0.6834451346889767,0.6834451346889767,0.0,3.213231049322749,3.213231049322749,3.213231049322749,0.0,0.3213231049322751,0.3213231049322751,0.3213231049322751,0.0,7.0,7.0,7.0,0.0
947,114.0,114.0,114.0,0.0,114.0,114.0,114.0,0.0,1.848621249307533,1.848621249307533,1.848621249307533,0.0,0.1848621249307536,0.1848621249307536,0.1848621249307536,0.0,0.0614035087719298,0.0614035087719298,0.0614035087719298,0.0,40.0,40.0,40.0,0.0,40.0,40.0,40.0,0.0,40.71316905652131,40.71316905652131,40.71316905652131,0.0,14.30819901335219,14.30819901335219,14.30819901335219,0.0,0.6806294878916634,0.6806294878916634,0.6806294878916634,0.0,3.360858374495679,3.360858374495679,3.360858374495679,0.0,0.3360858374495677,0.3360858374495677,0.3360858374495677,0.0,9.0,9.0,9.0,0.0
948,27.0,27.0,27.0,0.0,27.0,27.0,27.0,0.0,4.186246667803975,4.186246667803975,4.186246667803975,0.0,0.4186246667803973,0.4186246667803973,0.4186246667803973,0.0,0.074074074074074,0.074074074074074,0.074074074074074,0.0,40.0,40.0,40.0,0.0,40.0,40.0,40.0,0.0,40.6706248581515,40.6706248581515,40.6706248581515,0.0,14.256526283893592,14.256526283893592,14.256526283893592,0.0,0.6759010305740114,0.6759010305740114,0.6759010305740114,0.0,7.324810963796895,7.324810963796895,7.324810963796895,0.0,0.7324810963796896,0.7324810963796896,0.7324810963796896,0.0,7.0,7.0,7.0,0.0
949,135.0,135.0,135.0,0.0,135.0,135.0,135.0,0.0,1.3726680704009504,1.3726680704009504,1.3726680704009504,0.0,0.137266807040095,0.137266807040095,0.137266807040095,0.0,0.1111111111111111,0.1111111111111111,0.1111111111111111,0.0,40.0,40.0,40.0,0.0,40.0,40.0,40.0,0.0,40.6706248581515,40.6706248581515,40.6706248581515,0.0,14.381896810065133,14.381896810065133,14.381896810065133,0.0,0.6809991432654108,0.6809991432654108,0.6809991432654108,0.0,3.0205990040582598,3.0205990040582598,3.0205990040582598,0.0,0.3020599004058262,0.3020599004058262,0.3020599004058262,0.0,10.0,10.0,10.0,0.0
950,34.0,34.0,34.0,0.0,34.0,34.0,34.0,0.0,3.0530309679957828,3.0530309679957828,3.0530309679957828,0.0,0.3053030967995781,0.3053030967995781,0.3053030967995781,0.0,0.088235294117647,0.088235294117647,0.088235294117647,0.0,40.0,40.0,40.0,0.0,40.0,40.0,40.0,0.0,40.59484631949869,40.59484631949869,40.59484631949869,0.0,14.355901496943895,14.355901496943895,14.355901496943895,0.0,0.6914160776171183,0.6914160776171183,0.6914160776171183,0.0,6.341943837005113,6.341943837005113,6.341943837005113,0.0,0.6341943837005111,0.6341943837005111,0.6341943837005111,0.0,7.0,7.0,7.0,0.0
951,49.0,49.0,49.0,0.0,49.0,49.0,49.0,0.0,2.685276739281343,2.685276739281343,2.685276739281343,0.0,0.2685276739281337,0.2685276739281337,0.2685276739281337,0.0,0.1020408163265306,0.1020408163265306,0.1020408163265306,0.0,40.0,40.0,40.0,0.0,40.0,40.0,40.0,0.0,40.61355034408909,40.61355034408909,40.61355034408909,0.0,14.335348344488452,14.335348344488452,14.335348344488452,0.0,0.6879319439065483,0.6879319439065483,0.6879319439065483,0.0,4.993439535998861,4.993439535998861,4.993439535998861,0.0,0.4993439535998863,0.4993439535998863,0.4993439535998863,0.0,7.0,7.0,7.0,0.0
952,146.0,146.0,146.0,0.0,146.0,146.0,146.0,0.0,1.4395207905218557,1.4395207905218557,1.4395207905218557,0.0,0.1439520790521855,0.1439520790521855,0.1439520790521855,0.0,0.0753424657534246,0.0753424657534246,0.0753424657534246,0.0,40.0,40.0,40.0,0.0,40.0,40.0,40.0,0.0,40.61355034408909,40.61355034408909,40.61355034408909,0.0,14.476066488584427,14.476066488584427,14.476066488584427,0.0,0.6855278846488313,0.6855278846488313,0.6855278846488313,0.0,3.3721647953442013,3.3721647953442013,3.3721647953442013,0.0,0.3372164795344203,0.3372164795344203,0.3372164795344203,0.0,8.0,8.0,8.0,0.0
953,28.0,28.0,28.0,0.0,28.0,28.0,28.0,0.0,3.0551279446487944,3.0551279446487944,3.0551279446487944,0.0,0.3055127944648796,0.3055127944648796,0.3055127944648796,0.0,0.0357142857142857,0.0357142857142857,0.0357142857142857,0.0,40.0,40.0,40.0,0.0,40.0,40.0,40.0,0.0,40.61355034408909,40.61355034408909,40.61355034408909,0.0,14.438368543953493,14.438368543953493,14.438368543953493,0.0,0.6931471805599453,0.6931471805599453,0.6931471805599453,0.0,5.491712954876776,5.491712954876776,5.491712954876776,0.0,0.5491712954876774,0.5491712954876774,0.5491712954876774,0.0,6.0,6.0,6.0,0.0
954,48.0,48.0,48.0,0.0,48.0,48.0,48.0,0.0,2.3049932569695586,2.3049932569695586,2.3049932569695586,0.0,0.2304993256969555,0.2304993256969555,0.2304993256969555,0.0,0.125,0.125,0.125,0.0,40.0,40.0,40.0,0.0,40.0,40.0,40.0,0.0,40.61355034408909,40.61355034408909,40.61355034408909,0.0,14.417700207873992,14.417700207873992,14.417700207873992,0.0,0.6896709283570267,0.6896709283570267,0.6896709283570267,0.0,4.915778704584191,4.915778704584191,4.915778704584191,0.0,0.4915778704584194,0.4915778704584194,0.4915778704584194,0.0,5.0,5.0,5.0,0.0
955,214.0,214.0,214.0,0.0,214.0,214.0,214.0,0.0,1.0434223251469972,1.0434223251469972,1.0434223251469972,0.0,0.1043422325146997,0.1043422325146997,0.1043422325146997,0.0,0.0700934579439252,0.0700934579439252,0.0700934579439252,0.0,40.0,40.0,40.0,0.0,40.0,40.0,40.0,0.0,41.5884004543628,41.5884004543628,41.5884004543628,0.0,14.659749970996083,14.659749970996083,14.659749970996083,0.0,0.6896055707318779,0.6896055707318779,0.6896055707318779,0.0,2.297107248926243,2.297107248926243,2.297107248926243,0.0,0.2297107248926245,0.2297107248926245,0.2297107248926245,0.0,7.0,7.0,7.0,0.0
956,161.0,161.0,161.0,0.0,161.0,161.0,161.0,0.0,1.4900689963530984,1.4900689963530984,1.4900689963530984,0.0,0.1490068996353101,0.1490068996353101,0.1490068996353101,0.0,0.0745341614906832,0.0745341614906832,0.0745341614906832,0.0,40.0,40.0,40.0,0.0,40.0,40.0,40.0,0.0,41.44154435406838,41.44154435406838,41.44154435406838,0.0,14.808294919331445,14.808294919331445,14.808294919331445,0.0,0.6846162778013047,0.6846162778013047,0.6846162778013047,0.0,3.1124353661275896,3.1124353661275896,3.1124353661275896,0.0,0.3112435366127589,0.3112435366127589,0.3112435366127589,0.0,8.0,8.0,8.0,0.0
957,10.0,10.0,10.0,0.0,10.0,10.0,10.0,0.0,4.310864450891731,4.310864450891731,4.310864450891731,0.0,0.4310864450891731,0.4310864450891731,0.4310864450891731,0.0,0.0,0.0,0.0,0.0,40.0,40.0,40.0,0.0,40.0,40.0,40.0,0.0,41.44154435406838,41.44154435406838,41.44154435406838,0.0,14.72687826980528,14.72687826980528,14.72687826980528,0.0,0.6730116670092565,0.6730116670092565,0.6730116670092565,0.0,7.766606888641478,7.766606888641478,7.766606888641478,0.0,0.7766606888641481,0.7766606888641481,0.7766606888641481,0.0,2.0,2.0,2.0,0.0
958,33.0,33.0,33.0,0.0,33.0,33.0,33.0,0.0,2.888159818949616,2.888159818949616,2.888159818949616,0.0,0.2888159818949613,0.2888159818949613,0.2888159818949613,0.0,0.1212121212121212,0.1212121212121212,0.1212121212121212,0.0,40.0,40.0,40.0,0.0,40.0,40.0,40.0,0.0,41.3336065028695,41.3336065028695,41.3336065028695,0.0,14.694013327317965,14.694013327317965,14.694013327317965,0.0,0.6926879734424749,0.6926879734424749,0.6926879734424749,0.0,5.4764559151729655,5.4764559151729655,5.4764559151729655,0.0,0.5476455915172962,0.5476455915172962,0.5476455915172962,0.0,6.0,6.0,6.0,0.0
959,10.0,10.0,10.0,0.0,10.0,10.0,10.0,0.0,4.697096594416332,4.697096594416332,4.697096594416332,0.0,0.4697096594416337,0.4697096594416337,0.4697096594416337,0.0,0.0,0.0,0.0,0.0,40.0,40.0,40.0,0.0,40.0,40.0,40.0,0.0,41.3336065028695,41.3336065028695,41.3336065028695,0.0,14.625670665886286,14.625670665886286,14.625670665886286,0.0,0.6108643020548935,0.6108643020548935,0.6108643020548935,0.0,6.990815942588666,6.990815942588666,6.990815942588666,0.0,0.6990815942588666,0.6990815942588666,0.6990815942588666,0.0,4.0,4.0,4.0,0.0
960,119.0,119.0,119.0,0.0,119.0,119.0,119.0,0.0,2.0072239902467115,2.0072239902467115,2.0072239902467115,0.0,0.2007223990246713,0.2007223990246713,0.2007223990246713,0.0,0.1008403361344537,0.1008403361344537,0.1008403361344537,0.0,40.0,40.0,40.0,0.0,40.0,40.0,40.0,0.0,40.61355034408909,40.61355034408909,40.61355034408909,0.0,14.72672182859232,14.72672182859232,14.72672182859232,0.0,0.6774944044487072,0.6774944044487072,0.6774944044487072,0.0,4.1463112539423,4.1463112539423,4.1463112539423,0.0,0.4146311253942298,0.4146311253942298,0.4146311253942298,0.0,10.0,10.0,10.0,0.0
961,43.0,43.0,43.0,0.0,43.0,43.0,43.0,0.0,2.250869135828266,2.250869135828266,2.250869135828266,0.0,0.2250869135828265,0.2250869135828265,0.2250869135828265,0.0,0.1860465116279069,0.1860465116279069,0.1860465116279069,0.0,40.0,40.0,40.0,0.0,40.0,40.0,40.0,0.0,40.61355034408909,40.61355034408909,40.61355034408909,0.0,14.69239373593864,14.69239373593864,14.69239373593864,0.0,0.6928767397383337,0.6928767397383337,0.6928767397383337,0.0,4.1314703584076895,4.1314703584076895,4.1314703584076895,0.0,0.4131470358407692,0.4131470358407692,0.4131470358407692,0.0,5.0,5.0,5.0,0.0
962,46.0,46.0,46.0,0.0,46.0,46.0,46.0,0.0,2.1034082102635505,2.1034082102635505,2.1034082102635505,0.0,0.2103408210263557,0.2103408210263557,0.2103408210263557,0.0,0.0869565217391304,0.0869565217391304,0.0869565217391304,0.0,40.0,40.0,40.0,0.0,40.0,40.0,40.0,0.0,40.61355034408909,40.61355034408909,40.61355034408909,0.0,14.664930785837123,14.664930785837123,14.664930785837123,0.0,0.6779471359178069,0.6779471359178069,0.6779471359178069,0.0,4.191760973386944,4.191760973386944,4.191760973386944,0.0,0.4191760973386942,0.4191760973386942,0.4191760973386942,0.0,7.0,7.0,7.0,0.0
963,39.0,39.0,39.0,0.0,39.0,39.0,39.0,0.0,2.472669373104019,2.472669373104019,2.472669373104019,0.0,0.2472669373104017,0.2472669373104017,0.2472669373104017,0.0,0.1025641025641025,0.1025641025641025,0.1025641025641025,0.0,40.0,40.0,40.0,0.0,40.0,40.0,40.0,0.0,40.76199213950948,40.76199213950948,40.76199213950948,0.0,14.626369767275738,14.626369767275738,14.626369767275738,0.0,0.6928184134311288,0.6928184134311288,0.6928184134311288,0.0,5.175292445649245,5.175292445649245,5.175292445649245,0.0,0.5175292445649247,0.5175292445649247,0.5175292445649247,0.0,7.0,7.0,7.0,0.0
964,10.0,10.0,10.0,0.0,10.0,10.0,10.0,0.0,4.207928941272629,4.207928941272629,4.207928941272629,0.0,0.420792894127263,0.420792894127263,0.420792894127263,0.0,0.0,0.0,0.0,0.0,40.0,40.0,40.0,0.0,40.0,40.0,40.0,0.0,40.76199213950948,40.76199213950948,40.76199213950948,0.0,14.544449518177254,14.544449518177254,14.544449518177254,0.0,0.6108643020548935,0.6108643020548935,0.6108643020548935,0.0,6.980402311538381,6.980402311538381,6.980402311538381,0.0,0.6980402311538388,0.6980402311538388,0.6980402311538388,0.0,3.0,3.0,3.0,0.0
965,54.0,54.0,54.0,0.0,54.0,54.0,54.0,0.0,2.698728714572861,2.698728714572861,2.698728714572861,0.0,0.2698728714572859,0.2698728714572859,0.2698728714572859,0.0,0.1481481481481481,0.1481481481481481,0.1481481481481481,0.0,40.0,40.0,40.0,0.0,40.0,40.0,40.0,0.0,40.986573191924734,40.986573191924734,40.986573191924734,0.0,14.52833069226665,14.52833069226665,14.52833069226665,0.0,0.6682484776645385,0.6682484776645385,0.6682484776645385,0.0,5.025696429162403,5.025696429162403,5.025696429162403,0.0,0.5025696429162403,0.5025696429162403,0.5025696429162403,0.0,8.0,8.0,8.0,0.0
966,31.0,31.0,31.0,0.0,31.0,31.0,31.0,0.0,2.26598314714884,2.26598314714884,2.26598314714884,0.0,0.2265983147148838,0.2265983147148838,0.2265983147148838,0.0,0.0967741935483871,0.0967741935483871,0.0967741935483871,0.0,40.0,40.0,40.0,0.0,40.0,40.0,40.0,0.0,40.986573191924734,40.986573191924734,40.986573191924734,0.0,14.48711970764648,14.48711970764648,14.48711970764648,0.0,0.6926267989248349,0.6926267989248349,0.6926267989248349,0.0,4.555110912139973,4.555110912139973,4.555110912139973,0.0,0.4555110912139969,0.4555110912139969,0.4555110912139969,0.0,5.0,5.0,5.0,0.0
967,26.0,26.0,26.0,0.0,26.0,26.0,26.0,0.0,3.8536202513182265,3.8536202513182265,3.8536202513182265,0.0,0.3853620251318223,0.3853620251318223,0.3853620251318223,0.0,0.0769230769230769,0.0769230769230769,0.0769230769230769,0.0,40.0,40.0,40.0,0.0,40.0,40.0,40.0,0.0,40.986573191924734,40.986573191924734,40.986573191924734,0.0,14.43089481617883,14.43089481617883,14.43089481617883,0.0,0.6812657296632041,0.6812657296632041,0.6812657296632041,0.0,6.249612676181521,6.249612676181521,6.249612676181521,0.0,0.6249612676181522,0.6249612676181522,0.6249612676181522,0.0,7.0,7.0,7.0,0.0
968,10.0,10.0,10.0,0.0,10.0,10.0,10.0,0.0,3.94979502879229,3.94979502879229,3.94979502879229,0.0,0.3949795028792291,0.3949795028792291,0.3949795028792291,0.0,0.1,0.1,0.1,0.0,40.0,40.0,40.0,0.0,40.0,40.0,40.0,0.0,40.986573191924734,40.986573191924734,40.986573191924734,0.0,14.360633641540128,14.360633641540128,14.360633641540128,0.0,0.6931471805599453,0.6931471805599453,0.6931471805599453,0.0,6.817858286564394,6.817858286564394,6.817858286564394,0.0,0.6817858286564394,0.6817858286564394,0.6817858286564394,0.0,2.0,2.0,2.0,0.0
969,37.0,37.0,37.0,0.0,37.0,37.0,37.0,0.0,2.797372583632808,2.797372583632808,2.797372583632808,0.0,0.2797372583632806,0.2797372583632806,0.2797372583632806,0.0,0.054054054054054,0.054054054054054,0.054054054054054,0.0,40.0,40.0,40.0,0.0,40.0,40.0,40.0,0.0,40.9791008511308,40.9791008511308,40.9791008511308,0.0,14.331490000838215,14.331490000838215,14.331490000838215,0.0,0.689856498589211,0.689856498589211,0.689856498589211,0.0,4.976776974378666,4.976776974378666,4.976776974378666,0.0,0.4976776974378659,0.4976776974378659,0.4976776974378659,0.0,7.0,7.0,7.0,0.0
970,51.0,51.0,51.0,0.0,51.0,51.0,51.0,0.0,3.484364401560408,3.484364401560408,3.484364401560408,0.0,0.3484364401560403,0.3484364401560403,0.3484364401560403,0.0,0.0588235294117647,0.0588235294117647,0.0588235294117647,0.0,40.0,40.0,40.0,0.0,40.0,40.0,40.0,0.0,41.047525881060594,41.047525881060594,41.047525881060594,0.0,14.331146413771336,14.331146413771336,14.331146413771336,0.0,0.6883336081894993,0.6883336081894993,0.6883336081894993,0.0,5.235100014505201,5.235100014505201,5.235100014505201,0.0,0.52351000145052,0.52351000145052,0.52351000145052,0.0,8.0,8.0,8.0,0.0
971,42.0,42.0,42.0,0.0,42.0,42.0,42.0,0.0,3.4715011936365663,3.4715011936365663,3.4715011936365663,0.0,0.3471501193636562,0.3471501193636562,0.3471501193636562,0.0,0.1428571428571428,0.1428571428571428,0.1428571428571428,0.0,40.0,40.0,40.0,0.0,40.0,40.0,40.0,0.0,40.87208809963612,40.87208809963612,40.87208809963612,0.0,14.304448566322908,14.304448566322908,14.304448566322908,0.0,0.6920129648318738,0.6920129648318738,0.6920129648318738,0.0,5.791210907351194,5.791210907351194,5.791210907351194,0.0,0.5791210907351193,0.5791210907351193,0.5791210907351193,0.0,8.0,8.0,8.0,0.0
972,12.0,12.0,12.0,0.0,12.0,12.0,12.0,0.0,4.423237186417546,4.423237186417546,4.423237186417546,0.0,0.4423237186417541,0.4423237186417541,0.4423237186417541,0.0,0.0,0.0,0.0,0.0,40.0,40.0,40.0,0.0,40.0,40.0,40.0,0.0,40.87208809963612,40.87208809963612,40.87208809963612,0.0,14.244302248566182,14.244302248566182,14.244302248566182,0.0,0.5623351446188083,0.5623351446188083,0.5623351446188083,0.0,5.693912890983528,5.693912890983528,5.693912890983528,0.0,0.5693912890983532,0.5693912890983532,0.5693912890983532,0.0,4.0,4.0,4.0,0.0
973,9.0,9.0,9.0,0.0,9.0,9.0,9.0,0.0,3.977397916894238,3.977397916894238,3.977397916894238,0.0,0.3977397916894243,0.3977397916894243,0.3977397916894243,0.0,0.0,0.0,0.0,0.0,40.0,40.0,40.0,0.0,40.0,40.0,40.0,0.0,40.87208809963612,40.87208809963612,40.87208809963612,0.0,14.179825288150312,14.179825288150312,14.179825288150312,0.0,0.6365141682948128,0.6365141682948128,0.6365141682948128,0.0,6.2644950843757,6.2644950843757,6.2644950843757,0.0,0.62644950843757,0.62644950843757,0.62644950843757,0.0,2.0,2.0,2.0,0.0
974,37.0,37.0,37.0,0.0,37.0,37.0,37.0,0.0,2.738798230052858,2.738798230052858,2.738798230052858,0.0,0.2738798230052857,0.2738798230052857,0.2738798230052857,0.0,0.1351351351351351,0.1351351351351351,0.1351351351351351,0.0,40.0,40.0,40.0,0.0,40.0,40.0,40.0,0.0,40.76724307135542,40.76724307135542,40.76724307135542,0.0,14.156623506127024,14.156623506127024,14.156623506127024,0.0,0.6632646807257363,0.6632646807257363,0.6632646807257363,0.0,4.3827129111693655,4.3827129111693655,4.3827129111693655,0.0,0.438271291116936,0.438271291116936,0.438271291116936,0.0,7.0,7.0,7.0,0.0
975,24.0,24.0,24.0,0.0,24.0,24.0,24.0,0.0,3.85400967105376,3.85400967105376,3.85400967105376,0.0,0.3854009671053757,0.3854009671053757,0.3854009671053757,0.0,0.1666666666666666,0.1666666666666666,0.1666666666666666,0.0,40.0,40.0,40.0,0.0,40.0,40.0,40.0,0.0,40.76724307135542,40.76724307135542,40.76724307135542,0.0,14.11238333612015,14.11238333612015,14.11238333612015,0.0,0.6896709283570267,0.6896709283570267,0.6896709283570267,0.0,6.595508177558397,6.595508177558397,6.595508177558397,0.0,0.6595508177558397,0.6595508177558397,0.6595508177558397,0.0,7.0,7.0,7.0,0.0
976,10.0,10.0,10.0,0.0,10.0,10.0,10.0,0.0,3.952627840205049,3.952627840205049,3.952627840205049,0.0,0.3952627840205053,0.3952627840205053,0.3952627840205053,0.0,0.2,0.2,0.2,0.0,40.0,40.0,40.0,0.0,40.0,40.0,40.0,0.0,40.76724307135542,40.76724307135542,40.76724307135542,0.0,14.038498375028066,14.038498375028066,14.038498375028066,0.0,0.6108643020548935,0.6108643020548935,0.6108643020548935,0.0,5.889934722455976,5.889934722455976,5.889934722455976,0.0,0.5889934722455971,0.5889934722455971,0.5889934722455971,0.0,3.0,3.0,3.0,0.0
977,69.0,69.0,69.0,0.0,69.0,69.0,69.0,0.0,2.510507919537977,2.510507919537977,2.510507919537977,0.0,0.2510507919537976,0.2510507919537976,0.2510507919537976,0.0,0.144927536231884,0.144927536231884,0.144927536231884,0.0,40.0,40.0,40.0,0.0,40.0,40.0,40.0,0.0,40.347422726087714,40.347422726087714,40.347422726087714,0.0,14.07050618608788,14.07050618608788,14.07050618608788,0.0,0.6905193791272948,0.6905193791272948,0.6905193791272948,0.0,4.219690290587167,4.219690290587167,4.219690290587167,0.0,0.4219690290587167,0.4219690290587167,0.4219690290587167,0.0,8.0,8.0,8.0,0.0
978,49.0,49.0,49.0,0.0,49.0,49.0,49.0,0.0,2.2533815893946163,2.2533815893946163,2.2533815893946163,0.0,0.2253381589394619,0.2253381589394619,0.2253381589394619,0.0,0.0816326530612244,0.0816326530612244,0.0816326530612244,0.0,40.0,40.0,40.0,0.0,40.0,40.0,40.0,0.0,40.347422726087714,40.347422726087714,40.347422726087714,0.0,14.058023044799672,14.058023044799672,14.058023044799672,0.0,0.6912717888263618,0.6912717888263618,0.6912717888263618,0.0,4.2457773219174815,4.2457773219174815,4.2457773219174815,0.0,0.4245777321917483,0.4245777321917483,0.4245777321917483,0.0,7.0,7.0,7.0,0.0
979,66.0,66.0,66.0,0.0,66.0,66.0,66.0,0.0,2.460913749702015,2.460913749702015,2.460913749702015,0.0,0.2460913749702012,0.2460913749702012,0.2460913749702012,0.0,0.106060606060606,0.106060606060606,0.106060606060606,0.0,40.0,40.0,40.0,0.0,40.0,40.0,40.0,0.0,40.00213699027378,40.00213699027378,40.00213699027378,0.0,14.070301029778555,14.070301029778555,14.070301029778555,0.0,0.6926879734424749,0.6926879734424749,0.6926879734424749,0.0,4.420145049857926,4.420145049857926,4.420145049857926,0.0,0.4420145049857925,0.4420145049857925,0.4420145049857925,0.0,8.0,8.0,8.0,0.0
980,63.0,63.0,63.0,0.0,63.0,63.0,63.0,0.0,2.536083271362792,2.536083271362792,2.536083271362792,0.0,0.253608327136279,0.253608327136279,0.253608327136279,0.0,0.0793650793650793,0.0793650793650793,0.0793650793650793,0.0,40.0,40.0,40.0,0.0,40.0,40.0,40.0,0.0,39.67046999311691,39.67046999311691,39.67046999311691,0.0,14.091208051722653,14.091208051722653,14.091208051722653,0.0,0.6930211989529488,0.6930211989529488,0.6930211989529488,0.0,4.5275584015138,4.5275584015138,4.5275584015138,0.0,0.4527558401513799,0.4527558401513799,0.4527558401513799,0.0,8.0,8.0,8.0,0.0
981,66.0,66.0,66.0,0.0,66.0,66.0,66.0,0.0,2.0445177999893724,2.0445177999893724,2.0445177999893724,0.0,0.204451779998937,0.204451779998937,0.204451779998937,0.0,0.1515151515151515,0.1515151515151515,0.1515151515151515,0.0,40.0,40.0,40.0,0.0,40.0,40.0,40.0,0.0,39.67046999311691,39.67046999311691,39.67046999311691,0.0,14.116421399131475,14.116421399131475,14.116421399131475,0.0,0.6931471805599453,0.6931471805599453,0.6931471805599453,0.0,3.592821963572881,3.592821963572881,3.592821963572881,0.0,0.3592821963572883,0.3592821963572883,0.3592821963572883,0.0,6.0,6.0,6.0,0.0
982,59.0,59.0,59.0,0.0,59.0,59.0,59.0,0.0,2.2082880962784386,2.2082880962784386,2.2082880962784386,0.0,0.2208288096278438,0.2208288096278438,0.2208288096278438,0.0,0.0677966101694915,0.0677966101694915,0.0677966101694915,0.0,40.0,40.0,40.0,0.0,40.0,40.0,40.0,0.0,39.31578273938897,39.31578273938897,39.31578273938897,0.0,14.132760973403244,14.132760973403244,14.132760973403244,0.0,0.6918538909574949,0.6918538909574949,0.6918538909574949,0.0,3.3368276886271584,3.3368276886271584,3.3368276886271584,0.0,0.3336827688627157,0.3336827688627157,0.3336827688627157,0.0,6.0,6.0,6.0,0.0
983,64.0,64.0,64.0,0.0,64.0,64.0,64.0,0.0,2.7265854767224065,2.7265854767224065,2.7265854767224065,0.0,0.2726585476722406,0.2726585476722406,0.2726585476722406,0.0,0.125,0.125,0.125,0.0,40.0,40.0,40.0,0.0,40.0,40.0,40.0,0.0,39.00045202083365,39.00045202083365,39.00045202083365,0.0,14.155131798533262,14.155131798533262,14.155131798533262,0.0,0.6931471805599453,0.6931471805599453,0.6931471805599453,0.0,4.589521798052583,4.589521798052583,4.589521798052583,0.0,0.4589521798052582,0.4589521798052582,0.4589521798052582,0.0,8.0,8.0,8.0,0.0
984,22.0,22.0,22.0,0.0,22.0,22.0,22.0,0.0,2.4493577142357137,2.4493577142357137,2.4493577142357137,0.0,0.2449357714235714,0.2449357714235714,0.2449357714235714,0.0,0.1363636363636363,0.1363636363636363,0.1363636363636363,0.0,40.0,40.0,40.0,0.0,40.0,40.0,40.0,0.0,39.00045202083365,39.00045202083365,39.00045202083365,0.0,14.101837821923995,14.101837821923995,14.101837821923995,0.0,0.6931471805599453,0.6931471805599453,0.6931471805599453,0.0,4.693659906065848,4.693659906065848,4.693659906065848,0.0,0.469365990606585,0.469365990606585,0.469365990606585,0.0,5.0,5.0,5.0,0.0
985,72.0,72.0,72.0,0.0,72.0,72.0,72.0,0.0,2.964805831224341,2.964805831224341,2.964805831224341,0.0,0.2964805831224342,0.2964805831224342,0.2964805831224342,0.0,0.0694444444444444,0.0694444444444444,0.0694444444444444,0.0,40.0,40.0,40.0,0.0,40.0,40.0,40.0,0.0,38.78665375375033,38.78665375375033,38.78665375375033,0.0,14.136053758176748,14.136053758176748,14.136053758176748,0.0,0.6896709283570267,0.6896709283570267,0.6896709283570267,0.0,5.052514722771529,5.052514722771529,5.052514722771529,0.0,0.5052514722771527,0.5052514722771527,0.5052514722771527,0.0,8.0,8.0,8.0,0.0
986,37.0,37.0,37.0,0.0,37.0,37.0,37.0,0.0,2.3406966690138864,2.3406966690138864,2.3406966690138864,0.0,0.2340696669013885,0.2340696669013885,0.2340696669013885,0.0,0.027027027027027,0.027027027027027,0.027027027027027,0.0,40.0,40.0,40.0,0.0,40.0,40.0,40.0,0.0,38.78665375375033,38.78665375375033,38.78665375375033,0.0,14.107560667631082,14.107560667631082,14.107560667631082,0.0,0.6927819059876479,0.6927819059876479,0.6927819059876479,0.0,3.729618454592671,3.729618454592671,3.729618454592671,0.0,0.372961845459267,0.372961845459267,0.372961845459267,0.0,5.0,5.0,5.0,0.0
987,29.0,29.0,29.0,0.0,29.0,29.0,29.0,0.0,2.361393486812405,2.361393486812405,2.361393486812405,0.0,0.2361393486812406,0.2361393486812406,0.2361393486812406,0.0,0.1379310344827586,0.1379310344827586,0.1379310344827586,0.0,40.0,40.0,40.0,0.0,40.0,40.0,40.0,0.0,38.50462822553355,38.50462822553355,38.50462822553355,0.0,14.066208199513014,14.066208199513014,14.066208199513014,0.0,0.6925525323607232,0.6925525323607232,0.6925525323607232,0.0,3.986788761655764,3.986788761655764,3.986788761655764,0.0,0.3986788761655768,0.3986788761655768,0.3986788761655768,0.0,6.0,6.0,6.0,0.0
988,26.0,26.0,26.0,0.0,26.0,26.0,26.0,0.0,2.1228117852385564,2.1228117852385564,2.1228117852385564,0.0,0.2122811785238556,0.2122811785238556,0.2122811785238556,0.0,0.0384615384615384,0.0384615384615384,0.0384615384615384,0.0,40.0,40.0,40.0,0.0,40.0,40.0,40.0,0.0,38.50462822553355,38.50462822553355,38.50462822553355,0.0,14.029744684249676,14.029744684249676,14.029744684249676,0.0,0.6812657296632041,0.6812657296632041,0.6812657296632041,0.0,3.947018206434096,3.947018206434096,3.947018206434096,0.0,0.3947018206434101,0.3947018206434101,0.3947018206434101,0.0,5.0,5.0,5.0,0.0
989,12.0,12.0,12.0,0.0,12.0,12.0,12.0,0.0,3.378634367521768,3.378634367521768,3.378634367521768,0.0,0.3378634367521768,0.3378634367521768,0.3378634367521768,0.0,0.0833333333333333,0.0833333333333333,0.0833333333333333,0.0,40.0,40.0,40.0,0.0,40.0,40.0,40.0,0.0,38.50462822553355,38.50462822553355,38.50462822553355,0.0,13.963813847494256,13.963813847494256,13.963813847494256,0.0,0.2868359830561607,0.2868359830561607,0.2868359830561607,0.0,5.325206239894598,5.325206239894598,5.325206239894598,0.0,0.5325206239894601,0.5325206239894601,0.5325206239894601,0.0,4.0,4.0,4.0,0.0
990,61.0,61.0,61.0,0.0,61.0,61.0,61.0,0.0,2.483173425111429,2.483173425111429,2.483173425111429,0.0,0.2483173425111426,0.2483173425111426,0.2483173425111426,0.0,0.180327868852459,0.180327868852459,0.180327868852459,0.0,40.0,40.0,40.0,0.0,40.0,40.0,40.0,0.0,38.5512396194827,38.5512396194827,38.5512396194827,0.0,13.983908815802168,13.983908815802168,13.983908815802168,0.0,0.6897840967421709,0.6897840967421709,0.6897840967421709,0.0,4.613751634172916,4.613751634172916,4.613751634172916,0.0,0.4613751634172917,0.4613751634172917,0.4613751634172917,0.0,8.0,8.0,8.0,0.0
991,11.0,11.0,11.0,0.0,11.0,11.0,11.0,0.0,3.4955904726071263,3.4955904726071263,3.4955904726071263,0.0,0.3495590472607123,0.3495590472607123,0.3495590472607123,0.0,0.0,0.0,0.0,0.0,40.0,40.0,40.0,0.0,40.0,40.0,40.0,0.0,38.5512396194827,38.5512396194827,38.5512396194827,0.0,13.916000475000654,13.916000475000654,13.916000475000654,0.0,0.5859526183035508,0.5859526183035508,0.5859526183035508,0.0,5.326516874973677,5.326516874973677,5.326516874973677,0.0,0.5326516874973679,0.5326516874973679,0.5326516874973679,0.0,3.0,3.0,3.0,0.0
992,65.0,65.0,65.0,0.0,65.0,65.0,65.0,0.0,2.369305027349352,2.369305027349352,2.369305027349352,0.0,0.2369305027349355,0.2369305027349355,0.2369305027349355,0.0,0.1538461538461538,0.1538461538461538,0.1538461538461538,0.0,40.0,40.0,40.0,0.0,40.0,40.0,40.0,0.0,38.22680152938757,38.22680152938757,38.22680152938757,0.0,13.945692364378562,13.945692364378562,13.945692364378562,0.0,0.6787585090999517,0.6787585090999517,0.6787585090999517,0.0,3.5745817955782138,3.5745817955782138,3.5745817955782138,0.0,0.3574581795578213,0.3574581795578213,0.3574581795578213,0.0,7.0,7.0,7.0,0.0
993,154.0,154.0,154.0,0.0,154.0,154.0,154.0,0.0,1.2360411906051667,1.2360411906051667,1.2360411906051667,0.0,0.1236041190605167,0.1236041190605167,0.1236041190605167,0.0,0.0779220779220779,0.0779220779220779,0.0779220779220779,0.0,40.0,40.0,40.0,0.0,40.0,40.0,40.0,0.0,38.03994932563651,38.03994932563651,38.03994932563651,0.0,14.108845300874384,14.108845300874384,14.108845300874384,0.0,0.6930628469360363,0.6930628469360363,0.6930628469360363,0.0,2.5895805256370705,2.5895805256370705,2.5895805256370705,0.0,0.2589580525637068,0.2589580525637068,0.2589580525637068,0.0,9.0,9.0,9.0,0.0
994,128.0,128.0,128.0,0.0,128.0,128.0,128.0,0.0,1.417658655567847,1.417658655567847,1.417658655567847,0.0,0.1417658655567842,0.1417658655567842,0.1417658655567842,0.0,0.1015625,0.1015625,0.1015625,0.0,40.0,40.0,40.0,0.0,40.0,40.0,40.0,0.0,38.03994932563651,38.03994932563651,38.03994932563651,0.0,14.222845212940603,14.222845212940603,14.222845212940603,0.0,0.6930251052799065,0.6930251052799065,0.6930251052799065,0.0,2.938345689725567,2.938345689725567,2.938345689725567,0.0,0.2938345689725565,0.2938345689725565,0.2938345689725565,0.0,7.0,7.0,7.0,0.0
995,120.0,120.0,120.0,0.0,120.0,120.0,120.0,0.0,1.4923949505215697,1.4923949505215697,1.4923949505215697,0.0,0.1492394950521569,0.1492394950521569,0.1492394950521569,0.0,0.1666666666666666,0.1666666666666666,0.1666666666666666,0.0,40.0,40.0,40.0,0.0,40.0,40.0,40.0,0.0,38.22765571314947,38.22765571314947,38.22765571314947,0.0,14.336831095622438,14.336831095622438,14.336831095622438,0.0,0.6930082852403007,0.6930082852403007,0.6930082852403007,0.0,2.9351969692445,2.9351969692445,2.9351969692445,0.0,0.2935196969244499,0.2935196969244499,0.2935196969244499,0.0,9.0,9.0,9.0,0.0
996,25.0,25.0,25.0,0.0,25.0,25.0,25.0,0.0,2.316305191459344,2.316305191459344,2.316305191459344,0.0,0.2316305191459349,0.2316305191459349,0.2316305191459349,0.0,0.08,0.08,0.08,0.0,40.0,40.0,40.0,0.0,40.0,40.0,40.0,0.0,38.22765571314947,38.22765571314947,38.22765571314947,0.0,14.28685485940853,14.28685485940853,14.28685485940853,0.0,0.6923469670899615,0.6923469670899615,0.6923469670899615,0.0,5.95255342842159,5.95255342842159,5.95255342842159,0.0,0.595255342842159,0.595255342842159,0.595255342842159,0.0,5.0,5.0,5.0,0.0
997,45.0,45.0,45.0,0.0,45.0,45.0,45.0,0.0,1.870970798383834,1.870970798383834,1.870970798383834,0.0,0.1870970798383836,0.1870970798383836,0.1870970798383836,0.0,0.1333333333333333,0.1333333333333333,0.1333333333333333,0.0,40.0,40.0,40.0,0.0,40.0,40.0,40.0,0.0,38.22765571314947,38.22765571314947,38.22765571314947,0.0,14.276274215674675,14.276274215674675,14.276274215674675,0.0,0.6929002466535776,0.6929002466535776,0.6929002466535776,0.0,3.214598931639256,3.214598931639256,3.214598931639256,0.0,0.3214598931639254,0.3214598931639254,0.3214598931639254,0.0,5.0,5.0,5.0,0.0
998,24.0,24.0,24.0,0.0,24.0,24.0,24.0,0.0,3.097202356081622,3.097202356081622,3.097202356081622,0.0,0.3097202356081621,0.3097202356081621,0.3097202356081621,0.0,0.0833333333333333,0.0833333333333333,0.0833333333333333,0.0,40.0,40.0,40.0,0.0,40.0,40.0,40.0,0.0,38.094225942734816,38.094225942734816,38.094225942734816,0.0,14.235747113748491,14.235747113748491,14.235747113748491,0.0,0.6365141682948128,0.6365141682948128,0.6365141682948128,0.0,4.39271448975334,4.39271448975334,4.39271448975334,0.0,0.4392714489753341,0.4392714489753341,0.4392714489753341,0.0,7.0,7.0,7.0,0.0
999,34.0,34.0,34.0,0.0,34.0,34.0,34.0,0.0,2.290340017770733,2.290340017770733,2.290340017770733,0.0,0.2290340017770732,0.2290340017770732,0.2290340017770732,0.0,0.0588235294117647,0.0588235294117647,0.0588235294117647,0.0,40.0,40.0,40.0,0.0,40.0,40.0,40.0,0.0,38.05756986891232,38.05756986891232,38.05756986891232,0.0,14.20029580290598,14.20029580290598,14.20029580290598,0.0,0.6862107122427636,0.6862107122427636,0.6862107122427636,0.0,3.7316019862778944,3.7316019862778944,3.7316019862778944,0.0,0.3731601986277896,0.3731601986277896,0.3731601986277896,0.0,7.0,7.0,7.0,0.0
